feature,importance
mcp_lag_1d,0.69309354
mcp_rolling_7d_mean,0.11198847
day_of_week,0.030204386
is_weekend,0.027792512
day_of_year,0.012873509
hour_bucket,0.012196036
block,0.011957491
is_holiday,0.01134991
mcp_rolling_30d_mean,0.011008734
hour,0.010768426
mcp_lag_7d,0.010203303
season,0.009082697
year,0.0085427305
mumbai_apparent_temp,0.008492979
mcp_rolling_7d_std,0.007984397
month,0.0075428137
delhi_apparent_temp,0.0075166943
mcp_rolling_30d_std,0.0074013392
