tree
version=v4
num_class=1
num_tree_per_iteration=1
label_index=0
max_feature_idx=15
objective=regression
feature_names=Column_0 Column_1 Column_2 Column_3 Column_4 Column_5 Column_6 Column_7 Column_8 Column_9 Column_10 Column_11 Column_12 Column_13 Column_14 Column_15
feature_infos=[0:95] [0:23] [0:6] [1:366] [1:12] [2020:2024] [0:1] [0:1] [0:3] [0:4] [299.75999999999999:20000] [299.75999999999999:20000] [815.50428571428586:19571.29285714286] [0:8130.2958216402594] [1258.5816666666665:17208.232] [0:7425.3999750084013]
tree_sizes=5701 5747 5728 5735 5718 5725 5698 5719 5739 5727 5721 5704 5720 5707 5738 5700 5703 5735 5672 5690 5733 5665 5698 5695 5722 5705 5728 5674 5719 5706 5692 5730 5738 5751 5699 5718 5740 5722 5691 5688 5715 5733 5690 5740 5678 5671 5631 5663 5673 5741 5708 5668 5663 5677 5649 5719 5630 5637 5681 5697 5756 5726 5622 5681 5686 5691 5697 5646 5664 5647 5669 5669 5707 5680 5659 5634 5613 5731 5702 5714 5617 5654 5619 5687 5676 5754 5691 5658 5727 5674 5670 5663 5683 5669 5674 5631 5646 5702 5678 5674 5642 5581 5680 5630 5704 5655 5754 5623 5635 5685 5678 5726 5709 5623 5693 5637 5689 5700 5624 5720 5732 5694 5685 5590 5605 5648 5684 5614 5710 5672 5704 5578 5715 5660 5650 5662 5711 5709 5643 5686 5642 5724 5584 5643 5738 5668

Tree=0
num_leaves=63
num_cat=0
split_feature=10 10 10 10 10 10 10 2 2 2 2 0 2 2 12 12 2 10 12 0 2 10 12 2 9 13 13 10 10 3 2 3 0 12 10 2 3 10 10 3 10 10 3 3 15 2 3 0 12 12 13 3 3 3 3 12 12 2 0 2 12 3
split_gain=8.42981e+11 1.04293e+11 6.35531e+10 2.6086e+10 1.67781e+10 1.67225e+10 1.48091e+10 1.04009e+10 5.94189e+09 5.14382e+09 5.03896e+09 3.75459e+09 3.56616e+09 3.37922e+09 3.22418e+09 2.69248e+09 2.43753e+09 2.37696e+09 2.32853e+09 2.2316e+09 1.96449e+09 1.52899e+09 1.38754e+09 1.32418e+09 1.28536e+09 1.19494e+09 1.09823e+09 1.06797e+09 1.01047e+09 1.00614e+09 1.18365e+09 9.37879e+08 9.11385e+08 8.93785e+08 8.09668e+08 7.95742e+08 7.63874e+08 7.24803e+08 6.84975e+08 1.48049e+09 6.70754e+08 6.58223e+08 6.50267e+08 7.33039e+08 6.07407e+08 5.95238e+08 5.87157e+08 5.47995e+08 5.43419e+08 5.34577e+08 5.11581e+08 5.03002e+08 4.53689e+08 8.18354e+08 4.35346e+08 4.28429e+08 3.76379e+08 3.75451e+08 3.71868e+08 3.65849e+08 3.35067e+08 3.34741e+08
threshold=6029.6250000000009 3650.5150000000008 11126.180000000002 8000.5550000000012 4500.9750000000013 2799.3250000000003 14498.490000000002 5.5000000000000009 5.5000000000000009 1.0000000180025095e-35 5.5000000000000009 37.500000000000007 5.5000000000000009 5.5000000000000009 3446.5314285714289 5407.5071428571437 1.0000000180025095e-35 5260.9050000000007 2399.2057142857147 27.500000000000004 1.0000000180025095e-35 17561.605000000003 11882.280714285715 5.5000000000000009 1.5000000000000002 1188.3005829626004 1495.1751119153453 9999.9950000000008 6998.2500000000009 287.50000000000006 1.0000000180025095e-35 84.500000000000014 28.500000000000004 4932.147857142857 3169.98 1.0000000180025095e-35 238.50000000000003 4071.5350000000003 12000.005000000003 285.50000000000006 9999.9950000000008 2064.1800000000003 84.500000000000014 289.50000000000006 2794.1647277555421 1.0000000180025095e-35 282.50000000000006 63.500000000000007 5589.8114285714291 3009.079285714286 1495.1751119153453 288.50000000000006 128.50000000000003 150.50000000000003 273.50000000000006 8808.0057142857167 5018.7535714285723 5.5000000000000009 31.500000000000004 5.5000000000000009 6828.1278571428584 80.500000000000014
decision_type=2 2 2 2 2 2 2 2 2 2 2 2 2 2 2 2 2 2 2 2 2 2 2 2 2 2 2 2 2 2 2 2 2 2 2 2 2 2 2 2 2 2 2 2 2 2 2 2 2 2 2 2 2 2 2 2 2 2 2 2 2 2
left_child=1 5 3 10 15 18 8 22 38 11 16 -6 17 21 34 23 19 56 41 -2 32 31 27 37 50 -10 -13 35 60 30 -24 61 -17 57 -7 -5 -33 -3 52 -40 -26 -1 -15 46 -21 -35 -44 -27 -19 -20 -9 54 -4 -54 -23 -34 -11 -16 -14 -36 -18 -8
right_child=2 4 6 7 9 14 13 24 25 12 -12 26 58 42 33 20 28 48 49 44 -22 51 29 -25 40 47 -28 -29 -30 -31 -32 36 55 45 59 -37 -38 -39 39 -41 -42 -43 43 -45 -46 -47 -48 -49 -50 -51 -52 -53 53 -55 -56 -57 -58 -59 -60 -61 -62 -63
leaf_value=4499.2891361188349 4720.7366571450757 4603.2967985108198 4986.9617193954109 4918.6453796026553 4673.0709692378996 4549.7937844399721 5142.0673729692899 4838.1433234563974 4925.8183044081279 4650.4267366955901 4662.5739865183605 4737.0124182889213 4640.554037722698 4767.2215302737313 4583.8841485986877 4621.3912461129912 4726.829216659451 4688.3014309955715 4529.7994613697219 4878.4565814390025 4628.4127929209226 5203.9277710319066 5282.5376390104302 4576.2223486117273 4667.3918292489034 4871.3959205792808 4835.5777541975949 4886.1848424683667 4778.5874505452912 4771.6938629108035 4979.368009909118 4994.8707778577182 4721.9341792967807 4651.6092933365244 4570.7107592701641 4842.5843667578347 5140.6350281054411 4624.1502485607944 5069.1498754647127 4850.8880100652195 4753.1007245834262 4518.1315041148091 4970.2136464465466 4717.2530724311373 5020.8640889761664 4595.3055553667682 5158.1346085534142 4774.8546215147135 4719.4040514259277 4551.4147691251364 4773.3855767374025 5046.1550118363357 4802.8561623338264 4960.9729245781946 5315.8508108684873 4815.129201100578 4673.0634106822836 4556.1580599401696 4601.6838729256297 4547.0170124601045 4762.7735365254312 5362.7674779973659
leaf_weight=8836 243 10470 2907 403 984 16808 46 584 327 4950 1268 427 921 33 11197 200 2008 3472 20301 528 1877 223 42 3120 308 228 857 10016 3408 42 162 154 604 763 10016 2742 278 6923 492 96 892 9941 128 20 91 1217 71 436 2370 3358 667 36 90 1529 251 156 2921 1374 1851 1956 975 54
leaf_count=8836 243 10470 2907 403 984 16808 46 584 327 4950 1268 427 921 33 11197 200 2008 3472 20301 528 1877 223 42 3120 308 228 857 10016 3408 42 162 154 604 763 10016 2742 278 6923 492 96 892 9941 128 20 91 1217 71 436 2370 3358 667 36 90 1529 251 156 2921 1374 1851 1956 975 54
internal_value=4633.64 4576.36 4864.11 4825.14 4640.81 4544.73 4992.46 4863.06 4959.79 4676.03 4754.56 4746.62 4666.32 5146.26 4566.58 4612.53 4770.63 4676.77 4522.42 4849.61 4658.18 5186.24 4880.37 4606.21 4768.26 4847.34 4802.91 4878.13 4759.95 4998.79 5044.65 5124.15 4716.31 4585.77 4556.88 4852.42 5089.63 4611.6 4981.53 5033.94 4731.15 4509.26 4979.41 5010.63 4899.98 4617 5039.55 4808.31 4700.93 4532.86 4803.76 5249.93 4974.63 4952.29 5264.51 4741.28 4658.83 4580.85 4614.6 4566.83 4738.62 5267.28
internal_weight=159648 127870 31778 24379 42103 85767 7399 15858 6105 18753 8521 2268 16485 1294 43331 23350 7253 13713 42436 862 2837 1042 13407 20513 2451 991 1284 13161 6391 246 204 532 960 14551 28780 3145 432 17393 5114 588 1200 18777 252 219 619 1980 199 664 5842 23659 1251 510 4526 1619 474 760 7871 12571 2772 11972 2983 100
internal_count=159648 127870 31778 24379 42103 85767 7399 15858 6105 18753 8521 2268 16485 1294 43331 23350 7253 13713 42436 862 2837 1042 13407 20513 2451 991 1284 13161 6391 246 204 532 960 14551 28780 3145 432 17393 5114 588 1200 18777 252 219 619 1980 199 664 5842 23659 1251 510 4526 1619 474 760 7871 12571 2772 11972 2983 100
is_linear=0
shrinkage=1


Tree=1
num_leaves=63
num_cat=0
split_feature=10 10 10 10 10 10 10 2 2 2 2 12 2 12 12 12 2 2 2 0 10 12 2 10 9 0 13 10 0 10 10 10 2 2 12 11 10 12 10 10 0 0 13 4 0 0 13 2 12 13 12 13 2 0 0 4 0 2 9 2 12 12
split_gain=7.60883e+11 9.41748e+10 5.73858e+10 2.35431e+10 1.72238e+10 1.33909e+10 1.28848e+10 9.38626e+09 5.36093e+09 4.54822e+09 3.97272e+09 3.20054e+09 3.04864e+09 3.04794e+09 2.9618e+09 2.6386e+09 2.2725e+09 2.20188e+09 2.04054e+09 2.01881e+09 1.37898e+09 1.27774e+09 1.27265e+09 1.26844e+09 1.16028e+09 1.1406e+09 1.07874e+09 9.30953e+08 9.161e+08 9.11874e+08 9.09862e+08 9.08177e+08 8.42713e+08 7.51978e+08 7.13509e+08 7.06414e+08 6.60407e+08 6.25913e+08 6.19268e+08 6.05374e+08 5.28775e+08 5.67273e+08 5.16248e+08 5.15657e+08 5.51402e+08 4.94956e+08 4.61835e+08 4.33507e+08 3.99143e+08 3.90832e+08 3.80046e+08 3.53467e+08 3.40671e+08 3.39507e+08 3.37815e+08 3.35275e+08 3.33594e+08 3.18077e+08 3.12213e+08 3.06193e+08 3.02474e+08 2.97796e+08
threshold=6029.6250000000009 3752.5650000000005 11126.180000000002 8000.5550000000012 2894.0150000000008 14498.490000000002 4768.3200000000006 5.5000000000000009 5.5000000000000009 5.5000000000000009 5.5000000000000009 6445.6792857142864 5.5000000000000009 5407.5071428571437 3659.0692857142863 2411.1864285714287 1.0000000180025095e-35 1.0000000180025095e-35 1.0000000180025095e-35 23.500000000000004 17561.605000000003 10882.272857142858 5.5000000000000009 9999.9950000000008 1.5000000000000002 30.500000000000004 1188.3005829626004 3249.0250000000005 28.500000000000004 6998.2500000000009 5260.9050000000007 4380.9300000000012 2.5000000000000004 1.0000000180025095e-35 6263.9550000000008 12000.005000000003 2165.105 2917.0928571428581 12000.005000000003 9999.9950000000008 23.500000000000004 75.500000000000014 2617.0922850036491 3.5000000000000004 67.500000000000014 63.500000000000007 1325.4454792365093 5.5000000000000009 8808.0057142857167 3118.8938789861763 10882.272857142858 4699.4111002022109 5.5000000000000009 26.500000000000004 34.500000000000007 8.5000000000000018 68.500000000000014 5.5000000000000009 1.0000000180025095e-35 5.5000000000000009 6828.1278571428584 4297.6064285714292
decision_type=2 2 2 2 2 2 2 2 2 2 2 2 2 2 2 2 2 2 2 2 2 2 2 2 2 2 2 2 2 2 2 2 2 2 2 2 2 2 2 2 2 2 2 2 2 2 2 2 2 2 2 2 2 2 2 2 2 2 2 2 2 2
left_child=1 4 3 9 15 8 13 21 38 17 11 30 20 22 27 36 28 19 25 -2 32 23 31 -5 46 -13 -10 59 -15 60 -8 61 51 34 54 -34 -1 -17 50 -26 -14 -42 -21 49 -45 -28 -9 -29 -30 -23 -4 -7 -18 -48 -16 -36 -22 -35 -12 -6 -19 -3
right_child=2 6 5 7 14 12 10 24 26 -11 58 18 40 16 33 37 52 29 -20 42 56 43 -24 -25 39 -27 45 47 48 -31 -32 -33 35 57 55 -37 -38 -39 -40 -41 41 -43 -44 44 -46 -47 53 -49 -50 -51 -52 -53 -54 -55 -56 -57 -58 -59 -60 -61 -62 -63
leaf_value=-126.00557281610872 62.350566886233302 -26.800470231896345 304.27602389070574 201.87010150212086 -72.819251311517192 413.44128827422168 27.731498169808521 197.75961781586562 277.61287916671938 27.487380405573322 15.529966717989666 56.229816296744687 475.25971782977768 1.1092451536244359 -53.624103044483093 -97.610633257964082 11.407594525754604 88.531030587218424 73.748170190317424 227.23884038178235 531.83716047434973 272.42739783964964 -49.859458356981371 239.65007476699549 32.068652160484042 187.94018510525612 225.91898620938633 -54.499270579765337 94.515997805686965 137.70115884762282 58.183278862403739 4.4340973130373511 569.50918008897577 -41.553966293317444 79.788747992385694 399.2897910503313 -107.51587472584606 -79.626681087813324 380.34376532828264 113.49333260112888 213.42791995032081 387.21606828558038 353.77158850390504 196.92140592809108 323.84506681360415 134.16900051282798 169.34510452121015 -77.96198176815841 175.57971990417596 416.7942021025587 335.76577436993165 229.57166293943251 -39.277448708211359 100.4575782508269 -14.815623465447281 -15.843648745930279 628.12463711438863 -70.153349957743657 -26.335888899555318 -92.257113325309689 122.68243016211714 -9.6375486688182246
leaf_weight=10587 193 8750 1708 2927 13949 171 5026 522 327 1268 610 210 51 231 782 21068 1984 2008 2285 571 231 82 3064 9888 308 774 228 12261 676 3408 4797 4487 224 6940 256 101 9016 6325 588 892 115 86 98 162 200 436 369 2353 198 148 2818 36 397 360 1980 142 279 1133 1643 2390 975 3556
leaf_count=10587 193 8750 1708 2927 13949 171 5026 522 327 1268 610 210 51 231 782 21068 1984 2008 2285 571 231 82 3064 9888 308 774 228 12261 676 3408 4797 4487 224 6940 256 101 9016 6325 588 892 115 86 98 162 200 436 369 2353 198 148 2818 36 397 360 1980 142 279 1133 1643 2390 975 3556
internal_value=0.00324636 -54.413 218.961 181.932 -82.6747 340.929 10.7352 217.951 309.856 114.879 46.3227 56.8759 487.176 -12.66 -59.4801 -103.494 30.455 130.152 99.7267 205.214 525.153 234.403 -20.2302 231.037 127.9 159.917 203.049 -67.4616 89.6791 119.997 42.6068 -14.8215 466.179 -37.4824 -16.7976 517.997 -117.508 -93.4612 330.509 92.6384 328.692 289.334 246.275 306.754 267.744 165.966 161.622 -58.2821 113.06 366.726 323.952 382.721 2.9436 135.511 -25.8188 45.7144 585.638 -45.5759 -14.9988 -75.668 99.7309 -21.8422
internal_weight=159648 127870 31778 24379 89182 7399 38688 15858 6105 8521 15345 13092 1294 23343 42186 46996 3486 7253 3269 862 1042 13407 19857 12815 2451 984 991 30953 1105 6391 9823 16793 532 11233 3160 325 19603 27393 5114 1200 252 201 669 592 362 664 1251 14614 874 230 4526 207 2381 729 2762 398 510 8073 2253 16339 2983 12306
internal_count=159648 127870 31778 24379 89182 7399 38688 15858 6105 8521 15345 13092 1294 23343 42186 46996 3486 7253 3269 862 1042 13407 19857 12815 2451 984 991 30953 1105 6391 9823 16793 532 11233 3160 325 19603 27393 5114 1200 252 201 669 592 362 664 1251 14614 874 230 4526 207 2381 729 2762 398 510 8073 2253 16339 2983 12306
is_linear=0
shrinkage=0.05


Tree=2
num_leaves=63
num_cat=0
split_feature=10 10 10 10 10 10 10 2 2 2 2 2 2 2 0 10 0 11 2 0 2 10 10 10 9 15 11 9 10 3 2 3 3 11 7 14 10 2 2 3 3 10 3 15 10 10 3 11 3 3 3 10 15 3 3 3 10 14 7 11 15 3
split_gain=6.8682e+11 9.06501e+10 4.81837e+10 1.75588e+10 1.58812e+10 1.28365e+10 1.21047e+10 8.47003e+09 4.83645e+09 3.73112e+09 3.66198e+09 2.97315e+09 2.74891e+09 2.67898e+09 2.83644e+09 2.412e+09 2.03449e+09 1.99036e+09 1.65748e+09 1.72844e+09 1.41025e+09 1.30657e+09 1.24358e+09 1.16944e+09 1.04756e+09 1.01347e+09 9.6777e+08 9.33277e+08 9.14325e+08 8.44419e+08 8.38487e+08 8.22778e+08 1.10941e+09 7.62758e+08 6.15814e+08 6.04486e+08 5.98228e+08 5.85455e+08 5.73483e+08 5.67649e+08 6.52041e+08 5.5945e+08 1.33872e+09 5.47602e+08 5.46366e+08 5.45413e+08 5.32051e+08 4.88095e+08 4.68044e+08 4.53654e+08 4.32753e+08 4.32023e+08 4.25799e+08 4.01466e+08 7.41797e+08 3.95098e+08 3.89454e+08 3.81751e+08 3.38202e+08 3.29325e+08 3.20072e+08 3.11331e+08
threshold=6300.1550000000007 3777.5300000000002 11126.180000000002 8000.5550000000012 2929.5450000000005 4905.0250000000005 14498.490000000002 5.5000000000000009 5.5000000000000009 5.5000000000000009 5.5000000000000009 1.0000000180025095e-35 5.5000000000000009 1.0000000180025095e-35 30.500000000000004 2369.4050000000002 31.500000000000004 3435.7150000000006 1.0000000180025095e-35 23.500000000000004 5.5000000000000009 4380.9300000000012 17561.605000000003 5400.6950000000006 1.5000000000000002 4172.7825912611497 6300.2900000000009 1.5000000000000002 9000.0450000000019 90.500000000000014 1.0000000180025095e-35 86.500000000000014 88.500000000000014 5260.8900000000003 1.0000000180025095e-35 2786.1871666666671 7400.5350000000008 1.0000000180025095e-35 5.5000000000000009 84.500000000000014 289.50000000000006 12000.005000000003 285.50000000000006 2794.1647277555421 9999.9950000000008 3395.23 282.50000000000006 2859.0350000000003 288.50000000000006 140.50000000000003 287.50000000000006 9999.9950000000008 4172.7825912611497 128.50000000000003 150.50000000000003 273.50000000000006 3450.8150000000005 8249.6408333333366 1.0000000180025095e-35 6999.9450000000006 1039.8766255151293 276.50000000000006
decision_type=2 2 2 2 2 2 2 2 2 2 2 2 2 2 2 2 2 2 2 2 2 2 2 2 2 2 2 2 2 2 2 2 2 2 2 2 2 2 2 2 2 2 2 2 2 2 2 2 2 2 2 2 2 2 2 2 2 2 2 2 2 2
left_child=1 4 3 9 15 11 8 25 41 18 13 16 22 14 -7 47 -3 38 19 -2 21 -13 31 -15 51 28 52 49 37 -27 33 -8 -33 -19 36 -17 -20 -5 45 -14 46 53 61 -21 -26 -6 -41 -1 55 -10 -31 -9 -18 -4 -55 -24 -32 -25 -30 -51 -16 -43
right_child=2 5 6 7 17 10 12 24 27 -11 -12 20 39 23 60 35 26 30 34 43 -22 -23 48 57 44 29 -28 -29 58 50 56 32 -34 -35 -36 -37 -38 -39 -40 40 -42 42 -44 -45 -46 -47 -48 -49 -50 59 -52 -53 -54 54 -56 -57 -58 -59 -60 -61 -62 -63
leaf_value=-114.56992602704787 61.041747510201596 -16.876782634580433 319.3183289893621 255.3709373156936 -66.762193684355779 36.249190806761725 558.46745408666413 101.22791926874835 278.87917868836223 29.033927065145885 -11.054965749372855 -20.289046807044695 114.69575243052314 33.022058882592709 97.067966310294977 -93.755373733913757 37.085392916641787 -33.496642963035995 111.43928618009784 219.2791229496446 -44.416259034383152 8.2558533683964992 513.49212295634413 60.186504012125127 30.47040915854155 423.01458142644708 113.25341612282094 148.7066409760931 227.53753720563083 291.73858958425279 -56.404146989383833 189.93597132457387 438.40869322260778 21.659389609502764 39.976556841210474 -78.905685460970147 147.95207682849869 174.54181445361124 -81.373257516896359 303.24496205884356 65.74318253290086 366.24749783442576 187.67540815412386 356.03772229540482 107.8250149568625 -47.438508819572696 481.33227342393667 -93.535339791701062 362.79907161403349 89.962585355463162 139.2745430241209 170.30754595681003 264.19210300990511 144.91825969318768 295.07949908949661 618.69148246644045 -40.077854599194104 94.730367201369461 183.58776604587516 254.73341356549946 178.57150157379658 462.11870649857951
leaf_weight=16204 174 1178 2907 269 12579 664 126 305 319 1107 2127 11438 33 5052 143 18857 1318 2911 3670 472 3654 6171 223 4899 308 109 700 547 10763 194 7327 54 352 798 236 10852 1638 1523 4379 128 20 350 96 90 892 5164 71 3363 36 70 65 946 20 90 1529 251 7317 960 484 55 929 142
leaf_count=16204 174 1178 2907 269 12579 664 126 305 319 1107 2127 11438 33 5052 143 18857 1318 2911 3670 472 3654 6171 223 4899 308 109 700 547 10763 194 7327 54 352 798 236 10852 1638 1523 4379 128 20 350 96 90 892 5164 71 3363 36 70 65 946 20 90 1529 251 7317 960 484 55 929 142
internal_value=0.0057536 -50.5399 212.786 177.399 -78.2581 12.8375 323.919 207.061 294.376 113.702 49.6406 -9.37566 462.966 59.8486 117.533 -97.3205 35.4232 -55.0489 128.62 199.187 -16.1528 -10.2857 499.028 50.6608 121.517 222.689 65.647 192.928 220.338 305.184 -42.8711 443.021 405.908 -21.6271 119.218 -88.334 122.733 186.811 -65.1495 312.47 341.614 313.994 361.359 241.773 88.0126 -61.1411 368.873 -110.96 556.47 246.952 254.158 153.56 40.6749 307.762 286.827 570.384 -48.2499 65.8617 225.663 163.908 167.8 394.799
internal_weight=159648 129004 30644 23245 89751 39253 7399 15858 6105 7387 14774 24479 1294 12647 1736 49276 3216 40475 6280 736 21263 17609 1042 10911 2451 13407 2038 991 13039 368 18353 532 406 3709 5544 29709 5308 1792 22122 252 219 5114 588 562 1200 17743 199 19567 510 444 259 1251 1338 4526 1619 474 14644 5859 11247 125 1072 492
internal_count=159648 129004 30644 23245 89751 39253 7399 15858 6105 7387 14774 24479 1294 12647 1736 49276 3216 40475 6280 736 21263 17609 1042 10911 2451 13407 2038 991 13039 368 18353 532 406 3709 5544 29709 5308 1792 22122 252 219 5114 588 562 1200 17743 199 19567 510 444 259 1251 1338 4526 1619 474 14644 5859 11247 125 1072 492
is_linear=0
shrinkage=0.05


Tree=3
num_leaves=63
num_cat=0
split_feature=10 10 10 10 10 10 10 6 12 6 12 11 12 6 11 12 6 12 13 3 3 10 12 3 1 12 1 11 7 10 6 11 12 10 12 10 3 10 7 3 3 12 15 6 12 10 1 10 6 1 12 11 3 10 11 3 3 5 1 15 1 10
split_gain=6.20063e+11 7.68486e+10 4.67588e+10 1.91328e+10 1.24299e+10 1.23582e+10 1.09409e+10 4.31961e+09 3.7434e+09 2.66731e+09 2.44464e+09 2.10593e+09 2.04451e+09 1.9561e+09 1.86104e+09 1.82072e+09 1.82017e+09 1.76157e+09 1.61527e+09 1.33969e+09 1.68713e+09 1.20333e+09 8.5417e+08 8.38786e+08 9.01214e+08 8.2491e+08 8.10756e+08 7.66237e+08 7.51681e+08 7.12562e+08 7.07682e+08 6.41224e+08 5.81799e+08 5.79484e+08 5.62471e+08 5.47707e+08 1.19289e+09 5.44577e+08 5.44409e+08 5.05075e+08 4.88328e+08 4.83026e+08 4.71506e+08 4.6656e+08 4.65721e+08 4.5567e+08 4.48073e+08 4.39804e+08 4.36527e+08 3.93214e+08 3.75844e+08 3.75056e+08 3.65832e+08 3.52848e+08 3.51349e+08 3.39704e+08 5.39009e+08 3.30898e+08 3.1727e+08 3.50898e+08 3.16369e+08 3.05124e+08
threshold=6029.6250000000009 3650.5150000000008 11126.180000000002 8000.5550000000012 4500.9750000000013 2799.3250000000003 14498.490000000002 1.0000000180025095e-35 6542.1771428571437 1.0000000180025095e-35 3345.991428571429 6492.6250000000009 5154.1007142857152 1.0000000180025095e-35 6999.9450000000006 6929.4142857142861 1.0000000180025095e-35 2349.6707142857144 3240.2100545687676 288.50000000000006 276.50000000000006 5260.9050000000007 8575.8050000000021 86.500000000000014 15.500000000000002 4545.1621428571443 15.500000000000002 4000.9050000000002 1.0000000180025095e-35 9000.0450000000019 1.0000000180025095e-35 4539.2750000000005 13619.525 4014.9650000000006 10341.104285714287 12000.005000000003 285.50000000000006 9999.9950000000008 1.0000000180025095e-35 287.50000000000006 286.50000000000006 8928.5392857142888 5153.4035330993411 1.0000000180025095e-35 2917.0928571428581 3169.98 16.500000000000004 1999.7550000000003 1.0000000180025095e-35 15.500000000000002 10882.272857142858 12000.005000000003 86.500000000000014 6998.2500000000009 3992.4350000000004 112.50000000000001 100.50000000000001 2022.5000000000002 17.500000000000004 3589.4388641006722 7.5000000000000009 9999.9950000000008
decision_type=2 2 2 2 2 2 2 2 2 2 2 2 2 2 2 2 2 2 2 2 2 2 2 2 2 2 2 2 2 2 2 2 2 2 2 2 2 2 2 2 2 2 2 2 2 2 2 2 2 2 2 2 2 2 2 2 2 2 2 2 2 2
left_child=1 5 3 9 12 17 13 18 21 15 45 37 33 35 49 53 26 47 29 20 23 43 46 27 -25 -12 -10 -8 34 38 -23 60 -16 -3 -17 -4 52 -9 -5 50 -39 -28 -21 -6 -19 -7 -14 -1 -24 -15 -20 61 -37 -2 -32 56 -27 -31 -22 -60 -11 -13
right_child=2 4 6 7 8 10 19 11 16 31 25 51 22 14 32 28 -18 44 39 42 58 30 48 24 -26 55 41 -29 -30 57 54 -33 -34 -35 -36 36 -38 40 -40 -41 -42 -43 -44 -45 -46 -47 -48 -49 -50 -51 -52 -53 -54 -55 -56 -57 -58 -59 59 -61 -62 -63
leaf_value=-118.42827995998368 80.851833847132525 -31.998384894583928 292.49234201299532 184.9194476722397 21.447242166876734 -72.492889523901923 243.66601333440735 80.17112091968167 65.898709807363119 74.317246864579573 -47.788292420857111 150.68975373076594 -5.5321391382323952 218.03852600040392 273.53487735677749 147.06825651989263 13.794096170736168 -90.397109122073175 260.74363109300117 311.85488825836183 484.75844834467654 55.044357083583591 116.16531273185602 204.24940512615706 391.87576255274007 -5.5389316631885288 101.31682365403412 479.29104745581276 35.903259074652368 242.23693735128097 -8.8494324940371225 80.699013410527002 13.762103234995966 -14.810848062801703 208.11057873489509 462.58260212198894 169.0180257072449 148.2870646274674 45.911626137181329 146.16540076891582 60.976830868342567 156.90837242240838 36.560063215891525 -2.8675335137561362 -72.671979819864262 -58.805965584137823 33.857047172653999 -101.62801885256097 -22.433800091810632 131.01117625574594 377.89399434513513 83.588277679629954 351.28846221771238 114.28194802808699 34.837562472319604 -27.826059948822856 122.06718707116609 212.18701551475021 354.16237260298294 602.29207828995993 11.197613727774476 195.5017093487825
leaf_weight=6480 1700 11011 3604 1393 6076 15955 42 648 1234 277 14687 477 1999 207 1405 2141 823 21411 118 49 292 3884 294 91 250 563 1304 342 133 1100 746 1606 22 8847 467 119 79 1162 75 41 188 566 23 2921 4516 9888 1129 10029 70 370 215 91 299 1501 1199 2142 96 7992 21 184 696 2358
leaf_count=6480 1700 11011 3604 1393 6076 15955 42 648 1234 277 14687 477 1999 207 1405 2141 823 21411 118 49 292 3884 294 91 250 563 1304 342 133 1100 746 1606 22 8847 467 119 79 1162 75 41 188 566 23 2921 4516 9888 1129 10029 70 370 215 91 299 1501 1199 2142 96 7992 21 184 696 2358
internal_value=0.00841249 -49.1149 197.669 164.243 6.20825 -76.2728 307.765 196.714 36.5221 103.797 -57.4877 157.751 -18.1381 279.678 238.835 122.229 79.9228 -95.4522 214.245 439.959 452.393 25.0218 17.14 402.24 342.549 -43.0459 97.4462 454.219 152.162 210.584 42.7173 61.2978 269.542 -24.3422 158.074 299.574 350.237 118.066 177.854 316.78 136.182 118.218 225.619 13.5537 -87.3126 -67.2585 8.69101 -108.229 89.5232 162.556 337.286 184.8 384.001 96.5585 18.0856 -18.1708 13.2069 215.849 524.598 578.717 29.2248 188.018
internal_weight=159648 127870 31778 24379 42103 85767 7399 15858 18753 8521 43331 4924 23350 6105 2004 5942 3927 42436 10934 1294 1222 14826 3492 725 341 17488 3104 384 2741 10560 5829 2579 1427 19858 2608 4101 497 1998 1468 374 1350 1870 72 8997 25927 25843 3128 16509 364 577 333 2926 418 3201 1945 2801 659 9092 497 205 973 2835
internal_count=159648 127870 31778 24379 42103 85767 7399 15858 18753 8521 43331 4924 23350 6105 2004 5942 3927 42436 10934 1294 1222 14826 3492 725 341 17488 3104 384 2741 10560 5829 2579 1427 19858 2608 4101 497 1998 1468 374 1350 1870 72 8997 25927 25843 3128 16509 364 577 333 2926 418 3201 1945 2801 659 9092 497 205 973 2835
is_linear=0
shrinkage=0.05


Tree=4
num_leaves=63
num_cat=0
split_feature=10 10 10 10 12 10 10 2 2 2 12 2 2 12 10 2 12 2 2 1 1 10 2 10 12 10 13 10 9 1 1 3 13 9 10 3 2 12 12 12 7 12 10 2 2 10 3 12 2 15 10 3 3 3 3 3 3 3 3 3 10 1
split_gain=5.59735e+11 7.6208e+10 3.77834e+10 1.31195e+10 1.3027e+10 1.11886e+10 9.45944e+09 7.61092e+09 3.7036e+09 3.11881e+09 3.05892e+09 2.86741e+09 2.47259e+09 2.40202e+09 2.33196e+09 2.28104e+09 2.20843e+09 1.65329e+09 1.28674e+09 1.43199e+09 1.10095e+09 1.07307e+09 1.04461e+09 1.02992e+09 1.02373e+09 9.7411e+08 9.51707e+08 8.88407e+08 8.4179e+08 8.1603e+08 7.67844e+08 7.27945e+08 6.94828e+08 6.39533e+08 5.87693e+08 5.69579e+08 5.6025e+08 5.45538e+08 5.44553e+08 5.3911e+08 5.36281e+08 5.33721e+08 5.17682e+08 5.067e+08 4.34322e+08 4.20972e+08 1.0883e+09 4.19397e+08 4.07673e+08 3.75316e+08 3.67559e+08 3.67236e+08 3.63566e+08 3.52687e+08 3.38195e+08 3.31914e+08 3.13875e+08 6.85425e+08 3.09586e+08 3.08946e+08 3.07366e+08 2.99937e+08
threshold=6490.0200000000013 3777.5300000000002 11999.985000000002 8000.5550000000012 2904.6550000000002 5000.1950000000006 14498.490000000002 5.5000000000000009 5.5000000000000009 5.5000000000000009 4975.9250000000002 5.5000000000000009 5.5000000000000009 6929.4142857142861 2500.4650000000006 1.0000000180025095e-35 3856.6514285714288 1.0000000180025095e-35 1.0000000180025095e-35 5.5000000000000009 7.5000000000000009 17561.605000000003 5.5000000000000009 3249.0250000000005 9996.1114285714302 4405.1050000000005 128.29388978701692 10000.005000000003 1.5000000000000002 6.5000000000000009 6.5000000000000009 84.500000000000014 3422.1483359915333 1.0000000180025095e-35 9000.0450000000019 238.50000000000003 1.0000000180025095e-35 7789.2507142857148 2164.2092857142861 9158.5578571428578 1.0000000180025095e-35 6828.1278571428584 5507.0300000000016 5.5000000000000009 4.5000000000000009 12000.005000000003 285.50000000000006 10592.202142857144 5.5000000000000009 2794.1647277555421 9999.9950000000008 84.500000000000014 288.50000000000006 190.50000000000003 282.50000000000006 80.500000000000014 128.50000000000003 150.50000000000003 273.50000000000006 276.50000000000006 2749.6750000000006 8.5000000000000018
decision_type=2 2 2 2 2 2 2 2 2 2 2 2 2 2 2 2 2 2 2 2 2 2 2 2 2 2 2 2 2 2 2 2 2 2 2 2 2 2 2 2 2 2 2 2 2 2 2 2 2 2 2 2 2 2 2 2 2 2 2 2 2 2
left_child=1 4 3 11 14 10 8 24 45 13 22 18 21 42 38 20 23 29 19 -2 -12 31 25 -6 27 -3 -9 34 53 -15 -28 55 -26 54 -5 -33 37 61 -1 -22 41 -20 -7 -17 -34 56 59 -35 -25 -21 -32 -49 58 -10 -14 -8 -4 -58 -23 -47 -16 -18
right_child=2 5 6 7 16 9 12 26 28 -11 15 -13 33 17 60 43 36 -19 40 49 39 52 -24 48 32 -27 30 -29 -30 -31 50 35 44 47 -36 -37 -38 -39 -40 -41 -42 -43 -44 -45 -46 46 -48 51 -50 -51 -52 -53 -54 -55 -56 -57 57 -59 -60 -61 -62 -63
leaf_value=-108.40219646500208 53.192052077771521 -19.12069440750566 290.43826469751542 159.30644109785567 -64.836220186250813 35.600487409064286 407.9862108173777 163.12485284176114 249.18443978907337 -9.1512807294288336 3.3902964599159029 27.904466108648307 295.44815532514787 52.499498748230423 -82.808674075249513 12.657011209648303 -44.46777951240891 76.218195497298865 98.897798827910947 204.42379089426439 82.308155760818536 467.1395076697213 -42.055650050073808 -43.735831872332518 216.08012316941074 6.5353414109830146 145.56902469365406 240.96614612880737 134.43597956708368 186.8974672383024 34.954823616448316 288.86281073982485 312.92737677691736 25.475383190917967 193.86593972639318 414.0128654750701 -37.040866186178157 77.422697512232617 -93.219821070910299 181.6995832912076 34.509321307376425 132.29534953553147 60.152811360096649 -30.793185127464991 124.07969035380596 329.26106860744989 170.44776268319987 93.956514809131633 -65.591558541749265 321.87128725628526 89.316926659862077 290.66207452930388 333.69826245488349 116.23005316826605 524.80795247395838 616.6438863636364 120.48436499745347 268.9301453372147 560.85749164884055 423.3623371599104 -71.045449061553526 -6.0914100050025413
leaf_weight=9709 161 11450 2772 1556 17350 4351 46 589 358 1881 449 1022 44 138 11106 4055 678 1792 2739 429 1203 223 3182 13408 4392 5465 473 866 523 646 458 154 291 24 6591 278 6121 166 15356 154 225 2159 4251 803 36 350 96 31 2543 85 980 121 36 61 32 54 85 1344 251 142 11277 2037
leaf_count=9709 161 11450 2772 1556 17350 4351 46 589 358 1881 449 1022 44 138 11106 4055 678 1792 2739 429 1203 223 3182 13408 4392 5465 473 866 523 646 458 154 291 24 6591 278 6121 166 15356 154 225 2159 4251 803 36 350 96 31 2543 85 980 121 36 61 32 54 85 1344 251 142 11277 2037
internal_value=0.0104981 -45.0967 194.326 163.377 -70.638 12.4717 295.848 187.829 268.181 50.4104 -6.04308 105.158 418.081 60.4332 -88.625 23.3109 -50.4618 102.786 118.768 183.728 71.2718 452.25 -15.7773 -56.4018 202.441 -10.8317 107.52 192.47 177.209 163.338 90.3054 400.327 221.442 275.566 187.286 370.169 -28.4841 -10.2978 -99.1048 93.7132 110.175 113.643 47.7395 5.47008 292.578 286.034 327.071 220.928 -47.2241 224.433 72.039 251.421 505.523 230.151 397.582 525.651 280.214 260.191 517.843 357.224 -76.8856 -15.6877
internal_weight=159648 129571 30077 23052 89751 39820 7025 16232 5731 13059 26761 6820 1294 11178 47448 6664 42303 2576 5798 675 1806 1042 20097 33301 13732 16915 2500 9013 942 784 1911 532 4719 252 8147 432 9002 2881 25065 1357 5123 4898 8602 4858 327 4789 588 176 15951 514 1438 152 510 419 76 100 4201 1429 474 492 22383 2715
internal_count=159648 129571 30077 23052 89751 39820 7025 16232 5731 13059 26761 6820 1294 11178 47448 6664 42303 2576 5798 675 1806 1042 20097 33301 13732 16915 2500 9013 942 784 1911 532 4719 252 8147 432 9002 2881 25065 1357 5123 4898 8602 4858 327 4789 588 176 15951 514 1438 152 510 419 76 100 4201 1429 474 492 22383 2715
is_linear=0
shrinkage=0.05


Tree=5
num_leaves=63
num_cat=0
split_feature=12 12 12 12 12 12 2 12 3 3 2 7 11 1 11 3 13 12 2 3 11 12 2 12 2 12 11 14 1 9 7 11 12 3 11 12 11 3 12 2 1 9 11 2 12 7 13 3 2 11 11 11 2 9 11 7 11 5 1 11 13 1
split_gain=4.69118e+11 5.50842e+10 4.33545e+10 9.56319e+09 8.51501e+09 7.30945e+09 6.14107e+09 5.70017e+09 3.73993e+09 5.65314e+09 3.4409e+09 2.64765e+09 2.24664e+09 2.00612e+09 1.91361e+09 1.50824e+09 1.44148e+09 1.37632e+09 1.36237e+09 1.34213e+09 1.29276e+09 1.1869e+09 1.16722e+09 1.16461e+09 1.09664e+09 9.80648e+08 9.54278e+08 8.17152e+08 7.00704e+08 6.77622e+08 6.55001e+08 6.86428e+08 6.39554e+08 5.97122e+08 5.78722e+08 5.78721e+08 5.64551e+08 5.85066e+08 5.59316e+08 5.14087e+08 4.88351e+08 4.3919e+08 4.37238e+08 4.17261e+08 3.99699e+08 3.94003e+08 3.89844e+08 3.51107e+08 3.5041e+08 3.39246e+08 3.25028e+08 3.20604e+08 2.92924e+08 2.68338e+08 2.62282e+08 2.5465e+08 2.38442e+08 2.36908e+08 2.17048e+08 2.11873e+08 2.11955e+08 2.03679e+08
threshold=5867.0600000000004 3643.7235714285712 9311.9242857142872 11411.227142857142 2755.2592857142863 4669.4692857142863 5.5000000000000009 7029.2021428571434 288.50000000000006 271.50000000000006 5.5000000000000009 1.0000000180025095e-35 9999.9950000000008 15.500000000000002 9200.6350000000002 292.50000000000006 3240.2100545687676 3184.4185714285718 5.5000000000000009 287.50000000000006 8192.8100000000031 2276.4635714285719 3.5000000000000004 4084.3685714285725 5.5000000000000009 8255.4107142857156 3358.8950000000004 8410.2070000000003 17.500000000000004 1.0000000180025095e-35 1.0000000180025095e-35 11126.180000000002 5353.3000000000011 276.50000000000006 12000.005000000003 13619.525 4403.7350000000015 276.50000000000006 9996.1114285714302 5.5000000000000009 6.5000000000000009 1.5000000000000002 7400.5800000000008 5.5000000000000009 8465.8728571428583 1.0000000180025095e-35 3026.3383415523681 180.50000000000003 5.5000000000000009 11126.180000000002 4760.7450000000008 6750.2150000000011 5.5000000000000009 3.5000000000000004 3685.1650000000004 1.0000000180025095e-35 7680.0700000000006 2021.5000000000002 16.500000000000004 3539.2350000000001 2528.2985916037264 8.5000000000000018
decision_type=2 2 2 2 2 2 2 2 2 2 2 2 2 2 2 2 2 2 2 2 2 2 2 2 2 2 2 2 2 2 2 2 2 2 2 2 2 2 2 2 2 2 2 2 2 2 2 2 2 2 2 2 2 2 2 2 2 2 2 2 2 2
left_child=1 4 6 10 21 23 7 20 9 24 14 12 25 -14 16 53 55 52 26 28 36 -1 -18 43 35 -9 33 -21 -11 47 38 -32 50 -7 -26 -5 37 -2 -16 54 -20 -12 57 -3 -31 -38 58 -8 -19 -17 -28 -34 -6 -10 -25 -4 -49 -13 -22 -43 -61 -41
right_child=2 5 3 8 17 18 29 11 15 19 41 42 13 -15 30 49 22 48 40 27 46 -23 -24 39 34 -27 32 -29 -30 44 31 -33 51 -35 -36 -37 45 -39 -40 61 -42 59 -44 -45 -46 -47 -48 56 -50 -51 -52 -53 -54 -55 -56 -57 -58 -59 -60 60 -62 -63
leaf_value=-98.900013369436024 111.81589761421861 -21.917970838207069 238.56007334465696 272.13888183441765 -61.051450869273474 73.899318474953631 109.94140993251551 154.30689278228698 -10.334966571278818 407.16402549857526 152.95547265104182 229.67773067605904 79.451142750575869 148.14386571626343 178.18519616084745 96.278414679307218 262.8131989079327 -42.388018187474962 26.869087658158005 73.785015514373782 39.357326671631021 -80.793548474036754 469.4446690976709 15.989923080382136 218.99850221493668 197.1641452471894 36.037605753449434 401.91582622327309 531.8819704640706 14.110647644105359 166.18975579254354 3.262302695483696 56.091632492949103 214.45297104688794 25.491910999209384 334.47878325380952 93.44062092856089 212.46217008851241 208.53705683205587 -8.9422312993485402 -25.608798910821736 226.18263159751893 5.2386986310685639 -46.542730366240811 65.340183053746856 10.902013025346973 -1.8611654764772898 69.868323968617048 -61.499067479234476 311.72051588930736 15.68470068690441 22.970496221200271 -77.72438515459784 113.10354777292105 -4.2248053598965276 114.88382543645008 -7.8103585516611744 74.299617648367175 80.317509528703738 106.1986495252886 37.722737378059549 -42.088395450227068
leaf_weight=14049 593 12022 1178 2785 18881 284 457 3654 136 267 746 28 1669 2947 2210 25 153 16714 643 39 683 25620 132 1927 526 2141 3314 37 239 1497 320 81 3105 103 42 456 4225 193 5310 777 1422 31 362 2008 510 150 331 373 2807 81 4812 958 3080 64 9566 46 134 176 620 619 140 1150
leaf_count=14049 593 12022 1178 2785 18881 284 457 3654 136 267 746 28 1669 2947 2210 25 153 16714 643 39 683 25620 132 1927 526 2141 3314 37 239 1497 320 81 3105 103 42 456 4225 193 5310 777 1422 31 362 2008 510 150 331 373 2807 81 4812 958 3080 64 9566 46 134 176 620 619 140 1150
internal_value=0.0128024 -46.5713 157.707 220.499 -70.6453 -0.156415 110.284 121.408 280.234 292.017 194.889 143.691 149.417 123.329 206.202 110.75 257.994 -54.8043 28.3726 437.386 85.3947 -87.2084 359.823 -15.3734 269.697 170.172 34.5527 236.678 467.005 43.7268 196.304 133.369 32.0922 111.764 204.76 281.01 97.6681 136.768 199.642 -4.84248 -9.26313 125.347 38.2951 -25.4454 27.1547 90.6139 46.5931 78.1653 -45.1391 262.283 23.9886 48.2897 -63.3932 29.5315 -0.83436 234.01 49.3629 96.6424 58.8939 99.1149 93.6343 -28.7349
internal_weight=159648 123242 36406 15663 81151 42091 20743 17772 4697 4391 10966 10977 10411 4616 9430 306 1509 41482 14641 582 6795 39669 285 27450 3809 5795 12576 76 506 2971 7921 401 12189 387 568 3241 5161 786 7520 13420 2065 1536 566 14030 2007 4375 1634 964 19521 106 8126 4063 21961 200 11493 1224 507 204 1303 790 759 1927
internal_count=159648 123242 36406 15663 81151 42091 20743 17772 4697 4391 10966 10977 10411 4616 9430 306 1509 41482 14641 582 6795 39669 285 27450 3809 5795 12576 76 506 2971 7921 401 12189 387 568 3241 5161 786 7520 13420 2065 1536 566 14030 2007 4375 1634 964 19521 106 8126 4063 21961 200 11493 1224 507 204 1303 790 759 1927
is_linear=0
shrinkage=0.05


Tree=6
num_leaves=63
num_cat=0
split_feature=12 12 12 12 12 12 12 3 3 7 3 12 3 6 12 7 12 6 6 12 12 14 0 3 7 3 0 13 15 3 14 12 12 13 13 3 15 5 3 3 13 3 3 3 13 15 3 14 8 9 6 0 9 3 12 12 3 9 3 6 3 13
split_gain=4.23537e+11 5.29729e+10 3.58026e+10 8.63498e+09 7.87961e+09 7.42848e+09 4.40259e+09 3.37301e+09 5.10905e+09 1.64977e+09 1.36322e+09 1.3534e+09 1.2087e+09 1.05321e+09 1.04518e+09 1.0446e+09 9.91093e+08 9.7123e+08 9.21321e+08 8.70683e+08 8.10826e+08 7.39548e+08 7.38158e+08 7.3945e+08 7.30327e+08 6.61055e+08 6.45296e+08 5.4583e+08 5.14581e+08 1.43583e+09 6.03391e+08 5.05429e+08 4.54586e+08 4.48959e+08 4.36528e+08 3.61472e+08 3.50715e+08 3.25258e+08 3.11195e+08 3.07121e+08 3.02398e+08 3.88902e+08 2.9895e+08 2.96125e+08 2.90521e+08 4.8864e+08 4.72045e+08 2.79344e+08 5.07985e+08 2.66364e+08 2.49693e+08 2.43992e+08 2.4255e+08 2.3527e+08 2.21074e+08 2.19108e+08 2.04995e+08 2.04413e+08 2.50517e+08 1.84564e+08 1.78075e+08 1.7706e+08
threshold=6016.7971428571445 3659.0692857142863 9311.9242857142872 11411.227142857142 2744.3678571428577 4669.4692857142863 7669.1114285714293 288.50000000000006 271.50000000000006 1.0000000180025095e-35 292.50000000000006 3237.5314285714289 287.50000000000006 1.0000000180025095e-35 2221.2771428571436 1.0000000180025095e-35 4153.7364285714293 1.0000000180025095e-35 1.0000000180025095e-35 5407.5071428571437 6929.4142857142861 8410.2070000000003 61.500000000000007 112.50000000000001 1.0000000180025095e-35 246.50000000000003 70.500000000000014 4154.2107688728292 3055.8605597821247 285.50000000000006 11254.016333333335 9996.1114285714302 15426.107142857145 1973.2472236228807 2952.9953579360567 92.500000000000014 4606.9221282247199 2022.5000000000002 356.50000000000006 238.50000000000003 2882.6451101576818 288.50000000000006 126.50000000000001 102.50000000000001 2105.292632452321 2087.7261645781 213.50000000000003 4153.0230000000001 2.5000000000000004 2.5000000000000004 1.0000000180025095e-35 69.500000000000014 3.5000000000000004 287.50000000000006 2986.1228571428578 2512.6378571428577 330.50000000000006 1.0000000180025095e-35 285.50000000000006 1.0000000180025095e-35 234.50000000000003 3026.3383415523681
decision_type=2 2 2 2 2 2 2 2 2 2 2 2 2 2 2 2 2 2 2 2 2 2 2 2 2 2 2 2 2 2 2 2 2 2 2 2 2 2 2 2 2 2 2 2 2 2 2 2 2 2 2 2 2 2 2 2 2 2 2 2 2 2
left_child=1 4 6 17 14 16 13 8 32 18 52 54 26 15 -1 20 -3 24 22 44 49 -14 23 -8 28 27 -10 -20 30 -30 -4 -19 42 -26 -22 -34 -12 -24 -27 43 -33 -42 -5 -11 50 46 -46 48 60 -2 -7 61 -9 -35 -6 -16 -41 58 -15 -45 -21 -49
right_child=2 5 3 7 11 19 9 10 12 39 36 -13 21 57 55 -17 -18 31 25 47 34 -23 37 -25 33 38 -28 -29 29 -31 -32 40 35 53 -36 -37 -38 -39 -40 56 41 -43 -44 59 45 -47 -48 51 -50 -51 -52 -53 -54 -55 -56 -57 -58 -59 -60 -61 -62 -63
leaf_value=-95.226481483253451 75.123149205038985 -22.557258145760994 195.2057555335652 260.46832502535148 -64.100428497976552 23.202798752366533 167.48562371542872 -9.8219900689507931 384.3506311038102 -11.679927309122352 335.22252544470007 -41.42388240873337 70.187999160766608 84.945634965979707 -81.900393001302746 15.699970382209916 -3.1598988214886212 133.29844416649573 125.55419171036149 95.146202240911677 128.30656800346642 382.34886451319653 182.94949094600673 106.13279267020076 161.8139419663471 61.362245930284715 503.74774655384226 345.53849688299772 254.12383377101096 53.178079326742946 90.440960451182391 169.46162128085473 371.02391608768039 83.204904954031619 73.277271925061939 173.96656900405884 148.50628888597677 151.67782335946168 166.15471496248247 -26.723395885772256 261.65623841784219 48.69390757340652 225.25404537114625 134.69172208898209 17.062511063183056 16.749529311005787 142.75198828125002 36.312248473419736 232.12466425278609 100.95894702370489 5.4090885024256465 57.486634410996523 107.53537383108872 -83.240388445172997 -54.666299616193868 -72.806653479944671 113.15270000949982 51.130206507328865 -54.088917236328136 27.312876887321472 26.529476110921742 -23.938667015916721
leaf_weight=12219 2446 15250 6395 2781 12811 6809 731 136 258 71 56 17691 39 874 14030 388 11590 1079 1806 206 2486 37 1292 1531 275 657 248 28 846 100 143 1813 143 88 427 31 50 2553 79 168 175 25 854 152 118 464 204 3272 50 1715 2776 1660 64 27 12200 12810 30 2001 33 55 176 126
leaf_count=12219 2446 15250 6395 2781 12811 6809 731 136 258 71 56 17691 39 874 14030 388 11590 1079 1806 206 2486 37 1292 1531 275 657 248 28 846 100 143 1813 143 88 427 31 50 2553 79 168 175 25 854 152 118 464 204 3272 50 1715 2776 1660 64 27 12200 12810 30 2001 33 55 176 126
internal_value=0.0142036 -43.2872 153.179 209.49 -66.8605 1.84986 107.994 266.252 277.442 133.274 105.295 -52.013 415.638 85.6708 -83.0911 95.6238 -14.1816 185.155 138.246 28.9774 100.005 225.153 148.843 126.025 194.528 113.017 443.748 129.099 198.019 232.961 192.929 161.23 256.223 127.2 120.268 337.111 249.36 162.231 72.8205 42.5322 176.128 235.411 252.259 76.3312 20.4508 49.6609 96.8873 45.0782 83.6706 85.7933 18.0505 41.7662 28.0805 43.7457 -59.501 -77.5631 -5.06792 60.1069 79.833 106.43 63.684 34.0717
internal_weight=159648 124462 35186 15663 81761 42701 19523 4697 4391 9153 306 42702 582 10370 39059 7462 26840 10966 8677 15861 7074 76 6107 2262 7874 2570 506 1834 7484 946 6538 3092 3809 390 2913 174 106 3845 736 476 2013 200 3635 278 10371 786 322 5490 432 4161 9585 5058 200 115 25011 26840 198 2908 907 207 382 3398
internal_count=159648 124462 35186 15663 81761 42701 19523 4697 4391 9153 306 42702 582 10370 39059 7462 26840 10966 8677 15861 7074 76 6107 2262 7874 2570 506 1834 7484 946 6538 3092 3809 390 2913 174 106 3845 736 476 2013 200 3635 278 10371 786 322 5490 432 4161 9585 5058 200 115 25011 26840 198 2908 907 207 382 3398
is_linear=0
shrinkage=0.05


Tree=7
num_leaves=63
num_cat=0
split_feature=12 12 12 12 12 12 2 12 2 3 3 7 2 3 12 3 2 12 7 2 12 12 12 3 12 9 0 3 0 7 0 2 14 2 3 3 9 3 0 14 2 3 3 15 2 2 14 12 9 12 12 12 9 5 3 14 8 12 2 7 12 12
split_gain=3.82313e+11 4.34751e+10 3.68758e+10 8.63438e+09 6.67608e+09 5.80015e+09 5.1084e+09 4.31649e+09 3.5166e+09 3.0416e+09 4.61713e+09 2.03069e+09 1.24489e+09 1.23267e+09 1.10132e+09 1.08853e+09 9.83627e+08 9.81966e+08 9.35713e+08 9.15679e+08 9.10064e+08 7.79099e+08 6.82832e+08 6.7648e+08 6.67943e+08 6.20551e+08 5.82661e+08 5.4244e+08 4.80744e+08 4.7184e+08 4.49919e+08 4.4954e+08 4.24816e+08 4.10115e+08 4.09475e+08 4.08522e+08 3.94848e+08 3.78717e+08 3.44458e+08 3.57867e+08 3.38821e+08 3.34e+08 3.41791e+08 3.17045e+08 2.83334e+08 2.70745e+08 2.63743e+08 2.2548e+08 2.19241e+08 2.11385e+08 2.0881e+08 2.05284e+08 1.67071e+08 1.59148e+08 1.58687e+08 1.58018e+08 3.68904e+08 1.48507e+08 1.4776e+08 1.47631e+08 1.43918e+08 1.32873e+08
threshold=5795.2621428571447 3534.138571428572 9158.5578571428578 11411.227142857142 4545.1621428571443 2672.2985714285719 5.5000000000000009 7029.2021428571434 5.5000000000000009 288.50000000000006 271.50000000000006 1.0000000180025095e-35 5.5000000000000009 292.50000000000006 3956.7142857142862 287.50000000000006 5.5000000000000009 3133.277857142858 1.0000000180025095e-35 1.5000000000000002 10000.04642857143 2184.4285714285716 15426.107142857145 114.50000000000001 5154.1007142857152 1.0000000180025095e-35 70.500000000000014 86.500000000000014 61.500000000000007 1.0000000180025095e-35 27.500000000000004 5.5000000000000009 5489.619333333334 3.5000000000000004 277.50000000000006 310.50000000000006 1.5000000000000002 180.50000000000003 57.500000000000007 4329.250500000001 5.5000000000000009 238.50000000000003 102.50000000000001 4606.9221282247199 5.5000000000000009 5.5000000000000009 8739.6698333333352 9571.2921428571444 3.5000000000000004 8465.8728571428583 7329.4407142857153 9996.1114285714302 1.5000000000000002 2021.5000000000002 340.50000000000006 4105.6575000000003 2.5000000000000004 6542.1771428571437 5.5000000000000009 1.0000000180025095e-35 9996.1114285714302 2964.1885714285718
decision_type=2 2 2 2 2 2 2 2 2 2 2 2 2 2 2 2 2 2 2 2 2 2 2 2 2 2 2 2 2 2 2 2 2 2 2 2 2 2 2 2 2 2 2 2 2 2 2 2 2 2 2 2 2 2 2 2 2 2 2 2 2 2
left_child=1 5 6 8 14 21 7 29 18 10 16 19 24 48 40 26 27 44 20 28 32 -1 -17 -21 -6 37 -12 -5 -9 38 -14 -16 -4 -22 51 -36 47 50 39 -2 -3 42 -13 54 61 -19 -18 -10 -11 53 -8 -20 -33 -27 -15 56 -26 -40 -23 -57 -38 -7
right_child=2 4 3 9 12 17 25 11 36 13 15 41 30 43 31 22 46 45 34 23 33 58 -24 -25 55 49 -28 -29 -30 -31 -32 52 -34 -35 35 -37 60 -39 57 -41 -42 -43 -44 -45 -46 -47 -48 -49 -50 -51 -52 -53 -54 -55 -56 59 -58 -59 -60 -61 -62 -63
leaf_value=-91.392101134886275 114.62074153345743 -24.843257536699941 273.69426781405923 296.13987994656776 18.079200792235106 -60.215997147599751 65.430999211933312 87.319000455169487 87.875175587151162 -9.3344754025535863 365.20729826820406 -4.5091143740140476 20.603260482700566 412.40587323224099 -4.9170617430309456 40.93207681655884 249.53439577333066 -41.299422427783881 89.573119371917358 170.23502155412083 199.25431751304694 -73.736470933252392 343.20169293598701 133.10849848384004 50.942119764410293 -36.85734840529306 478.66150968130336 243.64375598317662 126.8042678588523 17.614291425712178 -27.21086217740125 -15.794825848352151 177.04082807580284 243.42634728404789 -79.329158876736955 176.9571911985978 62.468696690772269 35.849349919486293 82.001601578814061 62.912559594979477 -46.728258320330994 -18.014485015326766 103.73884133669797 141.22656948276594 -72.918889108625379 -58.93506203779333 163.77876210058344 147.91593469335677 102.24132427978515 51.167899709798199 133.74061532319121 161.87893081778068 -43.844572274213697 14.652063409174401 226.90637065272176 39.487574554672079 182.44895348032969 103.84811527188715 -84.953775938009926 0.34443972249669358 102.68998210999835 -51.769562811336122
leaf_weight=10998 374 12581 118 642 8375 13114 229 1341 218 136 258 116 710 26 12514 33 118 15142 162 1709 1680 20926 43 4535 440 167 248 2599 1854 329 1597 1067 7335 814 47 22 419 484 2029 3263 2059 210 195 50 3348 2549 450 610 64 369 225 269 1059 1398 30 5036 60 1306 3475 253 492 7329
leaf_count=10998 374 12581 118 642 8375 13114 229 1341 218 136 258 116 710 26 12514 33 118 15142 162 1709 1680 20926 43 4535 440 167 248 2599 1854 329 1597 1067 7335 814 47 22 419 484 2029 3263 2059 210 195 50 3348 2549 450 610 64 369 225 269 1059 1398 30 5036 60 1306 3475 253 492 7329
internal_value=0.0155396 -42.4946 140.847 195.344 -3.90236 -65.46 95.1388 105.412 173.114 252.971 263.597 126.824 21.5626 100.125 -18.2275 394.971 243.425 -52.7708 184.078 132.128 187.443 -80.3278 214.189 143.296 27.11 33.3797 421.648 254.131 110.264 76.1894 -12.4931 -8.52955 178.608 213.763 116.906 3.74587 107.175 66.7321 78.9505 68.2599 -27.9242 30.6593 63.4783 237.118 -59.4069 -43.8436 182.001 132.233 26.7008 17.1774 99.5044 134.972 -29.781 9.1355 318.755 40.1695 67.0556 90.5854 -75.3374 37.6156 84.2796 -57.1906
internal_weight=159648 122632 37016 16883 45751 76881 20133 17261 12186 4697 4391 9960 16471 306 29280 582 3809 41482 10447 9439 9947 35399 76 6244 14164 2872 506 3241 3195 7301 2307 14640 7453 2494 500 69 1739 938 6972 3637 14640 521 311 106 23791 17691 568 828 200 1934 454 431 2126 1565 56 5789 500 3335 24401 5289 911 20443
internal_count=159648 122632 37016 16883 45751 76881 20133 17261 12186 4697 4391 9960 16471 306 29280 582 3809 41482 10447 9439 9947 35399 76 6244 14164 2872 506 3241 3195 7301 2307 14640 7453 2494 500 69 1739 938 6972 3637 14640 521 311 106 23791 17691 568 828 200 1934 454 431 2126 1565 56 5789 500 3335 24401 5289 911 20443
is_linear=0
shrinkage=0.05


Tree=8
num_leaves=63
num_cat=0
split_feature=10 10 10 10 10 10 10 6 6 10 6 10 6 11 11 10 13 14 3 3 3 1 11 7 6 6 6 14 10 3 7 10 13 1 10 3 3 3 13 15 11 13 15 10 11 1 10 15 10 6 11 3 11 1 1 11 1 10 10 7 3 1
split_gain=3.87875e+11 5.05497e+10 2.6417e+10 9.87756e+09 9.10315e+09 7.30766e+09 6.39566e+09 2.6816e+09 1.66173e+09 1.48762e+09 1.40417e+09 1.37437e+09 1.22998e+09 1.14555e+09 1.14309e+09 1.10628e+09 1.01692e+09 8.99104e+08 8.96016e+08 9.66292e+08 8.18769e+08 7.81125e+08 6.16092e+08 5.64772e+08 5.32574e+08 5.27379e+08 4.67384e+08 4.78047e+08 4.63735e+08 1.02478e+09 4.50997e+08 5.36571e+08 4.21601e+08 4.19676e+08 3.91954e+08 4.27327e+08 3.90542e+08 3.89857e+08 3.85252e+08 3.62906e+08 3.53589e+08 3.35069e+08 3.34866e+08 3.31937e+08 3.18413e+08 3.14725e+08 3.12913e+08 3.08077e+08 3.05555e+08 2.8844e+08 2.74521e+08 2.55805e+08 2.53905e+08 2.50541e+08 2.3273e+08 2.26824e+08 2.19767e+08 2.13294e+08 2.02746e+08 1.98307e+08 5.42884e+08 1.96099e+08
threshold=6490.0200000000013 3919.2050000000004 11126.180000000002 2947.3850000000007 8000.5550000000012 14498.490000000002 5000.1950000000006 1.0000000180025095e-35 1.0000000180025095e-35 2330.2950000000005 1.0000000180025095e-35 3395.23 1.0000000180025095e-35 6999.9450000000006 6492.6250000000009 4489.3500000000013 3240.2100545687676 6588.1260000000011 288.50000000000006 276.50000000000006 86.500000000000014 15.500000000000002 4580.46 1.0000000180025095e-35 1.0000000180025095e-35 1.0000000180025095e-35 1.0000000180025095e-35 7676.6313333333346 12000.005000000003 285.50000000000006 1.0000000180025095e-35 9789.2000000000025 1657.2877496455205 16.500000000000004 9999.9950000000008 286.50000000000006 86.500000000000014 287.50000000000006 1107.636033915825 5153.4035330993411 12000.005000000003 1311.2802000299469 3369.8929387825142 5599.3250000000007 14498.490000000002 8.5000000000000018 2620.7350000000001 2377.5716406238575 10000.005000000003 1.0000000180025095e-35 3992.4350000000004 266.50000000000006 4539.2750000000005 7.5000000000000009 7.5000000000000009 2750.7150000000006 14.500000000000002 7500.5650000000014 9999.9950000000008 1.0000000180025095e-35 102.50000000000001 7.5000000000000009
decision_type=2 2 2 2 2 2 2 2 2 2 2 2 2 2 2 2 2 2 2 2 2 2 2 2 2 2 2 2 2 2 2 2 2 2 2 2 2 2 2 2 2 2 2 2 2 2 2 2 2 2 2 2 2 2 2 2 2 2 2 2 2 2
left_child=1 3 4 9 10 12 15 16 17 55 23 49 28 42 34 26 30 43 19 20 22 -22 -7 32 41 38 27 -3 59 36 48 -32 57 -19 54 -36 -30 51 -17 -20 58 -13 -14 -8 50 -43 -11 -34 -6 -5 -10 -18 53 -12 -9 -1 -40 -2 -16 -4 -61 -31
right_child=2 6 5 11 7 18 8 14 44 46 52 24 13 -15 40 25 37 33 39 -21 21 -23 -24 -25 -26 -27 -28 -29 29 61 31 -33 47 -35 35 -37 -38 -39 56 -41 -42 45 -44 -45 -46 -47 -48 -49 -50 -51 -52 -53 -54 -55 -56 -57 -58 -59 -60 60 -62 -63
leaf_value=-86.230380442026046 83.60999012359494 -9.1335318830862526 233.76951328266375 -44.737176607669028 166.65042980750695 232.36985748291019 30.748173876019649 112.67016654294764 -6.5237285276539172 -70.357914744245392 73.005745085733281 -27.977449967735772 103.75344841531428 212.57203550917762 117.74204833085066 9.3214561835618053 250.41122294630091 52.15833168299978 252.38390370788576 416.78245453570264 138.12881355202717 311.48517621093538 404.57053840862091 25.087858316991237 -42.865938652875428 -7.6798918532090674 -26.290785204777325 33.91873872583033 393.35110336558023 200.34847527375092 25.791216324305129 148.38447616497467 101.31546018870401 89.768276847375262 122.50295486968444 40.973531964317203 281.37247434050244 102.14522135643732 19.535387364694099 11.865696299870809 47.346832288555476 -28.446898762288043 188.2136682147881 54.290385550114756 168.25047377152876 14.527671616550535 -60.349766144769369 140.81408523173624 202.77804103289986 -57.62789266567691 21.679590830543084 388.20086482558145 65.36275488671339 9.7308230081949958 45.226319430364619 -72.526814488484774 50.893850906770538 118.54193942355944 154.2172000493959 -37.889436222839358 208.9679508278065 42.073631345575507
leaf_weight=14558 1923 8928 3315 16957 9413 68 3339 176 1295 16011 223 13305 409 1427 477 4096 291 1256 49 497 91 250 316 230 6048 2780 4039 694 119 36 117 382 937 1832 1162 188 299 41 1127 23 91 765 168 2723 32 959 15410 1085 648 5856 2582 42 1326 520 472 3868 1111 576 2358 24 265 43
leaf_count=14558 1923 8928 3315 16957 9413 68 3339 176 1295 16011 223 13305 409 1427 477 4096 291 1256 49 497 91 250 316 230 6048 2780 4039 694 119 36 117 382 937 1832 1162 188 299 41 1127 23 91 765 168 2723 32 959 15410 1085 648 5856 2582 42 1326 520 472 3868 1111 576 2358 24 265 43
internal_value=0.016502 -37.5327 161.773 -56.8419 134.997 243.815 12.9777 155.774 40.8721 -72.0722 86.6701 -39.5431 220.864 188.479 125.073 -3.01776 169.586 52.5291 351.841 362.004 323.93 265.762 374.759 101.645 -30.3353 10.4731 -12.0183 -6.02512 236.64 282.888 166.682 119.749 105.533 74.4928 95.8227 111.188 314.114 250.941 18.4404 176.767 145.007 -25.2902 128.628 41.3304 13.5795 -4.5471 -65.4516 122.569 168.997 -48.0485 12.2598 268.9 52.2509 28.7944 63.6898 -83.3578 35.1183 91.7057 148.124 230.185 188.408 115.802
internal_weight=159648 129571 30077 93737 22678 7399 35834 15858 13059 49847 6820 43890 6105 2004 4924 22775 10934 9150 1294 1222 725 341 384 4751 21077 9114 13661 9622 4101 497 10560 499 4521 3088 1998 1350 418 374 6334 72 2926 15029 577 6062 3909 1724 31421 2022 10061 22813 3877 333 2069 743 648 18426 2238 2499 2835 3604 289 79
internal_count=159648 129571 30077 93737 22678 7399 35834 15858 13059 49847 6820 43890 6105 2004 4924 22775 10934 9150 1294 1222 725 341 384 4751 21077 9114 13661 9622 4101 497 10560 499 4521 3088 1998 1350 418 374 6334 72 2926 15029 577 6062 3909 1724 31421 2022 10061 22813 3877 333 2069 743 648 18426 2238 2499 2835 3604 289 79
is_linear=0
shrinkage=0.05


Tree=9
num_leaves=63
num_cat=0
split_feature=12 12 12 12 12 12 2 12 2 3 3 7 2 3 12 12 2 3 7 7 15 3 2 12 0 3 12 14 14 0 12 3 15 3 13 0 9 3 0 13 3 9 2 15 9 3 2 14 13 0 2 12 12 3 9 7 0 13 14 13 12 13
split_gain=3.12084e+11 3.91304e+10 2.64373e+10 6.46285e+09 6.36636e+09 4.80614e+09 4.48001e+09 3.10595e+09 2.60816e+09 2.51442e+09 3.83867e+09 1.45827e+09 1.16022e+09 1.07599e+09 1.00995e+09 9.4159e+08 8.95141e+08 8.66361e+08 8.05192e+08 6.87235e+08 7.18916e+08 1.35444e+09 6.6086e+08 6.38093e+08 6.3121e+08 8.49419e+08 6.02782e+08 5.80391e+08 5.49741e+08 5.21408e+08 4.95295e+08 4.80492e+08 4.44157e+08 3.91463e+08 3.75068e+08 3.67284e+08 3.49029e+08 3.19929e+08 3.10555e+08 3.09422e+08 3.03135e+08 2.90465e+08 2.85327e+08 2.71624e+08 2.49475e+08 2.39343e+08 2.28039e+08 2.26099e+08 4.44193e+08 2.49029e+08 2.2225e+08 2.19921e+08 1.94849e+08 1.90647e+08 1.82423e+08 1.7384e+08 1.69651e+08 1.54291e+08 2.20736e+08 1.52582e+08 1.51348e+08 1.5018e+08
threshold=6016.7971428571445 3726.9771428571435 9311.9242857142872 2837.297857142858 11411.227142857142 4669.4692857142863 5.5000000000000009 7669.1114285714293 5.5000000000000009 288.50000000000006 265.50000000000006 1.0000000180025095e-35 5.5000000000000009 292.50000000000006 2308.1528571428576 3331.9857142857149 5.5000000000000009 287.50000000000006 1.0000000180025095e-35 1.0000000180025095e-35 3055.8605597821247 285.50000000000006 5.5000000000000009 5407.5071428571437 62.500000000000007 114.50000000000001 6929.4142857142861 8410.2070000000003 11254.016333333335 24.500000000000004 4153.7364285714293 86.500000000000014 3486.4904201171935 277.50000000000006 2952.9953579360567 27.500000000000004 1.5000000000000002 238.50000000000003 78.500000000000014 3118.8938789861763 102.50000000000001 1.0000000180025095e-35 5.5000000000000009 4606.9221282247199 1.5000000000000002 174.50000000000003 5.5000000000000009 4200.278666666668 2664.1196719890286 69.500000000000014 1.5000000000000002 2570.0728571428576 1943.5064285714286 351.50000000000006 3.5000000000000004 1.0000000180025095e-35 33.500000000000007 1325.4454792365093 5708.076500000001 4154.2107688728292 3045.3907142857147 2105.292632452321
decision_type=2 2 2 2 2 2 2 2 2 2 2 2 2 2 2 2 2 2 2 2 2 2 2 2 2 2 2 2 2 2 2 2 2 2 2 2 2 2 2 2 2 2 2 2 2 2 2 2 2 2 2 2 2 2 2 2 2 2 2 2 2 2
left_child=1 3 6 14 8 22 7 18 19 10 16 24 23 54 52 42 31 32 26 20 28 -22 30 55 25 -9 39 -19 -4 45 -3 -6 -12 -21 -28 -14 57 40 53 -2 -13 -18 60 -15 -24 -8 -17 48 -25 -49 -26 -16 -1 56 -11 61 -31 -10 -59 -56 -5 -7
right_child=2 5 4 15 9 12 29 11 36 13 17 37 35 43 51 46 41 27 -20 33 21 -23 44 47 50 -27 34 -29 -30 38 -32 -33 -34 -35 -36 -37 -38 -39 -40 -41 -42 -43 -44 -45 -46 -47 -48 49 -50 -51 -52 -53 -54 -55 59 -57 -58 58 -60 -61 -62 -63
leaf_value=-89.302022067832866 77.504145602386529 -14.487356972309081 168.2734810505375 -50.722278761335872 268.71810794539618 22.028252326394437 109.93929208618275 149.16866026446269 140.62980899749036 -11.768216843987904 179.0069616108556 -14.66949272165696 21.538775567166748 293.18414364953315 -68.560589347749399 -30.137203116366006 208.20095219481229 53.743132980346687 14.146991483923902 126.30364161423832 226.84316040919799 46.309548918569192 -17.092945854010559 61.340051204926091 126.30667409918161 91.498130345204757 108.16119832700504 329.97061173087673 73.400474309441435 40.986796002563167 0.92794366007870988 219.33073823545766 385.73087875176572 -11.541139644503595 61.581995090290526 -22.299515892193014 75.12018611020595 -17.452148898731579 47.126370199133923 25.094095629477344 108.58811943513803 132.1043605454696 -61.550113323624004 128.95305758868946 -43.782852474406624 45.586676673143621 -47.34576951882125 33.182852926479242 221.75147239373655 58.792950328460734 150.01255021578456 -59.767936532967894 -76.64233218986756 76.227850879295588 175.39370569426438 -8.8242880710601792 -5.2374021349924247 212.63421841004316 75.597365885660309 20.62334783966477 -42.157154305071757 46.882975222680159
leaf_weight=4277 4662 10969 7656 9457 642 7829 277 990 470 136 30 71 693 56 14640 13615 203 39 414 396 1045 116 1730 379 1543 1824 3013 37 158 244 9925 2562 522 59 510 1533 790 175 842 301 165 356 3460 50 1776 306 2246 2874 48 1422 3045 14031 10992 96 28 424 1045 33 243 36 11483 659
leaf_count=4277 4662 10969 7656 9457 642 7829 277 990 470 136 30 71 693 56 14640 13615 203 39 414 396 1045 116 1730 379 1543 1824 3013 37 158 244 9925 2562 522 59 510 1533 790 175 842 301 165 356 3460 50 1776 306 2246 2874 48 1422 3045 14031 10992 96 28 424 1045 33 243 36 11483 659
internal_value=0.0176004 -37.1524 131.495 -56.5384 179.883 3.39145 92.6667 102.488 158.988 228.622 238.283 125.501 24.8173 89.6591 -69.7987 -42.0651 219.066 352.902 82.2736 168.835 171.885 208.861 -10.5367 30.281 130.591 111.833 85.5952 190.761 166.365 34.2381 -7.16514 229.307 374.84 108.443 101.438 -8.6482 98.4594 33.7326 23.198 74.3312 71.6009 160.061 -48.2312 217.646 -30.6216 76.2984 -32.5769 45.1393 79.8482 41.6716 142.069 -64.2599 -80.1941 8.62738 21.0808 22.4025 3.53755 123.041 92.6907 89.9921 -46.0276 23.9632
internal_weight=159648 124462 35186 84201 15663 40261 19523 16713 10966 4697 4391 7813 15861 306 43940 40261 3763 628 8900 9430 8975 1161 24400 13635 7402 2814 8486 76 7814 2810 20894 3204 552 455 3523 2226 1536 411 2227 4963 236 559 24400 106 3506 583 15861 4723 427 4296 4588 28671 15269 1385 200 8912 1289 746 276 64 20940 8488
internal_count=159648 124462 35186 84201 15663 40261 19523 16713 10966 4697 4391 7813 15861 306 43940 40261 3763 628 8900 9430 8975 1161 24400 13635 7402 2814 8486 76 7814 2810 20894 3204 552 455 3523 2226 1536 411 2227 4963 236 559 24400 106 3506 583 15861 4723 427 4296 4588 28671 15269 1385 200 8912 1289 746 276 64 20940 8488
is_linear=0
shrinkage=0.05


Tree=10
num_leaves=63
num_cat=0
split_feature=10 10 10 10 10 10 10 2 2 2 2 2 2 1 2 1 10 2 1 10 2 3 2 10 3 3 2 15 1 10 12 3 11 3 15 10 3 1 3 1 1 10 15 2 2 1 2 7 3 12 12 10 1 12 10 5 7 3 1 1 3 7
split_gain=3.21021e+11 4.11783e+10 2.20132e+10 7.79003e+09 7.62617e+09 6.2125e+09 5.45901e+09 3.87975e+09 2.54684e+09 2.27856e+09 1.94947e+09 1.90616e+09 1.5967e+09 1.4804e+09 1.30873e+09 1.70387e+09 1.23779e+09 1.13448e+09 1.41795e+09 1.06475e+09 9.14317e+08 1.28426e+09 8.01481e+08 6.77972e+08 6.66817e+08 6.36467e+08 5.84331e+08 5.71393e+08 5.6105e+08 5.58516e+08 5.41257e+08 4.82794e+08 4.60703e+08 4.40819e+08 4.24931e+08 4.24256e+08 9.04232e+08 4.20438e+08 4.1145e+08 4.06938e+08 4.53243e+08 4.0685e+08 3.86351e+08 3.76842e+08 3.63394e+08 3.31302e+08 3.04211e+08 2.93099e+08 6.60878e+08 2.8792e+08 2.75095e+08 2.74851e+08 2.63565e+08 2.56281e+08 2.51075e+08 2.50654e+08 2.3361e+08 2.29711e+08 2.12564e+08 2.11963e+08 2.0622e+08 1.89812e+08
threshold=6490.0200000000013 3899.7050000000004 11126.180000000002 2947.3850000000007 8500.3950000000023 14498.490000000002 5000.1950000000006 5.5000000000000009 5.5000000000000009 5.5000000000000009 5.5000000000000009 5.5000000000000009 1.0000000180025095e-35 7.5000000000000009 1.0000000180025095e-35 6.5000000000000009 2330.2950000000005 1.0000000180025095e-35 5.5000000000000009 3400.3650000000002 2.5000000000000004 264.50000000000006 5.5000000000000009 4489.3500000000013 90.500000000000014 238.50000000000003 1.0000000180025095e-35 4172.7825912611497 15.500000000000002 7500.5650000000014 6350.3135714285718 88.500000000000014 6750.2150000000011 84.500000000000014 2983.8702851461935 12000.005000000003 285.50000000000006 7.5000000000000009 289.50000000000006 10.500000000000002 19.500000000000004 5507.0300000000016 2794.1647277555421 5.5000000000000009 5.5000000000000009 17.500000000000004 1.5000000000000002 1.0000000180025095e-35 277.50000000000006 10882.272857142858 7789.2507142857148 4248.9100000000008 18.500000000000004 2474.8300000000004 2599.8550000000005 2022.5000000000002 1.0000000180025095e-35 190.50000000000003 2.5000000000000004 6.5000000000000009 287.50000000000006 1.0000000180025095e-35
decision_type=2 2 2 2 2 2 2 2 2 2 2 2 2 2 2 2 2 2 2 2 2 2 2 2 2 2 2 2 2 2 2 2 2 2 2 2 2 2 2 2 2 2 2 2 2 2 2 2 2 2 2 2 2 2 2 2 2 2 2 2 2 2
left_child=1 3 4 16 9 8 12 27 35 17 20 14 13 -3 15 -8 53 18 -2 44 21 32 23 -14 -22 -26 37 47 -10 56 51 -29 -7 -12 39 -4 46 -21 49 -9 -41 -16 -20 -28 -5 -23 -37 55 -49 -35 -39 -15 -30 -1 -18 -6 -19 -54 -43 -11 -33 -31
right_child=2 6 5 19 7 10 11 34 28 59 33 -13 22 30 41 -17 54 29 42 26 24 45 -24 -25 25 -27 43 31 52 61 -32 60 -34 38 -36 36 -38 50 -40 40 -42 58 -44 -45 -46 -47 -48 48 -50 -51 -52 -53 57 -55 -56 -57 -58 -59 -60 -61 -62 -63
leaf_value=-78.699640580486545 32.873940839720248 -15.037480874559336 209.7913644739632 -41.028671351042192 172.54693938766735 -7.4114942853204129 12.688025152388796 118.91664724396588 170.62411648629984 53.611416022460162 24.397778957591342 -9.7254965918954568 -12.115896979273941 14.975924682891529 27.218546064675806 125.59073449717944 -63.927134327870206 78.014091312500653 167.22183166181233 -33.894304077737999 454.53737339599616 308.40422892252604 -30.342206666284934 8.4836203473602758 215.40420664116192 377.18531007209708 -27.847690189410045 358.68075675825639 45.031933505406947 110.7415728907423 91.687692170502274 214.19751640319825 216.0757491497661 124.02313432520087 -8.516752506676367 216.12960632435599 113.89228954433166 2.2055143381078901 4.6948699449357534 40.323363585211155 97.563522972720421 77.796939631391794 272.77202553148624 -47.601582811421956 -59.316570239133789 442.20763127202576 308.27422776935487 132.74532757447466 -72.661432032141576 274.52377135841715 79.608490385815387 62.742798466379547 152.55898493258755 -64.463416058688296 -54.9505905445682 151.77601362898019 17.773080901650825 73.370686504341165 44.223095075361478 6.0746433054803415 98.274351574766868 34.799699603915222
leaf_weight=14324 201 1139 4526 20239 1781 28 501 756 427 322 33 1881 10219 666 4636 1004 14870 3682 531 927 249 128 3508 6556 80 338 14259 54 185 1997 706 211 128 43 117 136 96 1721 20 602 819 528 107 2909 3144 91 356 481 42 156 122 550 213 4102 16551 9812 169 166 4509 857 50 87
leaf_count=14324 201 1139 4526 20239 1781 28 501 756 427 322 33 1881 10219 666 4636 1004 14870 3682 531 927 249 128 3508 6556 80 338 14259 54 185 1997 706 211 128 43 117 136 96 1721 20 602 819 528 107 2909 3144 91 356 481 42 156 122 550 213 4102 16551 9812 169 166 4509 857 50 87
internal_value=0.018144 -34.1421 147.176 -51.7611 122.733 222.068 10.9513 144.044 200.907 83.2615 321.667 36.8375 -3.53084 30.1243 44.6732 88.0399 -65.2397 94.4256 148.883 -36.251 351.941 287.569 -8.61113 -4.06517 387.647 346.81 -27.7593 155.073 127.322 86.7034 56.8817 221.992 176.171 195.594 84.2405 215.139 255.876 -6.44683 221.163 89.2273 73.3594 37.9174 185.323 -31.1974 -43.49 365.76 283.293 153.315 116.143 242.786 7.36971 36.6148 94.2946 -75.534 -59.2006 154.982 75.3757 118.159 47.7572 19.092 192.45 107.589
internal_weight=159648 129571 30077 93168 22678 7399 36403 14725 6105 7953 1294 13059 23344 3061 11178 1505 49847 6774 839 43321 1042 375 20283 16775 667 418 19938 12431 991 5935 1922 315 156 252 2294 5114 588 2770 219 2177 1421 9673 638 17168 23383 219 492 12116 523 199 1843 1216 564 18426 31421 11593 3851 379 5037 1179 261 2084
internal_count=159648 129571 30077 93168 22678 7399 36403 14725 6105 7953 1294 13059 23344 3061 11178 1505 49847 6774 839 43321 1042 375 20283 16775 667 418 19938 12431 991 5935 1922 315 156 252 2294 5114 588 2770 219 2177 1421 9673 638 17168 23383 219 492 12116 523 199 1843 1216 564 18426 31421 11593 3851 379 5037 1179 261 2084
is_linear=0
shrinkage=0.05


Tree=11
num_leaves=63
num_cat=0
split_feature=10 10 10 10 10 10 10 2 2 2 2 2 10 2 0 2 0 2 0 2 8 2 2 10 13 3 2 9 9 10 9 10 10 2 0 0 10 13 10 3 13 10 13 3 13 3 0 3 7 3 2 0 3 3 7 9 5 3 0 0 3 3
split_gain=2.89754e+11 3.71806e+10 1.98874e+10 7.38336e+09 7.10672e+09 5.38331e+09 4.63283e+09 3.7595e+09 2.05656e+09 2.04451e+09 1.75966e+09 1.72041e+09 1.45447e+09 1.40976e+09 1.29517e+09 1.18132e+09 1.53788e+09 1.02477e+09 1.29768e+09 8.24245e+08 1.16046e+09 7.68565e+08 7.0235e+08 6.53169e+08 6.39807e+08 6.02038e+08 6.18931e+08 5.89044e+08 5.79194e+08 5.50701e+08 5.42107e+08 5.17624e+08 5.04135e+08 4.06753e+08 4.29414e+08 3.78099e+08 3.67217e+08 3.63527e+08 3.5685e+08 8.16001e+08 3.44762e+08 3.36076e+08 3.27056e+08 5.9612e+08 3.08313e+08 2.87779e+08 2.87038e+08 3.71007e+08 2.79604e+08 2.62343e+08 2.40456e+08 2.38413e+08 2.35065e+08 2.33594e+08 2.10802e+08 2.10186e+08 2.09429e+08 2.25246e+08 1.95289e+08 1.8941e+08 1.76764e+08 8.1416e+08
threshold=6490.0200000000013 3949.7250000000004 11999.985000000002 3011.1700000000005 8500.3950000000023 14498.490000000002 5000.1950000000006 5.5000000000000009 5.5000000000000009 5.5000000000000009 5.5000000000000009 5.5000000000000009 2499.9050000000002 1.0000000180025095e-35 30.500000000000004 1.0000000180025095e-35 27.500000000000004 1.0000000180025095e-35 21.500000000000004 2.5000000000000004 2.5000000000000004 5.5000000000000009 5.5000000000000009 3400.3650000000002 1350.6003130387064 90.500000000000014 4.5000000000000009 2.5000000000000004 2.5000000000000004 4489.3500000000013 1.0000000180025095e-35 10000.005000000003 7500.5650000000014 1.0000000180025095e-35 32.500000000000007 69.500000000000014 5507.0300000000016 1311.2802000299469 12000.005000000003 285.50000000000006 2952.9953579360567 1999.4250000000004 3422.1483359915333 88.500000000000014 3422.1483359915333 276.50000000000006 75.500000000000014 275.50000000000006 1.0000000180025095e-35 190.50000000000003 5.5000000000000009 81.500000000000014 282.50000000000006 98.500000000000014 1.0000000180025095e-35 1.5000000000000002 2022.5000000000002 239.50000000000003 10.500000000000002 33.500000000000007 112.50000000000001 126.50000000000001
decision_type=2 2 2 2 2 2 2 2 2 2 2 2 2 2 2 2 2 2 2 2 2 2 2 2 2 2 2 2 2 2 2 2 2 2 2 2 2 2 2 2 2 2 2 2 2 2 2 2 2 2 2 2 2 2 2 2 2 2 2 2 2 2
left_child=1 3 4 12 8 9 13 31 17 38 19 15 41 14 -3 16 -8 18 -2 20 44 23 29 -5 -16 -21 -27 49 56 -15 52 42 54 34 -25 -22 -17 -18 -4 45 -20 -1 48 -44 -7 -40 -32 -48 -6 53 -14 -30 -12 -11 -19 -10 57 -9 -38 -13 -29 -62
right_child=2 6 5 21 7 10 11 28 55 27 30 59 50 22 24 36 37 32 40 25 35 -23 -24 33 -26 26 -28 60 51 -31 46 -33 -34 -35 -36 -37 58 -39 39 -41 -42 -43 43 -45 -46 -47 47 -49 -50 -51 -52 -53 -54 -55 -56 -57 -58 -59 -60 -61 61 -63
leaf_value=-77.967890743279398 25.585860991202413 -14.232875811562 200.60460578667781 -36.809417571263673 145.42081160670179 259.62699166434157 12.054887897158524 24.594318954561963 38.469790876809682 122.04644732839922 213.84296105957034 12.20385608973983 -50.984143785868781 -10.826937651747556 28.5337242395685 25.857912319996235 69.688991872394169 74.114445968735168 162.38784191332365 431.90141427734375 287.58365043703191 -49.455858639694441 -28.243878272622922 -31.98190388735631 87.574013776075077 381.81974076843267 254.46671374250141 41.573880364371512 35.433925057695781 8.0595039269084747 88.600864048004155 177.92928837083451 102.21348519866189 -26.051450423147834 8.3348291474516625 430.52535921511446 75.24750397890746 137.73120869443065 243.08363583100146 108.25638545242782 286.72359114170075 -65.427908993435651 408.11143480705499 164.8124615725533 116.55611000727681 331.35900178069005 327.85735542297363 76.251639123139554 106.38767533228948 71.274019409860884 -64.313430180825122 86.998533944529512 402.12677016749535 203.72213111046713 16.889654188268327 -3.758194564339985 111.43736861961943 124.28264224442569 42.105917633966556 -20.966700802833799 263.04887064302892 61.687935149859541
leaf_weight=7501 188 1060 4201 15275 10777 62 501 161 611 135 44 665 25205 9382 1025 4636 273 3682 588 249 120 5454 3349 1010 832 244 174 163 722 6556 115 1333 2084 15096 1904 91 494 731 350 96 63 18935 32 121 102 142 35 26 493 69 3928 326 32 286 169 568 1047 87 4543 1216 64 225
leaf_count=7501 188 1060 4201 15275 10777 62 501 161 611 135 44 665 25205 9382 1025 4636 273 3682 588 249 120 5454 3349 1010 832 244 174 163 722 6556 115 1333 2084 15096 1904 91 494 731 350 96 63 18935 32 121 102 142 35 26 493 69 3928 326 32 286 169 568 1047 87 4543 1216 64 225
internal_value=0.0190563 -32.435 139.827 -48.8128 117.373 213.481 11.3663 137.524 79.1033 192.614 305.678 34.9967 -60.494 -2.5326 29.8573 42.4408 83.6425 89.7096 141.467 334.44 273.318 -32.0557 -7.4326 -29.2031 55.0187 368.343 329.541 125.041 79.2555 -3.0581 185.899 148.219 82.3703 -22.7502 -5.64523 350.972 36.0223 119.317 205.876 243.137 174.842 -68.9888 144.737 218.018 171.89 269.182 136.381 223.575 143.723 163.046 -52.7835 51.5417 297.313 177.883 71.6082 18.1399 101.626 59.9243 45.3705 -9.23948 83.5713 107.033
internal_weight=159648 129571 30077 94308 23052 7025 35263 15099 7953 5731 1294 13059 55569 22204 2917 11178 1505 6774 839 1042 375 38739 19287 33285 1857 667 418 942 2343 15938 252 12756 5935 18010 2914 211 9673 1004 4789 588 651 26436 11423 153 164 492 176 61 11270 490 29133 1048 76 421 3851 1179 1295 248 5037 1881 452 289
internal_count=159648 129571 30077 94308 23052 7025 35263 15099 7953 5731 1294 13059 55569 22204 2917 11178 1505 6774 839 1042 375 38739 19287 33285 1857 667 418 942 2343 15938 252 12756 5935 18010 2914 211 9673 1004 4789 588 651 26436 11423 153 164 492 176 61 11270 490 29133 1048 76 421 3851 1179 1295 248 5037 1881 452 289
is_linear=0
shrinkage=0.05


Tree=12
num_leaves=63
num_cat=0
split_feature=10 10 10 10 10 10 10 2 2 2 2 2 10 2 0 2 0 2 0 10 2 8 5 2 2 0 10 4 4 9 9 9 10 2 13 10 0 7 2 15 0 10 10 13 2 15 7 13 7 0 4 10 4 0 2 15 13 4 0 2 2 4
split_gain=2.6154e+11 3.36056e+10 1.79604e+10 7.41558e+09 6.44629e+09 4.8686e+09 3.505e+09 3.25737e+09 1.96377e+09 1.84366e+09 1.58541e+09 1.45551e+09 1.31551e+09 1.26815e+09 1.18764e+09 1.00837e+09 1.30327e+09 9.46632e+08 1.28037e+09 8.02499e+08 7.42716e+08 1.04798e+09 6.4921e+08 6.41152e+08 6.1497e+08 6.64025e+08 5.77315e+08 5.43444e+08 5.63752e+08 5.31608e+08 5.2971e+08 4.90934e+08 4.89264e+08 4.57758e+08 4.4989e+08 4.41762e+08 4.04063e+08 3.74673e+08 3.63225e+08 3.51049e+08 3.42787e+08 3.24232e+08 3.22984e+08 3.22764e+08 3.19628e+08 3.12429e+08 2.89072e+08 2.78873e+08 2.67887e+08 2.60231e+08 3.35707e+08 2.60028e+08 2.367e+08 2.34968e+08 2.3385e+08 3.17088e+08 2.29705e+08 2.13071e+08 2.12547e+08 2.08636e+08 2.04031e+08 2.03326e+08
threshold=6490.0200000000013 4000.4950000000003 11999.985000000002 3011.1700000000005 8700.510000000002 14498.490000000002 5005.9100000000008 5.5000000000000009 5.5000000000000009 5.5000000000000009 5.5000000000000009 5.5000000000000009 2502.7800000000002 1.0000000180025095e-35 36.500000000000007 1.0000000180025095e-35 27.500000000000004 1.0000000180025095e-35 20.500000000000004 3500.1350000000007 2.5000000000000004 2.5000000000000004 2022.5000000000002 5.5000000000000009 1.0000000180025095e-35 23.500000000000004 7500.5650000000014 3.5000000000000004 7.5000000000000009 2.5000000000000004 2.5000000000000004 1.0000000180025095e-35 9999.9950000000008 1.0000000180025095e-35 1015.0854406688892 4489.3500000000013 27.500000000000004 1.0000000180025095e-35 5.5000000000000009 2794.1647277555421 70.500000000000014 1999.7550000000003 12000.005000000003 1311.2802000299469 5.5000000000000009 3055.8605597821247 1.0000000180025095e-35 3422.1483359915333 1.0000000180025095e-35 75.500000000000014 9.5000000000000018 5800.8400000000011 6.5000000000000009 29.500000000000004 1.0000000180025095e-35 3369.8929387825142 690.64207978401464 9.5000000000000018 81.500000000000014 5.5000000000000009 1.5000000000000002 2.5000000000000004
decision_type=2 2 2 2 2 2 2 2 2 2 2 2 2 2 2 2 2 2 2 2 2 2 2 2 2 2 2 2 2 2 2 2 2 2 2 2 2 2 2 2 2 2 2 2 2 2 2 2 2 2 2 2 2 2 2 2 2 2 2 2 2 2
left_child=1 3 4 12 8 9 13 22 17 42 20 15 41 14 -3 16 -8 18 -2 38 21 47 24 35 25 -6 -19 -22 -29 52 45 57 61 36 -16 -15 -21 -26 54 -20 -23 -1 -4 -18 -35 -9 -28 -7 60 -33 -51 -17 -11 -10 55 -5 -38 -12 -32 -14 -44 -24
right_child=2 6 5 19 7 10 11 30 53 29 31 -13 59 23 34 51 43 26 39 33 27 40 32 -25 37 -27 46 28 -30 -31 58 49 -34 44 -36 -37 56 -39 -40 -41 -42 -43 48 -45 -46 -47 -48 -49 -50 50 -52 -53 -54 -55 -56 -57 -58 -59 -60 -61 -62 -63
leaf_value=-73.232487652278138 21.753171962232955 -5.5241017518320676 190.57676473314001 -25.332502685055051 98.696848865085187 246.85169678521538 13.238206604435332 103.83274021908819 51.965109095170988 169.02733078527226 203.3884134318034 -7.3408298326862429 -48.124218425796762 -8.3796271625844252 28.947488186427076 29.035217537413679 66.374730810196809 68.028962560351928 149.93459425568787 -33.35665054813871 410.39272406738286 275.47070158020023 137.3883300317344 -24.97474184194914 162.24605823735311 290.18440935478833 102.58848951237772 189.8423097247842 341.67617542953269 79.433120389032055 34.481275724879453 84.209010856891496 139.73327530675081 -21.81096411567756 85.080437916618948 8.8721426722767784 -7.6187140333509635 58.530280307201622 -51.699648561180119 244.40432700428539 412.36050010074268 -61.532865779403721 181.30421624571088 134.13677297950852 -40.434832150843306 -22.186494833139278 19.130223188023336 110.78488507428216 100.83966660785676 311.91984402126741 72.580261383056651 46.722153747320107 67.761228868212015 5.4083533481096815 -35.866470356264301 38.791001765413981 27.895588117594333 382.62971354166666 83.89035188761693 -60.826035434821556 257.3068405038527 81.383335200257747
leaf_weight=8691 195 1124 4201 3268 62 62 461 1173 390 421 44 1746 24239 7411 598 5419 242 3851 578 741 249 124 235 3031 1815 182 2389 80 338 452 709 115 9350 13463 890 7430 896 93 3126 122 87 18889 127 674 2781 51 109 102 39 35 26 3380 69 884 16193 204 924 32 315 3750 422 549
leaf_count=8691 195 1124 4201 3268 62 62 461 1173 390 421 44 1746 24239 7411 598 5419 242 3851 578 741 249 124 235 3031 1815 182 2389 80 338 452 709 115 9350 13463 890 7430 896 93 3126 122 87 18889 127 674 2781 51 109 102 39 35 26 3380 69 884 16193 204 924 32 315 3750 422 549
internal_value=0.0203071 -30.8132 132.847 -45.5186 111.509 202.842 13.2789 131.753 76.9551 182.997 290.52 34.832 -57.4695 0.733575 33.2689 42.068 81.8487 87.0222 135.198 -29.5521 317.821 259.798 141.881 -4.02307 166.959 242.129 80.2108 350.005 313.14 118.829 76.3615 176.823 136.54 -21.9044 62.5562 0.257316 -2.25652 157.224 -35.8611 166.724 333.592 -65.2222 195.592 116.326 -25.0017 98.5681 98.9559 163.409 231.038 129.701 212.722 35.8339 154.934 19.69 -33.3409 -21.5548 10.417 282.848 49.7474 -49.8281 240.087 98.3242
internal_weight=159648 129571 30077 97165 23052 7025 32406 14534 8518 5731 1294 11922 55569 20484 2612 10176 1377 7244 895 41596 1042 375 12286 17872 2152 244 6349 667 418 942 2248 252 10134 18805 1488 14841 2561 1908 22791 700 211 27580 4789 916 16244 1224 2498 164 588 176 61 8799 490 1274 19665 3472 1820 76 1024 27989 549 784
internal_count=159648 129571 30077 97165 23052 7025 32406 14534 8518 5731 1294 11922 55569 20484 2612 10176 1377 7244 895 41596 1042 375 12286 17872 2152 244 6349 667 418 942 2248 252 10134 18805 1488 14841 2561 1908 22791 700 211 27580 4789 916 16244 1224 2498 164 588 176 61 8799 490 1274 19665 3472 1820 76 1024 27989 549 784
is_linear=0
shrinkage=0.05


Tree=13
num_leaves=63
num_cat=0
split_feature=10 10 10 10 10 10 10 2 2 2 2 2 10 2 0 2 0 2 0 10 3 3 5 2 2 0 2 13 9 9 10 9 10 12 13 2 2 3 12 7 10 15 7 13 10 3 13 10 15 7 12 9 12 3 0 0 3 3 3 13 2 12
split_gain=2.36122e+11 3.14361e+10 1.55823e+10 6.9741e+09 5.18895e+09 4.40326e+09 3.13915e+09 2.93973e+09 1.66348e+09 1.64029e+09 1.42834e+09 1.4231e+09 1.25197e+09 1.08645e+09 1.04814e+09 9.27766e+08 1.2505e+09 8.27375e+08 1.09348e+09 7.42449e+08 6.78988e+08 1.37814e+09 5.86421e+08 5.56196e+08 5.5604e+08 5.99274e+08 5.33204e+08 4.9759e+08 4.79982e+08 4.78013e+08 4.54065e+08 4.44591e+08 4.4126e+08 3.91137e+08 3.87666e+08 3.59765e+08 3.57671e+08 3.5306e+08 3.49646e+08 3.37954e+08 3.37659e+08 3.28747e+08 3.04393e+08 3.94031e+08 3.67001e+08 3.95052e+08 2.89089e+08 2.8639e+08 2.82089e+08 2.60843e+08 2.51012e+08 2.71639e+08 2.4297e+08 2.61251e+08 2.30178e+08 2.28676e+08 2.21879e+08 2.13487e+08 2.11681e+08 2.08058e+08 2.01434e+08 1.97845e+08
threshold=6500.4850000000006 4014.9650000000006 11999.985000000002 3041.9700000000007 8700.510000000002 14498.490000000002 5005.9100000000008 5.5000000000000009 5.5000000000000009 5.5000000000000009 5.5000000000000009 5.5000000000000009 2502.7800000000002 1.0000000180025095e-35 36.500000000000007 1.0000000180025095e-35 27.500000000000004 1.0000000180025095e-35 19.500000000000004 3540.6000000000008 86.500000000000014 238.50000000000003 2022.5000000000002 5.5000000000000009 1.0000000180025095e-35 23.500000000000004 4.5000000000000009 2882.6451101576818 2.5000000000000004 2.5000000000000004 7500.5650000000014 1.0000000180025095e-35 9999.9950000000008 8808.0057142857167 1764.7013683292205 5.5000000000000009 5.5000000000000009 80.500000000000014 2124.3878571428577 1.0000000180025095e-35 4619.9050000000007 2794.1647277555421 1.0000000180025095e-35 935.74944120153293 12000.005000000003 86.500000000000014 1311.2802000299469 5800.8400000000011 3055.8605597821247 1.0000000180025095e-35 7435.7485714285713 2.5000000000000004 10592.202142857144 84.500000000000014 29.500000000000004 30.500000000000004 60.500000000000007 190.50000000000003 98.500000000000014 1.0000000180025095e-35 5.5000000000000009 13619.525
decision_type=2 2 2 2 2 2 2 2 2 2 2 2 2 2 2 2 2 2 2 2 2 2 2 2 2 2 2 2 2 2 2 2 2 2 2 2 2 2 2 2 2 2 2 2 2 2 2 2 2 2 2 2 2 2 2 2 2 2 2 2 2 2
left_child=1 3 4 12 9 8 13 22 42 17 20 15 38 14 -3 16 -8 18 -2 35 37 26 24 40 25 -6 -22 -23 57 48 61 -12 56 36 -16 50 -21 55 -1 -26 -15 -20 44 -44 -4 -46 -18 -17 -9 -32 -5 -52 -33 -54 -11 -7 -24 58 -10 -31 -14 -19
right_child=2 6 5 19 7 10 11 29 28 54 31 -13 60 23 34 47 46 30 41 33 21 27 32 -25 39 -27 -28 -29 -30 59 49 52 -34 -35 -36 -37 -38 -39 -40 -41 -42 -43 43 -45 45 -47 -48 -49 -50 -51 51 -53 53 -55 -56 -57 -58 -59 -60 -61 -62 -63
leaf_value=-70.286089746099464 19.826115731303972 -4.7462306895977253 183.67368096955312 -31.070466383321879 93.840337145063614 358.04046789781108 12.133293930371934 98.645525425487605 107.59977145840142 54.460206421542381 269.08574082411729 -6.8330847471448708 -45.444015038633985 -4.5178325413559763 39.098400689166226 27.583724535318154 64.094932580071742 64.8152410068259 142.98296734023879 -17.112798949228981 207.97764547158746 236.54457335309286 132.50572077301027 -22.960219144391161 154.13822267510818 275.75447456443243 15.718390766218597 342.71576968559179 75.470232273045497 92.102007983515534 97.461211408626596 -23.647946141052245 132.74735712404507 56.113621462765856 92.618304621353616 -48.084077972256779 -37.688532684661403 416.70889503787703 -58.136481016743517 55.634899718913623 11.739757221266611 235.16985585988547 184.1789285849477 68.871236631999636 304.71263419932887 203.2069271423486 127.53801014088104 45.49357811479743 -21.098503764225889 18.182408456975764 -23.624583227289843 90.155518846511839 16.39050073981285 179.5026513257574 6.1612374016527944 191.0598582385835 75.018218142319085 64.421568301337103 185.14959642204258 35.875833284648017 -57.643925119640883 201.29432874326352
leaf_weight=8677 176 1069 3931 20902 62 52 477 1173 135 350 76 1839 25202 9078 833 5419 245 3400 545 14448 130 163 249 2869 1815 182 50 434 452 206 2389 24 9350 169 572 3385 2474 172 18903 93 4926 121 181 128 132 417 708 3805 51 109 127 88 31 121 831 41 535 69 286 818 3927 26
leaf_count=8677 176 1069 3931 20902 62 52 477 1173 135 350 76 1839 25202 9078 833 5419 245 3400 545 14448 130 163 249 2869 1815 182 50 434 452 206 2389 24 9350 169 572 3385 2474 172 18903 93 4926 121 181 128 132 417 708 3805 51 109 127 88 31 121 831 41 535 69 286 818 3927 26
internal_value=0.0211373 -28.9327 127.724 -42.9182 107.404 192.729 14.2458 125.169 173.857 74.9011 276.112 33.7819 -54.3239 1.62954 32.5656 40.7925 78.261 84.3908 130.805 -27.3665 302.026 277.534 134.791 -2.90811 158.625 230.102 154.954 314.172 112.905 72.5479 77.7728 168.191 129.715 -19.3659 60.9377 -32.9461 -20.123 372.524 -61.9613 149.369 1.20131 160.059 185.82 136.79 189.17 228.122 111.312 34.9759 93.643 94.0106 -30.5174 23.1476 123.348 146.561 20.509 287.241 93.4219 147.212 160.596 47.2658 -47.0907 65.9094
internal_weight=159648 130142 29506 98302 22481 7025 31840 14534 5731 7947 1294 12493 56709 19347 2474 10654 1430 6766 842 41593 1042 777 12286 16873 2152 244 180 597 942 2248 5924 252 10134 17091 1405 24502 16922 265 27580 1908 14004 666 4789 309 4480 549 953 9224 1224 2498 21117 215 176 152 1181 93 784 490 421 1024 29129 3426
internal_count=159648 130142 29506 98302 22481 7025 31840 14534 5731 7947 1294 12493 56709 19347 2474 10654 1430 6766 842 41593 1042 777 12286 16873 2152 244 180 597 942 2248 5924 252 10134 17091 1405 24502 16922 265 27580 1908 14004 666 4789 309 4480 549 953 9224 1224 2498 21117 215 176 152 1181 93 784 490 421 1024 29129 3426
is_linear=0
shrinkage=0.05


Tree=14
num_leaves=63
num_cat=0
split_feature=10 10 10 10 10 10 10 2 2 2 0 2 2 2 2 0 10 2 8 2 0 10 2 13 10 15 10 10 2 4 2 0 14 2 2 15 4 10 0 0 0 7 4 13 10 7 0 0 13 2 10 13 0 13 0 2 5 0 5 15 12 2
split_gain=2.13181e+11 2.49248e+10 1.63551e+10 6.88737e+09 4.28996e+09 4.14537e+09 4.01165e+09 2.96932e+09 1.69784e+09 1.29999e+09 1.35543e+09 1.28901e+09 1.28459e+09 9.37796e+08 8.30489e+08 7.58299e+08 7.40691e+08 6.52825e+08 9.22883e+08 5.92302e+08 8.41102e+08 5.04754e+08 4.94159e+08 4.92727e+08 4.89476e+08 4.85964e+08 4.60561e+08 4.51283e+08 4.49987e+08 4.43904e+08 5.20521e+08 3.93223e+08 3.90794e+08 3.74916e+08 3.45869e+08 3.19546e+08 3.85923e+08 3.19099e+08 3.15872e+08 3.21745e+08 3.08857e+08 2.91781e+08 4.13635e+08 3.79365e+08 3.51196e+08 2.89944e+08 2.70727e+08 2.23115e+08 2.18134e+08 2.17427e+08 2.14843e+08 2.09238e+08 2.08109e+08 2.03921e+08 2.75798e+08 1.98689e+08 1.97052e+08 1.92044e+08 1.89269e+08 1.88547e+08 1.85396e+08 1.80756e+08
threshold=6029.6250000000009 3650.5150000000008 11126.180000000002 7999.3850000000011 4619.9050000000007 14498.490000000002 2720.7050000000004 5.5000000000000009 5.5000000000000009 1.0000000180025095e-35 37.500000000000007 5.5000000000000009 5.5000000000000009 5.5000000000000009 1.0000000180025095e-35 26.500000000000004 3231.8000000000006 2.5000000000000004 2.5000000000000004 1.0000000180025095e-35 27.500000000000004 2165.105 5.5000000000000009 2005.1732400694489 5343.1400000000003 4367.0318496902373 9999.9950000000008 9000.0450000000019 1.0000000180025095e-35 3.5000000000000004 4.5000000000000009 60.500000000000007 7371.7436666666672 1.0000000180025095e-35 1.0000000180025095e-35 3369.8929387825142 4.5000000000000009 4140.9450000000006 23.500000000000004 75.500000000000014 70.500000000000014 1.0000000180025095e-35 3.5000000000000004 3026.3383415523681 12000.005000000003 1.0000000180025095e-35 26.500000000000004 31.500000000000004 1495.1751119153453 5.5000000000000009 7400.5350000000008 756.00537523032062 80.500000000000014 128.29388978701692 26.500000000000004 5.5000000000000009 2021.5000000000002 35.500000000000007 2022.5000000000002 2767.7207595584318 2483.8621428571432 1.5000000000000002
decision_type=2 2 2 2 2 2 2 2 2 2 2 2 2 2 2 2 2 2 2 2 2 2 2 2 2 2 2 2 2 2 2 2 2 2 2 2 2 2 2 2 2 2 2 2 2 2 2 2 2 2 2 2 2 2 2 2 2 2 2 2 2 2
left_child=1 6 3 12 14 8 21 25 41 10 -6 17 19 24 15 -3 49 18 32 20 -2 60 37 -17 -11 27 46 28 -5 -19 -31 -10 -7 35 -27 57 -37 -16 -13 -40 -20 44 -43 -44 -4 50 -9 -15 -12 -8 -21 52 -33 -28 -55 -35 -26 -18 -29 -22 -1 -46
right_child=2 4 5 7 9 11 16 26 31 13 48 38 -14 47 22 23 33 29 40 45 59 -23 -24 -25 56 34 53 58 -30 30 -32 51 -34 55 -36 36 -38 -39 39 -41 -42 42 43 -45 61 -47 -48 -49 -50 -51 -52 -53 -54 54 -56 -57 -58 -59 -60 -61 -62 -63
leaf_value=-66.639834142015076 26.072075811966609 -23.603062538326061 173.53006286234543 155.01735003476983 13.758676149910409 16.359545341159986 -38.126098324040861 84.318375442571821 140.74384414485317 13.890154667791826 62.650296592615838 270.89258596567009 10.075143317966607 10.355477633924005 -15.935923615360355 15.753808650362386 -32.43338778127066 371.72425220458985 247.10195044189456 58.236309303363271 126.83631329633107 -51.858773144842864 -30.671664556446338 70.147246407992711 15.124853874717326 315.2269659111717 102.20014919807394 143.84135869635608 92.382070284919976 331.60799443583585 215.26950114833289 62.698730159558743 189.52571305211387 -27.658555939688974 162.52395386082787 151.05458947284407 -0.88983146796792245 -2.3133073805380628 74.768150020632248 203.30061561233697 376.36285426746718 -56.813582404000421 165.86746733765105 -8.9175394142998581 161.67375182459133 10.56941698030834 11.730818680025823 -21.205688760528233 110.06167167041973 -51.42719003668342 81.949466012359736 60.834836061121351 195.36912414550784 108.17181608428956 53.032940117688057 -41.984599119902107 38.737907731940481 -5.1473812761707576 123.80771795746867 207.74899920688586 -52.070162671922027 232.91978162337136
leaf_weight=11113 229 1000 4236 339 912 45 22675 170 416 7040 357 51 1193 835 10958 1789 1009 249 124 4460 475 25151 3691 542 1114 43 586 1389 1943 244 174 56 119 14637 307 64 117 7074 115 86 87 27 267 35 127 273 518 1696 792 3565 1226 454 65 299 953 2905 4303 1785 9888 88 2746 422
leaf_count=11113 229 1000 4236 339 912 45 22675 170 416 7040 357 51 1193 835 10958 1789 1009 249 124 4460 475 25151 3691 542 1114 43 586 1389 1943 244 174 56 119 14637 307 64 117 7074 115 86 87 27 267 35 127 273 518 1696 792 3565 1226 454 65 299 953 2905 4303 1785 9888 88 2746 422
internal_value=0.021863 -28.7815 115.92 96.1514 2.72534 181.033 -44.2481 114.629 163.748 22.0723 59.2965 262.392 57.9144 16.95 -10.4405 12.8039 -34.3695 287.009 232.722 66.3656 107.012 -56.0874 -14.0052 28.4259 22.5873 123.688 64.7183 122.166 101.751 317.137 283.809 103.668 142.398 -27.2498 182.129 -10.8325 53.3711 -10.5922 159.868 130.496 301.923 175.368 128.911 145.648 178.535 60.9463 29.7631 -10.7934 95.398 -39.9351 63.3628 76.6459 134.985 77.7795 66.2769 -30.0332 33.8856 -15.0093 126.288 139.829 -63.757 216.762
internal_weight=159648 127870 31778 24379 42103 7399 85767 16435 6105 17049 2061 1294 7944 14988 25054 3331 46757 1042 375 6751 792 39010 21723 2331 12457 13909 2526 13559 2282 667 418 991 164 20517 350 2975 181 18032 252 201 211 5114 329 302 4785 5959 688 2531 1149 26240 5686 575 121 1838 1252 17542 5417 2794 11277 563 13859 549
internal_count=159648 127870 31778 24379 42103 7399 85767 16435 6105 17049 2061 1294 7944 14988 25054 3331 46757 1042 375 6751 792 39010 21723 2331 12457 13909 2526 13559 2282 667 418 991 164 20517 350 2975 181 18032 252 201 211 5114 329 302 4785 5959 688 2531 1149 26240 5686 575 121 1838 1252 17542 5417 2794 11277 563 13859 549
is_linear=0
shrinkage=0.05


Tree=15
num_leaves=63
num_cat=0
split_feature=10 10 10 10 10 2 10 10 2 2 2 12 2 0 2 10 2 0 12 0 2 3 5 2 0 3 15 2 2 0 10 13 9 10 9 11 12 15 10 0 10 9 3 10 10 3 3 0 3 13 0 12 3 10 2 3 3 3 3 2 3 3
split_gain=1.92521e+11 2.84201e+10 1.11428e+10 5.6996e+09 3.59361e+09 3.37982e+09 3.119e+09 2.31895e+09 1.411e+09 1.34927e+09 1.16283e+09 1.0071e+09 8.90255e+08 8.70859e+08 7.47848e+08 6.91047e+08 6.90318e+08 1.21747e+09 6.56286e+08 6.52253e+08 5.88516e+08 8.39988e+08 4.86634e+08 4.87369e+08 5.32375e+08 4.56906e+08 5.34254e+08 4.48432e+08 4.46493e+08 4.68665e+08 4.25656e+08 4.16213e+08 4.03122e+08 3.9187e+08 3.66114e+08 3.62286e+08 3.51607e+08 3.46869e+08 3.46583e+08 3.45899e+08 3.35633e+08 3.01137e+08 2.93156e+08 2.77891e+08 2.40778e+08 7.12607e+08 2.78853e+08 2.39695e+08 2.37311e+08 2.2755e+08 2.13919e+08 2.1353e+08 2.32781e+08 2.13013e+08 2.02472e+08 2.0239e+08 1.97685e+08 1.86909e+08 7.35136e+08 1.77659e+08 1.77374e+08 6.16655e+08
threshold=6998.2500000000009 4014.9650000000006 11999.985000000002 3011.1700000000005 14498.490000000002 5.5000000000000009 5005.9100000000008 8700.510000000002 5.5000000000000009 5.5000000000000009 5.5000000000000009 2483.8621428571432 1.0000000180025095e-35 29.500000000000004 1.0000000180025095e-35 9999.9950000000008 1.0000000180025095e-35 27.500000000000004 3936.9035714285719 22.500000000000004 2.5000000000000004 264.50000000000006 2022.5000000000002 1.0000000180025095e-35 23.500000000000004 288.50000000000006 4879.1867463358958 5.5000000000000009 1.0000000180025095e-35 33.500000000000007 6000.1450000000013 1107.636033915825 1.5000000000000002 9999.9950000000008 1.0000000180025095e-35 6750.2150000000011 8808.0057142857167 3149.8965387637249 1999.8950000000002 27.500000000000004 3500.6050000000005 2.5000000000000004 90.500000000000014 4489.3500000000013 12000.005000000003 285.50000000000006 273.50000000000006 73.500000000000014 90.500000000000014 1285.5018498176939 81.500000000000014 10592.202142857144 84.500000000000014 7500.5650000000014 1.0000000180025095e-35 108.50000000000001 282.50000000000006 112.50000000000001 126.50000000000001 5.5000000000000009 128.50000000000003 150.50000000000003
decision_type=2 2 2 2 2 2 2 2 2 2 2 2 2 2 2 2 2 2 2 2 2 2 2 2 2 2 2 2 2 2 2 2 2 2 2 2 2 2 2 2 2 2 2 2 2 2 2 2 2 2 2 2 2 2 2 2 2 2 2 2 2 2
left_child=1 3 5 11 9 7 12 14 16 44 20 38 13 -3 19 39 17 -8 40 -2 21 35 23 24 -9 48 -27 43 29 -20 -18 -15 -11 55 56 -6 -31 -21 -1 -7 -5 -17 -25 -14 60 46 -46 -23 -22 -19 -43 -36 -53 -16 -13 -24 -12 -34 -59 -30 -4 -62
right_child=2 6 4 18 10 15 8 22 -10 32 34 54 27 31 53 41 30 49 28 37 25 47 33 42 -26 26 -28 -29 59 36 -32 -33 57 -35 51 -37 -38 -39 -40 -41 -42 50 -44 -45 45 -47 -48 -49 -50 -51 -52 52 -54 -55 -56 -57 -58 58 -60 -61 61 -63
leaf_value=-65.990759973894669 37.845238302882933 -10.21770962232306 170.98588697853393 -32.656982097914224 -30.77644338673559 69.408234584061745 8.8867997928071158 81.98892859988743 -5.4110482958983459 138.66399500715164 168.32277693684898 -35.680595951245657 -6.4179662446697634 24.118845614309606 63.187307852975074 90.965362222730647 26.606706066714182 60.528476764037066 -31.181133209897865 139.99908541617404 353.21238697631838 240.08818457451423 112.24856365645321 180.68206914282962 253.27349817854463 341.92164244515556 10.402398691813151 -20.625534794568807 -17.647506240529339 8.4262462609531621 47.474762362339035 75.475275501571716 33.410926340396593 119.90625695953241 -26.358782367515563 166.64532925746241 94.054876825527884 260.09896163295696 -52.986204731340891 9.7567999133646683 -21.962148178055006 33.707780869996469 126.11093635872372 7.6941869822938589 196.4141845945575 72.777998725851788 280.80119975194242 354.61099988087119 285.14926154863514 115.04441652614537 87.597878824940437 10.368348761498929 164.15410198516534 84.801141457047862 -45.51023823890921 60.635243889738575 338.71649184718279 211.2324185904277 47.118334867281789 -38.342243406460447 17.830090885605923 156.91801854012715
leaf_weight=7461 150 886 2772 19906 28 326 540 62 2107 419 44 6665 6574 738 2136 1031 6643 259 804 476 249 137 336 298 182 20 29 2869 6896 2146 3871 850 194 9350 24 128 126 70 16544 948 11634 587 1610 7430 342 96 150 82 369 777 269 31 121 2498 24899 448 32 96 233 1221 85 1344
leaf_count=7461 150 886 2772 19906 28 326 540 62 2107 419 44 6665 6574 738 2136 1031 6643 259 804 476 249 137 336 298 182 20 29 2869 6896 2146 3871 850 194 9350 24 128 126 70 16544 948 11634 587 1610 7430 342 96 150 82 369 777 269 31 121 2498 24899 448 32 96 233 1221 85 1344
internal_value=0.0224418 -25.1912 119.59 -38.7516 174.033 101.175 14.548 109.718 32.3454 156.984 249.361 -49.3095 1.48709 29.491 82.1442 53.5432 38.9254 69.7842 -25.0214 130.504 272.742 221.196 121.673 143.383 210.263 301.348 149.849 -2.62048 -14.618 1.60393 34.2936 51.6383 102.088 117.049 151.983 131.24 13.2143 155.844 -57.0307 25.0633 -28.7129 72.7478 134.724 1.06943 167.758 198.354 222.659 284.386 313.099 101.487 50.7253 111.297 133.063 74.8542 -43.4358 82.8701 243.535 72.5771 95.5007 -20.7649 163.43 148.663
internal_weight=159648 131846 27802 98302 7025 20777 33544 17616 14197 5731 1294 55569 19347 2474 5330 3161 12090 1576 42733 696 1042 375 12286 2152 244 667 49 16873 11193 3076 10514 1588 942 10134 252 156 2272 546 24005 1274 31540 1887 1908 14004 4789 588 492 219 618 1036 856 176 152 4634 31564 784 76 523 329 8117 4201 1429
internal_count=159648 131846 27802 98302 7025 20777 33544 17616 14197 5731 1294 55569 19347 2474 5330 3161 12090 1576 42733 696 1042 375 12286 2152 244 667 49 16873 11193 3076 10514 1588 942 10134 252 156 2272 546 24005 1274 31540 1887 1908 14004 4789 588 492 219 618 1036 856 176 152 4634 31564 784 76 523 329 8117 4201 1429
is_linear=0
shrinkage=0.05


Tree=16
num_leaves=63
num_cat=0
split_feature=10 10 10 10 10 10 10 2 2 2 2 2 2 10 2 1 1 2 1 10 10 3 13 2 7 10 14 1 9 9 2 9 3 13 13 2 13 10 15 7 13 10 3 10 2 13 1 1 3 3 1 1 12 3 14 15 3 3 15 3 2 15
split_gain=1.73794e+11 2.31329e+10 1.14716e+10 4.95811e+09 3.8132e+09 3.24918e+09 2.49757e+09 1.92169e+09 1.41655e+09 1.21719e+09 1.12109e+09 1.04856e+09 8.02289e+08 7.6509e+08 7.60949e+08 9.47527e+08 7.58348e+08 7.35511e+08 9.97211e+08 7.06246e+08 5.70803e+08 5.22243e+08 4.60029e+08 4.50939e+08 3.94939e+08 4.09101e+08 3.88987e+08 3.81746e+08 3.64246e+08 3.63683e+08 3.60185e+08 3.31955e+08 3.18088e+08 3.14004e+08 2.8593e+08 2.75454e+08 2.70374e+08 2.68157e+08 2.55662e+08 2.48486e+08 3.26375e+08 2.71818e+08 3.59357e+08 2.37805e+08 2.19961e+08 2.1871e+08 2.13626e+08 1.96525e+08 3.14613e+08 1.79155e+08 1.7662e+08 1.76308e+08 1.763e+08 1.75836e+08 1.74816e+08 1.74271e+08 1.68861e+08 6.64303e+08 1.65161e+08 1.62228e+08 2.43513e+08 1.79422e+08
threshold=6500.4850000000006 4000.4950000000003 11999.985000000002 2947.3850000000007 9000.0450000000019 14498.490000000002 5000.1950000000006 5.5000000000000009 5.5000000000000009 5.5000000000000009 5.5000000000000009 5.5000000000000009 1.0000000180025095e-35 3400.3650000000002 1.0000000180025095e-35 4.5000000000000009 8.5000000000000018 1.0000000180025095e-35 6.5000000000000009 2330.2950000000005 17561.605000000003 84.500000000000014 3118.8938789861763 1.0000000180025095e-35 1.0000000180025095e-35 7500.5650000000014 10182.287500000002 6.5000000000000009 2.5000000000000004 1.5000000000000002 5.5000000000000009 1.0000000180025095e-35 80.500000000000014 1015.0854406688892 1325.4454792365093 5.5000000000000009 1900.4047877835158 5507.0300000000016 4172.7825912611497 1.0000000180025095e-35 935.74944120153293 12000.005000000003 86.500000000000014 4444.9650000000011 5.5000000000000009 1311.2802000299469 6.5000000000000009 18.500000000000004 275.50000000000006 282.50000000000006 7.5000000000000009 2.5000000000000004 2040.333571428572 190.50000000000003 2713.547 2983.8702851461935 112.50000000000001 126.50000000000001 2508.2622538020296 287.50000000000006 1.5000000000000002 5153.4035330993411
decision_type=2 2 2 2 2 2 2 2 2 2 2 2 2 2 2 2 2 2 2 2 2 2 2 2 2 2 2 2 2 2 2 2 2 2 2 2 2 2 2 2 2 2 2 2 2 2 2 2 2 2 2 2 2 2 2 2 2 2 2 2 2 2
left_child=1 3 4 19 8 9 12 26 14 39 17 20 16 44 15 -2 -3 18 -8 52 21 32 -17 27 25 -16 -6 -15 55 53 43 49 -7 -18 -29 -25 -23 -19 -28 41 -41 -4 -43 -14 -5 -20 -10 -33 -49 -13 -26 -39 -1 58 -21 -9 -31 -58 -11 60 -22 -61
right_child=2 6 5 13 7 11 10 28 46 29 -12 31 30 23 24 22 33 37 45 54 59 36 -24 35 50 -27 38 34 -30 56 -32 47 -34 -35 -36 -37 -38 51 -40 40 -42 42 -44 -45 -46 -47 -48 48 -50 -51 -52 -53 -54 -55 -56 -57 57 -59 -60 61 -62 -63
leaf_value=-62.835014889259028 16.995974869299186 -5.9708337848833812 157.6722327229499 -30.022596880163572 114.66496902089712 220.94710904222853 8.8434408025414779 87.741274046615388 51.008729471485054 106.76817754722225 -7.0816395459784749 160.09366323513456 -7.2811988301519195 -29.564206647493265 58.864337491189616 129.74509484215727 22.065687940012509 19.871110366311132 55.331410684465077 -46.748118812152597 243.61595338122052 35.946364487868088 265.79182785470147 -19.35670378848949 74.319256600714354 85.052157449671498 135.0950612073936 -1.6331951579342363 41.928839098967813 31.748946435854982 -20.135253236130225 66.338324972432233 409.42739533025571 69.592638528468768 38.128730876663958 -34.720158562604375 206.94600927203311 62.451972350982999 233.76323454311921 158.27818731119348 53.476294167799544 268.66124100278194 172.30845289012461 5.7663199751376304 -44.249114747000419 107.58980600587381 5.0622329580297141 273.68995150778028 43.479678864655682 322.29388220584752 -14.626194255346149 33.138791013562162 -52.414256776163747 52.16143998976677 -39.186047753226838 -2.6066778269985269 200.77968004678945 44.772486718169645 176.47891422933463 293.37241482543948 333.45969172096255 128.98191722196691
leaf_weight=6119 188 1049 3931 20239 11539 46 517 1113 345 163 1974 44 6989 922 3274 654 594 4636 276 18089 119 25 69 17067 76 2762 177 1825 973 194 2896 115 54 841 600 3521 407 574 111 181 128 132 417 6978 3144 765 942 35 26 32 202 4888 12307 61 13332 56 96 233 195 39 319 33
leaf_count=6119 188 1049 3931 20239 11539 46 517 1113 345 163 1974 44 6989 922 3274 654 594 4636 276 18089 119 25 69 17067 76 2762 177 1825 973 194 2896 115 54 841 600 3521 407 574 111 181 128 132 417 6978 3144 765 942 35 26 32 202 4888 12307 61 13332 56 96 233 195 39 319 33
internal_value=0.0230731 -24.8171 109.583 -37.0978 92.1472 165.357 11.3674 108.224 65.7532 149.146 27.7605 236.984 -0.182321 -25.5043 74.3612 117.106 26.3407 33.6613 65.6328 -48.1024 259.188 221.898 143.078 -19.2187 68.1763 70.8597 116.12 -2.19672 64.5982 97.0067 -4.09062 144.514 325.773 49.9485 8.21647 -21.9858 197.156 28.7224 173.801 159.38 115.178 162.402 195.922 -0.762631 -31.9373 93.801 17.4089 105.774 177.852 231.687 9.86903 36.2302 -55.8781 131.747 -43.5409 83.4147 68.976 90.7648 145.125 297.576 309.661 220.826
internal_weight=159648 130142 29506 97165 22481 7025 32977 13969 8512 5731 13630 1294 19347 47318 7225 911 2484 11656 1558 49847 1042 532 723 23935 6314 6036 11827 3347 2142 942 16863 252 100 1435 2425 20588 432 10098 288 4789 309 4480 549 13967 23383 1041 1287 176 61 76 278 5462 18426 419 31421 1169 523 329 358 510 438 72
internal_count=159648 130142 29506 97165 22481 7025 32977 13969 8512 5731 13630 1294 19347 47318 7225 911 2484 11656 1558 49847 1042 532 723 23935 6314 6036 11827 3347 2142 942 16863 252 100 1435 2425 20588 432 10098 288 4789 309 4480 549 13967 23383 1041 1287 176 61 76 278 5462 18426 419 31421 1169 523 329 358 510 438 72
is_linear=0
shrinkage=0.05


Tree=17
num_leaves=63
num_cat=0
split_feature=10 10 10 10 10 2 10 10 2 2 2 12 2 0 10 2 10 0 2 0 10 15 2 12 2 11 13 10 9 2 2 12 9 0 2 10 7 15 4 9 10 7 5 15 10 10 0 12 7 4 2 10 2 5 0 11 2 0 0 2 0 4
split_gain=1.5695e+11 2.31922e+10 9.07694e+09 5.16892e+09 2.93896e+09 2.74844e+09 2.07748e+09 1.88267e+09 1.09761e+09 1.08823e+09 9.44859e+08 8.89452e+08 8.02051e+08 8.38416e+08 6.31852e+08 6.15887e+08 5.72133e+08 5.32596e+08 5.1934e+08 8.53867e+08 5.1537e+08 4.24199e+08 4.21456e+08 4.09008e+08 3.8305e+08 3.74828e+08 3.61094e+08 3.48892e+08 3.28371e+08 3.21936e+08 3.04596e+08 3.02535e+08 3.00623e+08 2.90647e+08 2.75717e+08 2.70618e+08 2.69725e+08 2.6276e+08 3.73503e+08 2.429e+08 2.26289e+08 2.23972e+08 3.02022e+08 3.12683e+08 2.4585e+08 2.05895e+08 1.94637e+08 1.87364e+08 1.84023e+08 1.82809e+08 1.82594e+08 1.81298e+08 1.80507e+08 1.79787e+08 1.75027e+08 1.71504e+08 1.70532e+08 1.68889e+08 1.68117e+08 1.8089e+08 1.6477e+08 1.62362e+08
threshold=6998.2500000000009 4140.9450000000006 11999.985000000002 3041.9700000000007 14498.490000000002 5.5000000000000009 5209.4000000000005 8700.510000000002 5.5000000000000009 5.5000000000000009 5.5000000000000009 2570.0728571428576 1.0000000180025095e-35 25.500000000000004 3540.6000000000008 1.0000000180025095e-35 9999.9950000000008 22.500000000000004 1.0000000180025095e-35 28.500000000000004 17561.605000000003 4172.7825912611497 2.5000000000000004 9066.6392857142873 5.5000000000000009 12000.005000000003 1657.2877496455205 2043.1250000000002 1.5000000000000002 1.0000000180025095e-35 5.5000000000000009 12000.380714285717 1.0000000180025095e-35 27.500000000000004 1.0000000180025095e-35 6000.6650000000009 1.0000000180025095e-35 3258.0889975871173 4.5000000000000009 2.5000000000000004 4688.4050000000016 1.0000000180025095e-35 2022.5000000000002 4606.9221282247199 12000.005000000003 10339.960000000001 80.500000000000014 10592.202142857144 1.0000000180025095e-35 8.5000000000000018 5.5000000000000009 7500.5650000000014 1.0000000180025095e-35 2023.5000000000002 28.500000000000004 3992.4350000000004 1.5000000000000002 29.500000000000004 26.500000000000004 1.5000000000000002 79.500000000000014 9.5000000000000018
decision_type=2 2 2 2 2 2 2 2 2 2 2 2 2 2 2 2 2 2 2 2 2 2 2 2 2 2 2 2 2 2 2 2 2 2 2 2 2 2 2 2 2 2 2 2 2 2 2 2 2 2 2 2 2 2 2 2 2 2 2 2 2 2
left_child=1 3 5 11 8 7 12 15 41 18 20 27 13 -3 34 17 33 -2 19 -8 22 45 49 30 40 -24 -15 -1 -10 -23 -16 -19 61 -7 37 -20 51 -5 -39 -18 -14 44 43 -43 -4 48 -41 -34 -9 -6 -36 -17 57 -28 -26 -49 -46 -13 -22 -60 -21 -12
right_child=2 6 4 14 10 16 9 21 28 -11 32 52 24 26 23 36 39 31 35 60 58 29 25 -25 54 -27 53 -29 -30 -31 -32 -33 47 -35 50 -37 -38 38 -40 46 -42 42 -44 -45 56 -47 -48 55 -50 -51 -52 -53 -54 -55 -56 -57 -58 -59 59 -61 -62 -63
leaf_value=-58.438702865286956 34.374654005189605 -16.615917470812445 149.79062497900719 -17.740160615389083 101.95347331611478 63.143492958873793 13.470547806418731 108.01067684832196 125.1998680354896 -4.1157658653242732 152.26685998535157 -45.824787720549061 -1.6783445859552306 31.347849183756267 -13.001911491159376 59.163415282473196 82.244422780007355 132.01306187477479 26.365701333535931 114.13571982594817 223.51457399621478 300.29712714962847 283.14822726406521 61.864944169244097 3.6358034195881168 163.9158860330021 62.108956765347095 -46.663381100229394 65.553699530811258 147.24324356271262 -30.527163839844839 302.93276708875385 -28.232081967163083 8.4642769759661025 -27.064845577383149 44.093698228100067 10.598867651163042 122.24188409276756 -9.8926482921878236 27.779381050719792 11.482901128235406 140.7565313269279 -75.445377382550916 -24.254912761341444 133.24963226333261 134.63436078427722 77.226773992532443 231.59087562297952 76.076911964613956 198.04026798145193 -39.764401089580396 79.547861901953638 -39.984269650200552 118.54714217242075 -24.7168699982244 94.358286591491705 201.7378975568821 -25.713714517244718 233.98210128938308 319.22536596101781 69.990487157621814 306.66750965465201
leaf_weight=9190 150 629 3931 3439 97 326 498 10783 419 1873 44 1344 7473 951 16855 2046 1031 519 5816 505 112 40 224 171 760 101 478 20117 523 267 2907 27 24 948 17446 3425 199 82 150 540 5800 257 20 32 127 714 316 28 482 110 3385 2389 21350 203 1915 124 422 4708 98 300 376 32
leaf_count=9190 150 629 3931 3439 97 326 498 10783 419 1873 44 1344 7473 951 16855 2046 1031 519 5816 505 112 40 224 171 760 101 478 20117 523 267 2907 27 24 948 17446 3425 199 82 150 540 5800 257 20 32 127 714 316 28 482 110 3385 2389 21350 203 1915 124 422 4708 98 300 376 32
internal_value=0.0236314 -22.7419 107.982 -34.2955 157.119 91.3611 15.32 99.0654 141.701 31.0215 225.241 -44.301 4.54622 32.4089 -21.5255 74.2199 48.4081 118.105 37.2183 65.8412 246.318 109.837 210.885 -14.9138 0.594249 246.711 51.3025 -50.3577 92.1889 168.095 -15.5813 141.004 137.459 22.4945 -26.9035 32.9403 67.6045 -14.263 37.1343 65.8823 4.07325 151.419 109.453 122.465 154.289 108.33 46.1021 100.594 106.651 153.721 -29.1303 70.1594 -37.8216 79.0818 -16.6632 120.986 186.166 -30.1867 282.795 298.875 95.3958 220.416
internal_weight=159648 131846 27802 101144 7025 20777 30702 17616 5731 12493 1294 56709 18209 2261 44435 5330 3161 696 10620 1379 1042 12286 532 19933 15948 325 1632 29307 942 307 19762 546 252 1274 24502 9241 4634 3671 232 1887 13273 4789 309 289 4480 11979 856 176 11265 207 20831 4435 27402 681 2675 152 549 6052 510 398 881 76
internal_count=159648 131846 27802 101144 7025 20777 30702 17616 5731 12493 1294 56709 18209 2261 44435 5330 3161 696 10620 1379 1042 12286 532 19933 15948 325 1632 29307 942 307 19762 546 252 1274 24502 9241 4634 3671 232 1887 13273 4789 309 289 4480 11979 856 176 11265 207 20831 4435 27402 681 2675 152 549 6052 510 398 881 76
is_linear=0
shrinkage=0.05


Tree=18
num_leaves=63
num_cat=0
split_feature=10 10 10 10 10 10 10 2 2 2 0 2 2 2 2 0 10 3 12 2 0 10 10 13 2 7 3 10 13 2 12 0 3 3 3 7 3 3 2 0 3 3 3 10 12 3 12 10 3 3 13 15 13 5 0 0 2 0 10 3 3 3
split_gain=1.41673e+11 1.61198e+10 1.12487e+10 4.77577e+09 2.94296e+09 2.87533e+09 2.58204e+09 1.70703e+09 1.4204e+09 1.04655e+09 9.56893e+08 9.16792e+08 8.51432e+08 5.60443e+08 4.70689e+08 4.99218e+08 4.65192e+08 4.57297e+08 4.1988e+08 3.76617e+08 5.93226e+08 3.50934e+08 3.47806e+08 3.46534e+08 4.26795e+08 3.58751e+08 4.11755e+08 3.4524e+08 3.37291e+08 3.32085e+08 3.22316e+08 2.98937e+08 2.87803e+08 2.8786e+08 2.81599e+08 2.65509e+08 2.62135e+08 2.45302e+08 2.3626e+08 2.75157e+08 2.34509e+08 4.06446e+08 2.35956e+08 2.27896e+08 2.24795e+08 2.16463e+08 2.11352e+08 2.07213e+08 6.18079e+08 2.70252e+08 2.0435e+08 2.0293e+08 1.99046e+08 1.95852e+08 1.95407e+08 1.92627e+08 1.86589e+08 1.83545e+08 1.81453e+08 1.77682e+08 5.59725e+08 1.73629e+08
threshold=6000.6650000000009 3605.8850000000007 10339.960000000001 7999.3850000000011 14498.490000000002 4500.9750000000013 2720.7050000000004 5.5000000000000009 5.5000000000000009 1.0000000180025095e-35 37.500000000000007 5.5000000000000009 5.5000000000000009 5.5000000000000009 1.0000000180025095e-35 30.500000000000004 17561.605000000003 84.500000000000014 3237.5314285714289 1.0000000180025095e-35 27.500000000000004 5260.9050000000007 9999.9950000000008 3240.2100545687676 1.0000000180025095e-35 1.0000000180025095e-35 277.50000000000006 2165.105 1188.3005829626004 5.5000000000000009 9066.6392857142873 29.500000000000004 84.500000000000014 289.50000000000006 80.500000000000014 1.0000000180025095e-35 238.50000000000003 88.500000000000014 1.0000000180025095e-35 36.500000000000007 247.50000000000003 245.50000000000003 265.50000000000006 9000.0450000000019 11882.280714285715 126.50000000000001 13619.525 12000.005000000003 285.50000000000006 273.50000000000006 599.36131366478901 610.5960590664705 1235.2873230198154 2023.5000000000002 26.500000000000004 25.500000000000004 1.5000000000000002 79.500000000000014 4140.9450000000006 128.50000000000003 138.50000000000003 112.50000000000001
decision_type=2 2 2 2 2 2 2 2 2 2 2 2 2 2 2 2 2 2 2 2 2 2 2 2 2 2 2 2 2 2 2 2 2 2 2 2 2 2 2 2 2 2 2 2 2 2 2 2 2 2 2 2 2 2 2 2 2 2 2 2 2 2
left_child=1 6 3 11 8 14 27 23 47 10 -7 19 16 21 15 -3 17 34 -8 20 -2 -11 54 25 31 43 -27 -1 45 58 50 -25 -14 44 -6 46 -32 -19 39 -20 41 -24 -42 -5 -34 61 -21 59 49 -49 -17 -47 -41 57 -9 -15 -26 -12 -16 -4 -61 -10
right_child=2 5 4 7 12 9 18 22 28 13 53 -13 32 55 29 30 -18 37 38 35 -22 -23 40 24 56 26 -28 -29 -30 -31 36 -33 33 -35 -36 -37 -38 -39 -40 52 42 -43 -44 -45 -46 51 -48 48 -50 -51 -52 -53 -54 -55 -56 -57 -58 -59 -60 60 -62 -63
leaf_value=-52.239723444677026 19.783368549733026 -18.275196720755343 145.68900775158724 85.238605601144073 199.28688027239861 10.765668453175101 -32.637437241339896 70.511899073402788 99.365163848311809 9.2124180284626043 85.933102993383656 7.3733930887242387 -6.7568249287324793 14.507206604442466 -13.240564989903783 -3.3007709790041688 268.7312043103243 96.436950037449961 -31.584987702252295 50.759125894625235 112.44069266020436 25.764415093826639 68.982833723625873 97.954986078171515 29.957591730753581 73.817920944928176 -65.005994750976569 -42.39980569209277 59.648682032601975 -26.220147888852189 150.97120682534717 336.73848804728192 98.3862240456899 -28.168398353939967 376.0265248579546 2.5638530981357595 3.4349132919311525 195.35301935428262 -25.87854189038368 -10.708007950564429 -64.145908375866 175.68501422056221 48.129820869305803 103.29507577334454 210.46386722473872 178.90267216435186 193.97621389058918 167.27847989340913 53.511829906345646 249.72995138812541 29.560504443391196 20.05926907292119 21.798756321996763 117.29975036101018 8.8464337926747021 -16.693804738701974 138.83029533523504 43.099882918281729 -2.5100854471391947 -15.850132436191338 131.09301467394118 188.21925987981982
leaf_weight=13859 246 1195 3147 2147 46 965 25051 170 107 7871 573 1281 33 653 12206 762 510 80 1380 6084 583 5400 1203 20 47 501 59 25151 736 3701 83 44 74 20 54 292 47 352 15423 2622 52 96 406 10330 125 26 25 342 96 150 1246 80 573 243 518 2031 263 450 5818 67 1810 123
leaf_count=13859 246 1195 3147 2147 46 965 25051 170 107 7871 573 1281 33 653 12206 762 510 80 1380 6084 583 5400 1203 20 47 501 59 25151 736 3701 83 44 74 20 54 292 47 352 15423 2622 52 96 406 10330 125 26 25 342 96 150 1246 80 573 243 518 2031 263 450 5818 67 1810 123
internal_value=0.0239901 -23.7181 93.4655 76.5879 144.998 1.08813 -36.4794 92.806 131.597 16.2217 48.2905 46.3661 214.067 11.7347 -9.89537 7.59832 234.075 200.411 -28.3236 53.2728 85.0022 15.9489 54.3478 99.8128 147.465 98.4346 59.102 -45.8969 78.739 -12.5794 22.0617 264.774 130.736 151.39 297.504 49.1509 98.0646 177.3 -22.9184 -12.9356 66.1467 76.9975 35.2704 100.195 169.487 120.255 51.3769 141.678 170.249 192.872 17.0948 60.3288 -4.87316 76.8625 24.1638 -9.10022 122.473 67.152 -9.77719 138.301 125.842 147.492
internal_weight=159648 127303 32345 24367 7978 43244 84059 15856 6684 18186 2231 8511 1294 15955 25058 3333 1042 532 45049 7230 829 13271 2445 13411 374 13037 560 39010 1072 21725 2138 64 252 219 100 6401 130 432 19998 4575 1757 1299 458 12477 199 336 6109 5612 588 492 2008 106 3195 1266 688 2684 310 1023 18024 5024 1877 230
internal_count=159648 127303 32345 24367 7978 43244 84059 15856 6684 18186 2231 8511 1294 15955 25058 3333 1042 532 45049 7230 829 13271 2445 13411 374 13037 560 39010 1072 21725 2138 64 252 219 100 6401 130 432 19998 4575 1757 1299 458 12477 199 336 6109 5612 588 492 2008 106 3195 1266 688 2684 310 1023 18024 5024 1877 230
is_linear=0
shrinkage=0.05


Tree=19
num_leaves=63
num_cat=0
split_feature=10 10 10 10 10 10 10 10 6 6 6 3 3 12 7 3 0 15 12 15 11 10 11 11 3 3 3 3 7 15 12 3 3 3 0 15 12 13 6 14 11 3 3 3 10 14 0 6 14 3 13 11 11 13 14 6 13 9 0 6 0 12
split_gain=1.2804e+11 1.88727e+10 7.40895e+09 4.26817e+09 2.39462e+09 1.80537e+09 1.68485e+09 8.73424e+08 8.57573e+08 6.85833e+08 6.18374e+08 5.87982e+08 5.03899e+08 4.58911e+08 4.25081e+08 4.16635e+08 5.29679e+08 3.90724e+08 3.89249e+08 3.64738e+08 3.57307e+08 3.41892e+08 3.18956e+08 3.3537e+08 3.16002e+08 5.25532e+08 5.04732e+08 7.798e+08 3.83925e+08 3.75103e+08 3.13047e+08 3.57764e+08 2.84767e+08 2.73938e+08 3.39428e+08 2.69277e+08 2.31575e+08 2.27925e+08 2.14731e+08 2.4525e+08 2.14566e+08 2.14147e+08 2.13783e+08 4.5456e+08 2.04307e+08 2.02991e+08 1.96149e+08 1.94517e+08 1.88767e+08 1.85365e+08 2.60142e+08 1.87983e+08 1.84558e+08 1.71082e+08 4.18105e+08 1.70053e+08 1.5972e+08 3.59025e+08 1.85531e+08 1.52601e+08 1.46855e+08 1.45394e+08
threshold=6998.2500000000009 4140.9450000000006 11999.985000000002 3117.4100000000003 14498.490000000002 9000.0450000000019 5209.4000000000005 2559.9050000000002 1.0000000180025095e-35 1.0000000180025095e-35 1.0000000180025095e-35 288.50000000000006 276.50000000000006 8366.0028571428575 1.0000000180025095e-35 86.500000000000014 73.500000000000014 3369.8929387825142 8575.8050000000021 1791.2250409248356 4580.46 3540.6000000000008 12000.005000000003 6029.8000000000011 126.50000000000001 150.50000000000003 80.500000000000014 84.500000000000014 1.0000000180025095e-35 1301.1864242139557 10000.04642857143 88.500000000000014 281.50000000000006 238.50000000000003 53.500000000000007 5153.4035330993411 2061.5971428571434 1547.6519202099767 1.0000000180025095e-35 5106.5363333333344 4539.2750000000005 88.500000000000014 285.50000000000006 273.50000000000006 10339.960000000001 9841.6456666666691 30.500000000000004 1.0000000180025095e-35 9137.9141666666692 60.500000000000007 2711.45577608555 6548.3200000000006 3300.5750000000003 1874.9367197728504 10182.287500000002 1.0000000180025095e-35 3118.8938789861763 3.5000000000000004 33.500000000000007 1.0000000180025095e-35 67.500000000000014 11411.227142857142
decision_type=2 2 2 2 2 2 2 2 2 2 2 2 2 2 2 2 2 2 2 2 2 2 2 2 2 2 2 2 2 2 2 2 2 2 2 2 2 2 2 2 2 2 2 2 2 2 2 2 2 2 2 2 2 2 2 2 2 2 2 2 2 2
left_child=1 3 5 7 24 10 18 36 17 19 14 12 15 21 30 20 -17 44 38 -8 -6 59 23 32 26 29 49 -28 52 -26 37 -32 -10 34 -15 -13 -1 -2 39 -3 46 -29 43 -19 -7 -24 -12 -20 -36 51 -51 -4 -27 54 -14 -23 58 -58 -11 -5 -41 -25
right_child=2 6 4 13 11 8 9 -9 22 56 40 35 53 33 -16 16 -18 42 47 -21 -22 55 45 61 25 28 27 41 -30 -31 31 -33 -34 -35 48 -37 -38 -39 -40 60 -42 -43 -44 -45 -46 -47 -48 -49 -50 50 -52 -53 -54 -55 -56 -57 57 -59 -60 -61 -62 -63
leaf_value=-53.260368907539487 56.205660068578965 0.99465248184412369 68.692120631845995 -20.811653094320192 113.95062702973684 97.071585201814912 26.123803101274476 -33.327530899841456 66.326030161604351 23.495582762025833 60.090747550498456 128.9051470779419 7.3238249633789074 1.4574170355545848 5.3360363100316288 60.743017545730346 190.62282498232233 144.77593187613397 58.005264396227631 46.633339631187539 242.86449156475365 -11.201203444624532 -79.169005156777132 88.046003189074483 95.111803983415882 1.1771950378417968 319.20388442095594 19.23859183143167 23.142331233819327 -32.173998419636426 156.68623553264709 79.805333602653761 5.1387152150928177 -11.018665612394161 63.903743141043577 -75.444350318908704 -42.920368339882849 80.639329198833877 -5.5660108420777199 7.7484616477974413 49.1445620332969 148.20412048262389 31.948457394650109 376.32269096042796 129.4129418012229 88.326048671581134 -2.8560864626872107 -15.098720857063228 189.38179532204904 15.300739490829896 154.78302391830755 127.74309319871716 128.32023250592232 260.33629789756623 309.40637728604406 -21.425623773768759 -2.2973419383655895 206.99387486544521 0.099496659040451046 -30.567649042810576 25.915842883121542 -21.98456174542827
leaf_weight=7081 1834 7713 163 14922 68 8666 4684 30259 1332 1322 168 49 24 94 233 125 216 372 476 4044 316 13896 54 2681 139 29 67 33 95 98 230 454 222 175 61 23 23353 2023 5381 2558 1404 2166 37 22 527 26 462 112 61 106 48 903 1884 452 21 5752 54 32 2357 5490 1969 30
leaf_count=7081 1834 7713 163 14922 68 8666 4684 30259 1332 1322 168 49 24 94 233 125 216 372 476 4044 316 13896 54 2681 139 29 67 33 95 98 230 454 222 175 61 23 23353 2023 5381 2558 1404 2166 37 22 527 26 462 112 61 106 48 903 1884 452 21 5752 54 32 2357 5490 1969 30
internal_value=0.024175 -20.538 97.534 -30.9603 141.928 82.5178 13.7969 -39.3456 92.8108 27.9371 61.3874 203.418 211.604 -18.3784 71.2264 184.393 143.33 101.145 4.09453 35.6309 220.391 -18.9048 74.332 76.1876 128.011 113.211 137.506 151.53 121.523 42.5648 74.6053 105.848 57.5939 35.4665 73.0054 63.4875 -45.3278 69.0387 2.75786 6.41739 38.2708 146.278 147.849 158.625 98.9395 -24.3147 13.9984 44.0787 127.672 111.357 59.4939 118.787 126.394 250.848 151.957 -14.1954 10.0966 77.0625 8.51067 -23.437 15.6543 86.8207
internal_weight=159648 131846 27802 101144 7025 20777 30702 60693 13969 12493 6808 1294 1222 40451 4774 725 341 9624 18209 8728 384 40060 4345 4265 5731 2245 3486 2266 2008 237 4541 684 1554 391 216 72 30434 3857 17621 12240 2034 2199 431 394 9193 80 630 588 122 1220 154 1066 1913 497 45 19648 3765 86 3679 20412 4527 2711
internal_count=159648 131846 27802 101144 7025 20777 30702 60693 13969 12493 6808 1294 1222 40451 4774 725 341 9624 18209 8728 384 40060 4345 4265 5731 2245 3486 2266 2008 237 4541 684 1554 391 216 72 30434 3857 17621 12240 2034 2199 431 394 9193 80 630 588 122 1220 154 1066 1913 497 45 19648 3765 86 3679 20412 4527 2711
is_linear=0
shrinkage=0.05


Tree=20
num_leaves=63
num_cat=0
split_feature=10 10 10 12 10 2 10 10 2 2 2 10 2 0 10 2 0 2 8 9 2 2 13 0 15 13 10 9 2 10 10 15 13 2 9 0 13 7 13 2 7 5 15 10 11 2 0 10 2 5 13 0 8 5 5 7 11 2 9 2 0 8
split_gain=1.1557e+11 1.70447e+10 6.68967e+09 3.50088e+09 2.16348e+09 2.10489e+09 1.87019e+09 1.38763e+09 8.87569e+08 8.57245e+08 7.70039e+08 6.61329e+08 5.6412e+08 5.97021e+08 5.39314e+08 4.47295e+08 8.25293e+08 4.39579e+08 6.43785e+08 4.3869e+08 3.61304e+08 3.57313e+08 3.45424e+08 3.43956e+08 3.28275e+08 3.07172e+08 2.80196e+08 2.79531e+08 2.79344e+08 2.73756e+08 2.69046e+08 2.61485e+08 2.59899e+08 3.9071e+08 2.54186e+08 2.37395e+08 2.34957e+08 2.25132e+08 2.22778e+08 2.18697e+08 1.97174e+08 2.69986e+08 2.7101e+08 1.90914e+08 1.90186e+08 1.88198e+08 1.80923e+08 1.77318e+08 1.7365e+08 1.98087e+08 1.7196e+08 1.7163e+08 2.75652e+08 1.65725e+08 1.58696e+08 1.56976e+08 1.55665e+08 1.51943e+08 1.89932e+08 1.4792e+08 1.47613e+08 1.44551e+08
threshold=6998.2500000000009 4014.9650000000006 11999.985000000002 2986.1228571428578 14498.490000000002 5.5000000000000009 5005.9100000000008 8000.5550000000012 5.5000000000000009 5.5000000000000009 5.5000000000000009 2468.7000000000003 1.0000000180025095e-35 25.500000000000004 3378.8400000000006 1.0000000180025095e-35 27.500000000000004 2.5000000000000004 2.5000000000000004 1.5000000000000002 1.0000000180025095e-35 1.0000000180025095e-35 1874.9367197728504 27.500000000000004 2983.8702851461935 1015.0854406688892 10000.005000000003 1.5000000000000002 5.5000000000000009 9999.9950000000008 6000.1450000000013 2767.7207595584318 3422.1483359915333 1.0000000180025095e-35 1.0000000180025095e-35 69.500000000000014 1325.4454792365093 1.0000000180025095e-35 3240.2100545687676 5.5000000000000009 1.0000000180025095e-35 2022.5000000000002 4606.9221282247199 12000.005000000003 11999.985000000002 4.5000000000000009 27.500000000000004 4619.9050000000007 5.5000000000000009 2023.5000000000002 1285.5018498176939 75.500000000000014 2.5000000000000004 2023.5000000000002 2022.5000000000002 1.0000000180025095e-35 3308.1700000000005 1.0000000180025095e-35 2.5000000000000004 5.5000000000000009 81.500000000000014 2.5000000000000004
decision_type=2 2 2 2 2 2 2 2 2 2 2 2 2 2 2 2 2 2 2 2 2 2 2 2 2 2 2 2 2 2 2 2 2 2 2 2 2 2 2 2 2 2 2 2 2 2 2 2 2 2 2 2 2 2 2 2 2 2 2 2 2 2
left_child=1 3 5 11 9 7 12 21 15 40 17 48 13 -3 57 16 -8 18 38 24 23 31 -19 -16 -7 -15 32 -11 47 -21 54 46 37 -34 -12 -20 -25 -9 -6 -22 43 42 -42 -4 -33 -24 -2 -14 -1 -50 -18 61 -53 -27 -17 -32 -45 58 -5 -13 -31 -36
right_child=2 6 4 14 10 19 8 26 -10 27 34 59 28 25 20 30 50 22 35 29 39 -23 45 36 -26 53 -28 -29 -30 60 55 44 33 -35 51 -37 -38 -39 -40 -41 41 -43 -44 56 -46 -47 -48 -49 49 -51 -52 52 -54 -55 -56 -57 -58 -59 -60 -61 -62 -63
leaf_value=-43.616318122343074 21.981927583867858 -15.334220879178924 128.93266959832985 -26.248327544184235 182.46486013412476 64.892140895322711 4.9695633879783196 90.749084892279598 -4.8994481404778858 108.31198968846459 190.29297864740548 -32.456521636358822 -3.3513146994283698 15.860457259414327 -26.039060812813393 13.740813438706102 45.654639078956386 87.57372362968249 176.67201717092973 -3.1835254234103401 -15.217463437608025 53.025161262868828 271.41215015362332 0.20259290886703793 -29.747025792647385 45.752247125508035 114.50383836341582 53.32560953123879 -16.329890258275519 26.391019219005553 39.205856415878223 228.23972341410322 279.4150391561335 109.22330087157917 1.6761244860649112 287.69391474848209 34.433698272875631 57.254896222863891 54.501920637473077 -28.637228125147846 120.31419723836028 -83.510581984747034 -33.049330552997013 50.140672740936282 74.088915013399998 213.05374587089565 100.89910246786144 8.4300041902827125 -51.584899813219465 -90.036306534208791 92.981644303412551 237.19861709594727 22.594620821917502 93.468230139557207 29.367712993612386 -9.2097337271408612 167.48303299927758 -28.240901260420085 -6.9072690560957444 -42.502818946753607 70.486571380036864 117.83602077665783
leaf_weight=19704 98 708 3931 3157 48 1507 540 11667 2107 419 76 24730 9078 793 961 3803 259 38 120 641 17675 3408 349 1982 97 729 1333 523 2869 647 3696 59 43 158 74 91 670 531 116 3667 257 20 32 31 32 280 287 4926 2660 385 777 35 26 244 2840 175 518 16271 2124 4316 269 41
leaf_count=19704 98 708 3931 3157 48 1507 540 11667 2107 419 76 24730 9078 793 961 3803 259 38 120 641 17675 3408 349 1982 97 729 1333 523 2869 647 3696 59 43 158 74 91 670 531 116 3667 257 20 32 31 32 280 287 4926 2660 385 777 35 26 244 2840 175 518 16271 2124 4316 269 41
internal_value=0.0242571 -19.511 92.664 -30.0125 134.848 78.3953 11.2642 85.1374 25.0456 121.619 193.295 -38.9537 1.15058 23.4425 -20.0541 30.2643 55.1037 212.311 167.986 40.8068 -15.0492 58.7226 236.943 -0.426899 59.154 38.9882 92.6039 77.8724 -2.11916 21.8799 26.5361 99.3176 90.2404 146.836 114.137 225.685 8.86044 89.2958 92.8334 -17.5245 130.206 90.9571 103.277 132.893 175.427 245.813 80.9201 0.793148 -45.3398 -56.4745 81.2053 80.3618 147.568 57.8017 20.425 37.0153 160.96 -25.8482 -18.4722 -33.9507 39.4032 43.7485
internal_weight=159648 131846 27802 98302 7025 20777 33544 17616 14197 5731 1294 51795 19347 2474 46507 12090 1576 1042 375 3161 24955 3884 667 3613 1604 1766 13732 942 16873 1557 10514 476 12399 201 252 211 2652 12198 164 21342 4789 309 289 4480 91 629 385 14004 22749 3045 1036 176 61 973 6643 3871 549 21552 5281 29046 916 115
internal_count=159648 131846 27802 98302 7025 20777 33544 17616 14197 5731 1294 51795 19347 2474 46507 12090 1576 1042 375 3161 24955 3884 667 3613 1604 1766 13732 942 16873 1557 10514 476 12399 201 252 211 2652 12198 164 21342 4789 309 289 4480 91 629 385 14004 22749 3045 1036 176 61 973 6643 3871 549 21552 5281 29046 916 115
is_linear=0
shrinkage=0.05


Tree=21
num_leaves=63
num_cat=0
split_feature=12 12 12 12 12 12 12 3 3 7 0 3 7 6 11 13 14 13 11 15 11 5 3 12 13 9 3 0 3 3 3 0 12 12 12 12 11 3 14 11 5 14 6 5 3 3 3 7 3 8 11 13 3 13 5 3 7 6 11 0 9 3
split_gain=9.24559e+10 1.1921e+10 8.36917e+09 1.86445e+09 1.58491e+09 1.53192e+09 1.47983e+09 1.32898e+09 1.47872e+09 8.39103e+08 7.11001e+08 6.26974e+08 5.28074e+08 5.57841e+08 5.10689e+08 4.58214e+08 4.55984e+08 4.45925e+08 3.81405e+08 5.93713e+08 3.767e+08 5.04179e+08 3.92833e+08 2.85377e+08 2.80203e+08 2.6581e+08 2.78995e+08 2.65795e+08 2.61192e+08 2.55472e+08 5.19687e+08 3.08869e+08 2.4264e+08 2.42217e+08 2.30622e+08 2.18606e+08 2.02022e+08 2.34728e+08 2.00499e+08 1.97019e+08 1.95859e+08 1.93631e+08 1.86965e+08 1.70427e+08 2.66169e+08 2.63447e+08 1.5524e+08 1.53728e+08 1.44201e+08 1.28014e+08 1.25863e+08 1.35442e+08 2.92732e+08 1.22372e+08 1.16891e+08 1.15056e+08 1.0761e+08 1.00264e+08 2.15168e+08 8.9469e+07 8.9144e+07 8.70468e+07
threshold=6016.7971428571445 3534.138571428572 9996.1114285714302 4545.1621428571443 8255.4107142857156 2672.2985714285719 11882.280714285715 288.50000000000006 271.50000000000006 1.0000000180025095e-35 72.500000000000014 285.50000000000006 1.0000000180025095e-35 1.0000000180025095e-35 8192.8100000000031 2882.6451101576818 12197.029 1657.2877496455205 12000.005000000003 3149.8965387637249 11999.985000000002 2022.5000000000002 88.500000000000014 3956.7142857142862 2105.292632452321 3.5000000000000004 244.50000000000003 70.500000000000014 126.50000000000001 242.50000000000003 240.50000000000003 84.500000000000014 5200.1157142857155 3133.277857142858 2040.333571428572 9066.6392857142873 14498.490000000002 292.50000000000006 9376.4633333333331 4403.7350000000015 2021.5000000000002 11254.016333333335 1.0000000180025095e-35 2021.5000000000002 124.50000000000001 285.50000000000006 76.500000000000014 1.0000000180025095e-35 130.50000000000003 1.5000000000000002 7000.795000000001 2040.9999757364656 276.50000000000006 2882.6451101576818 2021.5000000000002 287.50000000000006 1.0000000180025095e-35 1.0000000180025095e-35 3389.3400000000006 33.500000000000007 3.5000000000000004 330.50000000000006
decision_type=2 2 2 2 2 2 2 2 2 2 2 2 2 2 2 2 2 2 2 2 2 2 2 2 2 2 2 2 2 2 2 2 2 2 2 2 2 2 2 2 2 2 2 2 2 2 2 2 2 2 2 2 2 2 2 2 2 2 2 2 2 2
left_child=1 5 4 23 12 34 18 8 29 20 11 -10 13 14 17 -16 53 -2 19 41 21 22 -6 -3 61 26 42 28 -22 30 -8 -31 56 -7 -1 -23 -18 -38 -27 49 -41 47 -20 45 -45 -21 -14 -4 -29 -15 51 54 -53 -9 -34 -12 57 58 -5 -43 -52 -11
right_child=2 3 6 32 9 33 7 16 10 24 55 -13 46 39 15 -17 36 -19 25 43 27 35 -24 -25 -26 38 -28 48 -30 31 -32 -33 50 -35 -36 -37 37 -39 -40 40 -42 59 -44 44 -46 -47 -48 -49 -50 -51 60 52 -54 -55 -56 -57 -58 -59 -60 -61 -62 -63
leaf_value=-48.367574840661888 42.06275409027392 -13.298069248342665 93.776867143248154 51.971435065729445 158.20538554091101 -29.155109337100278 128.04243443439609 -124.87602416992189 238.81165697356198 29.294134651841631 298.88067911214495 95.332302003183685 -60.243440830906231 -20.801342254592473 46.272741485720729 1.8303154537821982 -8.5244928010304779 70.302140663539532 92.163752271293376 198.10709892007728 53.242962368169721 57.946234036371358 89.908660618429664 -3.4254875054568119 -37.221590041315828 189.70271873296693 -55.189149508551544 113.94845574386477 -22.371254898456105 102.6787382560919 368.34075272269871 -61.157504160027763 4.4855760608315469 -21.425662070131658 -38.063718845343111 77.059598450509142 56.225544216550638 255.60761179837314 46.639041025161745 -5.9229821791510657 38.378730538407304 3.7215016674173285 -47.706190500259403 127.8830163480023 25.462145065001081 49.198485267036844 8.7597134260469005 54.646736516916803 53.247584201537251 22.457568613636468 -1.7170567647998152 25.318926734996026 94.892006952724373 -6.9581577165866726 22.195529147446049 167.66158912658693 -15.92830567222712 0.23761333100010607 9.4210617638127285 70.470579017844088 29.386080123365744 122.56030912126812
leaf_weight=6721 2197 14640 6558 310 241 23791 2539 25 154 250 200 154 95 288 2296 776 23 3874 96 168 228 2542 1750 14640 214 42 94 126 227 120 22 37 1184 17691 28678 3711 28 32 59 275 2662 86 31 874 69 37 539 266 449 418 1091 797 186 144 4382 23 489 2886 6685 120 291 27
leaf_count=6721 2197 14640 6558 310 241 23791 2539 25 154 250 200 154 95 288 2296 776 23 3874 96 168 228 2542 1750 14640 214 42 94 126 227 120 22 37 1184 17691 28678 3711 28 32 59 275 2662 86 31 874 69 37 539 266 449 418 1091 797 186 144 4382 23 489 2886 6685 120 291 27
internal_value=0.0241708 -20.2071 71.5861 -0.537234 54.0379 -32.3805 105.48 132.866 141.443 69.3657 217.841 167.613 42.8804 45.0889 51.6826 35.0506 22.1553 60.0914 94.1865 96.2897 72.7378 76.303 98.2509 -8.36206 5.65422 40.6374 9.77616 44.156 15.5526 126.443 130.25 63.9249 11.9816 -25.8593 -40.0214 69.3 117.393 165.01 107.407 28.5307 34.23 90.8155 57.9163 129.704 120.424 171.6 -1.65846 92.2598 66.7237 4.80641 18.5645 21.4577 38.5664 -25.0336 18.4297 286.156 6.94566 8.07917 11.3139 42.7571 4.84867 38.7932
internal_weight=159648 124462 35186 47581 23185 76881 12001 3501 3249 9765 531 308 13420 12786 9143 3072 252 6071 8500 8178 9274 8244 1991 29280 491 322 221 1030 455 2718 2561 157 18301 41482 35399 6253 83 60 101 3643 2937 7030 127 1148 943 205 634 6824 575 706 7931 6549 983 169 5566 223 10370 9881 6995 206 1382 277
internal_count=159648 124462 35186 47581 23185 76881 12001 3501 3249 9765 531 308 13420 12786 9143 3072 252 6071 8500 8178 9274 8244 1991 29280 491 322 221 1030 455 2718 2561 157 18301 41482 35399 6253 83 60 101 3643 2937 7030 127 1148 943 205 634 6824 575 706 7931 6549 983 169 5566 223 10370 9881 6995 206 1382 277
is_linear=0
shrinkage=0.05


Tree=22
num_leaves=63
num_cat=0
split_feature=10 10 10 10 2 10 10 10 2 2 2 0 10 2 2 4 13 2 12 9 9 14 2 2 5 10 10 9 10 9 4 9 13 2 13 4 0 2 0 0 5 7 5 4 10 0 12 2 2 0 4 14 13 12 9 4 12 13 4 4 13 11
split_gain=9.55134e+10 1.39699e+10 5.49325e+09 3.4088e+09 1.8419e+09 1.79719e+09 1.15033e+09 1.07522e+09 7.6128e+08 7.01372e+08 6.60691e+08 6.94227e+08 6.52593e+08 6.13447e+08 4.20618e+08 6.59006e+08 4.84837e+08 4.02602e+08 4.33548e+08 3.98707e+08 3.72243e+08 3.30923e+08 3.25176e+08 3.01686e+08 2.77052e+08 2.75556e+08 2.60049e+08 2.48434e+08 2.44264e+08 2.3055e+08 2.28635e+08 2.26416e+08 2.22271e+08 3.45952e+08 2.20601e+08 1.97156e+08 1.96106e+08 1.93675e+08 1.92891e+08 1.91107e+08 1.8862e+08 1.75626e+08 2.33645e+08 2.33287e+08 1.70669e+08 1.69755e+08 1.68249e+08 1.62146e+08 1.61157e+08 1.50491e+08 2.51636e+08 1.48118e+08 1.96509e+08 1.455e+08 1.6575e+08 1.45118e+08 1.44287e+08 1.42753e+08 1.4149e+08 1.42815e+08 1.40309e+08 1.36625e+08
threshold=6998.2500000000009 4248.9100000000008 11999.985000000002 3117.4100000000003 5.5000000000000009 14498.490000000002 8000.5550000000012 5400.6950000000006 5.5000000000000009 5.5000000000000009 1.0000000180025095e-35 25.500000000000004 2559.9050000000002 5.5000000000000009 1.5000000000000002 9.5000000000000018 1874.9367197728504 5.5000000000000009 8366.0028571428575 1.0000000180025095e-35 2.5000000000000004 10182.287500000002 5.5000000000000009 1.0000000180025095e-35 2022.5000000000002 3605.8850000000007 9999.9950000000008 1.5000000000000002 10000.005000000003 2.5000000000000004 7.5000000000000009 1.0000000180025095e-35 3422.1483359915333 1.0000000180025095e-35 1657.2877496455205 3.5000000000000004 76.500000000000014 5.5000000000000009 31.500000000000004 27.500000000000004 2023.5000000000002 1.0000000180025095e-35 2022.5000000000002 9.5000000000000018 12000.005000000003 26.500000000000004 9672.4771428571457 5.5000000000000009 1.5000000000000002 75.500000000000014 9.5000000000000018 10182.287500000002 2882.6451101576818 5589.8114285714291 3.5000000000000004 6.5000000000000009 2445.3707142857152 2573.2905843596441 6.5000000000000009 1.5000000000000002 3118.8938789861763 10000.005000000003
decision_type=2 2 2 2 2 2 2 2 2 2 2 2 2 2 2 2 2 2 2 2 2 2 2 2 2 2 2 2 2 2 2 2 2 2 2 2 2 2 2 2 2 2 2 2 2 2 2 2 2 2 2 2 2 2 2 2 2 2 2 2 2 2
left_child=1 3 4 12 6 8 23 10 41 14 11 -3 37 24 15 20 21 18 25 57 -7 -16 -12 39 53 -5 -21 58 32 -20 -31 -11 36 -34 -13 -18 -8 56 -19 -2 -39 44 43 -43 -4 -24 55 -14 -46 -33 -51 52 -30 -9 -55 -26 -1 -6 59 -10 -41 -36
right_child=2 7 5 17 19 9 28 13 27 31 22 34 47 -15 16 -17 35 38 29 26 -22 -23 45 -25 46 -27 -28 -29 51 30 -32 49 33 -35 61 -37 -38 40 -40 60 -42 42 -44 -45 48 -47 -48 -49 -50 50 -52 -53 -54 54 -56 -57 -58 -59 -60 -61 -62 -63
leaf_value=-40.389392264096614 36.209693295994747 -14.18255221261866 117.29758657571509 -17.927419708621667 65.723916570437027 -30.054589402418873 75.521508039464138 15.160238375276306 31.62866346505972 172.07314501081197 5.324563261729093 31.277615107745302 -27.220406994713585 -2.5521294233554412 -41.087116823196418 215.1492683200982 257.15731140883071 -14.322511447982984 2.478033916514407 1.2441421596824913 142.17773509291351 214.9238376581101 7.7590649105105713 48.333766853058748 31.765220400301487 -9.1600601599343765 37.934733545545946 46.071472420255652 107.95202986136502 141.3070066914278 25.965487661468849 34.256373891501589 259.24285913640801 99.184985937082558 78.731620924416603 201.15749440310583 88.341484471819982 -45.438569792782495 -33.405916587744592 97.87688438503811 -79.755220715176932 109.59534955761481 -80.716891167050335 -27.374178746541347 96.807731419950727 -21.693477003590434 106.52246551031816 -37.865494030833389 162.54352124096937 216.96361182318793 12.329936229564526 145.39910604273607 54.926510388473588 22.348320215431968 49.624331850278132 51.885348092103953 -32.761809182338496 13.576085884445593 26.965642714038975 122.71045978694768 200.055537109375 20.993033930358891
leaf_weight=16500 121 596 3931 20039 1033 64 6670 2725 51 76 12924 815 26105 1627 31 130 275 1945 185 838 60 20 657 3408 2490 16220 1139 523 917 84 88 115 43 158 614 462 5528 3487 4163 317 454 254 20 35 127 1910 94 4154 422 35 26 196 220 1584 861 1408 9993 151 61 307 38 124
leaf_count=16500 121 596 3931 20039 1033 64 6670 2725 51 76 12924 815 26105 1627 31 130 275 1945 185 838 60 20 657 3408 2490 16220 1139 523 917 84 88 115 43 158 614 462 5528 3487 4163 317 454 254 20 35 127 1910 94 4154 422 35 26 196 220 1584 861 1408 9993 151 61 307 38 124
internal_value=0.0239846 -17.7354 84.2424 -26.2687 71.3124 122.468 77.6192 13.3061 110.412 175.738 5.70086 31.6742 -33.8849 25.739 193.877 136.878 212.053 -15.4486 -13.4655 36.1517 53.7543 61.5117 2.09587 53.5687 30.7627 -14.0058 22.391 69.1971 84.4174 41.2932 82.7863 100.265 82.2114 134.54 49.2707 222.373 81.3381 -39.0559 -27.3324 90.8692 -49.4111 118.503 81.5041 92.9701 121.036 -14.1553 40.6595 -28.683 147.541 68.4596 131.348 104.859 97.7493 23.1145 31.9699 39.0443 -37.5137 59.0904 97.8843 109.859 109.346 69.0718
internal_weight=159648 131846 27802 103417 20777 7025 17616 28429 5731 1294 17640 2149 60693 10789 1042 254 788 42724 36616 3161 124 51 15491 3884 9162 36259 1977 942 13732 357 172 252 12399 201 1553 737 12198 30434 6108 476 3941 4789 309 289 4480 2567 3992 30259 549 176 61 1333 1137 5170 2445 3898 26493 1184 419 358 355 738
internal_count=159648 131846 27802 103417 20777 7025 17616 28429 5731 1294 17640 2149 60693 10789 1042 254 788 42724 36616 3161 124 51 15491 3884 9162 36259 1977 942 13732 357 172 252 12399 201 1553 737 12198 30434 6108 476 3941 4789 309 289 4480 2567 3992 30259 549 176 61 1333 1137 5170 2445 3898 26493 1184 419 358 355 738
is_linear=0
shrinkage=0.05


Tree=23
num_leaves=63
num_cat=0
split_feature=10 10 10 10 10 10 10 2 2 2 0 2 2 3 3 2 2 13 2 0 15 9 10 15 3 7 2 0 3 10 0 3 3 3 9 2 13 10 2 3 3 3 2 15 3 12 10 0 12 9 7 3 3 10 3 15 3 2 13 0 2 3
split_gain=8.62686e+10 9.65997e+09 6.79153e+09 3.03375e+09 1.69313e+09 1.69141e+09 1.65173e+09 1.30386e+09 7.95631e+08 6.54354e+08 6.99536e+08 6.324e+08 6.23937e+08 3.88874e+08 8.2788e+08 5.93152e+08 3.77115e+08 3.43321e+08 3.33916e+08 3.87746e+08 3.09977e+08 3.01661e+08 2.98289e+08 2.96446e+08 2.66395e+08 2.52371e+08 2.5597e+08 4.59439e+08 2.51148e+08 2.44807e+08 2.43534e+08 2.41372e+08 2.30258e+08 5.94116e+08 2.5299e+08 2.26857e+08 2.26636e+08 2.16124e+08 4.57508e+08 2.0124e+08 1.92766e+08 2.69058e+08 1.91179e+08 1.92054e+08 2.9832e+08 1.85944e+08 1.78675e+08 1.73887e+08 1.73837e+08 1.71414e+08 1.70743e+08 2.77198e+08 2.75269e+08 1.61291e+08 2.87782e+08 1.53379e+08 3.57103e+08 1.4899e+08 1.43158e+08 1.41089e+08 1.37304e+08 1.26298e+08
threshold=6000.6650000000009 3650.5150000000008 11126.180000000002 7999.3850000000011 14498.490000000002 2720.7050000000004 4540.6350000000011 5.5000000000000009 5.5000000000000009 1.0000000180025095e-35 26.500000000000004 5.5000000000000009 5.5000000000000009 86.500000000000014 238.50000000000003 4.5000000000000009 5.5000000000000009 2882.6451101576818 1.0000000180025095e-35 30.500000000000004 2983.8702851461935 2.5000000000000004 3264.9650000000006 4367.0318496902373 80.500000000000014 1.0000000180025095e-35 1.0000000180025095e-35 27.500000000000004 88.500000000000014 1999.4250000000004 30.500000000000004 84.500000000000014 126.50000000000001 112.50000000000001 1.5000000000000002 5.5000000000000009 964.50953938217697 9999.9950000000008 1.0000000180025095e-35 289.50000000000006 247.50000000000003 262.50000000000006 1.0000000180025095e-35 3369.8929387825142 142.50000000000003 10592.202142857144 5000.1950000000006 80.500000000000014 13619.525 1.0000000180025095e-35 1.0000000180025095e-35 102.50000000000001 277.50000000000006 12000.005000000003 86.500000000000014 610.5960590664705 148.50000000000003 5.5000000000000009 1495.1751119153453 70.500000000000014 5.5000000000000009 128.50000000000003
decision_type=2 2 2 2 2 2 2 2 2 2 2 2 2 2 2 2 2 2 2 2 2 2 2 2 2 2 2 2 2 2 2 2 2 2 2 2 2 2 2 2 2 2 2 2 2 2 2 2 2 2 2 2 2 2 2 2 2 2 2 2 2 2
left_child=1 5 3 12 8 29 18 23 50 10 -8 13 25 24 15 -15 46 -16 19 -3 21 -9 57 37 30 26 27 -2 59 -1 -6 -13 33 34 -10 -20 -21 38 -5 45 58 -42 43 -24 -45 -33 -11 -23 -28 -18 53 -52 -53 61 -55 -34 -57 -7 -12 -25 -31 -4
right_child=2 6 4 7 11 22 9 20 32 16 40 31 -14 14 17 -17 49 -19 35 36 -22 47 42 28 -26 -27 48 -29 -30 60 -32 39 55 -35 -36 -37 -38 -39 -40 -41 41 -43 -44 44 -46 -47 -48 -49 -50 -51 51 52 -54 54 -56 56 -58 -59 -60 -61 -62 -63
leaf_value=-43.900311088181205 11.595908625934257 -15.282000950038857 117.69430207106225 112.67038391156991 236.80175168595224 -23.496087679994698 -3.7652961194000021 60.11642760979236 89.603028648559089 5.2908449054589637 46.271408773683277 -29.948970814873196 4.0552681264998434 127.4016768879199 130.92155851224575 -73.928270158954703 13.129953588612921 217.65635497064702 -7.2189673138966306 5.4348602871038363 -33.018616855455484 9.3494014014644886 -7.8572392515873624 277.91145923815276 274.58699756423863 -0.66009377909136246 39.934576784337025 95.372199796713801 104.82759535580465 -32.543650135993325 72.049964512416295 27.393931587620791 148.90857516818576 154.79842904995144 9.5203589187484052 -21.143563281891812 38.90496900245563 81.608563315627009 60.093265227933287 -35.383492693219864 -48.906418961797442 48.757848192136578 -18.857361625238831 131.22024754626935 -6.3134214252056466 152.39737028026875 17.439236735060469 51.461585484014101 169.74156302378728 -15.77837867900706 -74.783333353315086 106.16830282916953 -51.983553840883317 204.86041399066613 119.27384435986789 -88.930250278341362 45.895500811938177 -34.136976532138554 86.152030395616265 110.89001668515414 -42.278368369751817 99.494905203660934
leaf_weight=7501 232 1160 2659 479 52 24137 670 1320 187 4884 368 33 1281 130 163 50 700 434 17200 1093 137 689 2515 37 172 332 6084 557 291 27318 41 37 26 192 208 3524 941 9995 3085 20 83 443 16126 64 100 162 7963 380 25 1910 27 272 30 132 417 57 321 3815 597 22 4191 1577
leaf_count=7501 232 1160 2659 479 52 24137 670 1320 187 4884 368 33 1281 130 163 50 700 434 17200 1093 137 689 2515 37 172 332 6084 557 291 27318 41 37 26 192 208 3524 941 9995 3085 20 83 443 16126 64 100 162 7963 380 25 1910 27 272 30 132 417 57 321 3815 597 22 4191 1577
internal_value=0.0238962 -18.5029 72.9399 60.4577 115.01 -28.0878 1.28892 73.0059 103.964 12.906 38.6711 167.005 36.2211 184.229 165.901 71.3772 9.30156 194.234 -7.26839 7.77835 39.9348 44.1304 -21.6734 79.0086 237.143 41.9188 43.9679 70.7842 124.561 -35.7753 165.708 95.3376 62.855 82.8422 47.5635 -9.58767 20.9308 77.8237 67.1892 114.267 57.7302 33.2834 -16.8026 -4.43177 47.8282 129.409 12.8216 24.3532 40.4935 -8.02312 111.916 76.6016 90.3381 114.328 140.187 33.6813 25.3836 -24.9496 71.0073 218.519 -33.8398 110.944
internal_weight=159648 127303 32345 24946 7399 85767 41536 16435 6105 17618 2161 1294 8511 1042 777 180 15457 597 23918 3194 2526 2389 46757 13909 265 7230 6898 789 350 39010 93 252 991 587 395 20724 2034 13559 3564 219 1491 526 18805 2679 164 199 12847 1069 6109 2610 5114 329 302 4785 549 404 378 27952 965 59 31509 4236
internal_count=159648 127303 32345 24946 7399 85767 41536 16435 6105 17618 2161 1294 8511 1042 777 180 15457 597 23918 3194 2526 2389 46757 13909 265 7230 6898 789 350 39010 93 252 991 587 395 20724 2034 13559 3564 219 1491 526 18805 2679 164 199 12847 1069 6109 2610 5114 329 302 4785 549 404 378 27952 965 59 31509 4236
is_linear=0
shrinkage=0.05


Tree=24
num_leaves=63
num_cat=0
split_feature=10 10 10 10 2 10 10 10 2 2 2 9 2 12 2 8 2 2 0 12 9 5 2 0 10 10 2 7 13 5 14 12 11 2 0 0 9 0 10 0 9 0 10 7 8 10 2 12 13 0 2 0 13 7 5 13 10 12 7 8 0 8
split_gain=7.79177e+10 1.14165e+10 4.46932e+09 2.5612e+09 1.5006e+09 1.46696e+09 1.04737e+09 9.46476e+08 6.1809e+08 5.71075e+08 5.01221e+08 5.88607e+08 4.99306e+08 4.23318e+08 3.75149e+08 4.85034e+08 3.66791e+08 3.64836e+08 3.81202e+08 3.47853e+08 3.39282e+08 3.15419e+08 3.38311e+08 4.08742e+08 3.04274e+08 2.94153e+08 2.68498e+08 2.61182e+08 2.55441e+08 2.53766e+08 2.49652e+08 2.24244e+08 2.19167e+08 2.17345e+08 4.02479e+08 3.14006e+08 2.05451e+08 2.00266e+08 1.99955e+08 1.9874e+08 1.97311e+08 1.9282e+08 1.87239e+08 1.76803e+08 1.68027e+08 1.64851e+08 1.63543e+08 1.54523e+08 1.48809e+08 1.4617e+08 1.46078e+08 1.52915e+08 1.44682e+08 1.43066e+08 1.91576e+08 2.15653e+08 1.39402e+08 1.46503e+08 1.38863e+08 1.37568e+08 1.32886e+08 2.25417e+08
threshold=6998.2500000000009 4140.9450000000006 11999.985000000002 3000.1350000000007 5.5000000000000009 14498.490000000002 5400.6950000000006 8700.510000000002 5.5000000000000009 5.5000000000000009 1.0000000180025095e-35 2.5000000000000004 5.5000000000000009 2483.8621428571432 2.5000000000000004 2.5000000000000004 5.5000000000000009 1.0000000180025095e-35 20.500000000000004 8808.0057142857167 1.5000000000000002 2022.5000000000002 1.0000000180025095e-35 23.500000000000004 9999.9950000000008 3499.2850000000003 5.5000000000000009 1.0000000180025095e-35 1874.9367197728504 2021.5000000000002 6965.9275000000016 12000.380714285717 12000.005000000003 1.0000000180025095e-35 26.500000000000004 9.5000000000000018 1.5000000000000002 22.500000000000004 9999.9950000000008 31.500000000000004 1.0000000180025095e-35 69.500000000000014 1755.7850000000001 1.0000000180025095e-35 1.0000000180025095e-35 4688.4050000000016 4.5000000000000009 10000.04642857143 665.95641905181185 28.500000000000004 1.0000000180025095e-35 29.500000000000004 2573.2905843596441 1.0000000180025095e-35 2022.5000000000002 3026.3383415523681 12000.005000000003 15426.107142857145 1.0000000180025095e-35 2.5000000000000004 75.500000000000014 2.5000000000000004
decision_type=2 2 2 2 2 2 2 2 2 2 2 2 2 2 2 2 2 2 2 2 2 2 2 2 2 2 2 2 2 2 2 2 2 2 2 2 2 2 2 2 2 2 2 2 2 2 2 2 2 2 2 2 2 2 2 2 2 2 2 2 2 2
left_child=1 3 4 13 7 8 10 17 53 14 11 37 29 42 15 30 19 18 -2 25 52 22 23 -9 44 58 45 -24 -16 -8 -7 -20 47 34 -31 -35 -10 -3 -22 -18 59 -17 -1 -19 -23 -12 -30 -21 -13 -28 51 -15 -6 56 55 -55 -4 -58 -5 -11 -42 -62
right_child=2 6 5 16 20 9 12 21 36 40 26 48 -14 50 28 41 39 43 31 32 38 24 27 -25 -26 -27 49 -29 46 33 -32 -33 -34 35 -36 -37 -38 -39 -40 -41 60 -43 -44 -45 -46 -47 -48 -49 -50 -51 -52 -53 -54 54 -56 -57 57 -59 -60 -61 61 -63
leaf_value=-48.800917560877281 11.424173765044282 -18.721356667465397 105.87567191149915 -17.422735456828455 54.489431724018893 -48.197083599567421 11.320082930572532 39.093599935864653 88.626822494711206 96.72641357888115 -1.4883638308018772 14.805254099275917 -2.2903609286058297 -35.208602334270829 69.535835273938304 140.56927080327816 -14.026424445868635 49.482598248080059 97.060579088293366 58.343838578426471 -5.3674441146813443 75.826974795565889 92.202575864574598 188.38142699528262 76.556489848679576 -9.8361992526930919 4.7478938534121475 6.2226730554154583 228.99985403073174 9.4833308298343955 101.15724572636532 243.63441610063825 -17.064283359395134 62.444684233714092 75.245387446287737 24.745049655174533 41.511099389436595 19.240444125713609 31.025668605172129 -32.403186849041212 28.82927460029207 239.92117906985078 -34.937432101715679 1.301468524670601 27.118615614894765 9.1712881835450144 175.20984734239954 192.82298379751353 63.970630211871452 -20.000591829376869 -29.432007834377135 -16.69924450044995 8.9864798788763398 100.20349298432119 -73.312118381318598 -29.839492929819471 141.66691651434485 52.879743906656905 -36.021467051600602 235.83950841267904 201.03463334825304 7.5283041042751737
leaf_weight=2760 137 558 3931 19546 1404 35 1869 62 419 44 7473 191 1627 1443 38 120 2179 4435 532 131 641 271 1815 182 9350 19726 835 93 349 351 129 27 89 612 691 5639 523 917 916 4544 115 91 21170 199 513 7046 280 25 807 2086 23539 4934 200 253 20 36 496 53 1058 32 35 26
leaf_count=2760 137 558 3931 19546 1404 35 1869 62 419 44 7473 191 1627 1443 38 120 2179 4435 532 131 641 271 1815 182 9350 19726 835 93 349 351 129 27 89 612 691 5639 523 917 916 4544 115 91 21170 199 513 7046 280 25 807 2086 23539 4934 200 253 20 36 496 53 1058 32 35 26
internal_value=0.023706 -16.0167 76.0901 -24.1228 64.4273 110.57 10.6879 70.1199 99.6773 158.697 3.88985 24.9508 23.2334 -31.5799 175.065 134.3 -15.6329 52.5036 86.272 -13.8399 32.6909 77.7574 95.1981 150.762 74.0448 -14.2012 0.902129 88.0172 197.748 27.7657 69.1839 104.563 45.4431 31.9782 53.1236 28.4454 62.5399 4.87634 16.0492 -26.45 90.5934 184.347 -36.5384 47.4143 44.0305 3.68499 205.371 80.9859 54.5855 -12.9268 -27.6124 -20.8924 48.8249 106.968 73.5744 83.9573 109.254 133.207 -18.3795 157.603 60.9306 120.008
internal_weight=159648 131846 27802 101144 20777 7025 30702 17616 5731 1294 19913 2473 10789 53846 1042 375 47298 5330 696 40575 3161 12286 2152 244 10134 40330 17440 1908 667 9162 164 559 245 7293 1042 6251 942 1475 1557 6723 252 211 23930 4634 784 14519 629 156 998 2921 29916 6377 1604 4789 309 289 4480 549 20604 76 176 61
internal_count=159648 131846 27802 101144 20777 7025 30702 17616 5731 1294 19913 2473 10789 53846 1042 375 47298 5330 696 40575 3161 12286 2152 244 10134 40330 17440 1908 667 9162 164 559 245 7293 1042 6251 942 1475 1557 6723 252 211 23930 4634 784 14519 629 156 998 2921 29916 6377 1604 4789 309 289 4480 549 20604 76 176 61
is_linear=0
shrinkage=0.05


Tree=25
num_leaves=63
num_cat=0
split_feature=10 10 10 10 10 10 10 2 2 2 2 1 2 2 2 1 10 2 1 10 5 2 7 2 11 15 13 10 2 9 11 10 15 4 13 4 9 2 14 8 11 1 15 1 5 4 1 7 1 13 14 9 4 9 7 15 5 10 2 4 15 10
split_gain=7.03687e+10 8.9926e+09 4.78634e+09 1.75986e+09 1.66539e+09 1.36621e+09 1.32646e+09 8.38638e+08 7.04125e+08 5.57725e+08 5.18146e+08 5.37501e+08 5.14484e+08 3.63455e+08 3.62796e+08 5.98213e+08 3.52091e+08 3.34485e+08 4.29337e+08 3.19188e+08 2.76348e+08 2.96406e+08 2.58861e+08 2.54882e+08 2.47583e+08 2.45556e+08 2.35883e+08 2.27854e+08 2.27738e+08 2.17715e+08 2.17207e+08 2.02691e+08 2.01135e+08 2.76182e+08 1.98155e+08 1.96494e+08 1.86012e+08 1.85037e+08 1.79897e+08 2.20112e+08 2.49405e+08 1.78676e+08 1.72552e+08 1.55184e+08 1.51645e+08 1.4591e+08 1.45497e+08 1.41508e+08 1.40482e+08 2.1745e+08 1.62632e+08 1.38674e+08 2.01176e+08 1.35651e+08 1.29147e+08 1.84738e+08 2.0862e+08 1.25974e+08 1.42765e+08 1.24477e+08 1.37001e+08 1.24142e+08
threshold=6490.0200000000013 3804.6200000000003 11999.985000000002 9000.0450000000019 2759.4950000000003 4905.0250000000005 14498.490000000002 5.5000000000000009 5.5000000000000009 5.5000000000000009 1.0000000180025095e-35 6.5000000000000009 5.5000000000000009 5.5000000000000009 1.0000000180025095e-35 4.5000000000000009 17561.605000000003 1.0000000180025095e-35 5.5000000000000009 3264.9650000000006 2022.5000000000002 4.5000000000000009 1.0000000180025095e-35 2.5000000000000004 12000.005000000003 2794.1647277555421 998.4125830258987 2064.1800000000003 1.0000000180025095e-35 2.5000000000000004 12000.005000000003 9999.9950000000008 3258.0889975871173 4.5000000000000009 1657.2877496455205 4.5000000000000009 2.5000000000000004 5.5000000000000009 8739.6698333333352 1.5000000000000002 4979.3900000000003 7.5000000000000009 2658.0685876587399 2.5000000000000004 2021.5000000000002 3.5000000000000004 8.5000000000000018 1.0000000180025095e-35 19.500000000000004 2450.5891367632107 9786.7210000000014 1.0000000180025095e-35 9.5000000000000018 1.5000000000000002 1.0000000180025095e-35 4606.9221282247199 2022.5000000000002 12000.005000000003 1.5000000000000002 6.5000000000000009 2395.2355910430888 4280.1150000000007
decision_type=2 2 2 2 2 2 2 2 2 2 2 2 2 2 2 2 2 2 2 2 2 2 2 2 2 2 2 2 2 2 2 2 2 2 2 2 2 2 2 2 2 2 2 2 2 2 2 2 2 2 2 2 2 2 2 2 2 2 2 2 2 2
left_child=1 4 3 8 27 17 9 20 14 54 11 -7 16 43 15 44 23 18 -3 -6 21 35 34 -8 -25 -17 -20 -1 32 -9 -23 45 53 -34 -16 -5 59 61 39 40 -14 -24 51 -12 -2 -22 -15 -45 49 -13 -50 52 -10 -21 57 56 -56 -4 -59 60 -11 -19
right_child=2 5 6 7 19 10 12 29 42 36 13 48 38 46 22 25 -18 37 26 28 31 30 41 24 -26 -27 -28 -29 -30 -31 -32 -33 33 -35 -36 -37 -38 -39 -40 -41 -42 -43 -44 47 -46 -47 -48 -49 50 -51 -52 -53 -54 -55 55 -57 -58 58 -60 -61 -62 -63
leaf_value=-38.012975795446572 -94.836621504889592 -21.615585612027402 100.5832348694685 127.15914740070032 -22.273420998889438 2.7337149747029734 93.184428938856513 54.770177938689528 28.378488437414827 51.269420124527556 33.453493313991665 58.598791439244792 -32.644002740441302 10.353626254486867 36.586397344618099 81.656740525853948 196.31323894552989 -7.3761613664285406 6.8358842493863712 -15.667790592037768 79.098725795847315 65.908327653164008 61.185045719388171 194.48582398359511 98.537053417878994 154.8339600497693 38.611864074288818 -29.714845980485059 -16.271829179976056 22.72236431168335 -44.737294457047078 72.729074223121856 120.67752711828653 -1.2473527319956634 54.22279780747067 88.619775819639457 36.162185888143043 -16.181978883515189 26.017722101996931 172.14891614797506 139.19768087907272 -26.58457934777671 -34.233464466019534 15.397875531174217 18.427270710800634 25.810005453535656 -16.075084808946176 -12.816087515469272 52.077571963037116 122.95060227561133 -27.679270611562227 3.0509341562694843 155.7815240388758 4.8942091458298176 95.135935596791356 -42.766900597774622 -69.821064173380535 79.04287505984307 140.6454003005332 18.199451696123397 111.74198586671251 1.28076312306365
leaf_weight=11579 35 724 3931 489 26237 607 207 1169 361 146 1154 528 40 837 3505 623 510 9348 1191 1588 187 253 78 224 101 142 1146 29146 20527 973 53 9350 76 117 2939 1084 452 3498 84 85 43 217 206 9713 164 411 1375 465 411 176 75 780 33 1619 257 32 20 127 422 69 275 7434
leaf_count=11579 35 724 3931 489 26237 607 207 1169 361 146 1154 528 40 837 3505 623 510 9348 1191 1588 187 253 78 224 101 142 1146 29146 20527 973 53 9350 76 117 2939 1084 452 3498 84 85 43 217 206 9713 164 411 1375 465 411 176 75 780 33 1619 257 32 20 127 422 69 275 7434
internal_value=0.0234961 -15.97 68.9215 57.9059 -24.5632 4.221 105.055 69.0474 40.7654 94.6972 15.8111 41.032 150.819 12.4621 46.6571 75.359 166.355 -3.39701 12.0068 -18.4643 74.2627 91.9071 42.5408 137.322 165.062 95.4244 22.4278 -32.0751 -14.2866 40.2299 46.6609 70.9211 -2.30006 47.1391 44.6372 100.674 59.4198 -5.7225 86.1763 115.924 56.9796 -3.24937 7.86824 16.0806 -1.86807 42.5781 -6.07455 14.1077 60.5486 74.8383 39.7378 15.2786 39.4167 -5.28912 101.622 69.8952 83.0174 103.795 126.565 80.7563 90.9417 -3.54152
internal_weight=159648 129571 30077 23052 90889 38682 7025 13969 9083 5731 15341 1797 1294 13544 7703 964 1042 23341 3061 50164 11827 1879 6739 532 325 765 2337 40725 23927 2142 306 9948 3400 193 6444 1573 942 20280 252 168 83 295 1380 11332 199 598 2212 10178 1190 704 486 1174 394 3207 4789 309 277 4480 549 490 421 16782
internal_count=159648 129571 30077 23052 90889 38682 7025 13969 9083 5731 15341 1797 1294 13544 7703 964 1042 23341 3061 50164 11827 1879 6739 532 325 765 2337 40725 23927 2142 306 9948 3400 193 6444 1573 942 20280 252 168 83 295 1380 11332 199 598 2212 10178 1190 704 486 1174 394 3207 4789 309 277 4480 549 490 421 16782
is_linear=0
shrinkage=0.05


Tree=26
num_leaves=63
num_cat=0
split_feature=10 10 10 10 10 10 2 2 10 10 2 0 2 2 0 12 3 3 2 3 9 7 0 12 2 2 3 0 7 3 2 10 10 9 14 12 7 3 0 7 14 7 12 8 2 9 12 10 14 9 0 3 5 7 14 10 11 2 2 0 9 2
split_gain=6.35765e+10 7.11755e+09 5.00287e+09 2.31539e+09 1.26994e+09 1.21125e+09 1.01025e+09 9.58344e+08 9.34427e+08 6.20673e+08 5.08235e+08 5.70864e+08 4.63918e+08 4.44965e+08 6.51128e+08 3.77191e+08 3.28597e+08 6.83293e+08 5.59811e+08 3.10991e+08 2.94379e+08 2.91197e+08 2.8806e+08 2.71719e+08 2.69114e+08 2.52329e+08 2.35142e+08 2.27139e+08 2.07218e+08 2.06247e+08 2.03021e+08 1.94493e+08 1.90822e+08 1.9014e+08 1.78577e+08 3.11842e+08 1.7672e+08 3.1213e+08 1.74349e+08 1.73809e+08 1.6832e+08 1.67969e+08 1.66492e+08 1.64168e+08 1.63798e+08 2.61634e+08 1.63757e+08 1.57806e+08 1.5292e+08 1.51455e+08 1.44984e+08 1.40974e+08 1.38439e+08 1.38002e+08 1.32822e+08 1.38422e+08 1.30394e+08 1.22121e+08 1.12499e+08 1.10049e+08 1.03606e+08 1.03506e+08
threshold=6000.6650000000009 3623.3000000000006 9999.9950000000008 14498.490000000002 4500.4050000000007 2720.7050000000004 5.5000000000000009 5.5000000000000009 10000.005000000003 7500.5650000000014 1.0000000180025095e-35 37.500000000000007 5.5000000000000009 1.0000000180025095e-35 22.500000000000004 12000.380714285717 86.500000000000014 238.50000000000003 4.5000000000000009 288.50000000000006 2.5000000000000004 1.0000000180025095e-35 31.500000000000004 9066.6392857142873 5.5000000000000009 5.5000000000000009 80.500000000000014 70.500000000000014 1.0000000180025095e-35 84.500000000000014 5.5000000000000009 3250.5150000000008 1999.4250000000004 1.0000000180025095e-35 8989.6185000000023 11882.280714285715 1.0000000180025095e-35 277.50000000000006 29.500000000000004 1.0000000180025095e-35 6440.6951666666673 1.0000000180025095e-35 7789.2507142857148 2.5000000000000004 1.0000000180025095e-35 1.0000000180025095e-35 13619.525 5000.1950000000006 4225.0980000000009 1.0000000180025095e-35 82.500000000000014 246.50000000000003 2023.5000000000002 1.0000000180025095e-35 6029.6793333333344 7500.5650000000014 4014.73 5.5000000000000009 1.0000000180025095e-35 10.500000000000002 1.0000000180025095e-35 4.5000000000000009
decision_type=2 2 2 2 2 2 2 2 2 2 2 2 2 2 2 2 2 2 2 2 2 2 2 2 2 2 2 2 2 2 2 2 2 2 2 2 2 2 2 2 2 2 2 2 2 2 2 2 2 2 2 2 2 2 2 2 2 2 2 2 2 2
left_child=1 5 7 6 23 32 8 9 -4 39 11 -6 16 14 59 -16 26 18 -18 -19 48 52 -23 30 47 28 27 -5 31 -14 53 -7 58 -27 35 -31 43 -38 54 44 -22 56 -33 -10 45 -2 -46 -12 -8 -26 -42 -50 -15 -3 55 -9 -13 -34 -1 -11 -41 -28
right_child=2 4 3 12 10 25 20 38 36 13 24 41 29 21 15 -17 17 19 -20 -21 40 22 -24 -25 49 33 61 -29 -30 34 -32 42 57 -35 -36 -37 37 -39 -40 60 50 -43 -44 -45 46 -47 -48 -49 51 -51 -52 -53 -54 -55 -56 -57 -58 -59 -60 -61 -62 -63
leaf_value=-28.465890721018539 19.495218976168246 -4.5255886897675968 69.013127174866696 194.47859156048489 4.0726154251917155 -19.344977560528108 -50.808282627105719 20.975614651917294 94.025885444525798 -47.602143516540536 3.9648427728051012 108.01261454235424 -33.74442037470201 58.144477457546174 108.71727470531505 260.12092699631398 109.94083905707789 178.14085063710755 -85.529135886033373 49.029770565392838 -24.003292614097028 94.109263663778506 -47.43245228852166 45.735463586344153 12.560343167508004 -15.606931320267456 288.1587984793527 28.130820617675784 -32.959816967446699 52.51995884094238 -18.51493814889486 -12.49464696433321 -27.814961616083203 -34.116556115413879 27.814462711960079 194.64940110080215 76.248676077679903 -72.037612464904782 -3.0297009013787561 33.128379812924003 25.028133131256194 -21.393192258494242 41.173185012079266 126.85818917256309 32.278603371434933 83.573387871217392 163.3539859263102 14.849136294922573 70.214679289282785 -13.88991044104173 65.635509928618987 26.945538792099271 27.786530758229425 -23.427394783377885 -3.2307677420898901 82.940879327556758 53.083071179308845 -36.993059966239279 -41.901497621694425 44.899697555792137 -27.602328779965305 202.24633282061708
leaf_weight=2226 259 19157 9141 62 1001 22506 29 212 5337 67 5725 120 33 3484 456 45 130 545 50 52 133 48 134 242 738 2069 76 31 1994 74 3505 14677 27318 4228 63 82 327 39 1402 115 882 69 145 419 5282 416 23 7963 1269 2022 293 223 424 1016 198 157 1116 4191 5275 60 177 96
leaf_count=2226 259 19157 9141 62 1001 22506 29 212 5337 67 5725 120 33 3484 456 45 130 545 50 52 133 48 134 242 738 2069 76 31 1994 74 3505 14677 27318 4228 63 82 327 39 1402 115 882 69 145 419 5282 416 23 7963 1269 2022 293 223 424 1016 198 157 1116 4191 5275 60 177 96
internal_value=0.0231296 -15.8815 62.6188 78.6966 0.767757 -24.2767 74.0674 38.5631 79.156 44.318 10.5087 32.4866 143.313 58.0212 97.2199 122.807 158.065 141.264 55.471 166.996 46.5952 51.9801 -9.79247 -6.86955 7.42562 -18.7445 206.611 139.919 -17.2555 81.9277 -7.40911 -16.4157 -30.7456 -28.0383 99.432 127.993 94.2869 60.2944 6.43597 34.0024 29.1675 54.2617 -11.9669 96.4375 35.8414 59.0516 32.8776 10.2974 61.5533 -6.81535 35.2013 63.7699 54.8587 -5.47868 29.8055 47.4932 58.499 -29.0369 -37.9187 -3.89109 -3.65296 241.654
internal_weight=159648 127303 32345 19386 42674 84629 18092 12959 15263 10990 18754 2306 1294 4718 628 501 1042 777 180 597 2829 4090 182 23920 16448 45619 265 93 39322 252 23678 37328 39010 6297 219 156 6122 366 1969 6272 1308 1305 14822 5756 5980 675 5305 13688 1521 2760 1175 1492 3908 20173 567 369 1236 31509 7501 127 292 172
internal_count=159648 127303 32345 19386 42674 84629 18092 12959 15263 10990 18754 2306 1294 4718 628 501 1042 777 180 597 2829 4090 182 23920 16448 45619 265 93 39322 252 23678 37328 39010 6297 219 156 6122 366 1969 6272 1308 1305 14822 5756 5980 675 5305 13688 1521 2760 1175 1492 3908 20173 567 369 1236 31509 7501 127 292 172
is_linear=0
shrinkage=0.05


Tree=27
num_leaves=63
num_cat=0
split_feature=12 12 12 2 12 7 12 3 3 12 12 11 0 11 15 0 14 0 12 3 2 2 11 3 11 15 0 3 3 2 2 11 7 2 12 0 0 3 2 0 12 0 2 3 2 2 0 3 12 13 0 3 3 3 7 3 2 5 3 13 0 0
split_gain=5.01919e+10 6.68087e+09 4.73926e+09 1.20744e+09 1.08133e+09 1.00563e+09 8.77115e+08 9.12583e+08 1.33116e+09 8.31821e+08 7.72872e+08 4.34643e+08 4.20634e+08 4.16777e+08 4.07339e+08 4.07331e+08 3.61268e+08 3.22048e+08 3.09421e+08 2.99856e+08 2.728e+08 2.67529e+08 2.58566e+08 2.70904e+08 2.54202e+08 3.71543e+08 2.40348e+08 2.10642e+08 4.306e+08 3.67386e+08 1.95117e+08 1.88384e+08 1.8498e+08 2.18463e+08 1.82442e+08 1.60479e+08 1.56915e+08 1.7872e+08 1.56142e+08 1.83459e+08 1.51789e+08 1.5078e+08 1.43461e+08 2.7974e+08 1.6356e+08 1.4081e+08 1.50161e+08 1.39029e+08 1.38646e+08 1.35613e+08 1.28188e+08 1.16729e+08 1.85181e+08 1.15798e+08 1.15341e+08 1.1371e+08 1.02831e+08 1.319e+08 1.01053e+08 1.45174e+08 1.37966e+08 1.00369e+08
threshold=6016.7971428571445 3475.5128571428572 9996.1114285714302 5.5000000000000009 4516.9742857142865 1.0000000180025095e-35 11882.280714285715 287.50000000000006 271.50000000000006 8255.4107142857156 2672.2985714285719 9999.9950000000008 72.500000000000014 8192.8100000000031 2767.7207595584318 65.500000000000014 12197.029 64.500000000000014 6929.4142857142861 284.50000000000006 1.5000000000000002 5.5000000000000009 3358.8950000000004 276.50000000000006 12000.005000000003 3149.8965387637249 19.500000000000004 242.50000000000003 240.50000000000003 3.5000000000000004 5.5000000000000009 9789.3250000000025 1.0000000180025095e-35 1.5000000000000002 3956.7142857142862 28.500000000000004 80.500000000000014 358.50000000000006 5.5000000000000009 26.500000000000004 1914.5357142857144 70.500000000000014 5.5000000000000009 112.50000000000001 3.5000000000000004 5.5000000000000009 30.500000000000004 294.50000000000006 5105.994285714286 2242.4201025256939 26.500000000000004 76.500000000000014 238.50000000000003 180.50000000000003 1.0000000180025095e-35 283.50000000000006 5.5000000000000009 2023.5000000000002 288.50000000000006 2882.6451101576818 31.500000000000004 71.500000000000014
decision_type=2 2 2 2 2 2 2 2 2 2 2 2 2 2 2 2 2 2 2 2 2 2 2 2 2 2 2 2 2 2 2 2 2 2 2 2 2 2 2 2 2 2 2 2 2 2 2 2 2 2 2 2 2 2 2 2 2 2 2 2 2 2
left_child=1 10 3 5 34 9 24 8 27 13 40 14 19 18 -11 -13 58 -15 -2 -10 -18 22 23 50 25 38 53 28 -8 -29 -14 36 33 -26 -3 -23 37 -28 39 -4 -1 -35 44 -44 -27 54 -47 -22 -24 -40 -6 -7 -53 -5 -12 -25 -42 -58 60 -60 -9 -50
right_child=2 4 6 26 21 51 7 16 12 11 45 15 30 17 -16 -17 20 -19 -20 -21 47 35 48 55 32 42 31 29 -30 -31 -32 -33 -34 41 -36 -37 -38 -39 49 -41 56 -43 43 -45 -46 46 -48 -49 61 -51 -52 52 -54 -55 -56 -57 57 -59 59 -61 -62 -63
leaf_value=-39.372268740776647 35.074339083964972 -9.9534999025965138 49.441786171398697 60.886444209230866 -0.48826636378540589 -46.477478725746892 95.627694230162263 111.78626760771779 208.08735388917745 64.313926437109586 -17.65677944587242 29.15842789771942 260.84155670648335 8.4136149973205203 108.78426042058382 60.01053397335707 -25.710907466493804 37.73766235435663 55.869761554421999 97.192790702869701 216.06763842326836 11.625461848836864 5.3412925270205331 138.79675411517803 -54.059693252275579 91.498613440406999 -1.8428768251173828 -30.916734035665339 313.90761176067849 122.08337345284474 110.42701989310129 -36.270343355350803 -90.429660683908779 22.675231597476539 -2.2584767902890364 -14.536847127877678 28.152062461141977 82.037982500249697 54.045747139034781 73.612637875955599 -27.445244562592389 102.49802037640153 -7.1999634840223523 113.75119236622044 136.76244977674904 -14.320152032228783 -32.267902459717902 59.106066283384962 11.113475202566086 -10.683766510433621 56.376762025289693 23.223075891774634 -24.185813658609788 15.744099960401947 -31.67453948210083 36.494379125455531 -32.755332769680727 -61.404760784793488 -142.44319899338942 -13.939400690103401 -31.022301698957172 23.777971042261733
leaf_weight=3666 3776 17081 937 324 222 145 2539 32 105 2349 31939 1592 173 1715 663 3281 28 2063 3414 152 40 869 8050 90 52 661 1677 87 22 70 27 243 30 134 14030 1796 793 65 858 5146 27164 106 89 102 296 1666 3897 23 5474 89 178 459 372 254 1539 40 4123 446 25 144 34 2192
leaf_count=3666 3776 17081 937 324 222 145 2539 32 105 2349 31939 1592 173 1715 663 3281 28 2063 3414 152 40 869 8050 90 52 661 1677 87 22 70 27 243 30 134 14030 1796 793 65 858 5146 27164 106 89 102 296 1666 3897 23 5474 89 178 459 372 254 1539 40 4123 446 25 144 34 2192
internal_value=0.0227454 -14.8837 52.7495 39.5444 -0.752043 44.2385 78.2554 99.3369 107.515 46.8003 -24.3797 59.1903 186.476 37.8885 74.1356 49.9393 19.6028 24.4319 44.9549 143.131 103.605 8.67676 11.0853 45.4036 69.5616 71.2781 11.8045 94.1749 97.6246 37.6408 241.186 5.69447 25.8822 38.0999 -6.48349 -6.00471 9.72985 1.33227 66.9499 69.8982 -29.7305 58.2093 97.7014 57.6478 105.627 -19.5274 -26.8965 160.583 9.92518 47.9575 24.8941 -5.24504 1.99676 41.1103 -18.3021 107.838 -28.6154 -35.5648 -13.227 -33.6749 38.8532 14.7374
internal_weight=159648 124462 35186 23185 50022 19829 12001 3501 3175 18853 74440 7885 457 10968 3012 4873 326 3778 7190 257 91 18911 16246 530 8500 8178 3356 2718 2561 157 200 2778 322 292 31111 2665 2535 1742 7030 6083 35399 240 1148 191 957 39041 5563 63 15716 947 400 976 831 578 33478 130 31733 4569 235 169 66 7666
internal_count=159648 124462 35186 23185 50022 19829 12001 3501 3175 18853 74440 7885 457 10968 3012 4873 326 3778 7190 257 91 18911 16246 530 8500 8178 3356 2718 2561 157 200 2778 322 292 31111 2665 2535 1742 7030 6083 35399 240 1148 191 957 39041 5563 63 15716 947 400 976 831 578 33478 130 31733 4569 235 169 66 7666
is_linear=0
shrinkage=0.05


Tree=28
num_leaves=63
num_cat=0
split_feature=14 14 14 13 13 3 15 13 4 3 13 15 3 8 0 15 3 3 3 14 2 3 2 3 3 5 3 13 5 3 0 8 0 3 13 2 2 0 3 5 3 2 9 5 3 0 2 2 0 2 3 3 2 15 3 2 15 9 14 3 0 3
split_gain=3.37785e+10 4.58735e+09 4.35886e+09 2.01875e+09 1.43034e+09 1.30246e+09 1.54524e+09 1.22958e+09 1.21122e+09 1.72308e+09 8.69443e+08 8.40715e+08 8.1454e+08 7.68396e+08 7.21156e+08 6.50207e+08 1.43194e+09 1.10918e+09 6.31432e+08 5.71818e+08 5.55409e+08 4.99304e+08 4.24673e+08 4.20616e+08 7.48846e+08 8.78312e+08 4.13508e+08 3.43929e+08 3.39487e+08 3.22784e+08 3.14565e+08 3.82766e+08 3.04405e+08 2.82057e+08 2.75095e+08 2.58568e+08 2.29465e+08 2.28354e+08 2.10121e+08 2.08598e+08 1.97489e+08 1.90116e+08 2.46313e+08 1.85859e+08 3.72715e+08 2.20494e+08 1.67899e+08 1.62255e+08 1.58423e+08 1.5629e+08 1.53391e+08 1.65652e+08 1.53274e+08 1.46314e+08 1.39801e+08 1.39408e+08 1.31055e+08 1.30431e+08 1.22317e+08 1.21941e+08 1.1665e+08 1.15459e+08
threshold=5236.9680000000008 3292.9868333333338 8249.6408333333366 1260.0563022806916 1461.6204418392344 288.50000000000006 4367.0318496902373 74.432400213792178 9.5000000000000018 285.50000000000006 1.0000000180025095e-35 4606.9221282247199 271.50000000000006 2.5000000000000004 69.500000000000014 2929.6168654987478 287.50000000000006 276.50000000000006 124.50000000000001 2595.6948333333335 5.5000000000000009 285.50000000000006 5.5000000000000009 86.500000000000014 80.500000000000014 2021.5000000000002 86.500000000000014 488.08369047056243 2021.5000000000002 349.50000000000006 76.500000000000014 1.0000000180025095e-35 57.500000000000007 344.50000000000006 4699.4111002022109 5.5000000000000009 5.5000000000000009 77.500000000000014 166.50000000000003 2022.5000000000002 293.50000000000006 5.5000000000000009 1.5000000000000002 2022.5000000000002 221.50000000000003 71.500000000000014 5.5000000000000009 5.5000000000000009 72.500000000000014 5.5000000000000009 134.50000000000003 284.50000000000006 3.5000000000000004 866.24885569027003 277.50000000000006 5.5000000000000009 2983.8702851461935 1.0000000180025095e-35 7676.6313333333346 126.50000000000001 73.500000000000014 98.500000000000014
decision_type=2 2 2 2 2 2 2 2 2 2 2 2 2 2 2 2 2 2 2 2 2 2 2 2 2 2 2 2 2 2 2 2 2 2 2 2 2 2 2 2 2 2 2 2 2 2 2 2 2 2 2 2 2 2 2 2 2 2 2 2 2 2
left_child=1 19 4 27 10 6 7 39 23 28 -2 34 26 29 18 30 17 22 -9 -1 -16 -19 -17 24 -5 -26 35 -3 32 60 31 47 -10 -11 37 -8 -28 55 -33 59 -39 61 -43 45 -45 -25 53 -6 -18 -35 58 -52 -14 -21 -30 -7 -15 -48 -32 -4 -12 -29
right_child=2 3 5 8 15 11 12 14 9 33 13 -13 52 56 20 16 48 21 -20 46 -22 -23 -24 43 25 -27 36 41 54 -31 50 38 -34 49 -36 -37 -38 40 -40 -41 -42 42 -44 44 -46 -47 57 -49 -50 -51 51 -53 -54 -55 -56 -57 -58 -59 -60 -61 -62 -63
leaf_value=-28.677122892188489 59.211682410323832 -11.99792220291922 98.47604878285108 16.824819456560896 52.24489435299256 60.597702545604534 199.38146288223567 47.206243503357257 130.74352766489773 -22.149727935068913 10.446300909000696 -19.24405976540195 230.88917650195336 -5.0080824908407164 60.247755441521441 66.394114161318257 -38.41424576189921 187.13983376696595 7.3854637397848109 -18.510667692517956 20.907219143334558 54.890259692382813 3.1076623829155214 -14.626537395175646 2.5930379455701438 184.71372750553087 89.341313167526607 5.1229202480415008 4.3371100234985347 57.084531912825042 36.29526965662933 30.935123056354879 253.90341754850797 68.689185684626338 187.15224441528321 46.163936083896743 16.084110537109378 40.63122973201839 10.063593888325643 68.196449949421435 -48.156506197810174 0.98550476359679762 -27.812486734785445 -1.7517360718660742 40.012959856943553 22.223908777788338 -15.63194553766062 5.1933473326217303 62.877589991369916 -43.303056473982963 57.991233679594032 0.10851447035284603 141.75568528197533 -2.118706100201416 94.572977090802112 5.0631362404040443 -26.098239953534915 -33.628288517363558 -6.4646555215796262 63.628806012854525 23.239164796926904 -3.631030210127336
leaf_weight=30192 911 21368 1153 987 1283 758 127 2056 336 382 7302 916 138 2029 6116 1734 384 265 1930 26617 1053 99 313 1692 112 161 797 5191 53 445 1239 1803 60 178 32 36 124 130 3642 3427 119 1356 1640 1364 877 533 1477 214 42 37 1464 135 85 1435 227 133 1156 3181 193 331 2358 13720
leaf_count=30192 911 21368 1153 987 1283 758 127 2056 336 382 7302 916 138 2029 6116 1734 384 265 1930 26617 1053 99 313 1692 112 161 797 5191 53 445 1239 1803 60 178 32 36 124 130 3642 3427 119 1356 1640 1364 877 533 1477 214 42 37 1464 135 85 1435 227 133 1156 3181 193 331 2358 13720
internal_value=0.0223388 -14.7153 35.9132 -3.45526 22.914 53.9535 58.4378 54.1781 21.4567 65.551 11.9849 16.6325 110.717 8.74337 44.9925 35.028 56.1494 71.077 27.9319 -23.7146 54.473 151.42 56.7234 11.6439 37.1448 110.28 92.6579 -7.48474 120.156 15.4928 29.0146 23.141 149.997 3.6229 44.665 166.03 79.5064 40.5048 16.9792 75.0292 -1.82434 -3.08226 -14.7824 4.4426 14.6031 -5.79297 -19.1333 45.5267 -28.3038 49.3048 42.4551 53.1075 197.699 -17.6722 77.5689 52.323 -12.6686 -27.9264 30.5317 90.7516 13.5711 -1.22796
internal_weight=159648 113176 46472 50274 27011 19461 17373 16066 6999 1273 14201 2088 1307 13290 11155 12810 2837 2411 3986 62902 7169 364 2047 5726 1260 273 1084 43275 676 10105 9973 6942 396 597 1172 163 921 1140 5445 4911 249 21907 2996 4466 2241 2225 32710 1497 426 215 3031 1599 223 28052 280 891 3185 4658 1432 1484 9660 18911
internal_count=159648 113176 46472 50274 27011 19461 17373 16066 6999 1273 14201 2088 1307 13290 11155 12810 2837 2411 3986 62902 7169 364 2047 5726 1260 273 1084 43275 676 10105 9973 6942 396 597 1172 163 921 1140 5445 4911 249 21907 2996 4466 2241 2225 32710 1497 426 215 3031 1599 223 28052 280 891 3185 4658 1432 1484 9660 18911
is_linear=0
shrinkage=0.05


Tree=29
num_leaves=63
num_cat=0
split_feature=10 10 10 10 2 10 10 10 2 2 2 9 15 2 10 7 2 1 9 9 12 10 3 2 5 3 3 14 9 9 10 2 5 2 1 10 7 3 2 15 11 15 11 11 3 7 1 15 1 2 3 3 15 12 9 3 2 1 15 9 2 5
split_gain=4.84756e+10 6.99131e+09 2.76562e+09 1.65436e+09 9.49283e+08 9.39925e+08 6.0501e+08 5.60253e+08 4.46347e+08 3.81088e+08 3.46008e+08 4.28986e+08 3.2916e+08 3.1594e+08 3.10189e+08 2.81095e+08 2.96607e+08 3.85797e+08 2.57563e+08 2.5236e+08 2.40636e+08 2.32484e+08 6.16195e+08 4.38047e+08 2.20567e+08 2.17797e+08 3.77537e+08 2.55999e+08 2.01863e+08 1.8846e+08 1.85259e+08 1.84358e+08 1.83379e+08 3.01286e+08 5.1863e+08 2.87155e+08 2.65866e+08 2.02511e+08 1.66059e+08 1.69336e+08 1.787e+08 1.49823e+08 1.73531e+08 1.39524e+08 1.82779e+08 1.37484e+08 1.35759e+08 1.34956e+08 1.31889e+08 1.25477e+08 2.79371e+08 1.48069e+08 1.27962e+08 1.19063e+08 1.13838e+08 1.12038e+08 1.10487e+08 1.13458e+08 1.08777e+08 1.82589e+08 1.06852e+08 1.32916e+08
threshold=6998.2500000000009 4248.9100000000008 11999.985000000002 3011.1700000000005 5.5000000000000009 17561.605000000003 8000.5550000000012 5400.6950000000006 5.5000000000000009 5.5000000000000009 1.0000000180025095e-35 2.5000000000000004 2983.8702851461935 5.5000000000000009 2330.2950000000005 1.0000000180025095e-35 1.0000000180025095e-35 6.5000000000000009 1.0000000180025095e-35 1.5000000000000002 8808.0057142857167 12000.005000000003 285.50000000000006 1.5000000000000002 2022.5000000000002 98.500000000000014 126.50000000000001 9630.3374999999996 1.0000000180025095e-35 1.0000000180025095e-35 3540.6000000000008 5.5000000000000009 2022.5000000000002 1.0000000180025095e-35 5.5000000000000009 9999.9950000000008 1.0000000180025095e-35 52.500000000000007 1.0000000180025095e-35 2767.7207595584318 11999.985000000002 789.25681445876137 4014.73 3421.0650000000005 220.50000000000003 1.0000000180025095e-35 5.5000000000000009 4879.1867463358958 19.500000000000004 1.5000000000000002 241.50000000000003 287.50000000000006 5153.4035330993411 9672.4771428571457 3.5000000000000004 240.50000000000003 5.5000000000000009 7.5000000000000009 2377.5716406238575 3.5000000000000004 5.5000000000000009 2023.5000000000002
decision_type=2 2 2 2 2 2 2 2 2 2 2 2 2 2 2 2 2 2 2 2 2 2 2 2 2 2 2 2 2 2 2 2 2 2 2 2 2 2 2 2 2 2 2 2 2 2 2 2 2 2 2 2 2 2 2 2 2 2 2 2 2 2
left_child=1 3 4 14 6 8 38 10 21 49 11 46 19 24 60 16 17 -5 -11 -6 -19 -4 23 -23 58 -10 -27 -28 -24 -12 -18 45 33 34 -8 37 -35 -34 39 54 -41 -13 -43 44 -26 -31 -3 -20 55 50 -7 -51 -53 -45 -2 -21 -16 -58 -9 -60 -1 -62
right_child=2 7 5 15 12 9 32 13 25 18 29 41 -14 -15 56 -17 30 20 47 48 -22 22 28 -25 43 26 27 -29 -30 31 -32 -33 35 36 -36 -37 -38 -39 -40 40 -42 42 -44 53 -46 -47 -48 -49 -50 51 -52 52 -54 -55 -56 -57 57 -59 59 -61 61 -63
leaf_value=-28.382613614868504 30.107022942546905 -15.986571789720774 81.745531038177816 -20.410701178278384 44.149668988574405 -17.025975123087566 14.090501428584464 10.622088367057794 15.825919822992063 208.48358059353302 10.31816500758285 -7.1913283602090985 -36.020477675545976 -1.9987085601482404 -20.823990435845182 -28.133320914195128 -15.804801741751334 4.6364020725071482 -14.169954780147926 -11.87942480119499 67.632762569500386 67.892661526803622 81.019995600002915 143.43360428963584 4.1775904181798298 107.63483786619163 70.96766210908126 -5.7162532980843359 -33.364825694325212 2.1924416801795141 -8.8909731954228572 -16.296790189005019 67.627201160958364 68.803366337585601 149.68763451476596 60.29722724030686 -5.8294739921509269 23.613875062507155 34.049106080961145 177.67494329325359 30.264045262192237 139.58624995069988 50.065120325234005 27.346869185564824 113.33299426096136 -24.625006352268528 17.372558857770382 95.842132043277516 34.988420161254538 193.27471417164804 160.63477086413039 171.30239178466798 36.88328461142148 84.109169314735823 86.711594357693457 23.034394592742366 -18.670229067089547 -34.407947671916958 13.002692295910268 50.07978321050296 -34.680047690414192 -67.557645422826056
leaf_weight=16083 245 508 4201 1821 1507 29 96 3751 305 26 4169 103 202 1627 32134 2511 20816 4408 61 517 156 269 66 695 59 315 236 201 90 8913 18136 1905 357 2561 267 9350 125 976 3408 59 32 58 720 3730 109 504 760 50 523 319 90 39 33 94 140 412 1782 3227 889 530 1978 365
leaf_count=16083 245 508 4201 1821 1507 29 96 3751 305 26 4169 103 202 1627 32134 2511 20816 4408 61 517 156 269 66 695 59 315 236 201 90 8913 18136 1905 357 2561 267 9350 125 976 3408 59 32 58 720 3730 109 504 760 50 523 319 90 39 33 94 140 412 1782 3227 889 530 1978 365
internal_value=0.022023 -12.6299 60.02 -18.6666 50.8455 87.1431 55.3731 9.32975 81.2929 144.598 3.83997 22.6363 25.6038 18.3043 -24.5348 -11.8511 -10.9487 -0.959606 69.844 29.8214 6.804 87.1942 107.541 122.446 21.9096 51.5312 65.9725 35.764 15.2365 1.23114 -12.586 -2.11551 60.3032 71.155 113.964 57.1996 65.3293 35.4433 37.9319 65.6014 126.731 49.4157 56.9096 30.7385 75.2502 0.754703 4.00579 35.7983 14.9302 164.503 117.558 178.454 111.043 28.7638 50.8618 3.61254 -21.9022 -28.8139 15.0878 26.8766 -29.8401 -39.8285
internal_weight=159648 131846 27802 103417 20777 7025 17616 28429 6378 647 17640 2149 3161 10789 55569 47848 45337 6385 137 2959 4564 5321 1120 964 9162 1057 752 437 156 15491 38952 11322 13732 3049 363 10683 2686 1333 3884 476 91 881 778 3992 168 9417 1268 111 1452 510 119 391 72 3824 385 929 37143 5009 5170 1419 18426 2343
internal_count=159648 131846 27802 103417 20777 7025 17616 28429 6378 647 17640 2149 3161 10789 55569 47848 45337 6385 137 2959 4564 5321 1120 964 9162 1057 752 437 156 15491 38952 11322 13732 3049 363 10683 2686 1333 3884 476 91 881 778 3992 168 9417 1268 111 1452 510 119 391 72 3824 385 929 37143 5009 5170 1419 18426 2343
is_linear=0
shrinkage=0.05


Tree=30
num_leaves=63
num_cat=0
split_feature=10 10 10 12 2 10 10 10 2 2 2 0 10 15 2 7 2 0 12 10 10 3 3 3 0 13 5 3 3 14 12 14 5 3 3 3 10 8 2 5 2 15 11 3 2 12 3 3 2 3 0 2 0 10 15 15 3 2 3 3 3 13
split_gain=4.3754e+10 6.31009e+09 2.49711e+09 1.50745e+09 8.56802e+08 8.49989e+08 5.45855e+08 5.05699e+08 4.02691e+08 3.4352e+08 3.12407e+08 3.7986e+08 3.10835e+08 2.97166e+08 2.85179e+08 2.57274e+08 2.46424e+08 3.60952e+08 2.65279e+08 2.24476e+08 2.1e+08 5.62777e+08 6.76971e+08 3.62138e+08 2.08693e+08 2.05451e+08 1.99119e+08 1.96635e+08 3.40822e+08 2.31143e+08 1.79319e+08 2.31071e+08 1.65575e+08 2.77186e+08 4.39561e+08 2.63388e+08 2.59089e+08 1.83986e+08 1.58194e+08 1.54339e+08 1.50205e+08 1.53244e+08 1.61509e+08 1.27647e+08 2.40727e+08 1.5951e+08 1.25573e+08 1.20188e+08 1.132e+08 2.52482e+08 1.39376e+08 1.06285e+08 1.05971e+08 9.99392e+07 9.92328e+07 9.81976e+07 1.7674e+08 9.66615e+07 9.64016e+07 4.79034e+08 9.57986e+07 9.4365e+07
threshold=6998.2500000000009 4248.9100000000008 11999.985000000002 3009.079285714286 5.5000000000000009 17561.605000000003 8000.5550000000012 5400.6950000000006 5.5000000000000009 5.5000000000000009 1.0000000180025095e-35 25.500000000000004 2399.2650000000008 2983.8702851461935 5.5000000000000009 1.0000000180025095e-35 1.0000000180025095e-35 25.500000000000004 8808.0057142857167 3499.2850000000003 12000.005000000003 84.500000000000014 82.500000000000014 285.50000000000006 25.500000000000004 12.701738805550368 2022.5000000000002 98.500000000000014 126.50000000000001 9630.3374999999996 11882.280714285715 7047.5420000000013 2022.5000000000002 90.500000000000014 80.500000000000014 96.500000000000014 9999.9950000000008 1.0000000180025095e-35 5.5000000000000009 2023.5000000000002 1.0000000180025095e-35 2767.7207595584318 11999.985000000002 210.50000000000003 4.5000000000000009 9311.9242857142872 247.50000000000003 358.50000000000006 1.5000000000000002 241.50000000000003 25.500000000000004 4.5000000000000009 29.500000000000004 1699.325 4367.0318496902373 2377.5716406238575 88.500000000000014 5.5000000000000009 128.50000000000003 140.50000000000003 112.50000000000001 2273.1633680189375
decision_type=2 2 2 2 2 2 2 2 2 2 2 2 2 2 2 2 2 2 2 2 2 2 2 2 2 2 2 2 2 2 2 2 2 2 2 2 2 2 2 2 2 2 2 2 2 2 2 2 2 2 2 2 2 2 2 2 2 2 2 2 2 2
left_child=1 3 4 12 6 8 40 10 20 48 11 -3 53 24 26 16 17 -5 -19 -18 58 22 -22 -23 -6 -26 55 61 60 -30 -11 -32 33 34 -8 -35 37 -34 -12 46 41 -2 -43 45 -45 -28 -13 -27 49 -7 51 -50 -40 -1 -42 -9 -57 -21 -4 -60 -29 -10
right_child=2 7 5 15 13 9 32 14 27 30 38 39 -14 -15 -16 -17 19 18 -20 57 21 23 -24 -25 25 47 43 28 29 -31 31 -33 36 35 -36 -37 -38 -39 52 -41 54 42 -44 44 -46 -47 -48 -49 50 -51 -52 -53 -54 -55 -56 56 -58 -59 59 -61 -62 -63
leaf_value=-37.597518019745195 48.333873699472484 -12.409546496288373 83.146189831645302 -22.957389391707249 52.910792466743743 -16.203050445556638 57.675867743539975 10.091125540673726 41.39876725937269 -55.88396123199464 3.4214771665522967 39.508434024808409 -20.68979022574166 -34.228325921890182 -1.8988344760980522 -26.331914382447135 -16.351907852618069 0.53147522504300593 64.882865835951591 -7.1703962925499871 89.554292019042975 98.519273307308765 260.26760825020932 14.489880572276512 50.624718656174686 11.392787826504339 19.739821640315611 66.91735614053664 67.434251901693571 -5.4318560898658079 214.84560453217605 50.437549798654956 56.553516489145899 -29.117420667648318 146.78411745668367 63.353998744040979 57.282688167715904 18.569474956302169 5.2920437427120826 66.056240739214843 30.64967184579859 168.93926018269858 28.796698839592217 52.984331064902051 -4.9497961635241232 64.422145624292611 7.0251816566688845 90.797947613463108 169.60918897126851 152.69129333202656 184.93503561606772 52.989250640869152 -16.837308855393243 -27.196686843390594 75.618800761699674 92.587218874641096 20.874080401334751 -16.371315335145134 -65.947701538085937 73.240328193039005 124.45390234991679 -14.135687278852073
leaf_weight=2685 385 596 2772 1819 668 29 298 3751 160 24 12924 749 33471 202 1627 2777 18609 6823 163 16754 124 729 111 156 469 1774 2553 123 236 201 28 85 529 79 261 2411 9350 804 774 310 3281 59 32 1005 218 216 494 48 37 90 311 43 1793 16875 127 91 1328 3441 64 1365 192 145
leaf_count=2685 385 596 2772 1819 668 29 298 3751 160 24 12924 749 33471 202 1627 2777 18609 6823 163 16754 124 729 111 156 469 1774 2553 123 236 201 28 85 529 79 261 2411 9350 804 774 310 3281 59 32 1005 218 216 494 48 37 90 311 43 1793 16875 127 91 1328 3441 64 1365 192 145
internal_value=0.0216756 -11.9983 57.0228 -17.7334 48.3051 82.7956 52.6066 8.86406 77.2324 137.433 3.64841 21.5087 -23.6176 24.3244 17.3905 -11.54 -10.6766 -3.12456 2.04202 -12.3901 82.8377 102.175 170.95 83.7404 28.3318 21.1453 20.8158 48.9635 62.6853 33.9833 66.4569 92.7031 57.2894 67.601 99.4688 60.4097 54.3403 33.6745 1.16949 34.5253 36.0399 62.3554 120.507 29.2044 42.6619 23.2473 26.6148 13.5334 156.331 111.74 169.583 108.354 -10.1654 -28.6263 32.3472 14.3341 25.535 -8.73886 77.6592 66.9648 102.27 15.0372
internal_weight=159648 131846 27802 103417 20777 7025 17616 28429 6378 647 17640 2149 53031 3161 10789 50386 47609 8805 6986 38804 5321 1120 235 885 2959 2291 9162 1057 752 437 137 113 13732 3049 559 2490 10683 1333 15491 1553 3884 476 91 3992 1223 2769 1243 1822 510 119 391 80 2567 19560 3408 5170 1419 20195 4201 1429 315 305
internal_count=159648 131846 27802 103417 20777 7025 17616 28429 6378 647 17640 2149 53031 3161 10789 50386 47609 8805 6986 38804 5321 1120 235 885 2959 2291 9162 1057 752 437 137 113 13732 3049 559 2490 10683 1333 15491 1553 3884 476 91 3992 1223 2769 1243 1822 510 119 391 80 2567 19560 3408 5170 1419 20195 4201 1429 315 305
is_linear=0
shrinkage=0.05


Tree=31
num_leaves=63
num_cat=0
split_feature=10 10 10 10 10 2 10 10 2 3 2 1 2 1 9 15 2 2 3 1 3 11 2 9 2 2 15 10 9 15 13 12 13 10 15 3 10 11 1 14 3 3 3 12 1 13 12 2 3 1 1 3 3 3 13 3 2 13 11 2 1 13
split_gain=3.95121e+10 4.31235e+09 3.1718e+09 1.49975e+09 8.41643e+08 7.58988e+08 6.83019e+08 6.43052e+08 4.95937e+08 3.20196e+08 2.84604e+08 4.65654e+08 2.84312e+08 3.78621e+08 2.59756e+08 2.39861e+08 2.29201e+08 3.5601e+08 3.53255e+08 2.05174e+08 2.00512e+08 1.99532e+08 1.88878e+08 2.34087e+08 1.85904e+08 1.84568e+08 1.78523e+08 1.66287e+08 1.57858e+08 1.55187e+08 1.54508e+08 1.53307e+08 2.54616e+08 1.49755e+08 1.47019e+08 1.4662e+08 1.39393e+08 1.36828e+08 1.45477e+08 1.33798e+08 1.32291e+08 4.29742e+08 3.29555e+08 1.2993e+08 1.25484e+08 1.22961e+08 1.16786e+08 1.16095e+08 1.13731e+08 1.13364e+08 1.12905e+08 1.57311e+08 1.21078e+08 1.01452e+08 1.37461e+08 1.00879e+08 9.87415e+07 9.51669e+07 9.0598e+07 8.75772e+07 1.59584e+08 8.57717e+07
threshold=6000.6650000000009 3720.2650000000008 9000.0450000000019 14498.490000000002 2720.7050000000004 5.5000000000000009 4619.9050000000007 10000.005000000003 5.5000000000000009 288.50000000000006 1.0000000180025095e-35 4.5000000000000009 1.0000000180025095e-35 7.5000000000000009 2.5000000000000004 3149.8965387637249 5.5000000000000009 2.5000000000000004 241.50000000000003 2.5000000000000004 84.500000000000014 11999.985000000002 1.0000000180025095e-35 1.0000000180025095e-35 5.5000000000000009 5.5000000000000009 5153.4035330993411 7400.5350000000008 1.0000000180025095e-35 2426.7473859696302 2005.1732400694489 10341.104285714287 3422.1483359915333 3213.8400000000006 3149.8965387637249 90.500000000000014 2005.6050000000002 4014.73 19.500000000000004 6440.6951666666673 285.50000000000006 273.50000000000006 290.50000000000006 10592.202142857144 3.5000000000000004 1580.2974014087995 9158.5578571428578 5.5000000000000009 291.50000000000006 20.500000000000004 4.5000000000000009 275.50000000000006 168.50000000000003 254.50000000000003 2573.2905843596441 184.50000000000003 1.0000000180025095e-35 699.88923257459498 14498.490000000002 1.0000000180025095e-35 8.5000000000000018 1657.2877496455205
decision_type=2 2 2 2 2 2 2 2 2 2 2 2 2 2 2 2 2 2 2 2 2 2 2 2 2 2 2 2 2 2 2 2 2 2 2 2 2 2 2 2 2 2 2 2 2 2 2 2 2 2 2 2 2 2 2 2 2 2 2 2 2 2
left_child=1 4 8 5 36 7 22 31 10 16 11 53 13 -8 45 -13 17 18 -5 48 -18 -17 23 -3 58 33 -11 44 -27 46 -31 -4 -33 -6 50 -19 56 -15 -39 -16 41 -9 -42 -22 -12 -7 -25 -24 -14 -41 51 52 -10 54 -2 -46 -1 -30 -21 60 -35 -29
right_child=2 6 3 9 25 14 12 40 34 26 27 15 19 37 39 21 20 35 -20 24 43 -23 47 29 -26 28 -28 61 57 30 -32 32 -34 59 -36 -37 -38 38 -40 49 42 -43 -44 -45 55 -47 -48 -49 -50 -51 -52 -53 -54 -55 -56 -57 -58 -59 -60 -61 -62 -63
leaf_value=-21.041837071481453 -6.5739896255898076 -13.199612775396046 53.371390973851589 17.908907892928166 -15.897892250570621 61.552806077780261 -0.49563794594173188 73.467749917126397 59.852175921020503 64.077091101074231 43.792402636855172 61.679430014394349 26.845880227064971 96.653581799098433 -23.695751426088297 195.92733788230203 -39.384119082058184 183.18250448577882 123.19955446087434 6.8396965269290835 7.855664853547748 60.198254618742034 -4.3904295648441352 7.8608237134536951 -8.7004312174478162 -10.987636546291526 -101.8410315958659 29.417031039817843 -24.434345664292763 14.769695515237022 74.784370900913359 53.860517681263104 181.35458178928923 -16.996801023859575 -48.26431045025587 132.0612793176432 -22.334106925611998 54.086280281843614 17.690244813816182 16.932981510906309 -31.304202729767447 138.72702803583076 72.957026091582037 111.86565952129891 14.096390865907649 34.240279569474666 105.86178801505797 -14.605529431627559 -51.491176277796434 54.336935416244152 1.2042684242778396 155.83432893066407 -8.2654447653519849 -78.720077387181732 128.65672568911597 29.336871417132233 -32.036455355182511 -45.839211967743701 57.786277126398957 -11.422613877114559 5.5967731919055304 45.548914693638686
leaf_weight=2799 178 949 10325 116 22188 840 789 5459 124 49 668 837 1417 111 162 65 33 249 256 10711 37 48 16424 1596 2196 2221 23 1568 3994 225 205 107 62 1225 127 369 28571 643 481 1010 101 265 297 162 2570 819 30 3348 47 253 1303 24 136 40 20 1884 7640 598 87 16653 2155 1759
leaf_count=2799 178 949 10325 116 22188 840 789 5459 124 49 668 837 1417 111 162 65 33 249 256 10711 37 48 16424 1596 2196 2221 23 1568 3994 225 205 107 62 1225 127 369 28571 643 481 1010 101 265 297 162 2570 819 30 3348 47 253 1303 24 136 40 20 1884 7640 598 87 16653 2155 1759
internal_value=0.0214434 -12.5169 49.3685 60.8816 -18.6619 57.4509 1.26433 61.6801 28.0712 113.026 32.4783 55.396 9.01686 26.5639 34.652 71.0497 119.059 129.582 90.503 6.55876 73.7921 139.306 -4.34574 7.33179 4.55846 -14.301 10.4064 29.2497 -21.9383 16.8104 43.4885 54.1549 101.425 -13.0681 3.2872 152.921 -24.1429 43.8378 38.5407 18.975 74.5686 76.5127 46.4866 92.6631 23.5875 48.0982 9.73292 -6.12081 24.2975 24.4627 7.44042 35.9474 24.3262 -7.12333 7.66353 20.5481 -29.0908 -27.2312 7.25549 -9.9333 -2.59433 37.9572
internal_weight=159648 127303 32345 20994 88044 19700 39259 16616 11351 1294 9637 1188 16482 2024 3084 950 1222 990 372 14458 232 113 22777 3005 12994 49034 72 8449 6813 2056 430 10494 169 42221 1714 618 39010 1235 1124 1425 6122 5724 398 199 5122 1659 1626 19772 1464 1263 1587 284 260 238 198 4454 10439 4592 10798 20033 3380 3327
internal_count=159648 127303 32345 20994 88044 19700 39259 16616 11351 1294 9637 1188 16482 2024 3084 950 1222 990 372 14458 232 113 22777 3005 12994 49034 72 8449 6813 2056 430 10494 169 42221 1714 618 39010 1235 1124 1425 6122 5724 398 199 5122 1659 1626 19772 1464 1263 1587 284 260 238 198 4454 10439 4592 10798 20033 3380 3327
is_linear=0
shrinkage=0.05


Tree=32
num_leaves=63
num_cat=0
split_feature=10 10 10 10 10 2 10 10 2 2 2 15 7 2 9 5 9 9 2 1 5 2 1 4 10 10 13 2 9 2 9 10 13 2 2 11 15 1 9 1 15 11 1 10 4 1 8 15 7 1 15 9 4 2 9 1 2 4 2 5 1 7
split_gain=3.56777e+10 5.16688e+09 2.05346e+09 1.05783e+09 7.12524e+08 7.01121e+08 5.95905e+08 4.43312e+08 3.20192e+08 3.1166e+08 2.90038e+08 2.55224e+08 2.33768e+08 2.24025e+08 3.40681e+08 2.19909e+08 2.15147e+08 1.95079e+08 1.93059e+08 2.14277e+08 1.88136e+08 2.38283e+08 2.9915e+08 1.95157e+08 1.71746e+08 1.71328e+08 2.21239e+08 3.8041e+08 2.33174e+08 1.68198e+08 2.63019e+08 1.65846e+08 1.64614e+08 1.53439e+08 1.50335e+08 2.42928e+08 1.49456e+08 1.47744e+08 1.4593e+08 1.34746e+08 1.23567e+08 1.93255e+08 1.22132e+08 1.22022e+08 1.21556e+08 1.19779e+08 1.15048e+08 1.13009e+08 1.11652e+08 1.10387e+08 1.08038e+08 1.42496e+08 1.01925e+08 9.78683e+07 9.78381e+07 9.57011e+07 9.52572e+07 2.13679e+08 9.02844e+07 1.16288e+08 8.8636e+07 8.81387e+07
threshold=6998.2500000000009 4014.9650000000006 11999.985000000002 2866.7600000000007 17561.605000000003 5.5000000000000009 5005.9100000000008 8700.510000000002 5.5000000000000009 5.5000000000000009 5.5000000000000009 2983.8702851461935 1.0000000180025095e-35 1.0000000180025095e-35 1.0000000180025095e-35 2022.5000000000002 1.0000000180025095e-35 2.5000000000000004 1.0000000180025095e-35 4.5000000000000009 2022.5000000000002 1.0000000180025095e-35 5.5000000000000009 3.5000000000000004 9999.9950000000008 12000.005000000003 2617.0922850036491 1.5000000000000002 1.5000000000000002 1.0000000180025095e-35 2.5000000000000004 2165.105 1128.2954626054732 5.5000000000000009 3.5000000000000004 3299.0350000000003 3149.8965387637249 8.5000000000000018 1.0000000180025095e-35 19.500000000000004 1791.2250409248356 4000.4550000000004 4.5000000000000009 3350.0250000000005 1.5000000000000002 18.500000000000004 1.0000000180025095e-35 4879.1867463358958 1.0000000180025095e-35 15.500000000000002 2395.2355910430888 3.5000000000000004 1.5000000000000002 5.5000000000000009 1.5000000000000002 7.5000000000000009 1.5000000000000002 7.5000000000000009 5.5000000000000009 2023.5000000000002 4.5000000000000009 1.0000000180025095e-35
decision_type=2 2 2 2 2 2 2 2 2 2 2 2 2 2 2 2 2 2 2 2 2 2 2 2 2 2 2 2 2 2 2 2 2 2 2 2 2 2 2 2 2 2 2 2 2 2 2 2 2 2 2 2 2 2 2 2 2 2 2 2 2 2
left_child=1 3 5 31 8 7 29 18 25 15 56 17 13 14 -5 50 -12 -7 19 -2 21 22 -9 -23 46 -4 28 -28 -27 30 60 58 -16 43 35 -17 -21 44 -35 52 -32 -42 -31 -15 -10 49 -22 -18 -20 -39 -8 -52 -19 61 -11 -50 57 -6 -1 -60 -3 -44
right_child=2 6 4 12 10 11 9 20 37 54 16 -13 -14 33 32 34 47 39 48 36 24 23 -24 -25 -26 26 27 -29 -30 42 40 -33 -34 38 -36 -37 -38 45 -40 -41 41 -43 53 -45 -46 -47 -48 -49 55 -51 51 -53 -54 -55 -56 -57 -58 -59 59 -61 -62 -63
leaf_value=-25.199740558400361 2.0688216603985268 -17.773145275673652 70.092633724361875 -18.53605764682024 -16.285502049763998 37.142024665725977 7.3149057528434529 17.501818035065181 -15.494750571780735 6.3455350427677955 186.36845449942132 -32.367255553520963 -25.91881649262071 -14.096179774146311 0.21847502382727854 102.66351690727367 -17.052836731480017 49.161293319355359 33.365742153386755 63.130766905273504 53.604094569104568 97.358501848432937 144.89036202519318 53.211665215558106 51.727903036671513 88.377653215896999 46.520344577125883 121.16733969030091 -21.014957794561621 8.2550919778142937 12.996439118329997 -20.181449906371576 23.474643251093593 -8.6498379473504574 13.213222657401955 28.370606665705203 139.86921995420715 43.733368969792906 -24.163572654867679 31.014695120440191 164.59924945606906 41.109507549251632 -0.34241137972449631 -8.2334077949706703 82.62016326801546 50.371892092738413 13.340107634596322 83.572537712396354 53.534184016997997 -14.776407996502122 10.787627871945716 40.344189171172957 -7.8738027443742018 -12.388599741014986 -15.225719533911203 -25.252601368283266 154.40059309862099 139.0483412723751 -31.112723807673518 -64.16172677219275 8.0074821405893708 -19.834163160548588
leaf_weight=12120 130 495 4201 2320 29 1637 5047 62 35 1111 26 202 2763 16960 3889 113 61 87 4435 493 271 298 182 1610 9350 120 229 690 81 2750 430 31997 945 2240 1870 3310 73 137 4698 523 33 500 11082 18631 296 396 513 50 51 193 1103 647 712 2430 996 148 391 90 1410 329 1016 611
leaf_count=12120 130 495 4201 2320 29 1637 5047 62 35 1111 26 202 2763 16960 3889 113 61 87 4435 493 271 298 182 1610 9350 120 229 690 81 2750 430 31997 945 2240 1870 3310 73 137 4698 523 33 500 11082 18631 296 396 513 50 51 193 1103 647 712 2430 996 148 391 90 1410 329 1016 611
internal_value=0.0210112 -10.8331 51.4933 -16.6151 74.8647 43.5878 6.11109 47.4789 69.7715 13.8903 124.887 21.895 -11.7647 -10.9771 -2.7904 16.9828 59.6875 25.609 35.4229 59.9827 52.7058 66.1643 112.725 60.1541 49.8416 74.77 92.2362 102.637 44.4082 0.402184 12.5745 -22.1621 4.76875 -12.3541 24.6242 30.8524 73.2574 44.562 -19.1568 11.3106 32.981 49.0491 -1.38322 -11.0275 72.23 31.8655 27.3085 28.6153 31.722 9.57274 11.0295 21.7319 -1.60978 -3.26042 -3.8538 -4.89428 142.25 101.374 -26.733 -37.3985 -0.444356 -1.36253
internal_weight=159648 131846 27802 98302 7025 20777 33544 17616 6378 14197 647 3161 52446 49683 7154 12090 137 2959 5330 696 12286 2152 244 1908 10134 5321 1120 919 201 19347 2474 45856 4834 42529 5293 3423 566 1057 6938 1322 963 533 16873 35591 331 726 784 111 4634 330 6797 1750 799 14123 2107 199 510 119 13859 1739 1511 11693
internal_count=159648 131846 27802 98302 7025 20777 33544 17616 6378 14197 647 3161 52446 49683 7154 12090 137 2959 5330 696 12286 2152 244 1908 10134 5321 1120 919 201 19347 2474 45856 4834 42529 5293 3423 566 1057 6938 1322 963 533 16873 35591 331 726 784 111 4634 330 6797 1750 799 14123 2107 199 510 119 13859 1739 1511 11693
is_linear=0
shrinkage=0.05


Tree=33
num_leaves=63
num_cat=0
split_feature=10 10 10 10 10 10 3 5 3 7 6 3 3 3 14 3 7 12 0 0 10 10 0 12 6 15 11 14 10 3 15 11 7 8 11 3 9 6 15 10 15 15 3 14 11 3 3 5 11 5 3 9 12 11 7 8 11 11 0 12 5 3
split_gain=3.22543e+10 3.41895e+09 2.73936e+09 1.22553e+09 6.84474e+08 5.43908e+08 4.73163e+08 4.28758e+08 4.03746e+08 2.99238e+08 3.4059e+08 2.95818e+08 5.55147e+08 4.98988e+08 3.69893e+08 2.66398e+08 2.77915e+08 2.61923e+08 2.29398e+08 3.48899e+08 2.06643e+08 1.90863e+08 1.81851e+08 1.77383e+08 1.67668e+08 2.05686e+08 1.91674e+08 1.57126e+08 1.53967e+08 1.80411e+08 1.53819e+08 1.51724e+08 1.46707e+08 1.41961e+08 1.39553e+08 1.39446e+08 1.3381e+08 1.25322e+08 1.21699e+08 1.15706e+08 1.15202e+08 1.12074e+08 2.12253e+08 1.1594e+08 1.1177e+08 1.10578e+08 3.15987e+08 1.63151e+08 1.07567e+08 2.38869e+08 1.0661e+08 1.06548e+08 1.06218e+08 1.28592e+08 1.05806e+08 9.90224e+07 9.84499e+07 9.07881e+07 8.81004e+07 8.41815e+07 1.58085e+08 8.3426e+07
threshold=6000.1450000000013 3540.6000000000008 9000.0450000000019 12000.005000000003 4500.4050000000007 2635.2500000000005 287.50000000000006 2022.5000000000002 124.50000000000001 1.0000000180025095e-35 1.0000000180025095e-35 276.50000000000006 86.500000000000014 80.500000000000014 6733.2506666666677 150.50000000000003 1.0000000180025095e-35 11882.280714285715 59.500000000000007 33.500000000000007 7400.5350000000008 17561.605000000003 32.500000000000007 9066.6392857142873 1.0000000180025095e-35 1791.2250409248356 14498.490000000002 6029.6793333333344 9999.9950000000008 108.50000000000001 6037.7917475630766 4539.2750000000005 1.0000000180025095e-35 2.5000000000000004 9789.3250000000025 168.50000000000003 1.0000000180025095e-35 1.0000000180025095e-35 642.71307552860947 1755.7850000000001 4606.9221282247199 3149.8965387637249 124.50000000000001 3763.4378333333339 10000.005000000003 266.50000000000006 284.50000000000006 2021.5000000000002 4800.3550000000005 2023.5000000000002 290.50000000000006 2.5000000000000004 15426.107142857145 12000.005000000003 1.0000000180025095e-35 1.0000000180025095e-35 2200.7950000000005 2805.2900000000004 66.500000000000014 8465.8728571428583 2023.5000000000002 88.500000000000014
decision_type=2 2 2 2 2 2 2 2 2 2 2 2 2 2 2 2 2 2 2 2 2 2 2 2 2 2 2 2 2 2 2 2 2 2 2 2 2 2 2 2 2 2 2 2 2 2 2 2 2 2 2 2 2 2 2 2 2 2 2 2 2 2
left_child=1 5 9 7 23 39 11 8 52 10 20 12 13 -5 -14 17 -17 -10 19 -13 45 40 27 54 25 59 34 -12 29 -9 -20 -24 37 44 36 -29 -26 38 -7 -1 -8 43 -43 -22 -27 47 -47 -2 49 -30 -35 -40 53 -4 57 -50 -39 -3 -33 -6 -61 -25
right_child=2 4 3 6 24 32 21 28 15 -11 22 18 14 -15 -16 16 -18 -19 30 -21 41 -23 31 61 26 33 -28 35 48 -31 -32 58 -34 50 -36 -37 -38 56 51 -41 -42 42 -44 -45 -46 46 -48 -49 55 -51 -52 -53 -54 -55 -56 -57 -58 -59 -60 60 -62 -63
leaf_value=-31.01365149635226 -1.4878324536124539 -17.096950029229557 79.180552413301655 58.80099792676814 4.181323527823805 -14.062348825405222 33.137280807495124 54.838930870645697 -27.351879884346047 -12.363304871473794 44.882526799312302 128.42573564703059 -27.034484816140278 158.62778804534565 71.010000198468802 60.25885197835246 -7.8302281524850148 45.851023653914886 174.23394133245029 15.67779482090727 104.21425327927318 68.731610598276902 -9.7381966570712706 105.38418922218116 15.183700503973624 24.914729318517477 127.94933549765881 37.653964509602751 49.515079378705799 2.9992760298870231 75.393468054199218 -2.205768210014234 -26.176161114070659 27.474515998981616 -28.414108119481046 -19.035100014090538 -3.4293456550779662 -30.306692925192319 -10.834083038494713 -21.333603653195897 -80.809646584647041 96.463887924386682 15.427485712843557 37.424069384208188 1.4520785240369332 90.054915808550277 23.532179834692066 26.729612848067138 57.130904719744791 7.7865192489253445 -11.607223641672119 -0.43921806803635244 182.82239902496337 36.773244144807613 -19.079715684335795 46.154274686767394 -16.101686523468857 -4.3791773536298662 24.452075825458859 -4.3303951630903326 93.313535895096635 24.041444151766665
leaf_weight=3427 604 1489 2384 203 7412 20425 36 274 198 513 697 264 122 333 446 2834 158 316 259 93 66 82 943 36 1302 3677 28 197 963 431 49 452 2355 242 425 239 3728 1382 8041 31580 55 237 123 2601 589 246 648 3368 2808 533 618 3555 23 196 1432 7934 10446 24160 984 91 75 221
leaf_count=3427 604 1489 2384 203 7412 20425 36 274 198 513 697 264 122 333 446 2834 158 316 259 93 66 82 943 36 1302 3677 28 197 963 431 49 452 2355 242 425 239 3728 1382 8041 31580 55 237 123 2601 589 246 648 3368 2808 533 618 3555 23 196 1432 7934 10446 24160 984 91 75 221
internal_value=0.0205616 -11.4322 44.1214 54.99 -0.463647 -17.5809 92.8337 51.1279 62.0554 24.973 26.6533 100.548 84.5188 121 49.9406 50.9497 56.6618 17.6539 126.993 99.1803 32.4169 13.8245 13.6944 -5.46416 7.05281 10.2065 -0.25484 30.172 45.9658 23.196 158.804 5.83748 -14.0185 17.9412 -0.936231 6.60654 1.39064 -13.365 -11.7397 -22.2821 -35.8615 42.6787 68.8959 39.1154 21.6764 26.0259 41.9173 22.4394 47.2755 34.663 -0.590661 -7.64763 76.9884 75.9744 -5.85706 49.0287 -17.7638 -5.11812 16.0655 4.9729 40.0804 35.8001
internal_weight=159648 126736 32912 20994 45525 81211 1942 19052 6109 11918 11405 1769 1104 536 568 3506 2992 514 665 357 7893 173 3512 27338 18187 12704 5483 1133 12943 705 308 2379 46204 5126 5455 436 5030 43849 32021 35007 91 3027 360 2667 4266 4866 894 3972 12238 1496 860 11596 2603 2580 27081 10742 11828 25649 1436 7578 166 257
internal_count=159648 126736 32912 20994 45525 81211 1942 19052 6109 11918 11405 1769 1104 536 568 3506 2992 514 665 357 7893 173 3512 27338 18187 12704 5483 1133 12943 705 308 2379 46204 5126 5455 436 5030 43849 32021 35007 91 3027 360 2667 4266 4866 894 3972 12238 1496 860 11596 2603 2580 27081 10742 11828 25649 1436 7578 166 257
is_linear=0
shrinkage=0.05


Tree=34
num_leaves=63
num_cat=0
split_feature=10 10 10 10 10 12 2 5 2 2 2 0 10 2 0 0 13 2 9 9 8 4 4 0 2 0 2 0 13 5 0 4 10 15 0 12 15 14 10 5 11 12 14 4 14 4 0 4 10 0 2 0 11 12 0 10 12 0 8 2 15 4
split_gain=2.91123e+10 3.08578e+09 2.47246e+09 1.10693e+09 6.21824e+08 4.91577e+08 4.85258e+08 4.02567e+08 3.96328e+08 3.9138e+08 3.45289e+08 4.00236e+08 2.9076e+08 2.37886e+08 4.14887e+08 2.06151e+08 1.96534e+08 3.3035e+08 2.06744e+08 1.92614e+08 1.78341e+08 2.55672e+08 1.68262e+08 1.67238e+08 1.65357e+08 2.29188e+08 1.62731e+08 1.61658e+08 1.59637e+08 1.52984e+08 1.40661e+08 1.75681e+08 1.33932e+08 1.33219e+08 1.32674e+08 1.32634e+08 1.28979e+08 1.28643e+08 1.255e+08 1.2161e+08 1.15102e+08 1.12209e+08 1.46781e+08 1.1167e+08 1.7347e+08 1.62674e+08 1.09387e+08 1.20207e+08 1.03396e+08 1.02399e+08 1.05052e+08 1.018e+08 9.9718e+07 9.26577e+07 8.93004e+07 8.90673e+07 8.89146e+07 8.86219e+07 8.41978e+07 8.40402e+07 8.01427e+07 2.36316e+08
threshold=6000.1450000000013 3540.6000000000008 9000.0450000000019 12000.005000000003 4300.7050000000008 2614.4257142857145 5.5000000000000009 2022.5000000000002 5.5000000000000009 5.5000000000000009 1.0000000180025095e-35 37.500000000000007 17561.605000000003 1.0000000180025095e-35 26.500000000000004 12.500000000000002 2617.0922850036491 1.5000000000000002 1.5000000000000002 2.5000000000000004 1.0000000180025095e-35 3.5000000000000004 4.5000000000000009 15.500000000000002 1.0000000180025095e-35 29.500000000000004 5.5000000000000009 75.500000000000014 2528.2985916037264 2021.5000000000002 79.500000000000014 8.5000000000000018 7400.5350000000008 3149.8965387637249 21.500000000000004 9066.6392857142873 2767.7207595584318 6440.6951666666673 1755.7850000000001 2023.5000000000002 1999.2550000000003 11411.227142857142 8739.6698333333352 6.5000000000000009 9299.2155000000021 5.5000000000000009 19.500000000000004 9.5000000000000018 2947.3850000000007 26.500000000000004 1.5000000000000002 5.5000000000000009 11126.180000000002 15426.107142857145 35.500000000000007 5343.1400000000003 12000.380714285717 83.500000000000014 2.5000000000000004 5.5000000000000009 3369.8929387825142 4.5000000000000009
decision_type=2 2 2 2 2 2 2 2 2 2 2 2 2 2 2 2 2 2 2 2 2 2 2 2 2 2 2 2 2 2 2 2 2 2 2 2 2 2 2 2 2 2 2 2 2 2 2 2 2 2 2 2 2 2 2 2 2 2 2 2 2 2
left_child=1 5 8 6 35 38 7 22 13 12 11 -6 16 14 29 -12 18 -18 -5 43 39 -22 53 -11 25 -7 56 -24 -16 -2 55 -32 34 46 -15 59 -31 -21 -1 -9 -26 54 -43 45 -45 -8 47 -10 -42 51 -51 -14 -30 -4 -25 -13 -17 -39 -36 -3 -27 -62
right_child=2 4 3 9 10 24 19 20 33 23 15 30 49 32 28 26 17 -19 -20 37 21 -23 27 41 40 60 -28 -29 52 36 31 -33 -34 -35 58 -37 -38 57 -40 -41 48 42 -44 44 -46 -47 -48 -49 -50 50 -52 -53 -54 -55 -56 -57 -58 -59 -60 -61 61 -63
leaf_value=-31.358687292107859 -89.514873926116195 -5.22990775568831 74.000127460177268 79.985965545275974 0.40815265567637016 -21.339944538838978 41.987012249929755 68.194165124858714 22.596561466719358 138.19583382924398 17.802744522651206 43.290791101916277 144.40203152804904 37.034716618207248 56.368830418386167 3.3478869744821966 41.149700796376102 110.69455750947061 -22.994697411699995 -25.850584421337771 -6.0049920509956989 44.542352464713417 44.863445209243302 65.398776909510303 -38.131471890740116 -4.3836875424608159 -9.4221377430376432 67.331891331934415 139.82004967023744 0.018607852876418297 38.627602289168181 -16.475353693939063 32.656937929904089 -45.684633464954516 14.334225784494215 34.512443340819082 93.604575647753336 15.138018424940427 -20.505042967975186 46.427055386919434 -18.082304253429289 92.649402559687587 2.0703471788469252 37.629355300638522 -30.563503533404806 92.239301960633554 0.04624123795225251 126.91399896437122 -12.715877529288431 94.76460691047437 156.35469352848904 46.361366464366085 50.779977473020558 174.06215904235842 -45.150570694285555 81.120924315635989 72.233704926511066 48.353386246149718 37.827758930456071 -13.719823787472587 92.682265200979572 -2.0774271497007919
leaf_weight=2933 40 19728 1905 120 1190 2283 820 1382 261 35 2153 648 44 945 736 14356 229 690 81 158 258 8009 1555 23 528 6708 2892 1675 105 256 481 206 3327 134 4204 198 42 983 29341 1221 14010 88 90 496 114 201 1372 30 25033 98 300 68 47 23 76 207 46 252 419 3420 84 291
leaf_count=2933 40 19728 1905 120 1190 2283 820 1382 261 35 2153 648 44 945 736 14356 229 690 81 158 258 8009 1555 23 528 6708 2892 1675 105 256 481 206 3327 134 4204 198 42 983 29341 1221 14010 88 90 496 114 201 1372 30 25033 98 300 68 47 23 76 207 46 252 419 3420 84 291
internal_value=0.0201304 -10.8605 41.918 52.2436 -0.440096 -16.7019 48.5731 52.0402 23.7262 88.2094 5.55512 22.1965 98.031 27.5679 48.2167 3.21624 83.6281 93.4287 38.5779 30.185 46.5712 42.9643 63.5545 36.7484 -13.5423 -7.56691 1.39938 56.5323 66.1442 1.06097 39 22.1048 24.7168 2.08604 19.9673 -6.13562 13.4775 16.5129 -21.4923 58.0055 -14.9563 23.4791 47.1185 41.8448 24.8559 51.9605 5.96042 33.7488 -14.642 129.435 141.465 85.8144 112.8 75.2834 -19.0702 52.5337 3.57291 21.9492 16.4713 -6.48479 -3.12518 19.3388
internal_weight=159648 126736 32912 20994 45525 81211 19052 16028 11918 1942 22179 2732 1630 10121 1226 19447 1120 919 201 3024 10870 8267 5158 312 48937 9366 17294 3230 888 338 1542 687 8895 1797 5568 23346 298 1393 32274 2603 39571 277 178 1631 610 1021 1663 291 39043 510 398 112 152 1928 99 855 14402 1235 4623 23148 7083 375
internal_count=159648 126736 32912 20994 45525 81211 19052 16028 11918 1942 22179 2732 1630 10121 1226 19447 1120 919 201 3024 10870 8267 5158 312 48937 9366 17294 3230 888 338 1542 687 8895 1797 5568 23346 298 1393 32274 2603 39571 277 178 1631 610 1021 1663 291 39043 510 398 112 152 1928 99 855 14402 1235 4623 23148 7083 375
is_linear=0
shrinkage=0.05


Tree=35
num_leaves=63
num_cat=0
split_feature=10 10 10 10 10 10 5 3 3 6 7 3 12 3 10 3 5 6 0 11 3 6 15 11 9 12 0 0 14 3 15 3 7 5 11 11 3 3 7 9 9 7 12 0 6 14 5 11 3 12 3 3 12 15 3 3 3 12 3 9 5 11
split_gain=2.62771e+10 2.78887e+09 2.248e+09 9.45013e+08 6.32733e+08 4.00456e+08 3.86339e+08 3.90878e+08 8.61096e+08 3.7565e+08 3.56657e+08 3.1014e+08 4.12604e+08 3.28249e+08 2.97701e+08 2.67702e+08 1.9865e+08 1.93155e+08 1.83747e+08 1.81196e+08 1.81091e+08 1.70007e+08 2.33866e+08 1.71534e+08 1.67695e+08 1.66903e+08 1.61958e+08 1.61051e+08 1.63663e+08 1.8461e+08 1.58182e+08 1.46555e+08 1.39717e+08 1.43655e+08 1.38822e+08 1.33841e+08 1.30601e+08 1.27304e+08 1.24274e+08 1.19685e+08 1.14219e+08 1.11115e+08 1.5834e+08 1.00657e+08 1.00144e+08 9.94138e+07 2.40104e+08 1.74987e+08 1.00264e+08 9.91565e+07 1.00198e+08 9.72801e+07 9.41196e+07 9.38942e+07 9.31693e+07 1.37768e+08 1.19755e+08 8.79719e+07 1.39029e+08 8.59884e+07 8.26881e+07 8.14638e+07
threshold=6000.1450000000013 3499.2850000000003 9999.9950000000008 14498.490000000002 4300.7050000000008 2599.8550000000005 2022.5000000000002 84.500000000000014 82.500000000000014 1.0000000180025095e-35 1.0000000180025095e-35 96.500000000000014 13619.525 124.50000000000001 7400.5350000000008 288.50000000000006 2022.5000000000002 1.0000000180025095e-35 20.500000000000004 3949.1050000000005 46.500000000000007 1.0000000180025095e-35 1791.2250409248356 14498.490000000002 1.5000000000000002 10882.272857142858 5.5000000000000009 32.500000000000007 6029.6793333333344 168.50000000000003 5153.4035330993411 238.50000000000003 1.0000000180025095e-35 2023.5000000000002 9789.3250000000025 4539.2750000000005 322.50000000000006 152.50000000000003 1.0000000180025095e-35 2.5000000000000004 1.0000000180025095e-35 1.0000000180025095e-35 8808.0057142857167 58.500000000000007 1.0000000180025095e-35 6965.9275000000016 2023.5000000000002 4140.2050000000008 248.50000000000003 13619.525 266.50000000000006 286.50000000000006 1883.2442857142858 642.71307552860947 260.50000000000006 106.50000000000001 267.50000000000006 8465.8728571428583 253.50000000000003 2.5000000000000004 2023.5000000000002 2000.2650000000001
decision_type=2 2 2 2 2 2 2 2 2 2 2 2 2 2 2 2 2 2 2 2 2 2 2 2 2 2 2 2 2 2 2 2 2 2 2 2 2 2 2 2 2 2 2 2 2 2 2 2 2 2 2 2 2 2 2 2 2 2 2 2 2 2
left_child=1 5 9 6 41 52 7 8 17 10 14 12 -9 -13 49 19 20 -4 -18 39 -16 22 57 34 25 -12 -21 28 -11 37 -17 -28 36 -34 40 -29 -24 -30 44 -5 -23 42 -3 -26 53 46 51 -48 -47 50 -2 -8 -1 -7 55 -37 -56 -6 -59 -55 -44 -46
right_child=2 4 3 15 21 38 45 11 -10 27 24 13 -14 -15 16 30 18 -19 -20 26 -22 23 32 -25 43 -27 31 35 29 -31 -32 -33 33 -35 -36 54 -38 -39 -40 -41 -42 -43 60 -45 61 48 47 -49 -50 -51 -52 -53 -54 59 56 -57 -58 58 -60 -61 -62 -63
leaf_value=-28.786155442040183 19.588301624074205 -5.7592661843227244 87.380463772559352 -42.447260076623223 2.6410359346959957 -13.003597162966191 48.671394101188405 -60.957640095637402 252.5458367175591 40.463049525422662 2.530427420272336 73.486024596347875 65.260194239653359 48.091787053674572 -2.0591437079236399 49.020655313873299 -7.4374559235170086 -30.482778841654461 36.155420135373376 166.16930681782387 54.266848570358789 11.511964590767263 16.600905167666067 115.90627626972812 -105.93180351844201 149.74278849283857 76.275438342978887 -9.5998431482654993 21.392060311553525 -23.608165029394929 -107.14116037368774 113.92780889822855 -26.813371119107941 51.68973826356337 -28.023585165816861 22.772510073543469 61.780374019478302 126.11178980210248 -24.528386423413313 90.004114594613355 -4.0310863355202056 -19.768071533137842 21.575375771247906 -25.83262226044048 -30.153878278441795 47.801154205417511 -36.774787651760128 22.632427344949242 34.61748275650784 119.18593270760996 38.234756191260146 21.352389694364202 -19.508941951068564 -10.186149057096344 127.0494911289215 -8.8266094469612444 26.096996069227131 64.146919487606397 -37.004689123734188 -0.41608531590725639 99.300325350988487 -15.189909409152012
leaf_weight=3010 3958 25124 128 37 9417 20319 1717 129 81 784 232 2114 128 3227 152 49 295 47 1330 92 2313 1600 5408 30 51 20 495 1023 203 276 23 568 325 70 474 684 164 33 2257 30 4515 1416 190 164 998 7509 152 653 1802 26 882 405 30286 7365 31 694 375 131 45 3244 41 10307
leaf_count=3010 3958 25124 128 37 9417 20319 1717 129 81 784 232 2114 128 3227 152 49 295 47 1330 92 2313 1600 5408 30 51 20 495 1023 203 276 23 568 325 70 474 684 164 33 2257 30 4515 1416 190 164 998 7509 152 653 1802 26 882 405 30286 7365 31 694 375 131 45 3244 41 10307
internal_value=0.0198328 -10.3174 39.8252 50.7405 -0.967455 -16.2012 47.783 58.3561 118.746 24.1784 29.6766 55.5737 1.91499 58.1549 31.8979 92.0217 41.843 55.7324 28.2419 97.5376 50.7942 5.27789 8.13285 -1.43381 -12.8988 14.7597 102.172 11.5469 26.1186 4.11758 -1.64863 96.4827 15.9043 -12.806 -1.98557 4.81214 17.9415 36.5054 -13.0971 17.3107 0.0369955 -6.14154 -5.37979 -45.2354 -12.4856 42.7211 34.6522 11.3834 45.2537 23.5318 22.9935 43.4699 -20.3485 -11.0128 13.0772 6.86343 34.0984 3.29773 38.2213 -7.199 35.7393 -16.5135
internal_weight=159648 126736 32912 19386 48950 77786 18092 5854 256 13526 9423 5598 257 5341 8956 1294 4090 175 1625 1222 2465 22179 15560 6619 467 252 1155 4103 1296 512 72 1063 5967 395 6589 2807 5572 236 44490 67 6115 26771 25355 215 42233 12238 2927 805 9311 4866 4840 2122 33296 30928 1784 1378 406 9593 176 10609 231 11305
internal_count=159648 126736 32912 19386 48950 77786 18092 5854 256 13526 9423 5598 257 5341 8956 1294 4090 175 1625 1222 2465 22179 15560 6619 467 252 1155 4103 1296 512 72 1063 5967 395 6589 2807 5572 236 44490 67 6115 26771 25355 215 42233 12238 2927 805 9311 4866 4840 2122 33296 30928 1784 1378 406 9593 176 10609 231 11305
is_linear=0
shrinkage=0.05


Tree=36
num_leaves=63
num_cat=0
split_feature=10 10 10 10 2 10 10 10 2 2 10 15 5 2 2 9 9 3 3 14 9 3 3 1 3 9 2 7 3 5 3 13 2 10 7 2 1 7 5 9 10 15 11 1 9 7 2 1 3 3 2 15 2 5 3 1 2 1 13 13 3 13
split_gain=2.37355e+10 3.45398e+09 1.36124e+09 7.86517e+08 5.31153e+08 4.93456e+08 3.60274e+08 3.10313e+08 2.4508e+08 2.34487e+08 2.11548e+08 2.10613e+08 1.96642e+08 2.18764e+08 1.76567e+08 2.96745e+08 1.75366e+08 1.6848e+08 2.77115e+08 1.95873e+08 1.52846e+08 1.52441e+08 4.36705e+08 1.98913e+08 1.76582e+08 3.11547e+08 1.73562e+08 1.48157e+08 4.30985e+08 1.52886e+08 2.58128e+08 1.45225e+08 1.43576e+08 1.37063e+08 1.34206e+08 1.32105e+08 2.31691e+08 1.29222e+08 1.61236e+08 1.19807e+08 1.16289e+08 1.12566e+08 2.01659e+08 1.12133e+08 1.11139e+08 1.0844e+08 1.14071e+08 1.04896e+08 1.04029e+08 2.64488e+08 1.09982e+08 1.02126e+08 1.0067e+08 1.17238e+08 8.79029e+07 8.78679e+07 8.77234e+07 1.01873e+08 8.71388e+07 8.70282e+07 9.90917e+07 9.77045e+07
threshold=6998.2500000000009 4140.9450000000006 11999.985000000002 3200.6050000000005 5.5000000000000009 17561.605000000003 5400.6950000000006 8000.5550000000012 5.5000000000000009 5.5000000000000009 2468.7000000000003 2983.8702851461935 2021.5000000000002 3.5000000000000004 1.0000000180025095e-35 2.5000000000000004 1.0000000180025095e-35 98.500000000000014 126.50000000000001 9630.3374999999996 2.5000000000000004 285.50000000000006 281.50000000000006 14.500000000000002 290.50000000000006 1.0000000180025095e-35 1.5000000000000002 1.0000000180025095e-35 277.50000000000006 2022.5000000000002 84.500000000000014 3716.3037709628406 5.5000000000000009 9999.9950000000008 1.0000000180025095e-35 1.0000000180025095e-35 7.5000000000000009 1.0000000180025095e-35 2023.5000000000002 1.0000000180025095e-35 9789.2000000000025 1791.2250409248356 4014.73 19.500000000000004 1.0000000180025095e-35 1.0000000180025095e-35 5.5000000000000009 2.5000000000000004 80.500000000000014 88.500000000000014 1.0000000180025095e-35 4879.1867463358958 5.5000000000000009 2023.5000000000002 34.500000000000007 4.5000000000000009 5.5000000000000009 7.5000000000000009 787.06312635383017 2273.1633680189375 62.500000000000007 4699.4111002022109
decision_type=2 2 2 2 2 2 2 2 2 2 2 2 2 2 2 2 2 2 2 2 2 2 2 2 2 2 2 2 2 2 2 2 2 2 2 2 2 2 2 2 2 2 2 2 2 2 2 2 2 2 2 2 2 2 2 2 2 2 2 2 2 2
left_child=1 3 4 10 7 8 14 48 21 -7 52 20 -8 37 15 55 -11 59 -19 -20 -6 22 26 -24 25 -23 -4 29 40 30 -9 47 34 -31 35 36 -5 -14 -39 -16 -29 -17 -43 54 -34 46 -41 -15 -2 -50 -51 -18 -1 -54 -22 -3 -12 -58 -46 60 -10 -61
right_child=2 6 5 32 11 9 12 27 17 16 56 -13 13 31 39 41 51 18 19 -21 43 24 23 -25 -26 -27 -28 28 -30 33 -32 -33 44 -35 -36 -37 -38 38 -40 45 -42 42 -44 -45 58 -47 -48 -49 49 50 -52 -53 53 -55 -56 -57 57 -59 -60 61 -62 -63
leaf_value=-19.091632000321223 13.492288248700213 -17.432182401024431 44.435412980462651 -13.111479317026852 30.268486693531539 118.2566448836084 0.09923301703398342 91.942928647332394 43.66473041414369 158.46631024395978 -13.48597052407186 -32.599819466404135 25.668890475272367 29.783871209824571 6.9727119481662374 14.566680667610862 -27.08072239229756 83.127891728606414 52.393943393219757 -14.647809693459237 42.778627277721057 59.725965384867656 109.58119542354297 237.64474622859512 58.370317758284514 -92.779709504540278 66.188272263369086 -16.867633554566769 -103.51249785085825 25.331216302194786 47.882822479123348 138.87385168166389 -4.2686586937089102 42.894643144057063 -20.133749612683339 -6.9192833844829993 9.8084414981623045 -34.619835243011472 74.376824447541011 0.8538288053360148 43.72449806808342 162.25548599655565 41.505716109665507 25.382208323052996 -16.403594806292819 -22.331500829178612 -12.04234790408975 3.9611881338779029 103.04963142348875 56.099583165341883 24.540159373872555 68.488562619826368 -24.967668082807123 -53.836770959359626 -10.190218996359624 8.5917617056669151 -10.917628920913874 -25.365837451673119 -36.830539262920098 -50.658370230014505 -72.947536301385796 39.057164168246963
leaf_weight=21001 1108 480 1244 1667 1637 510 2260 384 140 26 34592 202 4516 445 4644 394 61 315 236 201 87 66 118 42 191 66 3594 96 64 1274 2515 20 1644 8960 1641 25142 3252 176 41 10084 439 36 568 523 3056 647 2065 3331 123 313 2340 50 2728 404 712 995 1872 3515 630 103 20 42
leaf_count=21001 1108 480 1244 1667 1637 510 2260 384 140 26 34592 202 4516 445 4644 394 61 315 236 201 87 66 118 42 191 66 3594 96 64 1274 2515 20 1644 8960 1641 25142 3252 176 41 10084 439 36 568 523 3056 647 2065 3331 123 313 2340 50 2728 404 712 995 1872 3515 630 103 20 42
internal_value=0.0193741 -8.83372 42.0024 -13.2924 35.5659 61.0311 5.85483 38.9525 56.7931 102.657 -16.6434 16.686 13.2127 16.6871 1.8678 14.3681 44.1486 34.7474 47.4461 21.5948 20.0605 61.165 63.3182 144.465 27.7546 -16.6511 60.6053 42.4832 18.1238 43.5928 53.7487 7.7426 -7.49067 40.7109 -6.21374 -5.45322 2.04002 23.8577 -13.7793 0.094536 32.8407 35.4095 48.959 7.40678 -15.0831 -2.40208 -1.33898 7.01146 26.462 31.632 28.2833 16.1956 -20.3407 -28.7075 -4.37638 0.116877 -14.4111 -20.348 -19.904 3.385 28.7256 -24.5822
internal_weight=159648 131846 27802 101144 20777 7025 30702 17616 6378 647 64112 3161 10789 8529 19913 2473 137 1057 752 437 2959 5321 4998 160 323 132 4838 13732 599 13133 2899 3796 37032 10234 31702 30061 4919 4733 217 17440 535 998 604 1322 5330 12796 12149 3776 3884 2776 2653 111 24133 3132 799 1475 39979 5387 3686 305 160 145
internal_count=159648 131846 27802 101144 20777 7025 30702 17616 6378 647 64112 3161 10789 8529 19913 2473 137 1057 752 437 2959 5321 4998 160 323 132 4838 13732 599 13133 2899 3796 37032 10234 31702 30061 4919 4733 217 17440 535 998 604 1322 5330 12796 12149 3776 3884 2776 2653 111 24133 3132 799 1475 39979 5387 3686 305 160 145
is_linear=0
shrinkage=0.05


Tree=37
num_leaves=63
num_cat=0
split_feature=10 10 10 10 10 3 2 2 12 5 3 2 2 7 2 1 2 1 11 1 1 2 8 3 1 8 1 10 3 3 5 15 2 1 13 12 5 15 10 12 1 3 5 2 15 10 11 11 12 3 3 12 13 7 15 2 11 1 3 3 13 10
split_gain=2.14426e+10 2.14246e+09 2.07395e+09 8.32535e+08 4.25296e+08 4.04041e+08 3.80374e+08 3.48312e+08 3.34298e+08 3.0413e+08 2.42492e+08 6.48426e+08 7.87064e+08 2.3522e+08 2.34876e+08 3.0453e+08 2.34334e+08 4.36501e+08 2.07947e+08 1.79906e+08 2.68358e+08 1.54053e+08 1.53386e+08 3.43806e+08 1.50677e+08 1.50653e+08 1.48704e+08 1.46682e+08 1.45576e+08 5.18442e+08 1.42843e+08 1.42746e+08 1.36396e+08 1.97126e+08 1.3279e+08 1.26128e+08 1.2497e+08 1.24568e+08 1.20538e+08 1.38779e+08 1.16472e+08 1.08621e+08 1.06639e+08 1.05388e+08 1.03582e+08 9.96358e+07 9.88385e+07 9.82178e+07 9.76501e+07 1.00158e+08 9.26365e+07 9.09361e+07 9.08182e+07 8.5776e+07 7.95286e+07 7.93313e+07 8.1175e+07 7.63108e+07 1.84576e+08 9.80237e+07 7.51108e+07 7.49206e+07
threshold=5800.8400000000011 9000.0450000000019 3499.2850000000003 12000.005000000003 4300.7050000000008 287.50000000000006 5.5000000000000009 5.5000000000000009 2559.7964285714293 2022.5000000000002 276.50000000000006 1.5000000000000002 4.5000000000000009 1.0000000180025095e-35 1.0000000180025095e-35 7.5000000000000009 1.0000000180025095e-35 4.5000000000000009 8700.3950000000023 14.500000000000002 8.5000000000000018 1.0000000180025095e-35 1.0000000180025095e-35 72.500000000000014 7.5000000000000009 2.5000000000000004 14.500000000000002 17561.605000000003 84.500000000000014 80.500000000000014 2021.5000000000002 2794.1647277555421 1.0000000180025095e-35 7.5000000000000009 12.701738805550368 12000.380714285717 2023.5000000000002 3149.8965387637249 7400.5350000000008 13619.525 3.5000000000000004 96.500000000000014 2023.5000000000002 5.5000000000000009 4606.9221282247199 1755.7850000000001 1899.7700000000002 8700.3950000000023 9066.6392857142873 88.500000000000014 219.50000000000003 6016.7971428571445 1513.6076288708625 1.0000000180025095e-35 5153.4035330993411 5.5000000000000009 2249.7450000000003 4.5000000000000009 275.50000000000006 168.50000000000003 3240.2100545687676 2947.3850000000007
decision_type=2 2 2 2 2 2 2 2 2 2 2 2 2 2 2 2 2 2 2 2 2 2 2 2 2 2 2 2 2 2 2 2 2 2 2 2 2 2 2 2 2 2 2 2 2 2 2 2 2 2 2 2 2 2 2 2 2 2 2 2 2 2
left_child=2 7 8 6 48 10 9 13 45 28 11 18 -13 16 15 -6 17 30 -5 20 -12 -21 42 -24 25 -15 -8 44 29 -3 -2 -19 33 -10 -28 40 50 57 39 -18 51 -30 -11 -42 -7 -1 -34 -36 55 -50 -17 -16 -40 -35 -29 -4 -57 58 59 -9 -51 -48
right_child=1 3 4 5 14 27 26 37 32 22 19 12 -14 24 35 36 38 31 -20 21 -22 -23 23 -25 -26 -27 34 54 41 -31 -32 -33 46 53 47 -37 -38 -39 52 -41 43 -43 -44 -45 -46 -47 61 -49 49 60 -52 -53 -54 -55 -56 56 -58 -59 -60 -61 -62 -63
leaf_value=-27.7490759644236 -112.62194144306643 37.612220936255021 -4.642065343702698 -48.922665635889224 -3.8116677703297612 25.160043701481179 39.599966235472898 43.412194153930969 -18.801855376164564 60.130889660620817 105.91953593891022 133.03302889759365 39.159585684078976 9.4557500751619425 17.980650511580961 37.030415442640916 17.198006160567935 49.519128116904717 53.65044700067255 247.0937274380388 2.4257918767231268 123.22040760922687 -27.50778025608437 38.269345743607538 -27.466805633654062 144.28033515625 38.688887483203224 95.176719307277509 13.677280759086386 206.54388048880443 0.94553156456580523 97.367607044019209 -37.355062304125148 -0.89971000230963039 13.287465221339568 76.988308492217755 61.419214873257332 -42.104098461678944 18.612713037983578 145.99935064406623 2.106474956473523 54.442105399092647 39.762361705143206 -8.9172629875245697 -82.985498025076723 -17.907081674278462 -15.708289483931615 -29.960791079495227 124.27552567799887 43.620680013585975 9.5683930582138004 -4.391100108683692 36.068122306091546 -24.088991020219467 -3.2061522137491334 -38.043747879584629 -10.325833734022455 -0.74020624123398493 148.38670671735491 -12.361579587069427 -18.846941212621228 -11.255743678582736
leaf_weight=2853 30 131 22625 131 953 36 1145 150 2466 1382 276 457 438 122 1749 712 6469 914 78 28 81 280 203 8064 366 24 503 45 170 69 259 189 425 6465 1230 55 294 158 1199 20 12950 4788 1221 2603 55 26360 16330 146 23 107 541 613 1985 424 37 284 3646 1551 27 164 86 22463
leaf_count=2853 30 131 22625 131 953 36 1145 150 2466 1382 276 457 438 122 1749 712 6469 914 78 28 81 280 203 8064 366 24 503 45 170 69 259 189 425 6465 1230 55 294 158 1199 20 12950 4788 1221 2603 55 26360 16330 146 23 107 541 613 1985 424 37 284 3646 1551 27 164 86 22463
internal_value=0.0188599 34.8407 -9.62379 44.8616 -1.36034 76.0526 41.6785 19.4001 -14.6423 44.748 83.1808 68.6885 87.1877 22.7637 4.06491 18.4211 24.2968 43.4777 -10.5686 107.101 82.5101 135.245 39.9946 36.651 -10.3513 32.4495 25.3995 3.10359 54.7558 96.6313 -11.1912 57.7988 -12.0998 -6.67374 16.7297 2.06676 32.1107 0.403241 21.5323 17.6174 1.83246 53.0474 50.5955 0.261052 -40.3941 -18.8692 -13.3939 8.68019 -5.50867 27.8984 25.1904 12.1752 29.5028 -2.33024 51.2806 -5.78145 -12.338 3.97338 25.3521 14.3352 15.8317 -13.1304
internal_weight=159648 34621 125027 20994 47241 1942 19052 13627 77786 16028 1769 1104 895 11577 20470 2500 11065 1392 209 665 357 308 10870 8267 512 146 3024 173 5158 200 289 1103 48573 9355 1879 17970 1547 2050 9673 6489 17915 4958 2603 15553 91 29213 39218 1376 26771 216 1253 2362 3184 6889 82 26555 3930 1892 341 314 193 38793
internal_count=159648 34621 125027 20994 47241 1942 19052 13627 77786 16028 1769 1104 895 11577 20470 2500 11065 1392 209 665 357 308 10870 8267 512 146 3024 173 5158 200 289 1103 48573 9355 1879 17970 1547 2050 9673 6489 17915 4958 2603 15553 91 29213 39218 1376 26771 216 1253 2362 3184 6889 82 26555 3930 1892 341 314 193 38793
is_linear=0
shrinkage=0.05


Tree=38
num_leaves=63
num_cat=0
split_feature=10 10 10 12 2 10 10 10 2 2 2 15 9 7 2 9 12 10 7 4 2 13 15 4 9 7 4 0 12 4 15 15 10 2 9 0 7 0 12 15 11 2 0 12 0 10 14 0 15 4 0 2 0 0 4 0 0 0 13 14 11 4
split_gain=1.93593e+10 2.82417e+09 1.11912e+09 5.83009e+08 4.37346e+08 4.18479e+08 3.77124e+08 2.51852e+08 2.05831e+08 1.94434e+08 1.90717e+08 1.79848e+08 1.57943e+08 1.45661e+08 1.68846e+08 2.5231e+08 1.68704e+08 1.44462e+08 1.3977e+08 3.40835e+08 1.60017e+08 3.36927e+08 1.61909e+08 1.40382e+08 1.30702e+08 1.29304e+08 2.08589e+08 1.56286e+08 1.36466e+08 1.22729e+08 1.21193e+08 1.42746e+08 1.20979e+08 1.20656e+08 2.21693e+08 1.20105e+08 1.18379e+08 1.72414e+08 1.16871e+08 1.0726e+08 1.45619e+08 1.01665e+08 3.32866e+08 1.0122e+08 9.92376e+07 9.56426e+07 9.46565e+07 9.32959e+07 9.06332e+07 9.01606e+07 8.97753e+07 9.78018e+07 1.51308e+08 8.9631e+07 8.88036e+07 8.69578e+07 8.68855e+07 7.85952e+07 8.43107e+07 7.76535e+07 7.73522e+07 7.68551e+07
threshold=6998.2500000000009 4000.4950000000003 11999.985000000002 2893.849285714286 5.5000000000000009 17561.605000000003 5135.2650000000003 8000.5550000000012 5.5000000000000009 5.5000000000000009 5.5000000000000009 2983.8702851461935 1.0000000180025095e-35 1.0000000180025095e-35 1.0000000180025095e-35 1.0000000180025095e-35 8808.0057142857167 2200.9250000000006 1.0000000180025095e-35 3.5000000000000004 2.5000000000000004 3026.3383415523681 1344.1348905272134 9.5000000000000018 1.0000000180025095e-35 1.0000000180025095e-35 9.5000000000000018 78.500000000000014 15426.107142857145 6.5000000000000009 2302.9400117846303 610.5960590664705 9200.3700000000008 1.0000000180025095e-35 2.5000000000000004 20.500000000000004 1.0000000180025095e-35 25.500000000000004 13619.525 2110.7605708897659 4000.4550000000004 1.0000000180025095e-35 23.500000000000004 12000.380714285717 10.500000000000002 3249.0250000000005 9550.627666666669 18.500000000000004 4879.1867463358958 3.5000000000000004 26.500000000000004 1.5000000000000002 68.500000000000014 5.5000000000000009 6.5000000000000009 76.500000000000014 18.500000000000004 82.500000000000014 606.81878255574202 8905.8466666666682 17561.605000000003 3.5000000000000004
decision_type=2 2 2 2 2 2 2 2 2 2 2 2 2 2 2 2 2 2 2 2 2 2 2 2 2 2 2 2 2 2 2 2 2 2 2 2 2 2 2 2 2 2 2 2 2 2 2 2 2 2 2 2 2 2 2 2 2 2 2 2 2 2
left_child=1 3 4 17 7 9 33 43 50 18 36 24 -10 14 15 -5 -17 -1 20 -20 22 -22 -4 -21 29 28 32 -28 35 -6 31 -11 -27 34 56 -9 41 -38 49 55 -41 42 -8 54 -43 -16 -31 -35 -14 -32 53 52 -52 -7 -2 -36 -3 58 -26 -45 -30 -13
right_child=2 6 5 13 11 8 10 25 12 30 -12 61 48 -15 45 16 -18 -19 19 23 21 -23 -24 -25 57 26 27 -29 60 46 38 -33 -34 47 39 -37 37 -39 -40 40 -42 44 -44 59 -46 -47 -48 -49 -50 -51 51 -53 -54 -55 -56 -57 -58 -59 -60 -61 -62 -63
leaf_value=-20.641157152459858 16.449956675182037 -18.537450087897547 -29.806176910400396 -15.934848851197211 47.013572588644706 122.42602883063421 -11.941802660694371 28.732170031412188 147.21112672028718 110.6681061469184 -3.4761555331540488 58.057031957452956 -28.49856521268045 -19.886083643748009 -12.572203012139569 2.3092178101102596 66.813641782593962 -14.558469158831446 -140.28453499103415 53.557849080876792 56.353006399411242 99.288597502509745 49.372862978644477 -40.601087081584524 32.482820232520673 -30.965044089765161 -87.626932936106641 64.936128456809314 192.68805737582119 23.563847303979728 14.742490481677809 -10.777267079271473 38.292511243688345 7.0286555764380907 34.543480482225526 41.295979389417198 39.588985364217024 -27.171835905400908 -59.435279155032987 143.59256905610221 37.409342844438449 29.032807980519053 43.031835416243254 120.65776822353931 11.109656115380263 -7.4451069921229163 -32.259347977016283 -2.7089433635088063 61.516267116771033 54.570905989829001 -5.1741443112022001 133.63531846911408 122.45826856428579 30.811761556777402 32.13909633815009 -3.7729449150634538 6.1614118338921635 32.076012308429874 -0.052761291117264957 30.318941399069395 64.737858413696287 -41.122697821921044
leaf_weight=13859 2300 512 66 2300 597 44 384 2324 26 26 1942 21 61 2706 14619 6394 102 33089 28 257 2264 575 2085 46 235 73 72 21 21 436 189 232 433 2907 268 10759 129 377 27 34 448 850 969 46 8410 24096 91 15959 50 583 37 300 61 68 1488 329 1163 326 1274 50 29 181
leaf_count=13859 2300 512 66 2300 597 44 384 2324 26 26 1942 21 61 2706 14619 6394 102 33089 28 257 2264 575 2085 46 235 73 72 21 21 436 189 232 433 2907 268 10759 129 377 27 34 448 850 969 46 8410 24096 91 15959 50 583 37 300 61 68 1488 329 1163 326 1274 50 29 181
internal_value=0.0184871 -7.97692 37.9342 -12.3488 32.0982 55.1878 4.27171 35.1712 93.519 51.2853 10.9796 14.9665 38.7327 -8.60366 -7.96067 -1.70704 3.33219 -16.3545 55.1796 23.6187 57.268 65.0809 46.9307 39.1765 18.0849 38.352 15.5989 -52.8528 39.3885 31.5055 31.6477 1.84143 28.2594 0.219066 9.99341 39.0666 13.5044 -10.1073 41.2579 27.6571 45.1812 14.631 27.4323 23.9186 12.7578 -9.3814 13.8817 -1.20822 12.2358 44.8519 108.132 119.348 74.705 67.568 22.6198 13.4567 -1.39488 9.8516 5.03223 74.404 121.202 -30.5767
internal_weight=159648 131846 27802 97165 20777 7025 34681 17616 647 6378 13061 3161 137 50217 47511 8796 6496 46948 5321 331 4990 2839 2151 303 2959 13732 599 93 13133 1124 1057 258 506 21620 2754 13083 11119 506 799 1079 482 10613 1353 3884 9260 38715 527 18866 111 772 510 398 98 112 3788 597 1675 1835 1509 96 50 202
internal_count=159648 131846 27802 97165 20777 7025 34681 17616 647 6378 13061 3161 137 50217 47511 8796 6496 46948 5321 331 4990 2839 2151 303 2959 13732 599 93 13133 1124 1057 258 506 21620 2754 13083 11119 506 799 1079 482 10613 1353 3884 9260 38715 527 18866 111 772 510 398 98 112 3788 597 1675 1835 1509 96 50 202
is_linear=0
shrinkage=0.05


Tree=39
num_leaves=63
num_cat=0
split_feature=10 10 10 10 10 6 7 10 5 12 13 5 0 6 10 14 12 4 13 14 0 14 0 12 14 7 12 5 0 15 4 12 4 9 0 15 8 12 0 0 4 4 14 13 14 5 13 15 0 10 6 4 15 13 14 8 0 4 5 13 4 7
split_gain=1.75016e+10 1.99085e+09 1.54086e+09 6.43467e+08 3.86682e+08 2.96295e+08 2.80638e+08 2.69009e+08 2.57875e+08 1.90509e+08 1.83146e+08 2.31232e+08 1.82902e+08 1.82828e+08 2.2681e+08 1.69408e+08 1.7979e+08 1.56676e+08 1.38e+08 3.25608e+08 1.37101e+08 1.86955e+08 1.37551e+08 1.25714e+08 1.25428e+08 1.19324e+08 1.34512e+08 1.21397e+08 1.14899e+08 1.15481e+08 1.14927e+08 1.12383e+08 1.0951e+08 1.08737e+08 1.08374e+08 1.80523e+08 1.37595e+08 1.02723e+08 1.01094e+08 9.83046e+07 9.76529e+07 9.53118e+07 9.26582e+07 8.73466e+07 8.64947e+07 2.14934e+08 8.5159e+07 8.09771e+07 7.85181e+07 7.7889e+07 7.68468e+07 8.14279e+07 7.71705e+07 7.59114e+07 6.7054e+07 6.60303e+07 1.54111e+08 7.82885e+07 6.53564e+07 2.37429e+08 8.21568e+07 6.35788e+07
threshold=5599.3250000000007 9999.9950000000008 3287.1650000000004 14498.490000000002 4248.9100000000008 1.0000000180025095e-35 1.0000000180025095e-35 7400.5350000000008 2022.5000000000002 2445.3707142857152 1513.6076288708625 2023.5000000000002 32.500000000000007 1.0000000180025095e-35 11999.985000000002 4582.8091666666669 6095.1992857142859 4.5000000000000009 1874.9367197728504 12197.029 33.500000000000007 6029.6793333333344 75.500000000000014 7669.1114285714293 3878.8826666666673 1.0000000180025095e-35 8366.0028571428575 2023.5000000000002 4.5000000000000009 2563.494342210895 7.5000000000000009 13619.525 6.5000000000000009 2.5000000000000004 71.500000000000014 1344.1348905272134 2.5000000000000004 10592.202142857144 75.500000000000014 73.500000000000014 3.5000000000000004 10.500000000000002 3562.8046666666673 2760.7646982802116 6965.9275000000016 2023.5000000000002 177.31633973589035 2282.8621987736719 11.500000000000002 1699.325 1.0000000180025095e-35 4.5000000000000009 751.34067603372375 2664.1196719890286 11254.016333333335 2.5000000000000004 22.500000000000004 8.5000000000000018 2021.5000000000002 3118.8938789861763 7.5000000000000009 1.0000000180025095e-35
decision_type=2 2 2 2 2 2 2 2 2 2 2 2 2 2 2 2 2 2 2 2 2 2 2 2 2 2 2 2 2 2 2 2 2 2 2 2 2 2 2 2 2 2 2 2 2 2 2 2 2 2 2 2 2 2 2 2 2 2 2 2 2 2
left_child=2 5 9 8 25 6 7 31 13 49 46 -12 32 15 17 24 -17 -15 19 -5 21 55 41 -16 -3 26 50 33 -20 -30 -31 42 -8 -28 61 -36 37 -37 -38 -14 -23 -22 -2 -41 45 47 -9 -10 -42 -1 52 -52 -4 -47 -46 57 -57 -7 60 -60 -24 -6
right_child=1 3 4 18 34 20 12 10 44 -11 11 -13 39 14 23 16 -18 -19 28 -21 22 40 58 -25 -26 -27 27 -29 29 30 -32 -33 -34 -35 35 36 38 -39 -40 43 48 -43 -44 -45 54 53 -48 -49 -50 -51 51 -53 -54 -55 -56 56 -58 -59 59 -61 -62 -63
leaf_value=-26.789006794396215 49.236813217196286 4.7353846995035811 -6.8578071900888675 -85.227572505950931 1.08280988131696 34.906277697373405 67.145168669223779 -43.737780498429842 47.554327131918228 -12.207030839636234 47.231581290020451 0.44238653925441257 -55.130545070532598 -56.283339459896084 -17.728169388476715 -88.079104163128406 52.544321394559965 18.738919106495711 136.58457593596125 144.79855345611571 -12.326909991416828 37.749903898648917 -23.014307253667425 46.538218242817862 133.97559821348926 -18.071951830132893 -14.827276588868813 89.36930965235976 192.2453171648298 54.918568215285873 87.24965293310845 105.21216971732474 -11.672133390729023 45.25012369310155 -0.80889921489793637 20.470859003251476 43.057185254681343 104.46474813822154 -10.672406578480619 -16.602297719252739 8.5112090809660153 17.322835893345601 16.742868592253394 90.866568180265887 37.494064280963407 13.01044690490138 22.130263281433528 27.606833142260196 -29.776541856360105 -16.881071950183703 -3.0473069726972093 -12.639018783513697 -1.1705985799269261 -25.365932319001381 -35.308051548004151 133.92235817565918 14.785196220210345 -1.3847650762226271 16.569302541900239 186.38295363108318 17.510362011221741 -14.323725590922002
leaf_weight=2209 226 23 12005 39 13002 788 95 50 860 45647 2381 297 197 95 80 22 3889 252 82 24 1518 127 240 1390 103 1911 168 60 20 508 621 36 81 135 2913 2534 101 36 617 189 264 329 6822 20 9280 645 1362 1262 270 19675 3395 6357 11855 160 31 49 60 183 1074 20 259 705
leaf_count=2209 226 23 12005 39 13002 788 95 50 860 45647 2381 297 197 95 80 22 3889 252 82 24 1518 127 240 1390 103 1911 168 60 20 508 621 36 81 135 2913 2534 101 36 617 189 264 329 6822 20 9280 645 1362 1262 270 19675 3395 6357 11855 160 31 49 60 183 1074 20 259 705
internal_value=0.0180749 30.5219 -8.96641 41.4632 -2.81763 17.9968 22.3869 24.15 39.0228 -14.0464 34.3609 42.0446 -11.4464 47.661 34.4535 53.5955 51.731 -1.90301 75.5269 3.29462 8.03291 19.4617 2.24477 43.0311 110.607 -5.91788 -5.23373 24.9993 79.218 75.0087 72.7636 18.2507 31.0103 12.0007 2.77087 8.25508 16.2831 21.6876 -3.06496 -29.8823 -1.48335 -7.03898 17.7917 -5.93445 34.8873 27.3677 19.7685 35.7097 -10.8672 -17.8824 -5.56097 -9.30048 -4.03225 5.36083 37.2479 32.2704 69.0729 28.0723 13.0065 19.8411 -1.9875 0.289409
internal_weight=159648 36323 123325 19386 55794 16937 11756 11174 18092 67531 4090 2678 582 5854 1817 4037 3911 347 1294 63 5181 1741 3440 1470 126 35886 33975 363 1231 1149 1129 7084 176 303 19908 6201 3288 2570 718 406 661 1847 7048 209 12238 2927 1412 2122 534 21884 33612 9752 23860 805 9311 1080 109 971 1593 1094 499 13707
internal_count=159648 36323 123325 19386 55794 16937 11756 11174 18092 67531 4090 2678 582 5854 1817 4037 3911 347 1294 63 5181 1741 3440 1470 126 35886 33975 363 1231 1149 1129 7084 176 303 19908 6201 3288 2570 718 406 661 1847 7048 209 12238 2927 1412 2122 534 21884 33612 9752 23860 805 9311 1080 109 971 1593 1094 499 13707
is_linear=0
shrinkage=0.05


Tree=40
num_leaves=63
num_cat=0
split_feature=10 10 10 10 2 0 10 10 2 12 5 3 3 3 2 3 7 0 3 3 3 3 0 3 11 2 3 0 13 15 8 3 15 2 0 15 0 5 2 0 2 2 11 10 15 2 0 3 15 7 0 8 3 14 3 7 0 2 15 7 5 11
split_gain=1.58086e+10 1.69882e+09 1.3631e+09 5.81402e+08 3.63842e+08 4.87241e+08 3.41145e+08 3.03297e+08 2.98276e+08 2.90378e+08 2.51159e+08 3.61945e+08 6.37272e+08 2.60998e+08 2.42216e+08 2.24314e+08 1.87034e+08 1.9338e+08 1.72359e+08 2.54392e+08 3.15849e+08 1.88406e+08 1.92669e+08 1.84878e+08 1.50061e+08 1.7335e+08 3.33829e+08 1.60739e+08 1.37299e+08 1.53999e+08 1.36236e+08 6.62142e+08 1.38139e+08 1.35225e+08 2.11191e+08 1.32787e+08 1.26829e+08 1.24841e+08 1.19575e+08 1.74611e+08 1.10274e+08 1.07864e+08 1.4442e+08 1.07392e+08 1.06491e+08 1.06099e+08 1.09243e+08 1.00984e+08 2.34012e+08 1.00352e+08 9.99997e+07 9.7973e+07 3.97711e+08 9.73487e+07 9.6635e+07 9.56593e+07 9.51877e+07 9.11459e+07 8.94063e+07 8.72274e+07 8.25354e+07 8.08338e+07
threshold=6000.1450000000013 3650.5150000000008 9999.9950000000008 14498.490000000002 1.0000000180025095e-35 26.500000000000004 2705.7250000000004 4688.4050000000016 5.5000000000000009 12000.380714285717 2022.5000000000002 86.500000000000014 82.500000000000014 88.500000000000014 5.5000000000000009 288.50000000000006 1.0000000180025095e-35 31.500000000000004 98.500000000000014 246.50000000000003 245.50000000000003 28.500000000000004 36.500000000000007 280.50000000000006 3949.1050000000005 1.5000000000000002 241.50000000000003 7.5000000000000009 4154.2107688728292 2767.7207595584318 2.5000000000000004 283.50000000000006 4367.0318496902373 1.0000000180025095e-35 22.500000000000004 4606.9221282247199 12.500000000000002 2023.5000000000002 1.0000000180025095e-35 25.500000000000004 3.5000000000000004 5.5000000000000009 1607.2050000000002 8000.5550000000012 2767.7207595584318 5.5000000000000009 30.500000000000004 282.50000000000006 4172.7825912611497 1.0000000180025095e-35 77.500000000000014 1.0000000180025095e-35 72.500000000000014 8822.9390000000003 291.50000000000006 1.0000000180025095e-35 73.500000000000014 5.5000000000000009 487.57979811094816 1.0000000180025095e-35 2023.5000000000002 2889.0450000000005
decision_type=2 2 2 2 2 2 2 2 2 2 2 2 2 2 2 2 2 2 2 2 2 2 2 2 2 2 2 2 2 2 2 2 2 2 2 2 2 2 2 2 2 2 2 2 2 2 2 2 2 2 2 2 2 2 2 2 2 2 2 2 2 2
left_child=1 6 4 8 5 28 41 38 10 43 11 12 -4 -13 16 24 30 40 21 20 -20 -10 -23 -21 -5 26 -26 -27 29 -2 32 -32 -6 34 -9 -17 54 55 39 -3 -18 -1 -43 -7 60 49 -47 48 -41 -8 -49 -12 -53 -11 -35 -36 -19 59 -48 -38 -16 -40
right_child=2 7 3 15 14 9 45 33 18 53 51 13 -14 -15 44 35 17 56 19 23 -22 22 -24 -25 25 27 -28 -29 -30 -31 31 -33 -34 36 37 -37 57 -39 61 47 -42 42 -44 -45 -46 46 58 50 -50 -51 -52 52 -54 -55 -56 -57 -58 -59 -60 -61 -62 -63
leaf_value=-14.473098925583882 -10.622677716089598 -12.160919715453078 49.606338016971662 4.0097858964695652 17.700488647496861 42.92790668381484 -7.6336555227026155 -10.60540282342197 28.944531539209773 246.20176146011352 44.156252335817371 -67.807249559783926 222.22581718630909 47.220270329239121 8.4586470867522863 65.275651264805944 -5.4304197048750078 -58.680592804297717 33.238025265773352 -32.203744998208009 126.36355388208763 21.571013778311311 -58.373774514631798 23.491994270211606 -32.88826944455996 152.93923329432809 87.061164763077457 83.814199160935701 -130.09524094354541 91.38035487947009 109.84300904578689 11.745677409907479 56.18101993687948 20.386944198927576 24.741431112163387 -70.515694572093878 5.4894691351182781 58.797627256586317 -15.935688011010706 16.666326380254002 90.751540861614671 -45.43275944379107 -19.215302978322541 79.349637644466952 -29.955632090806962 -5.6263580355287388 -11.729223476815502 8.5465277926592638 153.15696445465088 -18.896153925456662 -34.255408620007763 -41.726178144975144 34.333583400193156 108.85742610258215 -51.076171227279978 -31.62887947317995 -4.9362362732229439 -7.2243878378726478 -25.952489780301814 -16.18865335018954 -24.894741630531492 -3.5108019630724239
leaf_weight=33422 310 971 156 67 8569 652 38693 472 266 24 2426 49 81 4705 1589 30 60 166 1531 248 96 121 197 370 90 95 160 810 20 41 240 602 239 1422 1089 42 9465 266 1396 1741 58 596 4422 297 254 2089 2030 477 31 2084 190 175 7671 33 48 80 163 2018 2431 487 209 20816
leaf_count=33422 310 971 156 67 8569 652 38693 472 266 24 2426 49 81 4705 1589 30 60 166 1531 248 96 121 197 370 90 95 160 810 20 41 240 602 239 1422 1089 42 9465 266 1396 1741 58 596 4422 297 254 2089 2030 477 31 2084 190 175 7671 33 48 80 163 2018 2431 487 209 20816
internal_value=0.0176499 -8.00032 30.8922 39.3918 18.7081 43.06 -12.0012 0.375475 37.0721 61.1066 39.8368 49.0463 109.289 46.0207 15.9447 71.7711 19.1271 -12.469 22.1472 28.4393 38.8071 -2.04811 -27.9823 1.12567 76.8211 81.0376 43.9204 91.2312 -5.90774 1.51795 20.5918 39.804 18.7509 5.93393 18.3904 -13.8168 4.16525 27.9284 -2.95401 5.76248 42.2108 -15.5003 -22.3376 54.398 0.283808 -9.15891 -15.066 12.9001 19.1392 -8.2097 -3.67895 35.3578 32.632 169.935 18.0203 20.86 -32.1491 2.46238 -19.4842 4.42713 4.56995 -4.29237
internal_weight=159648 126736 32912 19386 13526 1377 85767 40969 18092 1006 15263 4991 237 4754 12149 1294 10097 447 2829 2245 1627 584 318 618 1222 1155 250 905 371 351 9650 842 8808 15347 1907 72 13440 1435 25622 3410 118 38440 5018 949 2052 47327 6550 2439 1772 40777 667 10272 7846 57 1470 1169 329 11970 4461 9952 1798 22212
internal_count=159648 126736 32912 19386 13526 1377 85767 40969 18092 1006 15263 4991 237 4754 12149 1294 10097 447 2829 2245 1627 584 318 618 1222 1155 250 905 371 351 9650 842 8808 15347 1907 72 13440 1435 25622 3410 118 38440 5018 949 2052 47327 6550 2439 1772 40777 667 10272 7846 57 1470 1169 329 11970 4461 9952 1798 22212
is_linear=0
shrinkage=0.05


Tree=41
num_leaves=63
num_cat=0
split_feature=10 10 10 10 10 2 0 2 2 2 8 4 7 13 12 9 10 10 2 2 0 15 0 7 0 9 11 0 0 12 13 8 9 7 13 2 9 9 15 7 12 9 4 11 13 2 7 11 2 11 4 4 9 0 0 0 2 2 9 13 0 13
split_gain=1.42821e+10 1.62494e+09 1.26954e+09 5.52035e+08 2.9405e+08 2.82535e+08 3.12802e+08 2.68159e+08 2.65278e+08 2.03957e+08 4.80368e+08 4.69423e+08 2.59514e+08 2.03135e+08 1.91698e+08 1.85861e+08 1.81773e+08 1.74808e+08 1.69993e+08 1.41435e+08 2.41418e+08 1.39887e+08 1.65099e+08 1.35021e+08 1.41728e+08 1.30358e+08 1.2787e+08 1.69996e+08 1.36794e+08 1.21107e+08 2.04229e+08 1.20079e+08 1.20006e+08 1.15171e+08 2.2233e+08 1.13761e+08 2.56838e+08 2.04557e+08 1.01388e+08 1.01163e+08 1.27624e+08 1.04017e+08 1.91741e+08 9.54893e+07 1.05217e+08 9.33519e+07 9.89308e+07 8.89919e+07 8.76438e+07 1.08308e+08 8.65649e+07 1.41807e+08 8.15825e+07 9.42262e+07 8.05663e+07 7.72756e+07 7.72275e+07 7.54038e+07 9.6419e+07 8.83501e+07 7.49702e+07 8.67881e+07
threshold=5599.3250000000007 9000.0450000000019 3324.5850000000005 12000.005000000003 4280.1150000000007 1.0000000180025095e-35 18.500000000000004 5.5000000000000009 5.5000000000000009 2.5000000000000004 2.5000000000000004 3.5000000000000004 1.0000000180025095e-35 4699.4111002022109 8575.8050000000021 1.5000000000000002 10000.005000000003 2520.4700000000003 5.5000000000000009 1.0000000180025095e-35 22.500000000000004 2767.7207595584318 70.500000000000014 1.0000000180025095e-35 32.500000000000007 2.5000000000000004 12000.005000000003 14.500000000000002 76.500000000000014 10341.104285714287 3422.1483359915333 2.5000000000000004 1.0000000180025095e-35 1.0000000180025095e-35 3026.3383415523681 1.5000000000000002 2.5000000000000004 3.5000000000000004 3149.8965387637249 1.0000000180025095e-35 8366.0028571428575 2.5000000000000004 9.5000000000000018 14498.490000000002 1764.7013683292205 5.5000000000000009 1.0000000180025095e-35 12000.005000000003 5.5000000000000009 1607.2050000000002 6.5000000000000009 5.5000000000000009 3.5000000000000004 78.500000000000014 77.500000000000014 87.500000000000014 5.5000000000000009 5.5000000000000009 1.0000000180025095e-35 416.81352289896364 77.500000000000014 2760.7646982802116
decision_type=2 2 2 2 2 2 2 2 2 2 2 2 2 2 2 2 2 2 2 2 2 2 2 2 2 2 2 2 2 2 2 2 2 2 2 2 2 2 2 2 2 2 2 2 2 2 2 2 2 2 2 2 2 2 2 2 2 2 2 2 2 2
left_child=2 5 17 7 39 6 -2 16 9 10 12 15 -5 -13 -12 -11 29 48 23 20 -6 52 -23 35 31 50 27 -10 -29 54 -31 -25 -21 -18 -35 36 -7 -37 -20 40 56 -42 -43 44 -22 46 -34 -24 -1 -50 51 -9 -8 -54 -3 -52 -4 -19 -59 -60 -27 -62
right_child=1 3 4 8 19 18 21 25 26 11 14 13 -14 -15 -16 -17 33 57 38 32 43 22 47 24 -26 60 -28 28 -30 30 -32 -33 45 34 -36 37 -38 -39 -40 -41 41 42 -44 -45 -46 -47 -48 -49 49 -51 55 -53 53 -55 -56 -57 -58 58 59 -61 61 -63
leaf_value=-14.507469073350212 -8.0467547898306613 27.993592622714914 -3.7746706007048241 -14.693095680511357 -15.193375799848049 22.168758534357242 26.561309311237824 29.550054426135162 140.0374931433893 163.20021640335889 220.10731337327226 43.81347583558825 150.86884479229266 115.00672983947754 77.317921734405786 92.045420248734331 45.742794582182739 -9.6406596496544115 3.4263774614889537 7.91892887279693 13.870261442429459 128.52333946524317 65.481742454013045 9.9643244362995045 -27.660552287077337 -2.6521590100055521 -84.461280575328416 -8.7359676760872897 69.741456099145211 32.253031005859377 146.14379570703656 128.00246788611778 1.5655112347815323 27.586570237026464 -119.74423169817243 14.235445419540817 -13.778409649755814 31.175940906059139 -37.229305655710625 -16.529951104184484 -0.96909102417411619 92.176469442844393 -14.562097789540012 -63.054587898254397 38.300329454910717 -11.226219578480023 -20.287051398017439 -33.335128082275396 -43.917912103951622 -19.289578763791361 29.257307628969997 76.413059209691426 80.090916905569202 33.82109128349304 36.887923463670383 -7.1544957944552117 -10.773596474596282 -6.648947096058162 -15.59385328434673 -32.525609609957783 26.266535136054195 -32.816481492415726
leaf_weight=24506 338 5647 27372 263 545 1088 626 820 30 189 25 521 25 124 294 189 5207 36018 2171 4592 1048 102 97 127 347 687 26 176 80 107 62 25 9743 300 27 6379 913 2474 164 1829 190 111 67 31 762 2072 546 29 521 3123 371 201 200 249 4678 239 4604 1892 2668 1085 638 68
leaf_count=24506 338 5647 27372 263 545 1088 626 820 30 189 25 521 25 124 294 189 5207 36018 2171 4592 1048 102 97 127 347 687 26 176 80 107 62 25 9743 300 27 6379 913 2474 164 1829 190 111 67 31 762 2072 546 29 521 3123 371 201 200 249 4678 239 4604 1892 2668 1085 638 68
internal_value=0.0171669 27.5729 -8.099 36.6095 -2.30451 15.1952 34.7958 34.0174 62.0082 70.091 46.9987 83.7336 0.150892 57.6571 89.1612 127.96 36.5947 -12.5404 12.843 2.62237 14.0175 45.9069 81.4631 15.3698 -10.0447 20.3497 19.6917 29.4214 15.9642 32.72 74.6494 30.0883 1.01787 43.9348 15.0936 16.539 5.76838 18.9725 0.556186 -5.0927 -4.44545 24.7925 52.1427 22.6685 24.1707 -1.54624 0.404015 42.6547 -15.5845 -22.8219 29.9404 38.8415 38.2969 54.5634 32.0266 15.0027 -4.7827 -10.4833 -15.8571 -20.4962 9.10709 20.5374
internal_weight=159648 36323 123325 20994 53512 15329 1641 19052 1942 1630 607 1023 288 645 319 378 16028 69813 13688 19339 2386 1303 228 11353 499 3024 312 286 256 10494 169 152 16953 5534 327 10854 2001 8853 2335 34173 32344 368 178 1841 1810 12361 10289 126 28150 3644 1631 1021 1075 449 10325 610 31976 41663 5645 3753 1393 706
internal_count=159648 36323 123325 20994 53512 15329 1641 19052 1942 1630 607 1023 288 645 319 378 16028 69813 13688 19339 2386 1303 228 11353 499 3024 312 286 256 10494 169 152 16953 5534 327 10854 2001 8853 2335 34173 32344 368 178 1841 1810 12361 10289 126 28150 3644 1631 1021 1075 449 10325 610 31976 41663 5645 3753 1393 706
is_linear=0
shrinkage=0.05


Tree=42
num_leaves=63
num_cat=0
split_feature=12 12 12 7 2 12 0 3 3 3 3 15 9 15 3 0 3 0 3 3 14 2 3 15 12 2 12 2 2 2 0 0 3 2 9 15 3 2 15 3 8 14 3 15 3 3 3 7 14 2 14 15 2 5 12 3 7 0 14 0 7 3
split_gain=1.07964e+10 1.74156e+09 1.07653e+09 4.65877e+08 4.10198e+08 3.02437e+08 2.93617e+08 2.89856e+08 3.97245e+08 2.75734e+08 5.90857e+08 2.77447e+08 2.31491e+08 2.25085e+08 2.00332e+08 1.99807e+08 1.97764e+08 1.88292e+08 1.79518e+08 2.5752e+08 1.98955e+08 1.58629e+08 2.59338e+08 1.56017e+08 1.47063e+08 1.30296e+08 1.27386e+08 1.1767e+08 1.16908e+08 2.01886e+08 1.0281e+08 9.99483e+07 1.26752e+08 9.60632e+07 9.10639e+07 1.0455e+08 1.21437e+08 9.06484e+07 1.59821e+08 9.02895e+07 1.87321e+08 9.00428e+07 3.00832e+08 8.75073e+07 8.25511e+07 7.81458e+07 8.66606e+07 7.3252e+07 7.06886e+07 6.84147e+07 6.71903e+07 6.16232e+07 6.14879e+07 9.14259e+07 7.13311e+07 6.13777e+07 5.78838e+07 5.52609e+07 5.43933e+07 5.54039e+07 6.27221e+07 5.2868e+07
threshold=6263.9550000000008 3745.2035714285716 9996.1114285714302 1.0000000180025095e-35 5.5000000000000009 2837.297857142858 62.500000000000007 114.50000000000001 80.500000000000014 287.50000000000006 259.50000000000006 3589.4388641006722 3.5000000000000004 2767.7207595584318 348.50000000000006 73.500000000000014 284.50000000000006 19.500000000000004 124.50000000000001 140.50000000000003 10182.287500000002 5.5000000000000009 118.50000000000001 2638.3248802194003 4740.1492857142866 5.5000000000000009 15426.107142857145 5.5000000000000009 1.5000000000000002 1.0000000180025095e-35 19.500000000000004 77.500000000000014 364.50000000000006 1.5000000000000002 3.5000000000000004 1344.1348905272134 270.50000000000006 5.5000000000000009 556.16448346819959 102.50000000000001 1.5000000000000002 12197.029 296.50000000000006 2582.9625619900316 232.50000000000003 310.50000000000006 290.50000000000006 1.0000000180025095e-35 2504.8763333333341 5.5000000000000009 3077.2241666666673 2134.1320450945382 3.5000000000000004 2023.5000000000002 7669.1114285714293 188.50000000000003 1.0000000180025095e-35 33.500000000000007 8822.9390000000003 26.500000000000004 1.0000000180025095e-35 283.50000000000006
decision_type=2 2 2 2 2 2 2 2 2 2 2 2 2 2 2 2 2 2 2 2 2 2 2 2 2 2 2 2 2 2 2 2 2 2 2 2 2 2 2 2 2 2 2 2 2 2 2 2 2 2 2 2 2 2 2 2 2 2 2 2 2 2
left_child=1 5 3 4 6 37 7 8 -2 10 18 -12 13 -11 -9 16 -13 51 21 23 -21 26 -23 -20 61 56 -4 34 29 -8 -27 32 -19 45 -26 -36 -37 48 -39 -5 -41 -35 -43 -30 -33 46 -14 -7 -1 -17 -40 55 53 -42 -54 -6 -15 -49 59 60 -29 -3
right_child=2 24 9 39 17 47 28 14 -10 12 11 15 33 25 -16 49 -18 31 19 20 -22 22 -24 -25 27 30 -28 58 43 -31 -32 44 -34 41 35 36 -38 38 50 40 52 42 -44 -45 -46 -47 -48 57 -50 -51 -52 -53 54 -55 -56 -57 -58 -59 -60 -61 -62 -63
leaf_value=-14.715082082267237 14.293188210326754 0.58006024730095829 44.219823701079761 -42.9643209002517 24.682530353587609 -7.1871800682562927 33.462290047777209 5.1473461952228172 55.055643567185442 25.955526529432419 44.617946760088714 110.86890966727911 47.342731036017931 -80.115467402164754 44.116419641029943 144.75413159775152 35.172324396954025 -13.191821028111193 11.646141549687719 36.871607471910195 -4.987183049692737 8.803207316465155 92.547237639250582 -50.609302012546003 4.9724393290424747 111.21230629660869 94.044145336868169 12.943856238081882 29.332962187259621 8.9015273487307081 -25.453512383667203 18.816080137440718 87.449152598381048 36.988002362524362 4.6290781908574656 30.091557010521814 -2.2613095012275126 -15.199017456282931 -43.015981511565144 28.860000068000318 -25.646832109650759 161.99535624504091 -50.952417736053469 42.786692638437493 -12.37737174872518 80.421869915771495 -50.260567727572671 -5.326629449523459 -10.365776243202109 65.276100123814174 -18.288007046650439 41.710748485738293 11.180575916583722 29.439735820007328 -66.780205907592773 -48.265524862380261 -28.635073673676473 -22.666323573992486 -37.862433653036753 -8.4716181473458274 -50.956307032515369 -4.8598751568468384
leaf_weight=20423 1666 19190 4433 214 91 38808 1658 4335 932 221 412 176 33 129 356 204 171 1425 597 3731 307 644 107 120 11054 21 132 610 5131 1690 36 707 31 226 1419 1326 371 5005 859 256 305 55 23 1590 302 24 68 692 17246 34 407 364 38 99 124 41 97 1371 119 1532 40 5820
leaf_count=20423 1666 19190 4433 214 91 38808 1658 4335 932 221 412 176 33 129 356 204 171 1425 597 3731 307 644 107 120 11054 21 132 610 5131 1690 36 707 31 226 1419 1326 371 5005 859 256 305 55 23 1590 302 24 68 692 17246 34 407 364 38 99 124 41 97 1371 119 1532 40 5820
internal_value=0.0167968 -6.66555 25.3168 18.5816 20.2493 -10.7718 23.1833 15.5366 28.9318 37.2991 39.4996 76.2124 11.1811 -11.7906 8.11348 98.3493 73.7743 3.04738 35.8579 28.7867 33.6887 42.1764 20.842 1.17084 1.73004 -41.2548 45.6808 5.39843 28.7167 21.0709 25.9463 -2.61221 -10.9905 38.1335 7.1014 14.6498 23.0214 -13.6515 -19.219 -14.1135 -6.55943 53.2628 99.3529 32.5216 9.47667 1.2081 -18.2188 -7.67559 -12.7242 133.721 -35.087 31.1229 -22.6022 -12.1085 -48.5367 1.83185 -58.2434 -16.8554 -5.08732 -3.28333 8.9393 -0.685994
internal_weight=159648 126292 33356 21355 20319 84811 17358 7289 2598 12001 11068 997 933 504 4691 585 347 2961 10071 4755 4038 5316 751 717 41481 283 4565 16471 10069 3348 57 2465 1456 429 14170 3116 1697 43940 6271 1036 822 304 78 6721 1009 125 101 40871 37669 238 1266 496 566 404 162 132 226 2063 2301 2182 650 25010
internal_count=159648 126292 33356 21355 20319 84811 17358 7289 2598 12001 11068 997 933 504 4691 585 347 2961 10071 4755 4038 5316 751 717 41481 283 4565 16471 10069 3348 57 2465 1456 429 14170 3116 1697 43940 6271 1036 822 304 78 6721 1009 125 101 40871 37669 238 1266 496 566 404 162 132 226 2063 2301 2182 650 25010
is_linear=0
shrinkage=0.05


Tree=43
num_leaves=63
num_cat=0
split_feature=12 12 12 7 3 3 13 12 9 6 0 11 8 13 15 14 3 0 13 11 14 15 14 3 3 3 11 3 3 3 15 3 7 3 3 3 3 8 11 3 3 3 13 3 0 3 14 9 14 3 11 13 6 5 3 3 0 11 13 9 7 7
split_gain=9.74489e+09 1.57885e+09 9.71892e+08 4.20557e+08 2.48676e+08 5.33775e+08 2.87257e+08 2.30937e+08 2.09149e+08 2.04838e+08 2.25345e+08 2.43693e+08 2.91648e+08 2.22192e+08 2.03202e+08 1.78659e+08 1.62074e+08 2.46178e+08 3.57022e+08 1.56704e+08 1.50949e+08 1.23414e+08 1.10785e+08 1.0001e+08 2.78841e+08 1.78854e+08 9.56291e+07 9.49816e+07 4.14981e+08 1.76909e+08 9.1596e+07 1.55291e+08 8.98806e+07 1.2827e+08 8.86412e+07 9.19282e+07 8.15268e+07 1.69127e+08 7.78103e+07 7.67747e+07 6.72272e+07 6.71023e+07 6.51302e+07 6.50994e+07 9.4851e+07 1.47815e+08 6.4302e+07 6.0835e+07 9.96129e+07 1.15141e+08 7.94156e+07 9.26673e+07 5.97961e+07 7.44652e+07 5.69672e+07 5.65939e+07 5.48189e+07 5.39698e+07 5.65857e+07 5.606e+07 9.07751e+07 5.34034e+07
threshold=6263.9550000000008 3475.5128571428572 9996.1114285714302 1.0000000180025095e-35 287.50000000000006 259.50000000000006 2339.1606151651431 4323.5878571428575 3.5000000000000004 1.0000000180025095e-35 60.500000000000007 9999.9950000000008 2.5000000000000004 2664.1196719890286 2767.7207595584318 2839.9775000000004 124.50000000000001 74.500000000000014 58.585995780268938 12000.005000000003 10182.287500000002 5574.0365680855239 4466.7440000000015 246.50000000000003 239.50000000000003 260.50000000000006 17561.605000000003 80.500000000000014 84.500000000000014 60.500000000000007 4023.8350823459982 280.50000000000006 1.0000000180025095e-35 88.500000000000014 178.50000000000003 168.50000000000003 102.50000000000001 1.5000000000000002 1999.4350000000002 227.50000000000003 284.50000000000006 286.50000000000006 1376.5780308459175 288.50000000000006 78.500000000000014 296.50000000000006 3899.0098333333335 3.5000000000000004 5648.2058333333343 270.50000000000006 7680.0700000000006 2213.3012490114766 1.0000000180025095e-35 2022.5000000000002 281.50000000000006 246.50000000000003 33.500000000000007 2815.3850000000007 359.38138552612423 1.0000000180025095e-35 1.0000000180025095e-35 1.0000000180025095e-35
decision_type=2 2 2 2 2 2 2 2 2 2 2 2 2 2 2 2 2 2 2 2 2 2 2 2 2 2 2 2 2 2 2 2 2 2 2 2 2 2 2 2 2 2 2 2 2 2 2 2 2 2 2 2 2 2 2 2 2 2 2 2 2 2
left_child=1 15 3 9 5 16 -7 57 14 10 11 12 -2 -13 -6 38 20 18 -18 -19 21 -4 41 24 -24 -25 -22 29 -29 -12 31 -8 47 46 35 -35 42 -38 52 -36 -32 54 -5 -10 45 -45 -34 50 -49 -50 51 -9 -1 -54 -11 -52 -44 -3 -59 -60 -61 -40
right_child=2 7 4 36 8 6 30 32 43 22 27 13 -14 -15 -16 -17 17 19 -20 -21 26 -23 23 25 -26 -27 -28 28 -30 -31 40 -33 33 34 39 -37 37 -39 61 -41 -42 -43 56 44 -46 -47 -48 48 49 -51 55 -53 53 -55 -56 -57 -58 58 59 60 -62 -63
leaf_value=-14.344538946129223 17.841480294601954 -15.33675418002526 34.075227485105749 24.346480419274531 24.663595862302696 39.282155445221086 -8.3759019413700813 3.1882149092501053 103.924839702375 -31.872997318329631 27.395497892060327 14.070661407732496 63.559009985361342 -19.128197201285126 -39.196105139759226 -8.1769872073771204 24.574332819148101 35.711238316315992 -36.239633341150601 -29.81485061970163 48.014188862539903 -84.967185086337011 14.134893708133502 -26.016863601639866 81.876046438579323 11.813348627379685 96.375439177696862 113.51527433049189 28.296146168209106 -10.49106545550173 122.24845573014044 94.370783436558838 38.515183962867376 10.004613609539739 -47.510446230944467 115.06817475752399 27.42261526378676 -21.47663762856623 -11.812172509786215 -4.6278856562299371 80.123462271808108 -99.392833775111626 -3.6307406895955405 85.812135327477009 -8.146783993704279 13.316753080947491 -54.31649362860842 3.6688766526154737 25.45567212159898 -1.153029945905554 -0.34252373751086468 18.59702210051476 -18.493402311557883 -37.270302490963658 43.243690315015392 -20.940551677425702 -67.752958597690949 -5.8824880195919382 3.5422926376735613 -1.6744977807585102 -20.971862955137951 -21.235136812155094
leaf_weight=3898 3327 838 3208 32 221 397 53 16283 32 107 1029 1325 389 812 283 32003 876 3454 332 93 1979 21 3983 419 157 1219 108 145 6909 439 268 118 20 395 135 21 256 566 34481 450 161 27 44 127 113 157 187 3059 1448 565 872 1037 1721 764 32 539 138 8220 5130 12012 641 1573
leaf_count=3898 3327 838 3208 32 221 397 53 16283 32 107 1029 1325 389 812 283 32003 876 3454 332 93 1979 21 3983 419 157 1219 108 145 6909 439 268 118 20 395 135 21 256 566 34481 450 161 27 44 127 113 157 187 3059 1448 565 872 1037 1721 764 32 539 138 8220 5130 12012 641 1573
internal_value=0.0162513 -6.33235 24.0527 17.6532 35.4378 37.5275 72.4218 0.366102 10.6343 19.2376 22.466 14.9079 22.6431 1.45298 -11.2007 -10.9982 34.0662 27.3473 7.84441 33.9853 40.0698 33.275 11.4276 12.5861 16.723 2.12642 50.5618 27.6547 30.0637 16.0662 94.2474 62.6617 3.82277 -9.47721 -2.05116 15.5715 -13.411 -6.23285 -13.1255 -14.5881 106.662 -28.732 -40.8261 36.253 30.5509 45.9228 -45.2052 4.49811 9.3553 17.9904 3.18245 4.11181 -18.2153 -24.2789 -14.3945 -8.2202 -52.3555 -2.85492 -2.45209 -0.866182 -2.65368 -12.2239
internal_weight=159648 126292 33356 21355 12001 11068 997 51852 933 20319 14375 5853 3716 2137 504 74440 10071 4755 1208 3547 5316 3229 5944 5778 4140 1638 2087 8522 7054 1468 600 171 25011 1208 1001 416 1036 822 42437 585 429 166 214 429 397 284 207 23803 5072 2013 18731 17320 6383 2485 139 1411 182 26841 26003 17783 12653 36054
internal_count=159648 126292 33356 21355 12001 11068 997 51852 933 20319 14375 5853 3716 2137 504 74440 10071 4755 1208 3547 5316 3229 5944 5778 4140 1638 2087 8522 7054 1468 600 171 25011 1208 1001 416 1036 822 42437 585 429 166 214 429 397 284 207 23803 5072 2013 18731 17320 6383 2485 139 1411 182 26841 26003 17783 12653 36054
is_linear=0
shrinkage=0.05


Tree=44
num_leaves=63
num_cat=0
split_feature=12 12 12 7 2 0 11 13 15 3 3 13 12 9 15 3 0 12 2 0 2 2 2 3 0 2 0 3 2 11 12 0 2 11 0 2 11 8 15 3 0 3 11 3 8 3 3 3 0 2 12 7 11 2 0 13 2 3 2 12 7 0
split_gain=8.79976e+09 1.32604e+09 9.76112e+08 3.97609e+08 3.77554e+08 2.51634e+08 2.69141e+08 2.4308e+08 2.36131e+08 2.24293e+08 4.82155e+08 2.59439e+08 1.97176e+08 1.88959e+08 1.83465e+08 1.52742e+08 1.50709e+08 1.48734e+08 1.2562e+08 1.36226e+08 1.22899e+08 2.09911e+08 1.17867e+08 1.11514e+08 2.59407e+08 1.42214e+08 1.10133e+08 1.13089e+08 1.07593e+08 1.06205e+08 9.6046e+07 9.31059e+07 8.46762e+07 1.18113e+08 1.11337e+08 8.13889e+07 9.68004e+07 1.98429e+08 9.04764e+07 8.32124e+07 7.93661e+07 7.34791e+07 8.826e+07 7.2741e+07 1.2807e+08 7.21346e+07 7.79816e+07 7.13941e+07 7.04864e+07 8.35044e+07 6.90467e+07 6.88811e+07 6.49164e+07 6.18971e+07 1.00078e+08 8.12386e+07 6.1322e+07 1.0994e+08 8.13311e+07 5.65145e+07 5.36982e+07 5.34623e+07
threshold=6016.7971428571445 3418.1571428571438 9996.1114285714302 1.0000000180025095e-35 5.5000000000000009 60.500000000000007 9999.9950000000008 2664.1196719890286 3055.8605597821247 287.50000000000006 259.50000000000006 2339.1606151651431 4323.5878571428575 3.5000000000000004 2767.7207595584318 252.50000000000003 23.500000000000004 2559.7964285714293 1.0000000180025095e-35 29.500000000000004 1.5000000000000002 1.0000000180025095e-35 5.5000000000000009 124.50000000000001 75.500000000000014 5.5000000000000009 77.500000000000014 364.50000000000006 3.5000000000000004 3562.4450000000002 10882.272857142858 19.500000000000004 1.5000000000000002 14498.490000000002 80.500000000000014 5.5000000000000009 3358.8950000000004 2.5000000000000004 2087.7261645781 248.50000000000003 28.500000000000004 246.50000000000003 4034.8750000000005 88.500000000000014 1.5000000000000002 310.50000000000006 290.50000000000006 232.50000000000003 4.5000000000000009 1.0000000180025095e-35 11882.280714285715 1.0000000180025095e-35 3992.4350000000004 5.5000000000000009 31.500000000000004 434.96259423946015 3.5000000000000004 106.50000000000001 4.5000000000000009 1839.0292857142861 1.0000000180025095e-35 32.500000000000007
decision_type=2 2 2 2 2 2 2 2 2 2 2 2 2 2 2 2 2 2 2 2 2 2 2 2 2 2 2 2 2 2 2 2 2 2 2 2 2 2 2 2 2 2 2 2 2 2 2 2 2 2 2 2 2 2 2 2 2 2 2 2 2 2
left_child=1 17 3 4 5 6 8 -8 -2 10 15 -12 -3 14 -11 23 41 59 19 -13 21 -7 -16 25 -25 -4 27 -18 -20 -22 -17 -24 45 50 -35 36 37 39 -39 -14 60 42 -6 61 56 46 -15 -28 49 -38 -34 -50 -42 -19 -55 -56 57 -45 -58 -1 -37 -5
right_child=2 12 9 43 16 20 7 -9 -10 13 11 18 35 32 22 30 26 53 28 -21 29 -23 31 24 -26 -27 47 -29 -30 -31 -32 -33 33 34 -36 40 48 38 -40 -41 52 -43 -44 44 -46 -47 -48 -49 51 -51 -52 -53 -54 54 55 -57 58 -59 -60 -61 -62 -63
leaf_value=-20.656720773820762 16.969111487805836 -2.9071331374139735 41.385028594445359 10.662876308147723 -42.263331049868938 29.906042760627074 12.419316120017333 -18.204966279149058 55.394415150343427 23.435971424901808 37.322983031352265 48.274198133680557 18.279251706589125 43.367952198701751 -53.404018696688347 -70.114257173018018 -14.36060033536924 -7.9722298574877577 59.314096741593836 187.63795860163373 -60.690452359517423 5.8908463629903407 107.77516973322088 7.9792704315764453 34.667876419807676 17.87130415895518 17.265747726521731 79.250547059955025 105.79596881163748 29.353755300279758 12.196604144763947 -22.308396089914687 38.400848394540645 125.0031298640003 0.82895998458862297 10.017941213274453 -20.055766778392954 87.260210109070272 -13.985704602841977 -29.275266703744219 -16.970046103364588 -13.66767145954479 37.030311463393232 -41.998198664804526 -20.881029713486924 75.922417553710943 -49.232272807687956 -10.799874297179942 3.8497247800827057 25.490758532197056 -46.120114310128351 -10.643359378598458 0.37965586814287466 -4.0249970407387776 -13.339717691762747 -28.79810775879568 76.800283535053211 38.510821115470236 6.5394862738715283 -12.711497136670705 -35.587010453680293 -55.759503051439928
leaf_weight=2444 4736 29281 4565 38 37 1788 1718 1039 436 221 397 26 430 33 226 54 1479 36620 288 59 32 1853 21 1251 3351 751 738 32 227 7251 99 36 181 72 24 1005 118 136 26 116 1249 109 486 88 611 24 68 326 17568 658 27 859 948 1934 2952 1195 76 80 89 26855 68 143
leaf_count=2444 4736 29281 4565 38 37 1788 1718 1039 436 221 397 26 430 33 226 54 1479 36620 288 59 32 1853 21 1251 3351 751 738 32 227 7251 99 36 181 72 24 1005 118 136 26 116 1249 109 486 88 611 24 68 326 17568 658 27 859 948 1934 2952 1195 76 80 89 26855 68 143
internal_value=0.0156634 -6.22588 22.0932 16.1004 17.5791 20.2769 13.4938 0.875865 20.2185 33.6684 35.653 68.8171 -0.179782 10.1122 -10.6421 32.3633 1.71874 -10.6312 89.559 146.066 25.1986 17.6891 -37.2432 33.1283 27.4162 38.0672 -3.65318 -12.327 79.9676 28.9498 -17.1209 26.6489 34.463 48.6674 94.2882 3.26524 4.46587 22.6096 71.0247 8.14104 -4.04455 23.5771 31.3507 -12.8854 -7.29679 -0.194016 -18.8482 8.66462 3.79579 18.548 27.2612 3.17357 -9.48692 -8.7484 -13.4204 -17.8001 17.6159 -3.65952 39.1698 -13.3749 7.09734 -41.8325
internal_weight=159648 124462 35186 23185 22060 18853 7929 2757 5172 12001 11068 997 52462 933 504 10071 3207 72000 600 85 10924 3641 283 9918 4602 5316 2575 1511 515 7283 153 57 429 304 96 23181 19911 708 162 546 3270 632 523 1125 944 125 101 1064 19203 776 208 18427 2197 42701 6081 4147 333 168 165 29299 1073 181
internal_count=159648 124462 35186 23185 22060 18853 7929 2757 5172 12001 11068 997 52462 933 504 10071 3207 72000 600 85 10924 3641 283 9918 4602 5316 2575 1511 515 7283 153 57 429 304 96 23181 19911 708 162 546 3270 632 523 1125 944 125 101 1064 19203 776 208 18427 2197 42701 6081 4147 333 168 165 29299 1073 181
is_linear=0
shrinkage=0.05


Tree=45
num_leaves=63
num_cat=0
split_feature=10 10 10 10 10 2 2 10 2 3 3 0 3 0 2 3 3 7 0 4 3 0 3 3 12 7 5 3 3 0 2 12 14 2 0 12 0 10 13 12 3 2 0 5 0 0 0 0 3 3 13 14 2 2 12 2 0 2 3 3 2 0
split_gain=1.00364e+10 1.54319e+09 4.92813e+08 3.54577e+08 2.42781e+08 2.10264e+08 1.95595e+08 1.67185e+08 1.57846e+08 1.49963e+08 3.1441e+08 1.59429e+08 1.57562e+08 2.17028e+08 1.9889e+08 1.35043e+08 1.26301e+08 1.21451e+08 1.15823e+08 1.69293e+08 2.92132e+08 4.8529e+08 2.10255e+08 7.48354e+08 1.86939e+08 1.57346e+08 1.14979e+08 1.70921e+08 2.70721e+08 1.13655e+08 1.11084e+08 1.0808e+08 1.51604e+08 1.06811e+08 2.30167e+08 1.33089e+08 1.04634e+08 1.05305e+08 1.03197e+08 9.86829e+07 2.4675e+08 9.05965e+07 1.02658e+08 1.26639e+08 8.39104e+07 8.36321e+07 8.86647e+07 8.10666e+07 1.65271e+08 1.11341e+08 7.91861e+07 7.8072e+07 7.57051e+07 1.09396e+08 9.07534e+07 7.41959e+07 9.85205e+07 7.32224e+07 1.23094e+08 1.08403e+08 1.8105e+08 6.98994e+07
threshold=7200.1650000000009 4248.9100000000008 11999.985000000002 2866.7600000000007 17561.605000000003 5.5000000000000009 5.5000000000000009 5209.4000000000005 5.5000000000000009 285.50000000000006 281.50000000000006 59.500000000000007 290.50000000000006 27.500000000000004 3.5000000000000004 4.5000000000000009 126.50000000000001 1.0000000180025095e-35 71.500000000000014 4.5000000000000009 221.50000000000003 7.5000000000000009 80.500000000000014 86.500000000000014 9158.5578571428578 1.0000000180025095e-35 2022.5000000000002 82.500000000000014 64.500000000000014 70.500000000000014 3.5000000000000004 11882.280714285715 7047.5420000000013 1.0000000180025095e-35 34.500000000000007 8808.0057142857167 25.500000000000004 10000.005000000003 2664.1196719890286 12000.380714285717 88.500000000000014 5.5000000000000009 31.500000000000004 2022.5000000000002 34.500000000000007 33.500000000000007 76.500000000000014 82.500000000000014 232.50000000000003 240.50000000000003 2617.0922850036491 9900.3578333333371 2.5000000000000004 1.0000000180025095e-35 8465.8728571428583 5.5000000000000009 32.500000000000007 1.5000000000000002 241.50000000000003 88.500000000000014 4.5000000000000009 31.500000000000004
decision_type=2 2 2 2 2 2 2 2 2 2 2 2 2 2 2 2 2 2 2 2 2 2 2 2 2 2 2 2 2 2 2 2 2 2 2 2 2 2 2 2 2 2 2 2 2 2 2 2 2 2 2 2 2 2 2 2 2 2 2 2 2 2
left_child=1 3 5 41 9 18 7 -3 57 10 15 44 13 14 -11 -4 -17 33 19 22 21 -21 24 -24 -2 -22 39 28 -28 -15 -29 -10 -33 34 -5 -36 38 47 -7 51 -41 -1 -43 -44 -12 -8 -47 49 -49 -38 -20 -9 53 -52 -54 -35 -57 58 -6 -59 -61 -19
right_child=2 6 4 17 8 36 45 26 31 12 11 -13 -14 29 -16 16 -18 61 50 20 25 -23 23 -25 -26 -27 27 30 -30 -31 -32 32 -34 55 35 -37 37 -39 -40 40 -42 42 43 -45 -46 46 -48 48 -50 -51 52 -53 54 -55 -56 56 -58 59 -60 60 -62 -63
leaf_value=-10.842055113713567 6.4171520524200547 2.3052426364145595 -67.78907641503119 -10.9695752196439 -41.804781962076831 37.597003474388259 4.133387551595864 7.065733753363304 -73.329697994995115 106.50960695120006 102.43182208533557 185.87186212584029 31.583854443016698 -131.78989889291617 -79.1442873216712 42.463487023267618 26.891471668391752 -4.2369266712246807 28.942719083434952 21.537934940717609 27.574481160433862 -34.242052124747737 164.3335328671817 33.901827519951375 36.369647784518115 -27.500171305291794 15.344648480450125 29.168929967825378 -29.247868419437971 -14.777883728875054 10.560404180957924 140.28297037321946 7.786482413092326 -5.2966373078289379 5.3134450960428143 54.436621767164958 -9.5569821663011805 -33.058174320582417 -18.098312022929289 180.56556403023856 14.159074097506636 -9.14862928967902 -17.48499875624324 -39.35383025182081 26.174781055115819 -16.959334584554451 1.1780342980058454 36.051491264666687 -17.248886332976511 19.87950319984472 91.589736886654265 -11.110489238631835 40.29864681749536 12.675089151565844 84.701488102031874 -2.7221151290189023 -14.718938781804079 130.97633312469483 75.393479973090876 98.862446347358912 6.457662308151658 -20.644704064714581
leaf_weight=39815 1031 13615 30 2929 29 561 1544 6120 24 38 105 42 235 51 22 3760 2004 942 7530 954 2892 658 123 982 1053 135 1233 2204 469 35 1263 28 85 39019 4777 141 803 154 97 27 110 2318 2861 862 56 1827 1067 574 194 534 52 653 297 259 191 2581 5081 124 90 194 73 2091
leaf_count=39815 1031 13615 30 2929 29 561 1544 6120 24 38 105 42 235 51 22 3760 2004 942 7530 954 2892 658 123 982 1053 135 1233 2204 469 35 1263 28 85 39019 4777 141 803 154 97 27 110 2318 2861 862 56 1827 1067 574 194 534 52 653 297 259 191 2581 5081 124 90 194 73 2091
internal_value=0.0151282 -5.52695 28.3731 -8.42812 39.6961 24.201 4.43023 6.10443 68.8879 36.7245 38.6568 99.7168 6.28863 -34.3641 38.2549 36.5006 37.0551 -5.81481 26.4318 22.0584 15.9561 -1.23793 30.9276 48.5559 21.5617 25.11 10.3862 16.026 3.04685 -84.886 22.395 21.0478 41.5601 -5.27294 0.124463 6.7326 11.8402 6.72291 29.3716 6.16562 48.0253 -11.7083 -17.4148 -22.5576 76.233 -5.26187 -10.2741 9.64757 22.5827 2.20607 30.5389 5.31194 45.5268 26.1211 57.8153 -6.18022 -10.6786 81.6727 46.7222 92.1635 73.7166 -15.5518
internal_weight=159648 133549 26099 103417 7025 19074 30132 25694 647 6378 5997 203 381 146 60 5794 5764 57561 16157 7828 4639 1612 3189 1105 2084 3027 12079 5169 1702 86 3467 137 113 54528 7847 4918 2917 2259 658 6910 137 45856 6041 3723 161 4438 2894 2105 768 1337 8329 6773 799 311 488 46681 7662 510 119 391 267 3033
internal_count=159648 133549 26099 103417 7025 19074 30132 25694 647 6378 5997 203 381 146 60 5794 5764 57561 16157 7828 4639 1612 3189 1105 2084 3027 12079 5169 1702 86 3467 137 113 54528 7847 4918 2917 2259 658 6910 137 45856 6041 3723 161 4438 2894 2105 768 1337 8329 6773 799 311 488 46681 7662 510 119 391 267 3033
is_linear=0
shrinkage=0.05


Tree=46
num_leaves=63
num_cat=0
split_feature=10 10 10 11 10 10 2 2 3 3 0 3 9 2 11 2 15 5 0 3 15 3 3 2 9 11 15 0 11 3 2 3 14 5 0 7 14 14 13 10 14 15 13 3 2 14 3 0 9 0 14 2 2 3 13 0 0 2 0 3 13 13
split_gain=9.05896e+09 1.39285e+09 4.44931e+08 2.7647e+08 2.19467e+08 1.98813e+08 1.89798e+08 1.42451e+08 1.35466e+08 2.84485e+08 1.44379e+08 1.42414e+08 2.74591e+08 3.0505e+08 1.42105e+08 1.29927e+08 1.89572e+08 1.28942e+08 1.75856e+08 1.22146e+08 1.21748e+08 1.19463e+08 6.62801e+08 1.18598e+08 1.16846e+08 1.16379e+08 1.16065e+08 1.24476e+08 1.2388e+08 1.21675e+08 1.62568e+08 1.13985e+08 1.12549e+08 1.11098e+08 1.08739e+08 1.06407e+08 9.51954e+07 9.41259e+07 9.06747e+07 8.79675e+07 8.74574e+07 8.71217e+07 8.69401e+07 9.78697e+07 8.63782e+07 8.56116e+07 8.41023e+07 9.9983e+07 8.24546e+07 7.57813e+07 7.51508e+07 7.47345e+07 7.05135e+07 1.32229e+08 1.04659e+08 7.04873e+07 8.47454e+07 7.24944e+07 1.14168e+08 6.88518e+07 6.8254e+07 6.81603e+07
threshold=7200.1650000000009 4014.9650000000006 11999.985000000002 2815.3850000000007 17561.605000000003 5400.6950000000006 5.5000000000000009 5.5000000000000009 285.50000000000006 281.50000000000006 59.500000000000007 290.50000000000006 1.0000000180025095e-35 3.5000000000000004 6300.2900000000009 5.5000000000000009 574.17328973728377 2021.5000000000002 3.5000000000000004 4.5000000000000009 2767.7207595584318 271.50000000000006 286.50000000000006 3.5000000000000004 1.0000000180025095e-35 14498.490000000002 4172.7825912611497 72.500000000000014 12000.005000000003 90.500000000000014 1.5000000000000002 126.50000000000001 11626.133833333335 2022.5000000000002 25.500000000000004 1.0000000180025095e-35 10377.680500000002 6516.9838333333346 2528.2985916037264 3213.8400000000006 8162.4848333333339 2929.6168654987478 1973.2472236228807 134.50000000000003 1.5000000000000002 7217.6943333333338 358.50000000000006 81.500000000000014 1.0000000180025095e-35 34.500000000000007 2618.6165000000005 5.5000000000000009 3.5000000000000004 217.50000000000003 2816.7266775029052 26.500000000000004 5.5000000000000009 1.5000000000000002 61.500000000000007 284.50000000000006 4154.2107688728292 2711.45577608555
decision_type=2 2 2 2 2 2 2 2 2 2 2 2 2 2 2 2 2 2 2 2 2 2 2 2 2 2 2 2 2 2 2 2 2 2 2 2 2 2 2 2 2 2 2 2 2 2 2 2 2 2 2 2 2 2 2 2 2 2 2 2 2 2
left_child=1 3 6 15 8 51 26 55 9 19 49 12 13 -10 -13 50 -17 21 38 -4 34 52 44 35 -9 -25 27 28 32 36 60 -21 -2 -22 61 -20 -28 -35 -19 -5 -30 -39 59 -44 -23 -32 47 -36 -24 -11 -1 -3 54 -54 -7 56 -6 58 -57 -29 -31 -8
right_child=2 5 4 39 7 17 20 24 11 10 -12 14 -14 -15 -16 16 -18 18 23 31 33 22 48 25 -26 -27 29 42 40 30 45 -33 -34 37 46 -37 -38 41 -40 -41 -42 -43 43 -45 -46 -47 -48 -49 -50 -51 -52 -53 53 -55 -56 57 -58 -59 -60 -61 -62 -63
leaf_value=-11.526229988576555 20.984977876345578 1.6849130225062625 -64.508959847727141 -8.1358683411819719 95.246576807657874 -14.463398271239406 39.843554054424175 113.3097765435113 130.55789683151247 97.358547681412617 176.79439765397893 -42.345351732361991 -94.454332908818742 -84.872371956961501 50.690152806406438 -12.614961141645855 -30.525908814804531 32.82703481086395 16.205628004773576 40.340877033343695 -44.155040763040603 146.01410237353781 -64.964552935282384 2.7557671349496919 -2.6450974769464559 101.58373400115967 55.951429271903095 26.769008800300295 -60.522047043088122 12.114468671342602 -41.786952587625258 25.547568690399874 -74.550505961756556 -50.317890062074412 -1.5153024061554485 -18.520315410505127 141.24321870479943 8.9999325599045061 97.102512850974918 -4.122719424645565 42.585881353105826 112.39752242549774 19.033693688609183 41.461489901285802 71.701539044521823 59.583789193093075 75.466315401767162 21.213856794802119 -3.27750300432103 24.889001804820282 -6.5127680365897902 -6.4020751099082958 -11.883699927919203 27.297575185819507 -83.126831555684419 -49.263037786069134 6.6869262848384139 99.747115059532604 78.223119863534905 6.2464137332635898 -79.327956295528935 -17.540988979997309
leaf_weight=24681 7650 19406 30 25150 44 753 511 26 39 105 42 52 80 27 183 5885 1973 317 4988 3760 177 68 59 4259 111 29 92 4742 78 45 22 2004 30 36 1182 230 52 60 66 29884 27 30 642 2041 100 252 46 818 559 56 10729 3349 694 311 59 22 68 300 76 448 36 57
leaf_count=24681 7650 19406 30 25150 44 753 511 26 39 105 42 52 80 27 183 5885 1973 317 4988 3760 177 68 59 4259 111 29 92 4742 78 45 22 2004 30 36 1182 230 52 60 66 29884 27 30 642 2041 100 252 46 818 559 56 10729 3349 694 311 59 22 68 300 76 448 36 57
internal_value=0.0147498 -5.25055 26.9565 -8.30814 37.7154 3.2769 22.9923 65.4701 34.8901 36.7266 94.8081 5.96273 -32.6865 42.4759 30.0114 -11.2987 -17.1154 8.34482 10.9508 34.6756 11.2484 -1.55599 14.7186 9.60963 20.0225 3.44768 25.1117 24.3521 19.8634 48.8502 32.9655 35.2029 20.6021 -18.7106 14.727 14.6717 87.513 17.0989 44.1273 -5.9568 -33.8569 44.3222 28.7875 36.104 102.466 51.3222 9.34463 7.78688 -9.26216 72.461 -10.0074 0.49447 -8.6003 0.25613 -19.5486 77.6155 42.0133 87.5038 49.3952 24.999 -28.9983 34.0642
internal_weight=159648 133549 26099 98302 7025 35247 19074 647 6378 5997 203 381 146 66 235 43268 7858 12492 9889 5794 2917 2603 786 9506 137 4288 16157 15658 7785 499 355 5764 7680 303 2614 5218 144 126 383 55034 105 90 7873 2683 168 274 2046 2000 618 161 35410 22755 1817 1005 812 510 112 398 98 5190 81 568
internal_count=159648 133549 26099 98302 7025 35247 19074 647 6378 5997 203 381 146 66 235 43268 7858 12492 9889 5794 2917 2603 786 9506 137 4288 16157 15658 7785 499 355 5764 7680 303 2614 5218 144 126 383 55034 105 90 7873 2683 168 274 2046 2000 618 161 35410 22755 1817 1005 812 510 112 398 98 5190 81 568
is_linear=0
shrinkage=0.05


Tree=47
num_leaves=63
num_cat=0
split_feature=10 10 10 10 10 2 0 0 2 11 13 2 3 7 3 3 0 3 9 2 11 2 12 15 2 15 9 5 15 0 11 3 3 2 3 3 3 10 3 3 2 5 7 2 0 12 14 9 12 0 11 14 15 3 14 13 0 0 2 15 3 2
split_gain=8.17661e+09 1.26346e+09 4.01749e+08 2.9656e+08 1.98401e+08 1.80888e+08 2.99622e+08 2.05481e+08 1.71242e+08 1.53335e+08 1.66483e+08 1.28477e+08 1.23278e+08 1.22406e+08 1.22324e+08 2.57408e+08 1.30749e+08 1.28608e+08 2.48171e+08 2.76156e+08 1.28406e+08 1.20285e+08 1.55566e+08 1.15424e+08 1.44327e+08 1.09929e+08 1.05858e+08 1.05295e+08 1.04882e+08 1.12368e+08 1.12757e+08 2.8796e+08 1.10131e+08 1.46888e+08 1.03518e+08 1.02542e+08 9.65041e+07 9.58661e+07 9.09978e+07 8.96424e+07 1.68817e+08 1.303e+08 8.74893e+07 8.94589e+07 1.65064e+08 1.229e+08 8.61353e+07 8.57763e+07 8.56971e+07 8.25131e+07 7.98768e+07 1.75007e+08 7.1283e+07 7.09274e+07 6.85683e+07 1.51727e+08 7.14019e+07 6.84397e+07 6.8197e+07 6.67919e+07 6.55381e+07 6.4683e+07
threshold=7200.1650000000009 4248.9100000000008 11999.985000000002 3098.3000000000006 17561.605000000003 1.0000000180025095e-35 25.500000000000004 16.500000000000004 5.5000000000000009 14498.490000000002 4154.2107688728292 5.5000000000000009 291.50000000000006 1.0000000180025095e-35 285.50000000000006 281.50000000000006 59.500000000000007 290.50000000000006 1.0000000180025095e-35 3.5000000000000004 6300.2900000000009 5.5000000000000009 13619.525 2302.9400117846303 1.5000000000000002 2983.8702851461935 1.0000000180025095e-35 2023.5000000000002 4172.7825912611497 72.500000000000014 11126.180000000002 124.50000000000001 90.500000000000014 1.5000000000000002 277.50000000000006 88.500000000000014 110.50000000000001 2005.6050000000002 279.50000000000006 274.50000000000006 4.5000000000000009 2021.5000000000002 1.0000000180025095e-35 1.0000000180025095e-35 34.500000000000007 8808.0057142857167 10377.680500000002 2.5000000000000004 7029.2021428571434 82.500000000000014 12000.005000000003 8989.6185000000023 3369.8929387825142 92.500000000000014 11254.016333333335 1973.2472236228807 74.500000000000014 34.500000000000007 1.0000000180025095e-35 4879.1867463358958 34.500000000000007 1.0000000180025095e-35
decision_type=2 2 2 2 2 2 2 2 2 2 2 2 2 2 2 2 2 2 2 2 2 2 2 2 2 2 2 2 2 2 2 2 2 2 2 2 2 2 2 2 2 2 2 2 2 2 2 2 2 2 2 2 2 2 2 2 2 2 2 2 2 2
left_child=1 3 8 37 14 6 -3 12 28 10 27 54 39 21 15 23 57 18 19 -16 -19 22 -9 24 -4 47 -13 -8 29 30 34 -32 46 -34 -2 -15 -37 61 -25 41 -41 -7 43 44 -5 -46 -30 -10 -35 60 58 -52 -23 -27 55 -6 -57 -17 -31 -28 -49 -1
right_child=2 5 4 42 11 7 9 13 25 -11 -12 26 -14 35 17 16 -18 20 -20 -21 -22 52 -24 38 -26 53 59 -29 32 50 31 -33 33 48 -36 36 -38 -39 -40 40 -42 -43 -44 -45 45 -47 -48 49 -50 -51 51 -53 -54 -55 -56 56 -58 -59 -60 -61 -62 -63
leaf_value=-7.7561002144801838 17.409168841107796 -8.3870867919553067 -11.12376061462534 -9.1607702300536911 -62.496836998980989 -11.460905805919481 19.022224539177113 3.1607073738691605 21.075179780941841 -68.604714191393427 125.61587961260864 107.85411926269533 -45.338732089338635 -48.120583967363778 124.19320055770874 92.536544047194838 168.16025338106377 -40.268032827377326 -89.789921118241764 -80.780311976841517 48.169418937848967 -4.9241278186929414 125.554321476863 37.724703709155897 28.62253625118986 58.384792937324164 -37.356850687073127 46.246579321988172 53.183939803749006 40.665259828643855 23.469364423855211 -51.275959877630683 -27.589403667915164 115.65266514103587 31.977696485189423 16.431938037854973 -19.081859574027018 -8.9856490705480319 -22.979759100051155 11.456802490367448 126.67726964613969 17.094890776247656 -13.951283287758159 -4.9074403222730369 6.4062071917034888 55.012997971428767 134.31430525005987 34.458156761207967 36.881018682520441 26.163963117312427 168.93103633626302 -9.818422321906457 -35.772105645146034 -39.86405744972982 105.63705996372903 53.488616996337839 100.33849978206723 23.66638421543858 25.326190063929417 39.893120981104239 -8.5670899723648457 -16.645149023806805
leaf_weight=2799 5664 1001 289 2180 22 459 1978 18118 1515 43 40 26 86 196 39 105 42 52 80 27 183 3471 25 4363 1080 20 61 433 92 811 368 197 81 40 1556 274 628 49116 62 85 50 3048 2315 35669 3564 134 52 98 234 298 29 25 197 151 128 230 130 56 7008 50 835 7640
leaf_count=2799 5664 1001 289 2180 22 459 1978 18118 1515 43 40 26 86 196 39 105 42 52 80 27 183 3471 25 4363 1080 20 61 433 92 811 368 197 81 40 1556 274 628 49116 62 85 50 3048 2315 35669 3564 134 52 98 234 298 29 25 197 151 128 230 130 56 7008 50 835 7640
internal_value=0.0143683 -4.98794 25.6105 -7.61304 35.8339 4.0217 14.715 2.61814 21.8435 23.987 25.6388 62.2229 13.5027 0.846371 33.1476 34.8927 90.141 5.6593 -31.0687 40.3862 28.5126 1.66669 3.33627 32.9418 20.23 10.6885 19.0615 23.9287 23.8566 23.1345 18.8697 -2.63682 46.4225 31.3103 20.5529 -15.4354 -8.2876 -9.91085 36.8692 14.9042 54.7488 13.3553 -4.49295 -3.96561 1.74949 8.18191 83.2053 13.1133 48.7593 3.30543 27.3488 87.5027 -6.5902 -28.1003 73.7573 62.8271 70.6377 68.8757 26.9222 -2.51402 -4.01577 -14.2627
internal_weight=159648 133549 26099 103417 7025 30132 3495 26637 19074 2494 2451 647 3728 22909 6378 5997 203 381 146 66 235 21811 18143 5794 1369 2917 137 2411 16157 15658 7785 565 499 355 7220 1098 902 59555 4425 3642 135 3507 43862 41547 5878 3698 144 2746 274 1231 7873 54 3668 171 510 382 360 161 7819 111 933 10439
internal_count=159648 133549 26099 103417 7025 30132 3495 26637 19074 2494 2451 647 3728 22909 6378 5997 203 381 146 66 235 21811 18143 5794 1369 2917 137 2411 16157 15658 7785 565 499 355 7220 1098 902 59555 4425 3642 135 3507 43862 41547 5878 3698 144 2746 274 1231 7873 54 3668 171 510 382 360 161 7819 111 933 10439
is_linear=0
shrinkage=0.05


Tree=48
num_leaves=63
num_cat=0
split_feature=10 10 10 2 0 10 3 15 11 0 9 11 3 3 3 0 3 3 10 7 11 3 2 3 3 3 2 3 3 0 3 3 3 5 3 3 3 0 10 5 0 2 9 15 3 3 12 5 3 3 3 8 3 5 5 11 0 2 0 15 7 15
split_gain=7.39846e+09 8.38008e+08 6.2178e+08 2.84846e+08 3.44054e+08 2.79896e+08 2.38e+08 2.2535e+08 2.18888e+08 1.93569e+08 1.71341e+08 1.66096e+08 1.65604e+08 6.31436e+08 3.94407e+08 1.58159e+08 1.69921e+08 2.02308e+08 1.46221e+08 1.39079e+08 1.31769e+08 1.24375e+08 1.19543e+08 1.19421e+08 4.49755e+08 2.25822e+08 1.10938e+08 1.25068e+08 1.5486e+08 1.62773e+08 1.47344e+08 2.89204e+08 1.95765e+08 1.09406e+08 1.36477e+08 2.55822e+08 1.4127e+08 1.04362e+08 1.00864e+08 9.94193e+07 9.93291e+07 9.22546e+07 1.49663e+08 1.58312e+08 1.72168e+08 9.09641e+07 7.24974e+07 7.17311e+07 1.03761e+08 8.4932e+07 3.1961e+08 6.88225e+07 3.82979e+08 6.70534e+07 6.68328e+07 6.57082e+07 6.53637e+07 6.04026e+07 8.18221e+07 8.54742e+07 6.06728e+07 7.35289e+07
threshold=5599.3250000000007 9999.9950000000008 3264.9650000000006 1.0000000180025095e-35 16.500000000000004 12000.005000000003 288.50000000000006 3149.8965387637249 17561.605000000003 6.5000000000000009 2.5000000000000004 7000.795000000001 84.500000000000014 80.500000000000014 236.50000000000003 10.500000000000002 284.50000000000006 274.50000000000006 4500.4050000000007 1.0000000180025095e-35 6999.9450000000006 92.500000000000014 4.5000000000000009 266.50000000000006 286.50000000000006 244.50000000000003 5.5000000000000009 98.500000000000014 28.500000000000004 35.500000000000007 246.50000000000003 245.50000000000003 280.50000000000006 2022.5000000000002 86.500000000000014 82.500000000000014 96.500000000000014 76.500000000000014 2165.105 2021.5000000000002 31.500000000000004 1.0000000180025095e-35 1.5000000000000002 2638.3248802194003 100.50000000000001 104.50000000000001 9158.5578571428578 2022.5000000000002 340.50000000000006 283.50000000000006 277.50000000000006 1.0000000180025095e-35 72.500000000000014 2023.5000000000002 2021.5000000000002 5499.0550000000012 33.500000000000007 5.5000000000000009 29.500000000000004 550.38828672437012 1.0000000180025095e-35 432.26080448221603
decision_type=2 2 2 2 2 2 2 2 2 2 2 2 2 2 2 2 2 2 2 2 2 2 2 2 2 2 2 2 2 2 2 2 2 2 2 2 2 2 2 2 2 2 2 2 2 2 2 2 2 2 2 2 2 2 2 2 2 2 2 2 2 2
left_child=2 3 38 4 54 26 9 56 21 20 -8 -12 13 -11 -14 16 17 39 41 23 -7 -9 -22 25 -25 -17 33 28 53 -30 31 -29 -32 34 35 -3 -36 -13 -1 -5 45 42 -4 46 -45 -21 -44 -20 49 50 -49 -35 -53 -28 -2 -50 -6 60 -59 -60 61 -40
right_child=1 5 18 15 7 6 10 8 -10 12 11 37 14 -15 -16 19 -18 -19 47 40 22 -23 -24 24 -26 -27 27 30 29 -31 32 -33 -34 51 36 -37 -38 -39 57 -41 -42 -43 43 44 -46 -47 -48 48 55 -51 -52 52 -54 -55 -56 -57 -58 58 59 -61 -62 -63
leaf_value=-12.883443816469601 -74.52584437234006 46.143942784309388 -5.5444969496804015 -14.924306284181434 12.041844479060835 36.054900054120004 -146.64596923828125 165.83533013237849 -53.246210047403977 20.774918298060353 -94.474147017906461 100.1054518585205 -1.7734018148357948 162.30737761457152 55.65418792417271 8.9763609887019022 -93.199046997070326 115.54866542693108 -1.0557896060245466 75.745631071472175 174.99750578151031 77.064564207028127 44.889629434438859 57.519393568371235 7.2163841892883269 -15.195049488562175 -1.9171585036015164 23.505799471324448 16.709433574676517 -58.922144143491181 -35.130513480981186 112.58474975585938 23.849704853282255 31.207221478970883 -18.327890861700563 233.43901133219401 33.531047567148299 -26.317889321531567 -8.6863501020733604 27.751989304548648 -26.656776048383406 -4.416827046984432 5.0434194457026269 -14.723739153216869 61.558068421716655 -10.323077163934709 84.578894356037011 4.8207049957944079 25.993532603858171 -12.461251851408223 74.121955901251894 -51.38832114566457 23.227661584203634 48.200113246037411 -6.9766130505796129 96.560301293459815 39.239938794950973 -4.9150063640067554 -11.954460011991774 -26.854966817876829 -15.594086027088176 -4.4980217610917022
leaf_weight=13859 41 79 2907 152 287 46 22 62 23 201 28 39 444 129 914 9405 29 61 7632 49 67 116 25 573 1969 1076 137 1530 115 184 239 96 339 2426 135 23 4166 27 26366 1288 464 35859 2420 101 272 79 28 6158 137 636 170 175 7671 129 288 43 975 2438 3391 1345 2166 17397
leaf_count=13859 41 79 2907 152 287 46 22 62 23 201 28 39 444 129 914 9405 29 61 7632 49 67 116 25 573 1969 1076 137 1530 115 184 239 96 339 2426 135 23 4166 27 26366 1288 464 35859 2420 101 272 79 28 6158 137 636 170 175 7671 129 288 43 975 2438 3391 1345 2166 17397
internal_value=0.0141152 19.847 -5.8274 11.7209 30.5667 26.9457 44.9548 40.9512 90.031 49.3664 -24.3188 5.55323 44.6601 76.4245 36.8907 9.4891 24.7269 27.0659 -1.95763 7.77505 106.198 108.738 140.505 8.85281 18.5735 6.49366 24.9383 15.749 -5.23118 -29.8743 21.1273 28.831 -0.556854 26.671 33.271 90.2336 31.8994 48.7659 -9.08458 23.24 -15.9089 -3.47563 2.41631 10.6189 40.9185 22.9568 5.98731 2.31472 5.91512 4.94297 6.69388 23.839 21.5571 22.4773 -15.5949 43.2915 33.0691 -8.09291 -12.3601 -16.1909 -7.42613 -7.02151
internal_weight=159648 36323 123325 16937 1792 19386 1942 1463 201 1826 116 94 1688 330 1358 15145 1530 1501 56363 13615 138 178 92 13023 2542 10481 17444 2769 565 299 2204 1626 578 14675 4403 102 4301 66 66962 1440 592 41587 5728 2821 373 128 2448 14776 7144 6964 6328 10272 7846 266 329 180 1262 53103 7174 4736 45929 43763
internal_count=159648 36323 123325 16937 1792 19386 1942 1463 201 1826 116 94 1688 330 1358 15145 1530 1501 56363 13615 138 178 92 13023 2542 10481 17444 2769 565 299 2204 1626 578 14675 4403 102 4301 66 66962 1440 592 41587 5728 2821 373 128 2448 14776 7144 6964 6328 10272 7846 266 329 180 1262 53103 7174 4736 45929 43763
is_linear=0
shrinkage=0.05


Tree=49
num_leaves=63
num_cat=0
split_feature=10 10 10 11 10 10 2 2 2 2 13 7 4 13 5 9 2 2 13 0 8 5 11 4 4 11 14 2 0 13 4 7 4 0 10 11 7 2 0 13 0 5 4 13 5 7 14 14 2 9 2 4 2 14 11 14 10 2 9 11 9 0
split_gain=6.69476e+09 1.06314e+09 3.11814e+08 2.06827e+08 1.72075e+08 1.71328e+08 1.44081e+08 1.43461e+08 1.11084e+08 1.09428e+08 1.27174e+08 1.0352e+08 2.89577e+08 1.0985e+08 1.60452e+08 9.51003e+07 9.39091e+07 1.32555e+08 2.09143e+08 1.13924e+08 1.10623e+08 8.28778e+07 1.70844e+08 1.31486e+08 1.02925e+08 8.31172e+07 8.57834e+07 8.27179e+07 3.33587e+08 2.42981e+08 1.59371e+08 1.10374e+08 1.25396e+08 1.17805e+08 8.16215e+07 8.12049e+07 7.91719e+07 8.76777e+07 2.13884e+08 7.85309e+07 7.68978e+07 8.29049e+07 2.49808e+08 7.32542e+07 6.92312e+07 6.91376e+07 6.64393e+07 6.43121e+07 6.32344e+07 1.05262e+08 9.9436e+07 8.40591e+07 1.61744e+08 6.20048e+07 8.04235e+07 6.88953e+07 6.1596e+07 5.92449e+07 1.34722e+08 8.72488e+07 5.91352e+07 7.27777e+07
threshold=7400.5350000000008 4000.4950000000003 11999.985000000002 2750.7150000000006 17561.605000000003 5000.1950000000006 5.5000000000000009 5.5000000000000009 5.5000000000000009 5.5000000000000009 565.98752809840687 1.0000000180025095e-35 3.5000000000000004 3026.3383415523681 2021.5000000000002 1.0000000180025095e-35 5.5000000000000009 2.5000000000000004 3026.3383415523681 15.500000000000002 2.5000000000000004 2022.5000000000002 3279.9250000000006 7.5000000000000009 11.500000000000002 4618.3050000000012 3546.3625000000006 1.0000000180025095e-35 19.500000000000004 2952.9953579360567 3.5000000000000004 1.0000000180025095e-35 9.5000000000000018 78.500000000000014 10000.005000000003 10000.005000000003 1.0000000180025095e-35 1.0000000180025095e-35 28.500000000000004 635.21192481033495 7.5000000000000009 2023.5000000000002 7.5000000000000009 922.58484050630079 2021.5000000000002 1.0000000180025095e-35 9630.3374999999996 2618.6165000000005 1.5000000000000002 3.5000000000000004 1.0000000180025095e-35 3.5000000000000004 4.5000000000000009 9550.627666666669 4979.3900000000003 4493.9140000000007 3199.2950000000005 1.0000000180025095e-35 2.5000000000000004 3632.3150000000005 1.5000000000000002 75.500000000000014
decision_type=2 2 2 2 2 2 2 2 2 2 2 2 2 2 2 2 2 2 2 2 2 2 2 2 2 2 2 2 2 2 2 2 2 2 2 2 2 2 2 2 2 2 2 2 2 2 2 2 2 2 2 2 2 2 2 2 2 2 2 2 2 2
left_child=1 3 7 9 11 45 21 27 48 47 -11 16 -13 -14 -15 -10 17 20 -19 -18 -4 25 23 -23 -24 26 -7 28 30 43 -2 53 44 -34 40 -27 37 38 -5 -40 -9 46 -43 -30 -33 57 -42 -1 49 50 -6 -50 -53 55 -55 -29 -39 58 -3 -60 -8 -62
right_child=2 5 4 36 8 6 60 34 15 10 -12 12 13 14 -16 -17 19 18 -20 -21 -22 22 24 -25 -26 35 -28 31 29 -31 -32 32 33 -35 -36 -37 -38 56 39 -41 41 42 -44 -45 -46 -47 -48 -49 51 -51 -52 52 -54 54 -56 -57 -58 -59 59 -61 61 -63
leaf_value=-10.039956666235856 -118.86249400838216 -1.8549879961370348 21.133733208646081 -14.464336583438104 91.522242820046174 18.68672175824085 2.7451721221262471 35.321293744096359 101.05973249082213 -12.665269978267141 -30.904308918927285 -147.57870081934433 28.77221126991985 38.679052258300786 -141.05503681640624 -3.5413327312469485 61.443463858971228 34.577938908823278 68.376139874458318 11.328848451184376 58.670184290986086 -21.392978143026667 9.8614032393788094 77.25785892873823 47.622000244458519 11.618397288057274 -5.5746787022758513 35.060131159392881 25.6812518206969 117.86105954390305 1.0454017582044497 86.380052444594256 -79.653836932604833 49.488287167756461 -21.010429986175613 -3.0624919088645051 -13.030610874192693 -7.8407082403306703 -0.3789820135891091 10.215104488486734 18.535921508351578 11.457884823553998 -56.138260158538827 50.373351084598795 5.4932241372727173 -12.763023654646664 -18.296954486761521 -4.9918635698484364 110.44630272057221 99.218033501534237 -33.320260941077926 85.114129222990982 -2.4804633955053386 120.00253952026367 27.842188765123382 18.931157811531165 -4.0915681802452788 -0.84885901790051899 94.992705672264094 19.380116444101283 -22.152273010704572 2.5811706509852366
leaf_weight=24006 29 1440 1933 2152 21 427 1326 312 26 6257 1128 28 288 24 24 111 129 2264 575 895 218 42 6155 164 185 4413 2449 709 603 103 363 27 78 22 200 1197 3108 19851 4934 2709 1441 567 179 606 483 1081 133 8563 130 41 57 188 73 23 2471 10159 24457 15918 39 869 755 490
leaf_count=24006 29 1440 1933 2152 21 427 1326 312 26 6257 1128 28 288 24 24 111 129 2264 575 895 218 42 6155 164 185 4413 2449 709 603 103 363 27 78 22 200 1197 3108 19851 4934 2709 1441 567 179 606 483 1081 133 8563 130 41 57 188 73 23 2471 10159 24457 15918 39 869 755 490
internal_value=0.0138082 -4.45377 23.4795 -7.19898 32.4496 2.76514 6.33435 20.0732 57.024 -9.95945 -15.4549 29.9482 4.04379 17.0794 -52.2325 16.8984 31.5151 34.3468 41.445 17.6959 24.9635 8.20507 12.432 57.1384 10.9706 4.94341 -1.96734 21.9444 32.3521 44.4369 -8.1052 20.6729 -0.126097 -51.0338 9.71149 8.48596 -5.27104 -4.82505 -0.544004 3.37685 12.0531 8.91004 -4.815 38.0893 9.93614 -0.482489 15.414 -8.71291 67.7486 35.4006 1.02417 77.4783 60.6985 21.6223 28.7399 19.9865 -5.77141 0.244943 7.65746 22.7287 -4.60222 -12.4236
internal_weight=159648 134115 25533 97165 7025 36950 17603 18508 647 39954 7385 6378 364 336 48 137 6014 4990 2839 1024 2151 15032 6546 206 6340 8486 2876 15676 1704 1312 392 13972 610 100 2832 5610 57211 54103 9795 7643 2632 2320 746 1209 510 19347 1574 32569 510 119 78 391 261 13362 2494 10868 44308 18266 2348 908 2571 1245
internal_count=159648 134115 25533 97165 7025 36950 17603 18508 647 39954 7385 6378 364 336 48 137 6014 4990 2839 1024 2151 15032 6546 206 6340 8486 2876 15676 1704 1312 392 13972 610 100 2832 5610 57211 54103 9795 7643 2632 2320 746 1209 510 19347 1574 32569 510 119 78 391 261 13362 2494 10868 44308 18266 2348 908 2571 1245
is_linear=0
shrinkage=0.05


Tree=50
num_leaves=63
num_cat=0
split_feature=10 10 10 10 2 0 15 9 10 3 3 5 3 11 15 2 3 14 8 11 0 3 15 5 2 2 3 0 10 2 2 5 15 9 2 5 11 0 7 5 11 3 15 15 2 9 15 7 15 2 9 3 15 3 8 3 2 3 3 2 2 9
split_gain=6.0497e+09 6.2611e+08 5.28945e+08 2.37918e+08 1.98859e+08 2.97991e+08 1.65679e+08 1.5638e+08 1.44145e+08 1.37813e+08 3.42557e+08 2.98714e+08 1.68697e+08 1.45745e+08 1.58544e+08 1.42582e+08 2.92782e+08 1.36378e+08 2.23961e+08 1.50042e+08 1.51129e+08 1.36331e+08 1.34832e+08 1.33404e+08 1.32921e+08 2.60485e+08 1.5809e+08 1.22279e+08 1.13369e+08 1.0476e+08 1.00248e+08 8.92356e+07 9.60266e+07 8.61543e+07 7.25194e+07 1.686e+08 1.14446e+08 1.51343e+08 1.02502e+08 1.51449e+08 8.36722e+07 9.03693e+07 7.46756e+07 7.43401e+07 6.92442e+07 9.27642e+07 8.50217e+07 6.79146e+07 7.06908e+07 6.64785e+07 1.3959e+08 1.04642e+08 2.52428e+08 1.11629e+08 6.45408e+07 2.70638e+08 6.36888e+07 6.20832e+07 2.08954e+08 1.86224e+08 8.79154e+07 8.44572e+07
threshold=6000.1450000000013 3500.1350000000007 9999.9950000000008 17561.605000000003 1.0000000180025095e-35 27.500000000000004 3369.8929387825142 3.5000000000000004 4688.4050000000016 284.50000000000006 280.50000000000006 2023.5000000000002 290.50000000000006 4998.9000000000005 2697.1495883321154 5.5000000000000009 273.50000000000006 4153.0230000000001 2.5000000000000004 4000.9050000000002 3.5000000000000004 286.50000000000006 2929.6168654987478 2022.5000000000002 1.5000000000000002 2.5000000000000004 178.50000000000003 59.500000000000007 2299.1050000000005 5.5000000000000009 5.5000000000000009 2021.5000000000002 2767.7207595584318 1.0000000180025095e-35 3.5000000000000004 2021.5000000000002 14498.490000000002 71.500000000000014 1.0000000180025095e-35 2023.5000000000002 8700.3950000000023 104.50000000000001 3258.0889975871173 1791.2250409248356 5.5000000000000009 1.0000000180025095e-35 592.06498181316817 1.0000000180025095e-35 422.0501809844597 1.0000000180025095e-35 1.0000000180025095e-35 287.50000000000006 4172.7825912611497 301.50000000000006 2.5000000000000004 290.50000000000006 1.0000000180025095e-35 86.500000000000014 241.50000000000003 4.5000000000000009 3.5000000000000004 2.5000000000000004
decision_type=2 2 2 2 2 2 2 2 2 2 2 2 2 2 2 2 2 2 2 2 2 2 2 2 2 2 2 2 2 2 2 2 2 2 2 2 2 2 2 2 2 2 2 2 2 2 2 2 2 2 2 2 2 2 2 2 2 2 2 2 2 2
left_child=1 28 4 9 5 31 -7 -8 49 10 15 13 -13 21 -15 23 -17 18 -6 20 -19 -11 29 -4 26 -26 -21 -24 -1 -12 57 -2 -33 -32 35 54 40 -38 43 -40 42 -42 -36 -37 47 -46 -47 48 -30 50 -3 52 -52 -53 -10 -56 -50 60 59 -59 -5 -60
right_child=2 8 3 30 17 6 7 -9 34 11 22 12 -14 14 -16 16 -18 19 -20 24 -22 -23 27 -25 25 -27 -28 -29 44 -31 33 32 -34 -35 36 38 37 -39 39 -41 41 -43 -44 -45 45 46 -48 -49 56 -51 51 53 -54 -55 55 -57 -58 58 61 -61 -62 -63
leaf_value=-11.282850563039728 -72.990552763731586 -9.6518858891917692 32.170751565264652 -1.2341894375194205 16.717653856870477 36.287757139546926 150.10322104952229 36.597991159373315 -12.748440116864305 44.135097170229315 36.379750239126409 -170.56673230339499 -14.809766045647699 28.689291457467291 -6.4588019994099941 15.269319996558147 -94.747605827085437 85.40137616413395 79.233009476434631 -16.532777173666243 -12.292090304609403 -47.972074042211602 67.594473695945737 21.838717493522584 30.59832741208804 8.0163564598552028 15.685636662870644 160.38993417674098 -7.4083649642029812 102.8438411251704 96.193893062450286 -9.4387709363381873 66.782749516169233 -3.3658466553688053 2.317123074199583 6.5018827917133102 -0.23316218405058892 165.85753200133641 -30.337996686022098 40.31597567009203 13.969793345720873 -26.347308805490442 -23.935428390519718 17.252418681764134 -3.4010834136829136 -10.547344885637189 -23.969490620465649 -13.968934722891099 1.5714616253110574 -3.2114719804191711 13.077210853009092 -45.851954301993054 154.57163775920867 2.7661285575622379 120.18997628971022 -12.864789596720676 -4.9283392648202504 38.929757890701296 31.691068061222538 -150.34365062366831 109.67153394699096 86.69721592573363
leaf_weight=17286 45 1395 4846 21 980 866 66 57 1289 53 352 33 36 1226 434 2477 61 40 167 939 1155 157 99 8837 1580 6649 639 57 26336 71 26 296 47 111 5863 3436 32 23 324 98 183 570 283 3025 2738 3873 1698 2561 4690 28648 2157 143 31 655 48 173 19178 31 106 21 118 213
leaf_count=17286 45 1395 4846 21 980 866 66 57 1289 53 352 33 36 1226 434 2477 61 40 167 939 1155 157 99 8837 1580 6649 639 57 26336 71 26 296 47 111 5863 3436 32 23 324 98 183 570 283 3025 2738 3873 1698 2561 4690 28648 2157 143 31 655 48 173 19178 31 106 21 118 213
internal_value=0.0134062 -4.94662 19.1128 24.4075 11.523 29.5252 44.0819 98.2226 -0.473823 23.3758 24.8327 10.7467 -90.6748 14.5355 19.5016 23.4808 12.5888 9.4803 25.8808 7.76829 -8.95334 -24.627 62.6015 25.5 9.80656 12.3554 -3.48448 102.306 -7.70789 47.7519 54.2074 -7.59719 1.16934 16.0888 3.53001 6.65828 -0.246015 70.9443 9.97737 -13.8737 -0.823756 -16.5436 1.10459 11.5371 -6.69589 -10.9386 -14.6419 -6.02758 -5.62221 -2.33426 3.40136 9.50078 15.1516 -5.99261 -8.46767 16.4452 -3.65113 64.3955 53.4472 -38.9019 93.0268 68.5755
internal_weight=159648 126736 32912 19386 13526 1377 989 123 48376 18739 16800 1939 69 1870 1660 16221 2538 12149 1147 11002 1195 210 579 13683 9807 8229 1578 156 78360 423 647 388 343 137 15347 8393 6954 55 6883 422 6899 753 6146 6461 61074 8309 5571 52765 50204 33029 4381 2986 2188 798 1510 221 23868 510 371 52 139 319
internal_count=159648 126736 32912 19386 13526 1377 989 123 48376 18739 16800 1939 69 1870 1660 16221 2538 12149 1147 11002 1195 210 579 13683 9807 8229 1578 156 78360 423 647 388 343 137 15347 8393 6954 55 6883 422 6899 753 6146 6461 61074 8309 5571 52765 50204 33029 4381 2986 2188 798 1510 221 23868 510 371 52 139 319
is_linear=0
shrinkage=0.05


Tree=51
num_leaves=63
num_cat=0
split_feature=10 10 10 10 10 5 12 8 3 6 13 0 3 3 12 3 3 3 3 0 3 11 0 4 6 11 3 14 14 13 3 3 3 3 5 13 5 3 11 3 12 3 7 3 14 13 0 14 14 11 3 3 3 8 0 12 13 12 10 11 7 6
split_gain=5.47313e+09 8.67117e+08 2.5249e+08 2.07918e+08 1.40571e+08 1.19343e+08 1.79343e+08 1.46745e+08 6.93955e+08 1.08489e+08 2.11319e+08 1.10195e+08 1.06835e+08 1.58797e+08 1.50178e+08 1.04709e+08 1.08409e+08 1.91836e+08 1.14467e+08 1.63094e+08 1.07761e+08 1.07087e+08 1.0681e+08 1.02422e+08 1.00127e+08 1.9446e+08 1.66204e+08 1.32545e+08 1.26014e+08 1.24856e+08 1.28907e+08 1.21263e+08 1.52438e+08 4.12513e+08 1.17254e+08 1.31675e+08 1.12751e+08 1.10173e+08 9.12347e+07 9.08259e+07 8.9823e+07 8.97663e+07 8.59832e+07 8.54442e+07 1.18558e+08 1.12051e+08 7.5539e+07 7.40827e+07 7.22713e+07 6.95291e+07 1.48244e+08 1.2256e+08 6.69932e+07 9.50053e+07 6.5604e+07 6.40348e+07 1.18186e+08 1.38265e+08 6.33806e+07 6.29535e+07 5.79653e+07 5.04099e+07
threshold=7400.5350000000008 4248.9100000000008 11999.985000000002 2820.6250000000005 17561.605000000003 2021.5000000000002 12000.380714285717 2.5000000000000004 286.50000000000006 1.0000000180025095e-35 1188.3005829626004 22.500000000000004 80.500000000000014 110.50000000000001 9158.5578571428578 4.5000000000000009 285.50000000000006 281.50000000000006 290.50000000000006 27.500000000000004 126.50000000000001 6300.2900000000009 56.500000000000007 3.5000000000000004 1.0000000180025095e-35 12000.005000000003 92.500000000000014 4409.8100000000004 6029.6793333333344 3240.2100545687676 285.50000000000006 277.50000000000006 92.500000000000014 82.500000000000014 2023.5000000000002 2882.6451101576818 2022.5000000000002 209.50000000000003 6500.5150000000012 80.500000000000014 11411.227142857142 88.500000000000014 1.0000000180025095e-35 294.50000000000006 11626.133833333335 1973.2472236228807 4.5000000000000009 11626.133833333335 3782.1741666666671 4714.7450000000008 281.50000000000006 349.50000000000006 88.500000000000014 1.5000000000000002 47.500000000000007 8808.0057142857167 3422.1483359915333 10000.04642857143 1755.7850000000001 9999.9950000000008 1.0000000180025095e-35 1.0000000180025095e-35
decision_type=2 2 2 2 2 2 2 2 2 2 2 2 2 2 2 2 2 2 2 2 2 2 2 2 2 2 2 2 2 2 2 2 2 2 2 2 2 2 2 2 2 2 2 2 2 2 2 2 2 2 2 2 2 2 2 2 2 2 2 2 2 2
left_child=1 3 24 58 15 7 9 60 38 12 11 -11 14 -14 -7 -4 17 20 19 -18 -17 -20 -19 -12 27 40 -27 31 34 47 -31 32 33 -2 39 -36 48 -34 54 -29 49 -8 55 44 45 -6 -47 -30 -33 50 -26 -51 -44 -54 -9 59 57 -57 61 -5 -3 -1
right_child=2 5 4 42 43 6 41 8 -10 10 23 -13 13 -15 -16 16 18 22 21 -21 -22 -23 -24 -25 25 26 -28 28 29 30 -32 36 37 -35 35 -37 -38 -39 -40 -41 -42 -43 52 -45 -46 46 -48 -49 -50 51 -52 -53 53 -55 -56 56 -58 -59 -60 -61 -62 -63
leaf_value=-12.347857368308347 17.831576950402908 -4.5911415817654984 -64.76037335303522 -3.7100873284533558 -64.501708135190228 -2.1093421872407947 139.21254574245879 111.41389042195586 -8.9193831367218248 21.693764821615972 7.2516402682022836 2.1881352890980765 24.126440888883664 7.1181545925497893 36.432347951484878 32.436315269406826 29.9730285444416 54.630086250305169 -39.592393452626361 -76.802338405258354 18.063690011350296 41.149639227701272 137.46092803955079 -16.646053468878794 10.757964586536595 -136.2280214045598 -7.3131900628016027 -4.5101024715138669 21.155660994540931 58.81114693261182 -16.111136541927564 56.275187731291126 -76.380692702399358 241.07487854003909 -7.0325911827471757 -117.43345206425107 38.820636987418773 18.393188912949125 192.63808471679687 20.466753378105789 -60.756235964775094 28.777622507095341 -33.122998170687282 -48.390383853004096 98.275264385919726 113.21973886762346 42.596102495128463 -34.189858294627712 146.89032937818959 15.694071620940377 -40.19541024650016 56.999136355810982 1.668425219026836 -17.283145741261968 53.887785368139092 30.881705964458874 -10.69557617406177 167.6826612437855 -8.2645226295861089 -15.37379165411399 -29.087101563403731 -27.643187803067327
leaf_weight=2757 80 5339 30 54685 22 4182 35 96 694 916 569 3443 1566 11065 268 3760 60 150 52 86 2004 183 53 2105 1101 38 70 481 9345 385 67 37 35 27 396 28 106 206 20 1491 39 39 345 20 125 41 439 60 61 4105 163 187 1095 1668 109 120 156 21 40719 1181 252 670
leaf_count=2757 80 5339 30 54685 22 4182 35 96 694 916 569 3443 1566 11065 268 3760 60 150 52 86 2004 183 53 2105 1101 38 70 481 9345 385 67 37 35 27 396 28 106 206 20 1491 39 39 345 20 125 41 439 60 61 4105 163 187 1095 1668 109 120 156 21 40719 1181 252 670
internal_value=0.0130788 -4.02637 21.2301 -6.21679 29.3019 3.35277 4.97008 -2.6562 15.8492 4.72978 -0.496733 6.29108 6.88166 9.2286 0.219483 27.041 27.485 29.1358 1.62221 -33.0166 27.4433 23.1912 76.8237 -11.5601 18.1649 12.6502 -53.5058 20.6198 19.5369 22.037 47.6943 44.578 26.5104 75.8746 9.24698 -14.5824 75.1194 4.37058 91.9478 14.3753 13.9365 82.1702 -4.28183 51.5131 54.7718 43.7654 48.8514 20.799 113.593 14.4716 4.16065 17.5066 -12.3762 -9.77459 81.2369 -3.83369 19.2836 52.2937 -8.81454 -3.95693 -5.70024 -15.3454
internal_weight=159648 134115 25533 103417 7025 30698 24188 6510 919 24114 7033 4359 17081 12631 4450 6378 6348 5967 381 146 5764 235 203 2674 18508 5703 108 12805 12253 9857 452 552 348 107 2396 424 204 241 225 1972 5595 74 59271 647 627 502 480 9405 98 5556 1264 4292 3108 2763 205 56163 297 141 44146 55866 5591 3427
internal_count=159648 134115 25533 103417 7025 30698 24188 6510 919 24114 7033 4359 17081 12631 4450 6378 6348 5967 381 146 5764 235 203 2674 18508 5703 108 12805 12253 9857 452 552 348 107 2396 424 204 241 225 1972 5595 74 59271 647 627 502 480 9405 98 5556 1264 4292 3108 2763 205 56163 297 141 44146 55866 5591 3427
is_linear=0
shrinkage=0.05


Tree=52
num_leaves=63
num_cat=0
split_feature=10 10 10 2 1 10 13 14 14 8 7 1 3 3 3 5 3 2 3 3 2 12 5 14 9 9 2 5 3 7 12 2 3 2 13 12 12 14 14 10 7 3 3 10 10 13 3 3 13 1 8 2 3 3 2 2 9 13 3 2 10 2
split_gain=4.96153e+09 5.62834e+08 4.21844e+08 2.14103e+08 2.63167e+08 1.93528e+08 1.60683e+08 2.05312e+08 1.54527e+08 1.54931e+08 1.41555e+08 1.34586e+08 1.60886e+08 1.19605e+08 2.96872e+08 2.69326e+08 1.53734e+08 1.24563e+08 2.63968e+08 1.17942e+08 1.14809e+08 1.21455e+08 1.26429e+08 1.20992e+08 1.23546e+08 1.20611e+08 1.14066e+08 1.12704e+08 1.00225e+08 1.14494e+08 9.87556e+07 9.57797e+07 9.38262e+07 8.97674e+07 8.95682e+07 8.39013e+07 8.31634e+07 1.19284e+08 8.30375e+07 8.11426e+07 7.58901e+07 1.02151e+08 7.54557e+07 7.26812e+07 6.81956e+07 6.51945e+07 6.0324e+07 8.49884e+07 7.79756e+07 6.02974e+07 7.55841e+07 5.69349e+07 5.51662e+07 1.90467e+08 1.69834e+08 8.02375e+07 7.35023e+07 5.41945e+07 5.40221e+07 5.30165e+07 5.29061e+07 5.26069e+07
threshold=5599.3250000000007 9999.9950000000008 3200.6050000000005 1.0000000180025095e-35 6.5000000000000009 17561.605000000003 2528.2985916037264 9376.4633333333331 3838.8063333333334 2.5000000000000004 1.0000000180025095e-35 2.5000000000000004 284.50000000000006 284.50000000000006 280.50000000000006 2023.5000000000002 290.50000000000006 5.5000000000000009 273.50000000000006 242.50000000000003 5.5000000000000009 8928.5392857142888 2023.5000000000002 6370.3446666666669 2.5000000000000004 1.5000000000000002 1.5000000000000002 2022.5000000000002 351.50000000000006 1.0000000180025095e-35 13619.525 1.5000000000000002 92.500000000000014 5.5000000000000009 776.34477727782257 10882.272857142858 11882.280714285715 7047.5420000000013 3323.7820000000006 4905.0250000000005 1.0000000180025095e-35 88.500000000000014 232.50000000000003 1999.7550000000003 7670.5500000000011 4154.2107688728292 290.50000000000006 276.50000000000006 2664.1196719890286 7.5000000000000009 2.5000000000000004 4.5000000000000009 86.500000000000014 241.50000000000003 4.5000000000000009 3.5000000000000004 2.5000000000000004 363.54492392393644 92.500000000000014 1.0000000180025095e-35 9000.0450000000019 1.0000000180025095e-35
decision_type=2 2 2 2 2 2 2 2 2 2 2 2 2 2 2 2 2 2 2 2 2 2 2 2 2 2 2 2 2 2 2 2 2 2 2 2 2 2 2 2 2 2 2 2 2 2 2 2 2 2 2 2 2 2 2 2 2 2 2 2 2 2
left_child=2 3 43 4 46 13 44 45 9 19 11 12 -10 14 17 28 -17 27 -19 38 21 39 23 61 -25 35 -13 -3 29 -15 51 -11 -9 52 -27 -22 -35 -38 -5 40 57 -42 -24 59 -6 -8 47 48 -2 50 -12 -16 55 54 -54 -7 -55 -4 -36 -1 -51 -23
right_child=1 5 20 8 6 33 7 32 10 31 49 26 -14 15 30 16 -18 18 -20 -21 25 22 42 24 -26 34 -28 -29 -30 -31 -32 -33 -34 36 58 -37 37 -39 -40 -41 41 -43 -44 -45 -46 -47 -48 -49 -50 60 -52 -53 53 56 -56 -57 -58 -59 -60 -61 -62 -63
leaf_value=-5.6249687127913894 -10.455409904167791 29.258506739013143 -4.0978772994455444 -1.2170842149949843 19.739795805096627 -4.3471727336536761 91.211015677403921 83.649729526226338 24.378735591745006 144.99480915872672 -4.1334280767736509 -5.3984558185688334 -90.847936972341245 8.8019642888804643 40.365660686067891 -163.19283551384422 -14.492006959657411 13.605501931254379 -90.855977321747815 -24.794372213496718 -1.4869578136436559 118.08227981567381 75.31385018341301 -23.39332329384197 21.739351953613689 -8.1059016752585258 7.8116624126845728 19.762059975390144 32.842871632897911 -73.158381321646957 138.30269687228733 49.756023393996216 -13.732377968395461 -69.812924830245976 -3.3462013310863732 88.616817310039821 118.48781002702384 1.0384925439745882 38.01702037562427 3.6905677709988383 -35.68718043221368 -6.3375451277579842 -2.4935647219703316 -6.9143162740319317 46.775389006898216 169.14291427240141 -77.512841962209123 94.496441215846858 55.394327413940438 -19.90159819272063 98.183248843238474 74.713742912618883 34.539198169708257 28.336345696850362 -146.25678039550783 101.4590800038506 79.62974948791701 -0.19180149314253864 -28.508030036464405 -14.290606635159333 -71.550496274253774 24.702664512634279
leaf_weight=2466 445 4846 13257 185 639 21 98 38 1402 37 128 1944 30 1354 358 33 36 2477 61 128 4094 32 128 274 337 3095 10230 8837 473 43 35 93 67 24 266 25 28 85 496 7398 350 1913 41 55421 369 40 25 22 49 396 20 186 31 106 21 118 213 26892 1082 6225 56 29
leaf_count=2466 445 4846 13257 185 639 21 98 38 1402 37 128 1944 30 1354 358 33 36 2477 61 128 4094 32 128 274 337 3095 10230 8837 473 43 35 93 67 24 266 25 28 85 496 7398 350 1913 41 55421 369 40 25 22 49 396 20 186 31 106 21 118 213 26892 1082 6225 56 29
internal_value=0.0127731 16.2542 -4.77092 9.59454 25.9333 22.0718 38.5253 74.9725 7.65971 27.2941 6.36007 7.40855 21.9031 21.1412 22.4984 9.37652 -86.9252 21.2399 11.06 19.0983 -1.72802 -0.822756 18.0087 8.25043 1.49466 -7.08263 5.70194 23.1272 12.9745 6.22868 57.658 77.7624 21.9673 48.9483 -12.7956 -0.918701 12.8995 30.9251 27.3725 -1.14106 -1.98392 -10.8906 56.5338 -7.58123 29.6733 114.854 -3.20167 0.541628 -3.82503 -17.3888 10.2593 52.2252 58.5878 48.2806 -39.8564 85.5571 62.7274 -1.48164 -23.549 -11.8327 -26.4444 74.8032
internal_weight=159648 36323 123325 16937 1792 19386 1251 243 15145 939 14206 13606 1432 18739 16800 1939 69 16221 2538 809 59213 50651 841 672 611 8562 12174 13683 1870 1397 579 130 105 647 4443 4119 137 113 681 49810 42412 2263 169 64112 1008 138 541 516 494 600 148 544 510 371 52 139 319 40149 1348 8691 452 61
internal_count=159648 36323 123325 16937 1792 19386 1251 243 15145 939 14206 13606 1432 18739 16800 1939 69 16221 2538 809 59213 50651 841 672 611 8562 12174 13683 1870 1397 579 130 105 647 4443 4119 137 113 681 49810 42412 2263 169 64112 1008 138 541 516 494 600 148 544 510 371 52 139 319 40149 1348 8691 452 61
is_linear=0
shrinkage=0.05


Tree=53
num_leaves=63
num_cat=0
split_feature=10 10 10 12 3 10 11 10 10 10 3 3 7 3 11 12 3 3 12 6 11 14 5 3 11 3 3 12 7 12 3 3 14 11 12 5 6 11 14 9 11 6 0 3 0 12 0 12 3 12 3 14 6 3 0 0 0 5 10 12 5 3
split_gain=4.47992e+09 5.52144e+08 3.00639e+08 1.44098e+08 1.35224e+08 1.31192e+08 1.18879e+08 1.14656e+08 1.14487e+08 1.13468e+08 1.02964e+08 9.36663e+07 9.25504e+07 2.91811e+08 9.17161e+07 9.08137e+07 8.95267e+07 3.56305e+08 1.26995e+08 8.28342e+07 1.82116e+08 1.78137e+08 1.65896e+08 1.53863e+08 1.02769e+08 8.20842e+07 1.42739e+08 7.88877e+07 7.84687e+07 1.16744e+08 7.63459e+07 7.57442e+07 1.04888e+08 6.97116e+07 8.84742e+07 6.89122e+07 8.47445e+07 7.85855e+07 6.87021e+07 6.80373e+07 6.68083e+07 1.12289e+08 8.85759e+07 5.86581e+07 5.75484e+07 5.50587e+07 5.2966e+07 5.43235e+07 5.17514e+07 1.12529e+08 2.10303e+08 1.09979e+08 7.47711e+07 6.6545e+07 4.92029e+07 4.92052e+07 4.88687e+07 5.61699e+07 4.79868e+07 4.74395e+07 4.70925e+07 4.60413e+07
threshold=6490.0200000000013 3720.2650000000008 11999.985000000002 10592.202142857144 88.500000000000014 7500.5650000000014 10000.005000000003 17561.605000000003 4905.0250000000005 2635.2500000000005 72.500000000000014 4.5000000000000009 1.0000000180025095e-35 88.500000000000014 7680.0700000000006 4574.4857142857154 126.50000000000001 150.50000000000003 9371.3521428571457 1.0000000180025095e-35 12000.005000000003 4438.2008333333342 2022.5000000000002 92.500000000000014 17561.605000000003 80.500000000000014 82.500000000000014 11411.227142857142 1.0000000180025095e-35 8575.8050000000021 60.500000000000007 294.50000000000006 11626.133833333335 11999.985000000002 7435.7485714285713 2022.5000000000002 1.0000000180025095e-35 4618.3050000000012 8489.3610000000026 2.5000000000000004 14498.490000000002 1.0000000180025095e-35 6.5000000000000009 88.500000000000014 18.500000000000004 6730.5171428571439 76.500000000000014 13619.525 110.50000000000001 4975.9250000000002 100.50000000000001 6662.1661666666678 1.0000000180025095e-35 44.500000000000007 68.500000000000014 18.500000000000004 33.500000000000007 2021.5000000000002 1699.325 9371.3521428571457 2022.5000000000002 62.500000000000007
decision_type=2 2 2 2 2 2 2 2 2 2 2 2 2 2 2 2 2 2 2 2 2 2 2 2 2 2 2 2 2 2 2 2 2 2 2 2 2 2 2 2 2 2 2 2 2 2 2 2 2 2 2 2 2 2 2 2 2 2 2 2 2 2
left_child=1 9 5 6 10 25 8 11 28 58 -5 -4 16 -14 -15 44 18 -18 -13 21 27 22 -17 -22 -23 30 -27 -21 29 -3 60 32 40 38 -35 37 -37 -10 -28 45 42 -42 -9 -30 -7 -8 54 -48 49 -11 53 -52 -50 -51 55 -6 -54 -58 -1 -32 -2 -41
right_child=2 3 7 4 46 15 39 31 35 48 -12 12 13 14 -16 19 17 -19 -20 20 23 24 -24 -25 -26 26 33 -29 43 -31 59 -33 -34 34 -36 36 -38 -39 -40 61 41 -43 -44 -45 -46 -47 47 -49 52 50 51 -53 56 -55 -56 -57 57 -59 -60 -61 -62 -63
leaf_value=-14.686770662440374 -7.3199901082171479 -0.7603189747396909 -62.404295460485656 42.545084846496586 63.515839634945522 26.022895063920455 2.2773997382043114 129.71766714811324 -3.8398054965811781 -3.078475995164434 168.48872427184006 55.383800627045332 -168.1841041036447 -37.598591597047573 25.589658390574986 74.562695417160541 -39.159297312888782 25.199447337184633 27.660115502319712 13.542076156612751 -133.84022639224403 17.43498312058977 17.657622905307345 -7.762891523820513 66.240116612145655 90.524627929415033 9.1332640675656105 -57.858087201790937 -41.992795379398672 31.828267070440941 -23.9633379646835 -47.500671546572732 90.48822188089764 74.123856129800117 -13.192852806069514 12.066119034588597 -0.35002080101359007 6.2220266310655665 27.419408687843777 27.772432819582384 44.870145140056366 -50.889208731079108 42.273834701399878 -8.9887061195175324 -72.876827130525001 -32.835169575223318 -37.029250154851091 43.06090162707914 -4.4108039659068963 50.517128130990912 18.777822512217931 146.68169884723167 -4.6512308271672849 -1.7986476698176952 80.875052774118828 -6.7294161054532822 -7.0125206291613242 -16.039883837255932 -7.9218777588579501 33.685225758674818 16.573388039588931 -8.8184772021390572
leaf_weight=2855 373 24010 30 39 37 21 141 31 3762 13996 28 479 23 72 269 273 237 2239 3029 5373 37 11737 242 67 108 55 2630 38 150 277 435 20 125 30 453 4554 1968 4006 638 105 78 49 344 1253 45 533 66 30 27997 73 27 45 3634 340 42 72 3244 3681 32152 38 459 454
leaf_count=2855 373 24010 30 39 37 21 141 31 3762 13996 28 479 23 72 269 273 237 2239 3029 5373 37 11737 242 67 108 55 2630 38 150 277 435 20 125 30 453 4554 1968 4006 638 105 78 49 344 1253 45 533 66 30 27997 73 27 45 3634 340 42 72 3244 3681 32152 38 459 454
internal_value=0.0124335 -4.023 17.3965 0.729549 34.4187 14.6358 0.472044 26.4524 0.943797 -6.26457 96.8821 24.4105 24.8306 0.35091 12.1769 16.6491 26.3193 19.0258 31.4604 16.8661 11.7666 19.1403 47.9089 -53.4649 17.8855 7.56653 11.2761 13.0301 -1.05175 -0.387342 -3.25284 46.5119 49.5816 10.0903 -7.6275 4.53113 8.32009 1.34927 12.7105 -14.8129 39.236 7.81466 49.8283 -12.5447 -41.4899 -25.4972 17.1529 -11.8151 -4.80612 -2.25738 21.3952 99.6321 -5.7633 7.54812 35.5262 17.4759 -9.34865 -11.8127 -8.47399 -19.2706 5.86564 -1.90808
internal_weight=159648 129571 30077 41527 314 23052 41213 7025 39980 88044 67 6378 6348 364 341 17941 5984 2476 3508 17875 5515 12360 515 104 11845 5111 3806 5411 25690 24287 1305 647 627 3751 483 14290 6522 7768 3268 1233 502 127 375 1403 66 674 247 96 53037 14481 485 72 38556 413 151 109 10559 6925 35007 473 832 559
internal_count=159648 129571 30077 41527 314 23052 41213 7025 39980 88044 67 6378 6348 364 341 17941 5984 2476 3508 17875 5515 12360 515 104 11845 5111 3806 5411 25690 24287 1305 647 627 3751 483 14290 6522 7768 3268 1233 502 127 375 1403 66 674 247 96 53037 14481 485 72 38556 413 151 109 10559 6925 35007 473 832 559
is_linear=0
shrinkage=0.05


Tree=54
num_leaves=63
num_cat=0
split_feature=12 12 12 2 0 3 11 5 11 3 3 3 3 3 3 14 5 3 3 3 3 3 2 0 0 2 13 0 0 0 15 14 13 2 14 8 15 3 0 11 3 0 0 14 3 3 15 13 3 2 13 3 11 14 3 14 13 2 11 0 14 14
split_gain=3.09968e+09 6.00377e+08 3.13595e+08 1.9279e+08 1.9968e+08 2.81641e+08 2.53738e+08 1.89839e+08 1.4465e+08 1.31517e+08 2.72442e+08 1.66343e+08 1.18265e+08 1.14933e+08 9.58916e+07 1.92797e+08 9.51914e+07 9.49923e+07 1.12227e+08 3.45664e+08 1.22602e+08 9.31986e+07 9.2121e+07 1.07847e+08 1.62654e+08 8.64473e+07 1.31622e+08 9.62945e+07 1.10066e+08 8.48287e+07 8.42978e+07 1.71141e+08 1.02105e+08 9.71815e+07 7.62939e+07 7.57901e+07 7.48955e+07 7.6253e+07 1.92754e+08 1.58047e+08 7.41439e+07 7.36694e+07 7.21046e+07 7.07927e+07 6.8537e+07 6.17765e+08 2.27457e+08 2.09236e+08 1.11765e+08 6.70859e+07 6.51538e+07 6.30953e+07 6.10932e+07 5.61823e+07 5.00437e+07 4.80358e+07 4.41611e+07 4.26433e+07 8.75656e+07 4.24731e+07 4.3823e+07 4.16017e+07
threshold=6542.1771428571437 3403.7857142857147 10882.272857142858 5.5000000000000009 65.500000000000014 114.50000000000001 10000.005000000003 2022.5000000000002 12000.005000000003 287.50000000000006 259.50000000000006 291.50000000000006 60.500000000000007 355.50000000000006 296.50000000000006 12197.029 2021.5000000000002 358.50000000000006 246.50000000000003 239.50000000000003 260.50000000000006 335.50000000000006 1.0000000180025095e-35 11.500000000000002 71.500000000000014 5.5000000000000009 463.45217991985402 34.500000000000007 77.500000000000014 34.500000000000007 2767.7207595584318 7589.3448333333345 2450.5891367632107 3.5000000000000004 2313.1572916666669 1.0000000180025095e-35 5574.0365680855239 124.50000000000001 75.500000000000014 5000.1850000000004 274.50000000000006 29.500000000000004 7.5000000000000009 9550.627666666669 284.50000000000006 277.50000000000006 4172.7825912611497 738.05182631064702 318.50000000000006 3.5000000000000004 2213.3012490114766 283.50000000000006 2660.3850000000007 11000.848333333335 10.500000000000002 6965.9275000000016 2105.292632452321 5.5000000000000009 2000.2650000000001 6.5000000000000009 12197.029 8567.849000000002
decision_type=2 2 2 2 2 2 2 2 2 2 2 2 2 2 2 2 2 2 2 2 2 2 2 2 2 2 2 2 2 2 2 2 2 2 2 2 2 2 2 2 2 2 2 2 2 2 2 2 2 2 2 2 2 2 2 2 2 2 2 2 2 2
left_child=1 34 3 4 5 7 13 8 -2 10 36 49 -9 -7 15 -13 29 18 19 -18 -20 -16 41 55 -25 26 43 61 35 -5 53 32 -32 -33 -1 -29 37 39 -39 -4 -37 -12 -8 -3 45 46 -28 -47 -46 -11 -50 -43 -30 54 -6 -24 -19 -36 -59 -51 -61 -27
right_child=2 25 9 16 30 6 42 12 -10 11 22 14 -14 -15 21 -17 17 56 20 -21 -22 -23 23 24 -26 27 44 28 52 -31 31 33 -34 -35 57 40 -38 38 -40 -41 -42 51 -44 -45 48 47 -48 -49 50 59 -52 -53 -54 -55 -56 -57 -58 58 -60 60 -62 -63
leaf_value=-9.8286489266406818 43.228295264781472 -2.9587174642600189 -73.086340359418827 53.216441873822902 39.861621626771949 2.7342514400483098 -0.97100658319764221 18.376069726894453 -10.342715947072801 -84.025998633991591 33.656441089948025 6.6006264862060551 -5.7151890523294746 36.794768810891014 -54.957691659060394 156.8111431904843 3.1233796799027487 96.992279226841063 -50.449295198373171 93.302682207253611 -3.4294390942103479 35.24921315030354 58.272319422754755 4.6113029176402476 63.68506365681327 3.6061317607739194 2.3800796682451648 -2.6647715585838423 87.492692544119706 -39.390823486738554 24.046448973886211 4.8702805570121237 69.025738181519955 37.436966157724918 -5.1377503500347244 -22.847571814299251 -65.722575963338215 -15.315367707926692 25.117659559872422 28.255096838547697 -1.3531107741746846 63.297229969318096 -38.317786914528 84.833652874490497 -10.903080900132457 0.17337371875241303 66.961926173383958 66.168679834857471 2.8618684413563527 49.866668090820319 53.874775969255715 166.60580223083497 1.5982578619197139 -16.438540172003268 15.808951000481777 148.94298295762803 8.0058136782438876 -20.380456994954201 -6.6804597011905962 -32.590483978868228 37.25757561903734 -33.390790385710886
leaf_weight=13838 944 14391 38 27 220 4535 176 1636 145 43 29 49 739 261 43 37 2492 38 183 110 563 81 28 190 301 2946 28308 1124 20 218 210 657 321 351 49335 1924 23 417 1000 3295 507 25 486 22 2219 156 136 521 2857 21 63 43 1461 132 11167 35 22 1407 6810 170 25 77
leaf_count=13838 944 14391 38 27 220 4535 176 1636 145 43 29 49 739 261 43 37 2492 38 183 110 563 81 28 190 301 2946 28308 1124 20 218 210 657 321 351 49335 1924 23 417 1000 3295 507 25 486 22 2219 156 136 521 2857 21 63 43 1461 132 11167 35 22 1407 6810 170 25 77
internal_value=0.0120245 -3.44396 14.0569 11.665 13.4327 7.66595 0.588049 18.8147 36.0924 24.4572 26.6532 -0.942949 10.8806 4.59512 32.0434 72.2857 1.02808 3.19541 2.06817 6.97011 -15.0159 3.77834 56.981 48.9469 40.8814 0.395544 1.18976 -4.40075 -8.63467 -29.0103 17.3719 28.3653 51.316 16.2363 -6.49509 -13.4046 22.5057 22.9466 13.2165 27.0781 -18.3672 101.899 -28.4052 -2.81883 2.87619 3.81563 2.69121 50.9842 -2.44701 -27.709 3.98056 130.093 2.81647 15.9008 16.2771 110.185 65.0301 -5.6934 -9.02851 -16.1622 -23.4912 2.65304
internal_weight=159648 128122 31526 25633 21980 8922 5458 3464 1089 5893 5424 469 2375 4796 210 86 3653 3408 3348 2602 746 124 651 554 491 56732 48673 8059 5036 245 13058 1539 531 1008 71390 3555 4773 4750 1417 3333 2431 97 662 14413 34260 29121 28444 677 5139 259 2920 68 1481 11519 11387 63 60 57552 8217 216 195 3023
internal_count=159648 128122 31526 25633 21980 8922 5458 3464 1089 5893 5424 469 2375 4796 210 86 3653 3408 3348 2602 746 124 651 554 491 56732 48673 8059 5036 245 13058 1539 531 1008 71390 3555 4773 4750 1417 3333 2431 97 662 14413 34260 29121 28444 677 5139 259 2920 68 1481 11519 11387 63 60 57552 8217 216 195 3023
is_linear=0
shrinkage=0.05


Tree=55
num_leaves=63
num_cat=0
split_feature=10 10 10 10 13 7 6 15 14 12 11 13 3 3 5 3 11 15 3 1 1 14 3 12 3 15 1 12 3 9 12 8 1 10 13 3 3 14 13 7 3 11 1 3 7 3 3 3 1 1 15 3 15 3 6 15 1 6 5 1 7 3
split_gain=3.72001e+09 4.25868e+08 3.13497e+08 1.4464e+08 1.21556e+08 1.19089e+08 1.11527e+08 1.30734e+08 1.22485e+08 1.09455e+08 1.11329e+08 1.0733e+08 1.04284e+08 2.58595e+08 2.4308e+08 1.39944e+08 1.20043e+08 1.32646e+08 1.18238e+08 1.01208e+08 1.32153e+08 1.31281e+08 9.93658e+07 2.39468e+08 2.1307e+08 9.37929e+07 9.58695e+07 9.0013e+07 9.77162e+07 8.76548e+07 1.17796e+08 7.91423e+07 7.47374e+07 7.39274e+07 7.18227e+07 7.09466e+07 6.84204e+07 9.40514e+07 9.41903e+07 6.32037e+07 8.20356e+07 6.09266e+07 5.81755e+07 4.94091e+07 4.90899e+07 4.81402e+07 7.93148e+07 4.58363e+07 4.5155e+07 4.43437e+07 4.033e+07 3.91937e+07 1.66679e+08 2.23991e+08 5.73456e+07 5.90143e+07 4.12532e+07 3.84106e+07 6.16613e+07 3.57969e+07 4.51582e+07 6.18359e+07
threshold=5599.3250000000007 9999.9950000000008 3499.2850000000003 17561.605000000003 177.31633973589035 1.0000000180025095e-35 1.0000000180025095e-35 2426.7473859696302 3818.8425000000002 10592.202142857144 10000.005000000003 1764.7013683292205 284.50000000000006 280.50000000000006 2023.5000000000002 290.50000000000006 4998.9000000000005 2697.1495883321154 286.50000000000006 8.5000000000000018 17.500000000000004 6029.6793333333344 279.50000000000006 7894.5814285714287 277.50000000000006 2929.6168654987478 14.500000000000002 8928.5392857142888 88.500000000000014 1.5000000000000002 10882.272857142858 2.5000000000000004 13.500000000000002 2165.105 3240.2100545687676 281.50000000000006 294.50000000000006 11254.016333333335 1973.2472236228807 1.0000000180025095e-35 88.500000000000014 2815.3850000000007 1.0000000180025095e-35 126.50000000000001 1.0000000180025095e-35 172.50000000000003 246.50000000000003 94.500000000000014 4.5000000000000009 14.500000000000002 2742.5134918500275 110.50000000000001 3718.1762840000401 96.500000000000014 1.0000000180025095e-35 416.64558010085057 7.5000000000000009 1.0000000180025095e-35 2023.5000000000002 6.5000000000000009 1.0000000180025095e-35 178.50000000000003
decision_type=2 2 2 2 2 2 2 2 2 2 2 2 2 2 2 2 2 2 2 2 2 2 2 2 2 2 2 2 2 2 2 2 2 2 2 2 2 2 2 2 2 2 2 2 2 2 2 2 2 2 2 2 2 2 2 2 2 2 2 2 2 2
left_child=2 4 33 12 -2 6 7 8 -6 10 27 -9 13 22 16 -16 18 -18 -14 21 -21 -8 24 -24 -3 35 -27 39 -29 30 31 -7 -30 57 -11 -15 37 38 -5 41 -41 -4 -40 47 51 -45 -47 50 -36 -31 -12 52 -35 -54 55 -53 -56 59 -59 -1 -61 -62
right_child=1 3 9 36 5 29 19 11 -10 34 43 -13 14 25 15 -17 17 -19 -20 20 -22 -23 23 -25 -26 26 -28 28 32 49 -32 -33 -34 44 48 -37 -38 -39 42 40 -42 -43 -44 45 -46 46 -48 -49 -50 -51 -52 54 53 -55 56 -57 -58 58 -60 60 61 -63
leaf_value=-11.538245071497748 -60.503516654968259 18.163865742572014 -8.4043901821771225 -64.487098309060812 32.024947479226 -8.2928553749459049 23.407134735318813 8.3970450138524466 6.8619689544115507 98.657435736405219 8.8782863344887435 26.749830056961486 39.283776211208767 85.368639346228704 -156.90978425867416 -14.995404411522117 23.677963928892638 -8.4673341477492752 -46.506838991189305 -13.911779268233872 6.6114942792133427 -4.5000182555850037 43.815319743002618 -94.678289548480322 73.813160460680379 54.878720162582397 136.89747685925713 75.736591526031489 -27.120199833618969 -66.759558884840743 120.07828058151972 72.619625886859325 23.806355469266705 -3.0897692952987033 71.346769292558946 30.663857065908633 -46.937436290922626 80.694934698433713 101.66952049037388 -35.175696524959619 -5.5458682568650879 0.02285087710723727 34.266243040940473 -43.663855268023141 -11.387796340977804 15.383881901963784 -32.324881586313246 53.293370609828401 6.546537086680785 -20.73891880725537 -36.152759753568674 -6.7958374401530808 -2.4799998599085318 149.65129311697825 -4.5503567359744297 -2.6758564706174877 -10.558966722295549 -10.846105312899127 -28.480926480679479 -4.5697757524342064 11.354981762637264 -37.000135468565119
leaf_weight=4081 63 15925 2267 22 518 358 1106 1234 7117 37 128 2253 53 71 33 36 1226 434 157 1357 1856 680 61 62 173 99 57 69 94 64 20 32 298 12959 34 352 20 144 34 263 2035 39466 427 242 3189 136 239 34 117 279 80 16581 57 41 4298 18271 8531 2762 604 6084 91 237
leaf_count=4081 63 15925 2267 22 518 358 1106 1234 7117 37 128 2253 53 71 33 36 1226 434 157 1357 1856 680 61 62 173 99 57 69 94 64 20 32 298 12959 34 352 20 144 34 263 2035 39466 427 242 3189 136 239 34 117 279 80 16581 57 41 4298 18271 8531 2762 604 6084 91 237
internal_value=0.0117954 14.0751 -4.13037 19.1356 8.2822 8.54259 9.45053 12.2385 8.57313 -0.835611 -0.993833 20.2593 18.3311 19.5983 7.34693 -84.1395 10.7658 15.2737 -24.7713 3.24651 -2.05807 12.7852 18.4239 -26.195 18.7665 52.4118 85.5282 -0.649402 21.3057 -10.8824 4.72252 -1.48512 11.5564 -6.05922 37.1356 40.0257 42.3708 45.2897 34.5892 -0.879748 -8.95075 -0.43512 39.4467 -18.8122 -5.34135 -26.3118 -15.0276 0.338244 21.5107 -29.495 -8.53143 -5.02371 -2.59625 62.0354 -5.68837 -4.6361 -8.54646 -9.36987 -14.018 -7.8776 -5.54631 -23.5908
internal_weight=159648 36323 123325 19386 16937 16874 16121 11122 7635 45539 45351 3487 18739 16800 1939 69 1870 1660 210 4999 3213 1786 16221 123 16098 579 156 44492 461 753 410 390 392 77786 188 423 647 627 483 44031 2298 41733 461 859 63927 617 375 242 151 343 208 60738 13057 98 47681 34852 12829 13859 3366 10493 6412 328
internal_count=159648 36323 123325 19386 16937 16874 16121 11122 7635 45539 45351 3487 18739 16800 1939 69 1870 1660 210 4999 3213 1786 16221 123 16098 579 156 44492 461 753 410 390 392 77786 188 423 647 627 483 44031 2298 41733 461 859 63927 617 375 242 151 343 208 60738 13057 98 47681 34852 12829 13859 3366 10493 6412 328
is_linear=0
shrinkage=0.05


Tree=56
num_leaves=63
num_cat=0
split_feature=10 10 2 10 3 3 2 11 3 3 3 0 9 2 2 0 2 11 5 2 3 13 10 8 3 15 5 11 0 3 0 3 3 3 3 3 11 3 15 5 11 15 13 0 5 9 3 2 15 2 11 3 3 5 10 15 13 15 0 4 11 11
split_gain=3.37327e+09 5.15133e+08 1.727e+08 2.24337e+08 3.39099e+08 4.3623e+08 5.19956e+08 6.86276e+08 3.39731e+08 3.87862e+08 2.80009e+08 2.74441e+08 1.46625e+08 1.36051e+08 1.2364e+08 1.21817e+08 1.13519e+08 1.1147e+08 1.03432e+08 1.2631e+08 1.17202e+08 1.33379e+08 1.12637e+08 9.99477e+07 5.8489e+08 1.5714e+08 1.07043e+08 9.75998e+07 1.23433e+08 9.75475e+07 9.65172e+07 1.26571e+08 4.33161e+08 2.26997e+08 2.66693e+08 1.13276e+08 1.08017e+08 9.80277e+07 2.5339e+08 1.21965e+08 9.24115e+07 9.79831e+07 9.238e+07 9.37993e+07 8.84669e+07 8.77516e+07 8.61565e+07 8.29812e+07 1.3143e+08 8.2971e+07 7.94795e+07 7.70415e+07 2.48944e+08 1.08272e+08 7.60105e+07 7.08248e+07 6.96322e+07 1.2125e+08 6.85498e+07 1.04798e+08 6.61925e+07 6.28478e+07
threshold=7200.1650000000009 4000.4950000000003 5.5000000000000009 12000.005000000003 86.500000000000014 236.50000000000003 4.5000000000000009 10000.005000000003 242.50000000000003 263.50000000000006 80.500000000000014 30.500000000000004 1.5000000000000002 3.5000000000000004 2.5000000000000004 25.500000000000004 4.5000000000000009 2750.7150000000006 2021.5000000000002 3.5000000000000004 106.50000000000001 1128.2954626054732 4979.9350000000004 2.5000000000000004 286.50000000000006 4367.0318496902373 2020.5000000000002 10339.960000000001 75.500000000000014 146.50000000000003 77.500000000000014 239.50000000000003 246.50000000000003 124.50000000000001 112.50000000000001 358.50000000000006 11999.985000000002 211.50000000000003 1258.6285903484061 2023.5000000000002 3620.6550000000002 2395.2355910430888 1350.6003130387064 65.500000000000014 2022.5000000000002 1.0000000180025095e-35 259.50000000000006 5.5000000000000009 574.17328973728377 1.5000000000000002 2899.2950000000005 194.50000000000003 182.50000000000003 2022.5000000000002 10000.005000000003 3486.4904201171935 2882.6451101576818 4023.8350823459982 71.500000000000014 4.5000000000000009 6500.5150000000012 5499.0550000000012
decision_type=2 2 2 2 2 2 2 2 2 2 2 2 2 2 2 2 2 2 2 2 2 2 2 2 2 2 2 2 2 2 2 2 2 2 2 2 2 2 2 2 2 2 2 2 2 2 2 2 2 2 2 2 2 2 2 2 2 2 2 2 2 2
left_child=1 17 3 50 10 6 7 -6 -7 -10 11 14 -8 -13 -5 -4 -12 47 23 22 27 -22 55 25 26 42 -25 45 -29 -23 31 33 -33 34 -17 -34 -35 51 -39 -40 44 -42 49 -44 -24 -21 -27 -1 -49 -3 -2 52 -32 -53 58 -20 -56 -58 59 -52 -28 -18
right_child=2 18 15 4 5 8 12 -9 9 -11 16 13 -14 -15 -16 30 61 -19 19 20 21 29 40 24 -26 46 60 28 -30 -31 37 32 35 36 -36 -37 -38 38 39 -41 41 -43 43 -45 -46 -47 -48 48 -50 -51 54 53 -54 -55 56 -57 57 -59 -60 -61 -62 -63
leaf_value=-6.0429807739857857 -53.681789892196662 -15.856153746140894 23.464781127107873 5.5173860518137623 -88.236365278226515 140.46699957315022 -78.458004055023196 82.17639262118081 -103.10332301121133 39.137905927837494 138.53621285438541 31.214839469246243 -236.09911125921437 -88.682382899303832 147.74597888448963 -15.460902749648369 -9.0689604464444251 -3.6864621291051849 1.2661211800418604 18.088227352687294 1.0346182864623585 -28.814663174074088 9.2755072203654052 -15.143711108454951 -8.5706782221877873 17.909435137235203 81.935170594023077 23.480803337564655 133.20702980318376 -7.3697950762222808 23.68393327473316 115.29868857123637 -12.602031916884371 -51.084841482256664 67.177017995215749 60.311420468012493 -165.65955551147462 -86.967709564208988 22.551662995908654 -35.594730046502612 4.795950697618288 17.225149066035375 -41.433491692306703 -9.1471435188811654 43.284331286899658 0.57834238148558492 151.35711305618287 -8.0492261200898287 -23.431914611455408 -0.66395478408741859 19.006540278799033 -16.063601571189032 -86.565747915094548 87.008505101465914 23.963613888286503 39.360380292477146 -14.628599869831499 28.644341790887378 18.279434498778595 6.508162991259109 177.77477498372397 88.245958814119035
leaf_weight=32569 39 1125 885 23 108 76 31 128 50 807 143 45 30 48 45 810 21 57211 7623 944 5373 669 372 26 853 25 191 152 30 2549 745 87 474 161 110 59 23 79 382 117 5216 2278 342 656 394 2947 23 5531 1854 4453 2777 35 54 90 4882 123 331 315 7777 4237 20 75
leaf_count=32569 39 1125 885 23 108 76 31 128 50 807 143 45 30 48 45 810 21 57211 7623 944 5373 669 372 26 853 25 191 152 30 2549 745 87 474 161 110 59 23 79 382 117 5216 2278 342 656 394 2947 23 5531 1854 4453 2777 35 54 90 4882 123 331 315 7777 4237 20 75
internal_value=0.011395 -3.2016 16.4518 18.2105 36.0576 23.0174 -29.6871 4.14762 39.8085 30.7286 75.9989 24.8098 -158.544 -30.9527 100.416 7.04313 110.235 -5.10183 1.87305 3.25586 -0.475202 -3.7871 6.20774 -3.26609 10.7576 -5.57501 80.067 6.50965 42.1966 -11.8356 2.53224 -5.53896 12.5266 -15.6866 -5.51807 -4.4331 -66.2247 11.7939 -4.35286 8.87421 10.2692 8.57593 -6.23881 -20.2416 26.8019 4.82999 83.6372 -7.12838 -11.9137 -3.73029 16.7799 21.8882 16.1339 58.2498 16.9177 1.87603 21.9225 6.48364 15.0459 11.4586 91.8152 67.0842
internal_weight=159648 133549 26099 21988 1630 1230 297 236 933 857 400 161 61 93 68 4111 239 97165 36384 28670 12664 8591 16006 7714 1090 6624 237 4073 182 3218 3226 1724 620 1104 920 533 184 1502 578 499 8260 7494 6576 998 766 3891 48 39954 7385 5578 20358 924 799 125 20319 7746 5528 646 14791 7014 211 96
internal_count=159648 133549 26099 21988 1630 1230 297 236 933 857 400 161 61 93 68 4111 239 97165 36384 28670 12664 8591 16006 7714 1090 6624 237 4073 182 3218 3226 1724 620 1104 920 533 184 1502 578 499 8260 7494 6576 998 766 3891 48 39954 7385 5578 20358 924 799 125 20319 7746 5528 646 14791 7014 211 96
is_linear=0
shrinkage=0.05


Tree=57
num_leaves=63
num_cat=0
split_feature=10 10 2 10 3 3 2 11 3 3 3 0 9 3 2 0 3 3 3 15 10 2 2 10 9 0 5 3 3 3 15 3 13 15 0 4 3 3 11 13 3 3 3 3 11 3 11 3 3 3 11 0 3 3 3 10 3 15 3 2 0 3
split_gain=3.04532e+09 4.8001e+08 1.52722e+08 1.97867e+08 3.06634e+08 3.94389e+08 4.70794e+08 6.19918e+08 3.07166e+08 3.50583e+08 2.52805e+08 2.48245e+08 1.32786e+08 1.27565e+08 1.11831e+08 1.07762e+08 1.28578e+08 1.04212e+08 1.967e+08 1.37503e+08 1.03324e+08 1.0247e+08 9.78476e+07 8.99269e+07 6.94204e+07 7.09089e+07 6.68979e+07 1.52813e+08 2.91681e+08 1.17256e+08 8.35921e+07 1.81858e+08 9.46231e+07 6.52812e+07 7.92063e+07 1.11514e+08 1.69706e+08 1.61929e+08 9.48198e+07 7.81745e+07 7.33949e+07 9.43898e+07 9.5538e+07 6.24303e+07 6.09381e+07 6.05555e+07 1.62279e+08 9.82965e+07 1.6138e+08 9.28274e+07 1.48031e+08 9.02719e+07 7.46042e+07 6.93424e+07 7.68795e+07 6.84353e+07 6.04164e+07 1.5759e+08 2.92079e+08 8.61774e+07 8.13765e+07 9.59173e+07
threshold=7400.5350000000008 4000.4950000000003 5.5000000000000009 12000.005000000003 86.500000000000014 236.50000000000003 4.5000000000000009 10000.005000000003 242.50000000000003 263.50000000000006 80.500000000000014 30.500000000000004 1.5000000000000002 72.500000000000014 2.5000000000000004 14.500000000000002 275.50000000000006 188.50000000000003 196.50000000000003 2582.9625619900316 2635.2500000000005 4.5000000000000009 5.5000000000000009 4999.7050000000008 1.5000000000000002 76.500000000000014 2022.5000000000002 82.500000000000014 64.500000000000014 344.50000000000006 2377.5716406238575 88.500000000000014 2485.3897433478073 3718.1762840000401 72.500000000000014 4.5000000000000009 221.50000000000003 80.500000000000014 12000.005000000003 3118.8938789861763 287.50000000000006 271.50000000000006 243.50000000000003 291.50000000000006 4000.9050000000002 98.500000000000014 4998.9000000000005 124.50000000000001 134.50000000000003 118.50000000000001 9000.0450000000019 83.500000000000014 247.50000000000003 92.500000000000014 84.500000000000014 9789.2000000000025 110.50000000000001 3718.1762840000401 100.50000000000001 5.5000000000000009 33.500000000000007 268.50000000000006
decision_type=2 2 2 2 2 2 2 2 2 2 2 2 2 2 2 2 2 2 2 2 2 2 2 2 2 2 2 2 2 2 2 2 2 2 2 2 2 2 2 2 2 2 2 2 2 2 2 2 2 2 2 2 2 2 2 2 2 2 2 2 2 2
left_child=1 20 3 33 10 6 7 -6 -7 -10 11 14 -8 -13 -5 16 17 44 -19 -20 -1 -12 23 -3 -24 -26 30 28 -28 -29 32 -32 -25 34 35 37 -37 -2 39 -36 41 42 -35 -42 -4 46 55 49 51 50 -47 -49 -50 54 -48 -17 57 -22 -59 -58 -61 -62
right_child=2 22 15 4 5 8 12 -9 9 -11 21 13 -14 -15 -16 45 -18 18 19 -21 56 -23 24 26 25 -27 27 29 -30 -31 31 -33 -34 40 38 36 -38 -39 -40 -41 43 -43 -44 -45 -46 47 53 48 52 -51 -52 -53 -54 -55 -56 -57 59 58 -60 60 61 -63
leaf_value=-7.0194088906744598 11.346859939887871 0.28340631906329 -47.543332269841983 5.253011684417725 -83.865022356750771 133.53486153639756 -74.657694492340099 78.099423007225809 -98.049239549823838 37.18343268776885 131.65750513023804 14.188525300260451 -224.67495905722342 -106.83675950891831 140.51927295187247 -12.164699792549916 96.547458744372364 -149.60294257122538 -34.076244453164037 62.294165428895212 -1.5265047871809208 63.770832327850087 1.4624274081167581 0.95406916188578317 -15.194564842524748 1.9110944324341199 10.385875356821092 13.127482613886944 -29.32543349343792 59.617229546785353 63.321707165287989 7.0342158877430805 -29.575659783633252 31.492734367737679 18.700189100973304 -3.8375032532387552 14.583558181866497 33.027737171888354 112.22141153971354 -35.954771913470644 -59.238175013342577 108.26669872484709 -31.474325387477876 17.771357086406038 38.548826997171751 35.290858929232101 6.4570899412549103 -108.74630232493082 14.830212974191568 70.899990666889011 -49.98344859961307 -9.929826535763949 -4.9463282044995731 -53.345406140645345 78.911249623420929 -59.231455107378821 -3.6967357793966813 -5.6325065091761148 147.05074028164731 -2.3273617933952324 -20.298692625729597 -4.7205144556909886
leaf_weight=35007 2638 15949 21 23 108 76 31 128 50 807 143 60 30 33 45 148 58 22 85 64 17108 96 2660 6004 1923 884 1549 4449 658 139 152 2319 264 1085 9354 2073 3148 1279 26 65 42 37 63 67 351 222 603 47 1115 104 65 45 832 44 38 162 38530 81 50 2256 2497 1636
leaf_count=35007 2638 15949 21 23 108 76 31 128 50 807 143 60 30 33 45 148 58 22 85 64 17108 96 2660 6004 1923 884 1549 4449 658 139 152 2319 264 1085 9354 2073 3148 1279 26 65 42 37 63 67 351 222 603 47 1115 104 65 45 832 44 38 162 38530 81 50 2256 2497 1636
internal_value=0.0110067 -3.00215 15.8374 17.5105 34.2569 21.8566 -28.2565 3.93896 37.8221 29.1885 72.2381 23.5989 -150.871 -29.4356 95.5067 6.89747 26.4074 18.7517 -13.5018 7.45706 -4.84676 104.769 1.84851 2.92072 -4.32544 -9.80877 5.6283 9.34908 -1.46166 14.5486 2.73447 10.5209 -0.336315 16.1356 15.3778 12.0565 7.27013 18.4328 18.5896 18.3192 26.9978 30.6078 28.0128 -12.1708 33.5743 3.46727 -6.91786 7.72072 3.3106 30.6517 15.8714 -61.0387 6.38102 6.67213 10.8686 -36.8723 -3.62304 -1.10668 53.316 -4.58872 -9.96659 -14.1349
internal_weight=159648 134115 25533 21507 1630 1230 297 236 933 857 400 161 61 93 68 4026 601 543 171 149 97165 239 36950 31483 5467 2807 15534 6795 2207 4588 8739 2471 6268 19877 18583 9138 5221 3917 9445 9419 1294 1185 1148 109 372 3425 995 2430 2039 391 287 92 1947 685 641 310 62158 17239 131 44919 6389 4133
internal_count=159648 134115 25533 21507 1630 1230 297 236 933 857 400 161 61 93 68 4026 601 543 171 149 97165 239 36950 31483 5467 2807 15534 6795 2207 4588 8739 2471 6268 19877 18583 9138 5221 3917 9445 9419 1294 1185 1148 109 372 3425 995 2430 2039 391 287 92 1947 685 641 310 62158 17239 131 44919 6389 4133
is_linear=0
shrinkage=0.05


Tree=58
num_leaves=63
num_cat=0
split_feature=10 10 10 2 13 10 3 7 3 2 0 0 3 14 2 11 3 11 0 12 11 3 13 7 3 3 2 0 11 3 3 2 3 0 3 14 3 15 0 3 11 15 13 0 3 15 2 0 10 3 13 10 13 12 7 15 3 9 11 13 10 14
split_gain=2.75524e+09 3.16409e+08 2.39761e+08 1.24522e+08 1.79963e+08 1.13389e+08 1.10045e+08 2.83216e+08 2.67648e+08 1.03414e+08 1.55949e+08 1.26543e+08 1.29399e+08 1.21744e+08 1.25318e+08 1.9463e+08 1.5051e+08 1.01881e+08 9.81429e+07 8.78521e+07 8.52012e+07 8.44913e+07 8.43101e+07 8.39656e+07 1.05496e+08 1.47246e+08 8.83541e+07 2.22168e+08 1.12571e+08 7.98287e+07 9.46306e+07 8.01164e+07 7.91327e+07 7.58667e+07 1.07837e+08 7.45633e+07 7.44664e+07 6.97451e+07 1.65212e+08 6.50085e+07 6.482e+07 6.01746e+07 5.90727e+07 1.03881e+08 5.7665e+07 5.90943e+07 5.63139e+07 1.71408e+08 9.26905e+07 5.5681e+07 9.1801e+07 5.49037e+07 5.34506e+07 5.96226e+07 5.88438e+07 5.25788e+07 4.91217e+07 4.47097e+07 4.4688e+07 4.39491e+07 4.38514e+07 1.64186e+08
threshold=5599.3250000000007 9000.0450000000019 3200.6050000000005 5.5000000000000009 5336.2109027648903 17561.605000000003 284.50000000000006 1.0000000180025095e-35 276.50000000000006 1.0000000180025095e-35 16.500000000000004 9.5000000000000018 284.50000000000006 3858.3773333333338 1.5000000000000002 3992.4350000000004 164.50000000000003 12000.005000000003 25.500000000000004 10592.202142857144 4300.6150000000007 240.50000000000003 3240.2100545687676 1.0000000180025095e-35 88.500000000000014 178.50000000000003 1.0000000180025095e-35 24.500000000000004 14498.490000000002 274.50000000000006 242.50000000000003 1.5000000000000002 274.50000000000006 72.500000000000014 86.500000000000014 4300.6758333333337 98.500000000000014 3149.8965387637249 76.500000000000014 230.50000000000003 1999.7650000000001 3055.8605597821247 2414.4593699807956 63.500000000000007 266.50000000000006 1156.6349250147 1.0000000180025095e-35 28.500000000000004 1699.325 182.50000000000003 2528.2985916037264 4688.4050000000016 3240.2100545687676 5589.8114285714291 1.0000000180025095e-35 3369.8929387825142 264.50000000000006 3.5000000000000004 11999.985000000002 5336.2109027648903 14498.490000000002 10377.680500000002
decision_type=2 2 2 2 2 2 2 2 2 2 2 2 2 2 2 2 2 2 2 2 2 2 2 2 2 2 2 2 2 2 2 2 2 2 2 2 2 2 2 2 2 2 2 2 2 2 2 2 2 2 2 2 2 2 2 2 2 2 2 2 2 2
left_child=2 9 46 4 5 6 8 -8 -3 10 49 12 32 29 16 -16 -15 18 20 23 21 -5 -21 26 -25 41 27 40 -29 30 -13 -31 56 34 -7 -20 -37 44 59 -27 -4 -26 51 -44 57 -46 47 -1 -48 50 -2 -28 53 54 -49 -22 -11 -12 -40 -39 61 -6
right_child=1 3 19 17 60 33 7 -9 -10 11 37 13 -14 14 15 -17 -18 -19 35 22 55 -23 -24 24 25 39 42 28 -30 31 -32 -33 -34 -35 -36 36 -38 38 58 -41 -42 -43 43 -45 45 -47 48 52 -50 -51 -52 -53 -54 -55 -56 -57 -58 -59 -60 -61 -62 -63
leaf_value=-12.184733129133079 -13.534639441106055 16.421093250278204 55.837370065053307 -60.661494437163732 11.098773207891554 73.993185469528711 9.2015798188139932 -87.613138410350942 45.251604828327231 22.509800208426583 6.9990345760907049 23.538259046116256 -84.150946634226841 -22.694074085549911 -13.935300434647012 7.3122194278540835 6.1001300405653627 -60.890766463809541 -68.553634063720708 96.453598678588861 25.092612808483924 39.544793143136161 15.543203840566106 -33.413453016491324 6.8161246255124652 -31.603568650952703 -2.149597324518004 9.8083440127451258 -72.372705630347852 114.70255752563476 -27.429324598224884 31.758849485588076 85.098727072890924 62.528033655233564 -9.5586747097146922 -9.1578909890007143 10.063249005023589 105.95700803036159 30.908548046875001 -9.1922256548770758 -11.925162459110593 78.679207672119148 -17.41244440837923 3.8089922310783262 -7.8841244431601627 56.385740378184984 -17.684592975405661 2.3478078287530244 -5.9739870515149072 -38.430395902817068 74.767304021474487 2.2264021607343931 -40.077835672799644 39.210714025679088 -16.074321199619252 64.380671496758097 -23.998591436465585 29.18303971227423 -61.195232405662537 28.336568096923827 53.864050341862345 211.85831874302454
leaf_weight=3256 143 14431 35 52 20 57 1725 78 852 1124 556 556 28 998 1232 8564 831 53 34 39 490 34 168 396 1022 434 37089 5510 41 41 108 99 48 227 115 687 1883 89 24 1269 1858 29 1505 934 44 185 1747 7517 50953 129 36 8884 76 104 459 103 59 384 27 24 133 20
leaf_count=3256 143 14431 35 52 20 57 1725 78 852 1124 556 556 28 998 1232 8564 831 53 34 39 490 34 168 396 1022 434 37089 5510 41 41 108 99 48 227 115 687 1883 89 24 1269 1858 29 1505 934 44 185 1747 7517 50953 129 36 8884 76 104 459 103 59 384 27 24 133 20
internal_value=0.0105481 12.1136 -3.55425 16.1012 17.775 17.2703 16.653 4.96701 18.0312 6.6517 18.5092 5.22889 20.3278 3.69793 2.39557 4.63886 -9.61534 7.23887 8.35695 -1.26021 25.2722 -21.0458 31.1776 -1.37453 -9.31563 -5.83971 -0.926532 4.14445 9.18842 22.5024 15.2196 56.6908 22.7707 43.598 18.3977 3.93825 4.92358 25.9151 56.3866 -14.9188 -10.6435 8.87194 -1.70633 -9.28759 21.5956 44.0563 -5.67294 -2.48821 -6.36252 -13.5228 4.5411 -1.30393 1.38381 1.77871 1.28577 32.0136 20.172 16.0828 -18.0913 89.8645 68.3902 114.198
internal_weight=159648 36323 123325 20994 17658 17485 17086 1803 15283 15329 1641 13688 1259 12429 11625 9796 1829 3336 3283 59213 679 86 207 59006 3150 2754 55856 7444 5551 804 664 140 1231 399 172 2604 2570 1333 164 1703 1893 1051 48412 2439 1169 229 64112 11412 52700 308 179 45973 8156 8080 7976 593 1183 940 51 113 173 40
internal_count=159648 36323 123325 20994 17658 17485 17086 1803 15283 15329 1641 13688 1259 12429 11625 9796 1829 3336 3283 59213 679 86 207 59006 3150 2754 55856 7444 5551 804 664 140 1231 399 172 2604 2570 1333 164 1703 1893 1051 48412 2439 1169 229 64112 11412 52700 308 179 45973 8156 8080 7976 593 1183 940 51 113 173 40
is_linear=0
shrinkage=0.05


Tree=59
num_leaves=63
num_cat=0
split_feature=10 10 5 11 7 3 3 3 2 1 13 1 3 3 3 3 11 3 11 3 1 3 11 10 7 3 3 2 5 8 3 10 12 1 12 9 13 14 11 2 1 3 14 10 12 8 3 3 13 1 14 1 3 11 10 7 3 3 7 1 7 12
split_gain=2.49046e+09 3.82415e+08 1.2938e+08 2.31092e+08 1.73796e+08 2.26782e+08 1.70733e+08 2.19494e+08 1.37908e+08 1.87735e+08 1.19226e+08 1.85557e+08 1.13499e+08 6.70419e+08 2.429e+08 2.3827e+08 2.92157e+08 2.09691e+08 1.59299e+08 1.1215e+08 1.50317e+08 1.57279e+08 1.3171e+08 1.12036e+08 9.89128e+07 9.66088e+07 1.14112e+08 9.23171e+07 1.62079e+08 1.22327e+08 3.54288e+08 8.92451e+07 1.08981e+08 8.523e+07 8.40785e+07 1.1618e+08 8.35091e+07 8.23257e+07 8.04336e+07 7.89435e+07 1.61011e+08 7.83506e+07 7.71141e+07 8.49961e+07 7.85822e+07 7.63554e+07 7.41426e+07 7.34913e+07 7.16673e+07 1.25003e+08 6.68606e+07 8.87596e+07 1.10553e+08 6.59379e+07 6.44612e+07 6.31281e+07 6.48261e+07 6.37099e+07 5.70633e+07 5.51067e+07 4.95903e+07 4.89198e+07
threshold=7200.1650000000009 3899.7050000000004 2023.5000000000002 4206.6250000000009 1.0000000180025095e-35 76.500000000000014 284.50000000000006 290.50000000000006 1.0000000180025095e-35 18.500000000000004 2305.6550727788604 7.5000000000000009 285.50000000000006 277.50000000000006 279.50000000000006 247.50000000000003 5499.0550000000012 236.50000000000003 6998.3150000000014 344.50000000000006 16.500000000000004 290.50000000000006 4140.2050000000008 9999.9950000000008 1.0000000180025095e-35 76.500000000000014 178.50000000000003 3.5000000000000004 2021.5000000000002 2.5000000000000004 278.50000000000006 5209.4000000000005 9066.6392857142873 1.0000000180025095e-35 12000.380714285717 3.5000000000000004 3422.1483359915333 2504.8763333333341 3489.9350000000004 1.0000000180025095e-35 8.5000000000000018 142.50000000000003 7371.7436666666672 9999.9950000000008 5942.987857142859 1.5000000000000002 338.50000000000006 241.50000000000003 1311.2802000299469 17.500000000000004 5708.076500000001 5.5000000000000009 172.50000000000003 3992.4350000000004 10000.005000000003 1.0000000180025095e-35 134.50000000000003 285.50000000000006 1.0000000180025095e-35 14.500000000000002 1.0000000180025095e-35 6635.1485714285727
decision_type=2 2 2 2 2 2 2 2 2 2 2 2 2 2 2 2 2 2 2 2 2 2 2 2 2 2 2 2 2 2 2 2 2 2 2 2 2 2 2 2 2 2 2 2 2 2 2 2 2 2 2 2 2 2 2 2 2 2 2 2 2 2
left_child=1 37 4 38 12 54 42 -8 9 61 45 -12 13 15 18 17 -17 -2 -15 20 21 -14 -21 -16 27 -26 41 28 29 36 -31 32 -30 -33 48 59 -3 -1 -4 40 -39 -27 44 -44 -5 -10 -22 -28 53 -50 51 52 -40 -29 -6 57 -57 -42 -46 -36 -45 -7
right_child=2 24 3 6 5 8 7 -9 10 -11 11 -13 19 14 23 16 -18 -19 -20 22 46 -23 -24 -25 25 26 47 34 31 30 -32 33 -34 -35 35 -37 -38 39 50 -41 55 -43 43 60 58 -47 -48 -49 49 -51 -52 -53 -54 -55 -56 56 -58 -59 -60 -61 -62 -63
leaf_value=-7.0013955152534013 15.769018428505035 -6.9531235822687467 21.430921287326257 35.171615304588379 -49.912319981892907 62.655661579767866 -151.4689157516892 7.7126416331417147 19.546296262992364 194.33219642275856 74.090133819580089 -56.936380890994045 -4.3947185458995328 149.22641451493053 98.600086470921838 -44.490373675614336 8.470397748638625 35.922720468140447 52.399796248988096 -50.938329241522432 14.377576141795238 -62.237242962624663 27.165180449809668 39.933312684350746 -41.248791321544019 4.6361714936430429 -33.318741358400906 -3.1417215216853287 2.7497395074508919 112.72813584537042 1.2775778090562264 39.643647458977377 33.121595541489754 9.9806299396504716 55.409215502057762 149.11923763621937 -59.589107522345209 -8.1876998088693949 -44.460917812983197 -4.4067033154698008 7.8325917427232188 66.588720951427106 -11.121227714285155 15.341988313435127 -3.1149558462887388 -16.38344353075685 -32.077999918714482 -6.2407323872601221 -12.887461877771401 5.1389601589089109 -17.267625462594239 -22.872785758018495 -160.51487238833781 4.0107296305519018 -160.91862422943115 -46.668835764104671 -3.6444372031597418 -2.993987044222544 -60.870934387207036 -51.773759256998702 45.887171120021655 -39.457901238151223
leaf_weight=24483 12670 3577 67 132 29 23 36 52 407 20 31 176 403 102 89 330 1220 1437 75 57 1001 165 794 918 212 711 394 5833 10406 81 547 252 303 5730 27 21 76 3976 47 56626 5767 54 301 3801 865 231 93 687 2785 1468 183 79 37 7197 25 109 430 1777 44 20 137 22
leaf_count=24483 12670 3577 67 132 29 23 36 52 407 20 31 176 403 102 89 330 1220 1437 75 57 1001 165 794 918 212 711 394 5833 10406 81 547 252 303 5730 27 21 76 3976 47 56626 5767 54 301 3801 865 231 93 687 2785 1468 183 79 37 7197 25 109 430 1777 44 20 137 22
internal_value=0.0102393 -2.75049 14.1365 7.53478 16.0144 -4.70155 10.3091 -58.3772 1.25604 70.8664 -4.17603 -37.0522 17.0464 18.5256 54.7894 15.7799 -2.82653 17.8244 108.723 7.13048 -0.43046 -21.2774 21.8802 45.211 1.31356 -9.3624 -5.68012 1.88711 4.11918 -4.55927 15.8089 6.34522 3.61209 11.2366 -0.810861 54.2729 -8.06422 -4.51193 -28.4625 -3.62447 0.0487773 9.09052 11.4647 14.4585 -0.728329 6.53196 10.4027 -16.1317 -1.03072 -6.66557 -38.1578 -61.3629 -96.867 0.808873 -103.296 4.10078 -12.4154 5.28232 -5.97445 9.67092 16.416 12.9609
internal_weight=159648 133549 26099 5781 20318 964 5368 88 910 65 845 207 19354 16841 1184 15657 1550 14107 177 2513 1662 568 851 1007 40381 2058 1846 38323 20972 4281 628 16691 10709 5982 17351 68 3653 93168 413 68685 12059 765 5280 4239 1041 638 1094 1081 17283 4253 346 163 84 13030 54 8083 539 7544 909 47 3938 45
internal_count=159648 133549 26099 5781 20318 964 5368 88 910 65 845 207 19354 16841 1184 15657 1550 14107 177 2513 1662 568 851 1007 40381 2058 1846 38323 20972 4281 628 16691 10709 5982 17351 68 3653 93168 413 68685 12059 765 5280 4239 1041 638 1094 1081 17283 4253 346 163 84 13030 54 8083 539 7544 909 47 3938 45
is_linear=0
shrinkage=0.05


Tree=60
num_leaves=63
num_cat=0
split_feature=12 12 7 3 2 0 3 0 15 2 3 3 14 12 12 2 8 14 5 3 0 3 15 3 13 2 3 15 3 3 13 15 2 3 13 3 3 7 14 0 15 5 5 7 15 14 2 8 3 15 2 0 2 2 14 8 0 13 0 3 0 3
split_gain=1.64937e+09 3.69989e+08 2.24061e+08 1.86188e+08 1.51951e+08 1.91619e+08 3.54323e+08 1.75211e+08 1.68467e+08 1.7425e+08 1.53194e+08 3.44675e+08 1.52517e+08 1.12007e+08 1.10309e+08 1.21685e+08 1.10722e+08 1.09771e+08 1.05371e+08 2.46164e+08 1.01363e+08 1.2315e+08 2.30102e+08 9.55959e+07 8.67473e+07 8.30159e+07 8.0747e+07 7.88463e+07 7.5992e+07 5.49655e+08 4.25139e+08 1.28085e+08 2.06801e+08 1.8135e+08 1.38681e+08 9.8101e+07 9.03089e+07 1.25045e+08 8.43873e+07 7.46231e+07 7.21947e+07 7.18529e+07 6.76845e+07 5.94615e+07 5.85226e+07 5.64604e+07 5.4543e+07 8.50861e+07 6.65868e+07 5.51144e+07 5.63773e+07 5.0898e+07 5.05752e+07 1.61186e+08 1.33993e+08 4.93423e+07 5.25087e+07 4.86013e+07 4.70859e+07 4.67828e+07 4.55043e+07 4.29392e+07
threshold=6929.4142857142861 3360.5192857142861 1.0000000180025095e-35 102.50000000000001 5.5000000000000009 64.500000000000014 122.50000000000001 15.500000000000002 2767.7207595584318 3.5000000000000004 352.50000000000006 290.50000000000006 7371.7436666666672 11411.227142857142 11146.328571428572 1.0000000180025095e-35 1.5000000000000002 9786.7210000000014 2022.5000000000002 86.500000000000014 77.500000000000014 210.50000000000003 1258.6285903484061 60.500000000000007 1404.5646599278073 3.5000000000000004 238.50000000000003 1088.8915613918846 283.50000000000006 277.50000000000006 708.82082217154914 2395.2355910430888 4.5000000000000009 96.500000000000014 2074.6182739919509 318.50000000000006 278.50000000000006 1.0000000180025095e-35 8410.2070000000003 43.500000000000007 3055.8605597821247 2021.5000000000002 2022.5000000000002 1.0000000180025095e-35 4367.0318496902373 5829.6191666666673 5.5000000000000009 1.5000000000000002 217.50000000000003 385.42740670921222 1.0000000180025095e-35 25.500000000000004 1.0000000180025095e-35 1.5000000000000002 10578.665666666669 1.5000000000000002 34.500000000000007 3026.3383415523681 32.500000000000007 28.500000000000004 82.500000000000014 322.50000000000006
decision_type=2 2 2 2 2 2 2 2 2 2 2 2 2 2 2 2 2 2 2 2 2 2 2 2 2 2 2 2 2 2 2 2 2 2 2 2 2 2 2 2 2 2 2 2 2 2 2 2 2 2 2 2 2 2 2 2 2 2 2 2 2 2
left_child=1 43 4 13 5 6 18 41 52 12 11 -8 -10 24 16 -16 44 -11 19 -2 39 27 -23 -20 -4 26 -18 -22 29 31 -31 34 33 -33 38 -30 37 -32 -3 -9 -34 -6 -38 46 -5 -37 49 -48 -49 -1 51 -51 54 -54 -7 -45 -57 -27 -26 -41 -36 -58
right_child=2 28 3 14 7 8 10 20 9 17 -12 -13 -14 -15 15 -17 25 -19 23 -21 21 22 -24 -25 58 57 -28 -29 35 30 36 32 40 -35 60 45 42 -39 -40 59 -42 -43 -44 55 -46 -47 47 48 -50 50 -52 -53 53 -55 -56 56 61 -59 -60 -61 -62 -63
leaf_value=-5.3890651843688921 58.233695621383504 -0.014291298170458006 25.362033683353005 22.906820997600136 100.01918571703362 18.057551627474449 0.27776797442417339 2.0280902502383689 50.225077103744326 59.527860757459678 33.563371432214176 -51.780525752253858 12.290698353141833 -145.17600929542823 129.94564991455078 15.327679903966299 16.993669423502546 23.656448578475178 17.279168554557785 16.928047363442911 55.73311307717826 -91.836228060335728 2.1656641603088032 -4.2826548989723925 -0.14339338527006262 -36.443754676452045 -25.86068627139975 13.769863229733629 -7.8721322040842496 -2.8204954087620422 117.32057046265163 -4.8344866292591666 -1.1551047863645907 16.451884606445486 -15.147437998069023 -0.15167259519134291 29.540810920724461 -14.378174817345361 42.335647545184116 9.4823456699482715 -21.826908886882226 23.878407185503047 66.553113581177541 -3.9962371608587155 -48.608007059097297 18.806164776668592 -2.5930933896333892 -18.609162958104424 -7.4001903337018549 -7.9134211933276237 -3.299454777396253 5.7781958750801596 -0.21039943200594063 16.150751278412347 68.645882597909846 -4.9615276798133392 -25.515461352595356 -101.41747680262516 -67.131178238578144 -21.839431857320548 9.4515140117131757 6.4833560197492091
leaf_weight=31187 467 37331 44 273 32 1704 4355 840 323 569 295 342 1461 26 24 321 171 344 1787 1580 130 73 541 721 33 129 304 779 5683 418 118 1305 1513 4283 1984 6499 208 21 117 136 585 546 313 1287 31 417 4055 2306 3118 849 21492 3370 1878 7585 141 636 1145 37 127 937 207 115
leaf_count=31187 467 37331 44 273 32 1704 4355 840 323 569 295 342 1461 26 24 321 171 344 1787 1580 130 73 541 721 33 129 304 779 5683 418 118 1305 1513 4283 1984 6499 208 21 117 136 585 546 313 1287 31 417 4055 2306 3118 849 21492 3370 1878 7585 141 636 1145 37 127 937 207 115
internal_value=0.00976891 -2.38898 10.777 -7.90737 11.8076 13.34 7.87638 2.81467 17.0637 28.2929 -1.32505 -3.52294 19.1832 -49.2473 -0.504244 23.6536 -9.33947 46.0529 17.9587 26.3753 -1.47257 8.14924 -9.1416 11.0813 -36.3726 -21.1155 -10.4298 19.8259 0.453283 1.35364 36.6402 0.549105 6.45592 11.4808 -0.596359 -3.00556 61.5984 97.463 0.119151 -9.13306 -6.92682 28.2593 51.8615 -4.88153 15.4787 0.993942 -4.56126 -8.0728 -12.1682 -3.97612 -2.26211 3.02177 14.3832 12.9041 21.9587 -11.5566 -16.6838 -51.4465 -53.4017 -17.8643 -12.8201 -22.5921
internal_weight=159648 130562 29086 1520 27566 23552 9547 4014 14005 2697 4992 4697 1784 230 1290 345 945 913 4555 2047 3436 1523 614 2508 204 641 475 909 61002 48403 1078 47325 7686 5588 39639 12599 660 139 37448 1913 2098 578 521 69560 304 6916 66377 9479 5424 56898 25711 4219 11308 9463 1845 3183 1896 166 160 1073 2191 1260
internal_count=159648 130562 29086 1520 27566 23552 9547 4014 14005 2697 4992 4697 1784 230 1290 345 945 913 4555 2047 3436 1523 614 2508 204 641 475 909 61002 48403 1078 47325 7686 5588 39639 12599 660 139 37448 1913 2098 578 521 69560 304 6916 66377 9479 5424 56898 25711 4219 11308 9463 1845 3183 1896 166 160 1073 2191 1260
is_linear=0
shrinkage=0.05


Tree=61
num_leaves=63
num_cat=0
split_feature=10 10 10 13 10 12 3 7 8 3 5 9 5 12 15 15 13 5 3 14 3 7 3 3 13 7 0 3 10 3 0 0 14 6 3 15 3 7 3 3 13 5 14 0 0 3 9 12 3 14 6 6 0 8 3 3 13 0 6 5 15 9
split_gain=2.07713e+09 2.18176e+08 1.8605e+08 1.24038e+08 9.80539e+07 8.907e+07 1.01508e+08 8.66402e+07 7.98494e+07 5.10415e+08 1.64639e+08 1.37305e+08 1.29258e+08 1.37436e+08 9.13457e+07 7.87932e+07 6.94861e+07 6.48819e+07 2.14448e+08 1.57106e+08 1.14789e+08 9.82664e+07 2.37472e+08 8.47841e+07 6.41747e+07 6.22455e+07 7.84303e+07 7.25251e+07 5.80973e+07 5.80967e+07 7.59649e+07 5.99846e+07 7.11433e+07 5.44104e+07 1.20419e+08 1.17386e+08 5.34443e+07 4.70883e+07 4.64846e+07 1.9709e+08 4.46474e+07 4.40451e+07 4.29893e+07 4.15347e+07 3.6583e+07 4.55388e+07 3.58855e+07 9.09805e+07 7.80648e+07 4.39881e+07 3.54114e+07 3.51981e+07 3.5123e+07 3.74213e+07 6.75053e+07 3.84104e+07 3.22758e+07 4.96359e+07 3.20036e+07 2.93864e+07 2.86325e+07 2.64183e+07
threshold=6000.1450000000013 3499.2850000000003 9999.9950000000008 177.31633973589035 17561.605000000003 10592.202142857144 78.500000000000014 1.0000000180025095e-35 2.5000000000000004 284.50000000000006 2021.5000000000002 1.0000000180025095e-35 2021.5000000000002 12000.380714285717 4367.0318496902373 6037.7917475630766 2952.9953579360567 2023.5000000000002 284.50000000000006 7371.7436666666672 290.50000000000006 1.0000000180025095e-35 88.500000000000014 4.5000000000000009 3240.2100545687676 1.0000000180025095e-35 27.500000000000004 88.500000000000014 1755.7850000000001 294.50000000000006 74.500000000000014 5.5000000000000009 11626.133833333335 1.0000000180025095e-35 98.500000000000014 1009.0677527946126 318.50000000000006 1.0000000180025095e-35 88.500000000000014 72.500000000000014 1350.6003130387064 2023.5000000000002 11626.133833333335 58.500000000000007 78.500000000000014 242.50000000000003 2.5000000000000004 6350.3135714285718 254.50000000000003 8162.4848333333339 1.0000000180025095e-35 1.0000000180025095e-35 33.500000000000007 1.5000000000000002 88.500000000000014 322.50000000000006 3240.2100545687676 18.500000000000004 1.0000000180025095e-35 2023.5000000000002 574.17328973728377 1.0000000180025095e-35
decision_type=2 2 2 2 2 2 2 2 2 2 2 2 2 2 2 2 2 2 2 2 2 2 2 2 2 2 2 2 2 2 2 2 2 2 2 2 2 2 2 2 2 2 2 2 2 2 2 2 2 2 2 2 2 2 2 2 2 2 2 2 2 2
left_child=1 28 3 -2 15 16 -7 8 12 10 -10 -11 14 -14 -5 17 25 21 19 -19 -20 23 -23 -4 40 33 41 -28 51 30 31 58 -33 35 -35 -3 38 46 39 -18 61 -27 56 -40 -32 -46 49 50 -49 -30 -48 -1 -39 54 -54 -55 -8 -58 -6 -51 -53 -9
right_child=2 5 4 7 29 6 42 24 9 11 -12 -13 13 -15 -16 -17 36 18 20 -21 -22 22 -24 -25 -26 26 27 -29 37 -31 44 32 -34 34 -36 -37 -38 52 43 -41 -42 -43 -44 -45 45 -47 47 48 -50 59 -52 60 53 55 -56 -57 57 -59 -60 -61 -62 -63
leaf_value=-8.4036490674350386 -63.865493767030777 -1.5774909582583687 -55.315571494683994 -7.8029344597252779 108.98767356589988 113.63113599961804 71.227749598911828 30.317653756141667 92.460518002785932 -62.059924605976448 25.007024754115513 4.343324265782039 8.1722263022412971 59.926304940980209 64.38107520887587 -78.853539057192606 -11.193565211420447 -7.548155347660229 -143.85206645292394 14.583689120846353 -15.265716375402503 -124.99680638363486 4.0270533933228467 16.745443608905273 62.46784429958889 -3.3002046998441821 -39.658975298465833 -9.6888693209224925 -4.504923481873286 -48.703205559140166 80.2155085006127 1.7887299243823902 61.838558295828399 4.717504321722557 -5.4680870286841143 4.5441035320786574 50.665646247285792 -2.9625205937474597 -26.504870436944785 150.38807664004239 -25.426443036807516 21.912623834233536 -25.704676995784681 -6.4592529972633077 87.075190856933602 24.612915145472478 -1.1207351601518529 57.728805334008257 -14.91499186377092 -23.572417017499976 -6.0763551245551177 -10.858043137707654 -33.715448884230391 -21.797012966208467 -0.087290849351380262 5.6666745898273447 63.654514386376675 0.60687473769809896 31.106179767477101 24.208494374956405 -31.564593884816425 -8.336207317272267
leaf_weight=2757 61 15900 40 1691 26 30 34 63 241 87 146 674 9851 129 44 22 132 1000 33 4035 36 37 579 12957 27 496 233 1480 51557 20 103 258 60 4184 9463 15430 32 1220 583 21 370 265 46 465 39 113 13711 114 54 427 4890 337 181 1200 829 142 42 114 28 34 333 142
leaf_count=2757 61 15900 40 1691 26 30 34 63 241 87 146 674 9851 129 44 22 132 1000 33 4035 36 37 579 12957 27 496 233 1480 51557 20 103 258 60 4184 9463 15430 32 1220 583 21 370 265 46 465 39 113 13711 114 54 427 4890 337 181 1200 829 142 42 114 28 34 333 142
internal_value=0.00939402 -2.89697 11.2008 6.69951 14.341 -0.281801 28.5182 7.0239 7.89177 20.4717 67.143 -3.31959 6.65737 8.84713 -5.9363 13.6788 -0.439741 13.7917 8.98105 10.1875 -77.9401 15.5946 -3.91278 16.5194 -11.5022 -0.13512 -7.85489 -13.7861 -4.54264 33.4703 36.1648 21.6627 13.2772 0.289678 -2.34519 1.43744 -12.1532 -4.24918 -13.8678 11.8168 -15.0781 5.49679 17.2649 -17.6252 57.1535 41.1038 -3.96642 -2.09209 34.4289 -4.64266 -2.42377 -10.9072 -9.84993 -13.4197 -6.14112 -18.889 27.7483 17.8786 69.9046 -20.0037 -21.1812 3.63227
internal_weight=159648 126736 32912 13526 19386 48950 266 13465 12863 1148 387 761 11715 9980 1735 18739 48684 18717 5104 5035 69 13613 616 12997 602 47451 2474 1713 77786 647 627 372 318 44977 13647 31330 1233 74359 1201 153 575 761 236 1048 255 152 70787 18769 168 52018 18601 3427 3572 2352 1010 1342 190 156 54 461 670 205
internal_count=159648 126736 32912 13526 19386 48950 266 13465 12863 1148 387 761 11715 9980 1735 18739 48684 18717 5104 5035 69 13613 616 12997 602 47451 2474 1713 77786 647 627 372 318 44977 13647 31330 1233 74359 1201 153 575 761 236 1048 255 152 70787 18769 168 52018 18601 3427 3572 2352 1010 1342 190 156 54 461 670 205
is_linear=0
shrinkage=0.05


Tree=62
num_leaves=63
num_cat=0
split_feature=10 10 10 10 7 3 3 5 15 3 3 12 3 11 11 3 3 3 3 3 12 12 11 9 12 0 3 3 0 3 12 15 9 5 11 3 3 12 3 5 12 11 3 9 7 3 3 14 0 14 14 11 14 10 12 10 14 3 3 0 0 6
split_gain=1.87899e+09 2.17916e+08 1.65548e+08 8.87558e+07 7.74616e+07 7.36917e+07 1.90087e+08 1.76343e+08 1.04279e+08 1.03921e+08 1.02267e+08 2.05232e+08 1.53891e+08 1.00541e+08 7.91851e+07 7.36514e+07 3.78366e+08 3.13211e+08 2.34427e+08 2.83702e+08 2.26265e+08 1.8583e+08 1.67098e+08 1.42219e+08 1.08143e+08 6.98934e+07 7.64412e+07 1.29276e+08 6.83781e+07 6.40244e+07 6.30939e+07 6.47088e+07 1.26608e+08 6.19754e+07 6.15202e+07 6.74811e+07 1.789e+08 6.48803e+07 8.37722e+07 6.73333e+07 5.92786e+07 5.90864e+07 5.816e+07 5.47641e+07 5.32917e+07 7.42006e+07 5.26251e+07 6.86725e+07 5.45908e+07 8.61281e+07 5.04464e+07 5.03083e+07 4.9096e+07 4.66288e+07 4.41068e+07 4.28691e+07 4.14594e+07 3.86406e+07 7.98004e+07 3.55546e+07 3.51676e+07 3.25587e+07
threshold=5599.3250000000007 9999.9950000000008 3200.6050000000005 17561.605000000003 1.0000000180025095e-35 284.50000000000006 280.50000000000006 2023.5000000000002 6037.7917475630766 290.50000000000006 279.50000000000006 7894.5814285714287 277.50000000000006 4998.9000000000005 12000.005000000003 266.50000000000006 284.50000000000006 277.50000000000006 244.50000000000003 219.50000000000003 5246.8642857142868 12000.380714285717 5499.0550000000012 1.0000000180025095e-35 9824.4050000000025 31.500000000000004 190.50000000000003 274.50000000000006 3.5000000000000004 349.50000000000006 10592.202142857144 4367.0318496902373 2.5000000000000004 2022.5000000000002 10000.005000000003 126.50000000000001 96.500000000000014 8928.5392857142888 88.500000000000014 2023.5000000000002 8928.5392857142888 5260.8900000000003 88.500000000000014 1.0000000180025095e-35 1.0000000180025095e-35 88.500000000000014 294.50000000000006 11626.133833333335 74.500000000000014 9550.627666666669 4082.4790000000003 10339.960000000001 6093.8915000000006 1699.325 6542.1771428571437 4500.4050000000007 9221.3508333333357 172.50000000000003 246.50000000000003 42.500000000000007 66.500000000000014 1.0000000180025095e-35
decision_type=2 2 2 2 2 2 2 2 2 2 2 2 2 2 2 2 2 2 2 2 2 2 2 2 2 2 2 2 2 2 2 2 2 2 2 2 2 2 2 2 2 2 2 2 2 2 2 2 2 2 2 2 2 2 2 2 2 2 2 2 2 2
left_child=2 4 53 5 15 6 10 8 13 -9 12 -12 -3 -7 50 18 17 22 19 21 -21 -2 -17 52 -19 26 33 -28 54 -25 34 32 -32 -6 37 36 -36 44 59 -40 -30 -35 -27 -33 55 -46 47 48 49 -5 -8 56 -18 61 -20 -4 -44 -37 -59 -39 -53 -1
right_child=1 3 30 46 25 7 14 9 -10 -11 11 -13 -14 -15 -16 16 23 24 28 20 -22 -23 -24 29 -26 42 27 -29 40 -31 31 43 -34 41 35 57 -38 38 39 -41 -42 -43 51 -45 45 -47 -48 -49 -50 -51 -52 60 -54 -55 -56 -57 -58 58 -60 -61 -62 -63
leaf_value=-8.3405147954343146 3.6584583897815524 12.888137369945163 -1.4966041899059799 24.72728775009854 101.04773862780947 -24.65554218255906 -16.799669655041818 -136.87101104736328 -104.1297897484189 -14.52305923461914 32.707238356067293 -95.560134710130228 60.177451124520132 12.091249570091518 135.57995776783338 -9.9326174953579915 7.5614660236753268 73.779760418576387 94.719456387474438 59.211275585844511 15.028679292380685 59.347778184602134 49.192321538388477 0.52872139754058711 176.72081978633486 -49.301526474351959 -49.570651551556871 58.980705674566877 -11.650072285054804 19.957018278966217 -10.153326842925129 41.26141025607869 119.76226468906846 51.391339257687939 -8.3335118226399505 -36.923961612697859 109.41204171361149 104.94363960714901 -5.5206977514147324 38.148547359786868 -37.738344568987792 -39.762899791172579 4.9805716007466909 -23.134346966679892 -28.390283716007787 -4.5856533526745329 -46.384006950741728 67.455934245397174 47.102210304100481 -45.74642690731929 42.499943265933226 -97.99859258015951 -67.89895471761514 -4.4040679236692615 6.7931639898341629 1.7831517126629788 -45.705551332514347 16.59466282718229 -28.781446612567478 32.31852663194811 -22.894877930817508 -21.926199314770027
leaf_weight=2310 10379 15925 41389 261 32 209 38 33 20 36 61 62 173 1641 21 247 28 268 20 420 933 151 230 1470 28 126 82 40 1000 595 33 58 42 48 251 267 36 33 270 130 278 27 284 74 372 2681 20 125 190 51 520 23 90 61257 45 13121 46 150 270 36 47 545
leaf_count=2310 10379 15925 41389 261 32 209 38 33 20 36 61 62 173 1641 21 247 28 268 20 420 933 151 230 1470 28 126 82 40 1000 595 33 58 42 48 251 267 36 33 270 130 278 27 284 74 372 2681 20 125 190 51 520 23 90 61257 45 13121 46 150 270 36 47 545
internal_value=0.00905457 10.0039 -2.9348 13.6238 5.86008 12.9938 14.059 3.76209 6.67527 -74.1568 13.0523 -32.1971 13.4 7.92878 42.1897 6.5906 13.7249 43.762 4.99518 7.23329 28.7775 4.4626 18.6195 3.07354 84.0797 -9.78529 13.2315 -13.7898 -14.7985 6.13366 -1.02858 26.4611 63.2179 43.8832 -1.12547 -13.5809 6.76457 -0.916186 17.5856 8.73154 -17.3501 18.4843 -19.812 5.25821 -1.06723 -7.49453 31.8235 34.3881 26.0363 13.0982 38.4388 -10.423 -50.08 -4.69532 34.8727 -0.707122 -2.20149 -22.0779 -12.5748 68.0553 -48.6046 -10.9407
internal_weight=159648 36323 123325 19386 16937 18739 16800 1939 1870 69 16221 123 16098 1850 579 16182 2956 773 13226 11883 1353 10530 477 2183 296 755 229 122 1343 2065 59213 207 75 107 59006 974 287 58032 469 400 1278 75 526 132 57563 3053 647 627 502 312 558 400 118 64112 65 54510 330 687 420 69 70 2855
internal_count=159648 36323 123325 19386 16937 18739 16800 1939 1870 69 16221 123 16098 1850 579 16182 2956 773 13226 11883 1353 10530 477 2183 296 755 229 122 1343 2065 59213 207 75 107 59006 974 287 58032 469 400 1278 75 526 132 57563 3053 647 627 502 312 558 400 118 64112 65 54510 330 687 420 69 70 2855
is_linear=0
shrinkage=0.05


Tree=63
num_leaves=63
num_cat=0
split_feature=10 10 2 10 3 3 2 11 3 3 3 0 2 9 2 2 11 0 3 3 12 12 2 9 13 7 15 9 2 11 7 3 10 3 14 15 2 11 0 12 3 3 3 11 9 0 12 14 12 2 2 12 13 10 8 3 3 3 9 0 0 11
split_gain=1.70382e+09 2.66805e+08 1.1009e+08 1.29255e+08 2.70551e+08 3.4049e+08 4.28257e+08 5.58141e+08 2.61392e+08 3.16715e+08 2.14e+08 2.15095e+08 1.26045e+08 1.17689e+08 1.01412e+08 9.7678e+07 8.20155e+07 8.93373e+07 9.59965e+07 1.13404e+08 1.1679e+08 8.02171e+07 7.52046e+07 1.28516e+08 1.05891e+08 7.73833e+07 8.86595e+07 9.25138e+07 1.39764e+08 8.93617e+07 7.51217e+07 1.5637e+08 1.08849e+08 9.13766e+07 6.95063e+07 6.88137e+07 6.8069e+07 6.25362e+07 6.10549e+07 1.25986e+08 1.20281e+08 4.25877e+08 1.84282e+08 6.08407e+07 1.71179e+08 1.75188e+08 1.70127e+08 1.07744e+08 9.94024e+07 9.86171e+07 8.42413e+07 8.39902e+07 7.28869e+07 8.72057e+07 6.06088e+07 5.85178e+07 5.8487e+07 5.73434e+07 5.58402e+07 6.1302e+07 5.52582e+07 5.42355e+07
threshold=7400.5350000000008 4140.9450000000006 5.5000000000000009 12000.005000000003 86.500000000000014 236.50000000000003 4.5000000000000009 10000.005000000003 242.50000000000003 263.50000000000006 80.500000000000014 30.500000000000004 3.5000000000000004 1.5000000000000002 4.5000000000000009 2.5000000000000004 12000.005000000003 14.500000000000002 275.50000000000006 110.50000000000001 6175.1128571428571 4457.8657142857146 5.5000000000000009 1.0000000180025095e-35 699.88923257459498 1.0000000180025095e-35 510.16003638937758 2.5000000000000004 1.0000000180025095e-35 6548.3200000000006 1.0000000180025095e-35 277.50000000000006 8500.3950000000023 76.500000000000014 5387.5863333333336 4172.7825912611497 5.5000000000000009 2000.2650000000001 77.500000000000014 11882.280714285715 239.50000000000003 246.50000000000003 124.50000000000001 10000.005000000003 3.5000000000000004 79.500000000000014 9824.4050000000025 8249.6408333333366 9244.0171428571448 1.5000000000000002 1.0000000180025095e-35 6635.1485714285727 2664.1196719890286 6750.0150000000012 1.5000000000000002 88.500000000000014 211.50000000000003 12.500000000000002 1.5000000000000002 76.500000000000014 19.500000000000004 2459.6950000000002
decision_type=2 2 2 2 2 2 2 2 2 2 2 2 2 2 2 2 2 2 2 2 2 2 2 2 2 2 2 2 2 2 2 2 2 2 2 2 2 2 2 2 2 2 2 2 2 2 2 2 2 2 2 2 2 2 2 2 2 2 2 2 2 2
left_child=1 22 3 21 10 6 7 -6 -7 -10 11 15 -13 -8 -12 -5 17 18 19 -4 -21 60 25 -24 37 26 -1 29 -29 -28 35 33 -33 -32 -16 57 43 -25 40 56 42 -42 -19 47 51 46 -46 48 -3 -47 -50 -45 -49 -54 55 -27 -40 -23 61 -60 -2 -38
right_child=2 36 16 4 5 8 13 -9 9 -11 14 12 -14 -15 34 -17 -18 38 -20 20 -22 30 23 24 -26 54 27 28 -30 -31 31 32 -34 -35 -36 -37 58 -39 39 -41 41 -43 -44 44 45 49 -48 52 50 -51 -52 -53 53 -55 -56 -57 -58 -59 59 -61 -62 -63
leaf_value=-4.1326423944718824 11.625239286876861 1.8180499029438442 64.332240575981132 0.54805588404337557 -83.964048813636154 118.2744626394495 -76.288335666656494 69.717741353715112 -98.867886418361294 29.644026256870518 119.07811631308662 28.287445705247961 -87.136466303066328 -217.9245313558271 -23.192989672025046 126.76949539847995 -52.347499277024042 -3.4599251756803926 83.645070252499337 -58.31937946688744 15.806692798470937 26.562850147573972 -0.33509408161921211 -17.24064512926412 -24.313576877543326 -18.483226024083471 -1.6930609216440335 12.26580846356728 -0.37216135754998098 -13.341105402437401 -42.616276937334725 17.890139678955077 -97.781205939090626 10.916252467859804 75.473955560632646 28.347179880629888 63.491518383571076 -6.0997314698030287 13.784058087759156 59.081469804258909 101.37112781056186 -4.6917833909680766 -51.61171983058636 18.248026349275634 3.9480342893302445 -48.951267180697613 67.126919926031675 9.2619837100571498 58.051806644021646 6.3044453902041191 0.54701072391710792 -24.220598697588088 25.008400514029944 106.69136452992757 -14.877835279357388 1.9597598164803747 -7.7335336717991927 11.849077700376272 -14.454850785173356 2.1910899292728279 -95.880769069277008 0.78531185612966392
leaf_weight=45158 20 23378 99 23 108 76 31 128 50 807 143 45 48 30 23 45 62 1017 58 61 371 688 4807 1576 1195 459 24748 2960 8376 1763 88 29 65 764 73 703 34 6271 806 118 113 557 246 132 231 130 197 2205 145 210 113 946 372 35 2367 1464 518 17492 1684 823 28 2336
leaf_count=45158 20 23378 99 23 108 76 31 128 50 807 143 45 48 30 23 45 62 1017 58 61 371 688 4807 1576 1195 459 24748 2960 8376 1763 88 29 65 764 73 703 34 6271 806 118 113 557 246 132 231 130 197 2205 145 210 113 946 372 35 2367 1464 518 17492 1684 823 28 2336
internal_value=0.0087845 -2.24502 11.8468 13.2673 26.8017 15.1599 -31.3939 -0.668724 29.997 22.0398 62.4733 17.7536 -31.5794 -148.337 92.3987 84.7037 4.25711 5.15543 23.1061 16.3487 5.22929 12.1561 -3.5183 -6.94124 -10.4528 -2.97519 -2.63667 -0.851665 2.92859 -2.46814 12.3134 -1.43481 -62.2826 5.34359 51.8395 13.0022 1.66094 -8.3392 2.0168 9.79953 -3.79111 13.3208 -12.8721 2.60751 -6.16416 11.8657 33.1167 3.22462 2.15942 -14.9043 32.965 -19.0083 12.8592 32.277 -9.52271 -2.92684 5.36606 12.4073 -3.7912 -8.99161 -51.7634 1.7113
internal_weight=159648 134115 25533 21507 1630 1230 297 236 933 857 400 161 93 61 239 68 4026 3964 589 531 432 19877 101144 13849 9042 87295 83005 37847 11336 26511 19829 946 94 852 96 18883 32971 7847 3375 1442 1933 670 1263 28094 1846 768 428 26248 23636 340 258 1078 2612 407 4290 1923 1324 18180 4877 2507 48 2370
internal_count=159648 134115 25533 21507 1630 1230 297 236 933 857 400 161 93 61 239 68 4026 3964 589 531 432 19877 101144 13849 9042 87295 83005 37847 11336 26511 19829 946 94 852 96 18883 32971 7847 3375 1442 1933 670 1263 28094 1846 768 428 26248 23636 340 258 1078 2612 407 4290 1923 1324 18180 4877 2507 48 2370
is_linear=0
shrinkage=0.05


Tree=64
num_leaves=63
num_cat=0
split_feature=10 10 11 2 0 12 4 0 10 13 4 2 14 2 14 14 11 15 2 5 2 11 14 0 11 14 4 0 12 12 14 13 15 0 13 4 15 15 8 0 2 11 2 4 10 2 15 8 10 11 15 0 2 14 14 0 0 13 12 4 14 14
split_gain=1.54039e+09 1.77395e+08 1.40104e+08 1.28827e+08 2.02851e+08 1.45024e+08 1.79725e+08 1.48314e+08 1.20932e+08 1.5813e+08 1.11013e+08 1.88097e+08 1.04501e+08 1.07058e+08 9.26047e+07 8.80148e+07 1.36618e+08 8.32033e+07 9.22146e+07 7.80591e+07 9.97932e+07 3.28509e+08 3.80218e+08 1.93383e+08 1.85644e+08 1.71505e+08 1.70298e+08 1.82761e+08 1.49442e+08 1.32736e+08 1.2427e+08 1.00501e+08 9.80615e+07 7.68551e+07 1.05296e+08 1.26133e+08 1.48405e+08 9.6968e+07 1.18868e+08 1.3924e+08 1.1632e+08 1.01509e+08 8.76006e+07 7.64261e+07 7.39633e+07 6.82143e+07 1.12517e+08 6.80388e+07 6.64304e+07 6.36469e+07 1.00773e+08 6.2321e+07 5.88762e+07 5.24647e+07 4.86523e+07 4.78993e+07 4.5297e+07 4.51734e+07 4.36979e+07 4.58616e+07 4.32188e+07 3.93046e+07
threshold=5599.3250000000007 9999.9950000000008 2889.0450000000005 1.0000000180025095e-35 16.500000000000004 8808.0057142857167 3.5000000000000004 7.5000000000000009 8000.5550000000012 3422.1483359915333 6.5000000000000009 1.5000000000000002 8653.2806666666675 2.5000000000000004 12197.029 3838.8063333333334 3992.4350000000004 3875.9798355999246 1.5000000000000002 2022.5000000000002 4.5000000000000009 14498.490000000002 10182.287500000002 68.500000000000014 17561.605000000003 4582.8091666666669 9.5000000000000018 71.500000000000014 7789.2507142857148 6095.1992857142859 3878.8826666666673 4699.4111002022109 3369.8929387825142 66.500000000000014 1617.1973376812509 8.5000000000000018 3718.1762840000401 949.48778439468003 2.5000000000000004 75.500000000000014 1.0000000180025095e-35 4070.8550000000005 5.5000000000000009 7.5000000000000009 3605.8850000000007 5.5000000000000009 443.34023542160082 2.5000000000000004 7400.5350000000008 12000.005000000003 3149.8965387637249 31.500000000000004 1.0000000180025095e-35 11254.016333333335 9550.627666666669 3.5000000000000004 42.500000000000007 2242.4201025256939 11411.227142857142 11.500000000000002 10182.287500000002 2938.9413333333337
decision_type=2 2 2 2 2 2 2 2 2 2 2 2 2 2 2 2 2 2 2 2 2 2 2 2 2 2 2 2 2 2 2 2 2 2 2 2 2 2 2 2 2 2 2 2 2 2 2 2 2 2 2 2 2 2 2 2 2 2 2 2 2 2
left_child=2 3 45 4 -2 7 17 12 49 -10 11 -8 13 -5 -12 47 -17 18 -7 20 24 28 23 -23 25 30 54 -28 57 -27 -3 -24 -30 34 44 36 55 -35 40 -40 41 -39 -38 -42 -4 61 -47 -9 -19 50 -6 -48 -41 -21 -26 -36 -46 -22 59 -37 -14 -1
right_child=1 19 33 5 8 6 10 15 9 -11 14 -13 60 -15 -16 16 -18 48 -20 53 21 22 31 -25 26 29 27 -29 32 -31 -32 -33 -34 37 35 58 42 38 39 52 43 -43 -44 -45 56 46 51 -49 -50 -51 -52 -53 -54 -55 -56 -57 -58 -59 -60 -61 -62 -63
leaf_value=-4.576928492728249 -17.441418226870621 -33.617966410319006 -3.2664242068379239 48.554885887763575 15.03748963306554 -41.136296803323852 -80.597545147720652 13.904554153564129 39.440448969181645 147.37978485810129 -7.7834039739547372 -17.345043043381459 94.355828426522265 8.4106331927523339 67.915785024733779 -10.240072303848239 5.5266730093934697 126.20158425467355 19.168179947078695 10.064617062594015 17.53002530670166 -161.09315460205079 -12.143088660596021 -25.02363569441296 138.84768589151315 -103.16007326872453 -97.986368455153254 56.160153163925216 8.9120306230549939 17.320019565549369 91.783619890910828 98.077576431274423 31.757465215098904 -1.8822930655500174 10.220228655675252 -23.039809183930267 43.857242255059845 48.2277569163682 15.511170886068768 -29.37346354362019 0.74654462198168803 14.212104369878771 -55.148143322753917 14.338889493096733 2.2971679256609088 -4.2532617545849991 1.2129031955715466 53.317435996128964 31.850743454615277 -46.121152188150511 70.124184810931865 -18.688453025162815 -6.9139461650474221 -54.065042812228207 73.08460883976862 -8.8670424512840764 -2.6295246108315005 -39.39570265667993 24.566025102723323 27.16437934956652 22.688511380776763 -0.069338178366505937
leaf_weight=32550 329 23 29114 226 963 75 146 704 336 37 1063 591 70 621 41 1609 9371 27 382 12207 44 73 66 41 57 22 25 73 1168 4397 122 29 786 11703 374 1619 220 252 660 357 3911 1664 24 1405 13820 5227 455 129 59 37 90 2898 1584 31 64 2668 7042 158 52 46 31 5680
leaf_count=32550 329 23 29114 226 963 75 146 704 336 37 1063 591 70 621 41 1609 9371 27 382 12207 44 73 66 41 57 22 25 73 1168 4397 122 29 786 11703 374 1619 220 252 660 357 3911 1664 24 1405 13820 5227 455 129 59 37 90 2898 1584 31 64 2668 7042 158 52 46 31 5680
internal_value=0.00840803 9.05805 -2.65704 5.31927 17.9928 3.81861 -7.49913 5.93341 25.9677 50.513 -14.954 -29.9676 24.9512 19.1667 -4.91319 4.40523 3.2155 17.7569 9.20316 12.3241 16.4762 8.06977 -51.6341 -112.799 20.6303 18.4629 65.5085 16.2445 13.8786 16.697 71.7983 22.1743 18.1132 -1.33886 -2.33063 -9.24572 -3.50465 1.19301 4.85299 -4.31261 8.14956 18.7088 33.9336 4.34098 -1.6382 -4.81165 -8.84055 20.0647 62.5827 17.5296 19.8078 -15.9883 -11.0578 9.89777 104.948 -6.51776 0.634109 -26.9707 -20.2245 -21.6373 72.7971 -3.90724
internal_weight=159648 36323 123325 16937 1792 15145 2384 12761 1463 373 1841 737 948 847 1104 11813 10980 543 457 19386 7148 2365 209 114 4783 4564 219 98 2156 4419 145 95 1954 76515 54979 5003 3286 21536 9833 2601 7232 1916 244 5316 49976 46810 8580 833 86 1090 1053 3353 1941 12238 121 3042 20862 202 1717 1665 101 38230
internal_count=159648 36323 123325 16937 1792 15145 2384 12761 1463 373 1841 737 948 847 1104 11813 10980 543 457 19386 7148 2365 209 114 4783 4564 219 98 2156 4419 145 95 1954 76515 54979 5003 3286 21536 9833 2601 7232 1916 244 5316 49976 46810 8580 833 86 1090 1053 3353 1941 12238 121 3042 20862 202 1717 1665 101 38230
is_linear=0
shrinkage=0.05


Tree=65
num_leaves=63
num_cat=0
split_feature=10 10 5 11 7 3 10 0 3 3 2 0 3 3 11 3 3 3 3 2 7 11 8 15 5 9 5 2 2 9 10 14 14 0 14 10 0 11 2 15 0 10 2 10 10 3 3 0 13 7 13 2 14 7 2 3 15 3 2 0 15 13
split_gain=1.39465e+09 2.11577e+08 1.03632e+08 1.93253e+08 1.2295e+08 1.7098e+08 1.82694e+08 1.38562e+08 1.19223e+08 1.69481e+08 9.83445e+07 1.48112e+08 9.04432e+07 1.70097e+08 1.30858e+08 1.21385e+08 8.00027e+08 3.15441e+08 1.15372e+08 1.05785e+08 7.82369e+07 7.32321e+07 7.19197e+07 9.85364e+07 8.36809e+07 7.16938e+07 7.24134e+07 7.03806e+07 6.9131e+07 7.59366e+07 5.96467e+07 6.19242e+07 5.87452e+07 8.15248e+07 9.17689e+07 5.78174e+07 5.58758e+07 1.33521e+08 1.2033e+08 1.14904e+08 1.0605e+08 6.8372e+07 5.58472e+07 8.51989e+07 5.36258e+07 5.21582e+07 4.93236e+07 4.93036e+07 5.15093e+07 4.66729e+07 4.61949e+07 5.12824e+07 4.31117e+07 4.12269e+07 4.25811e+07 3.97572e+07 1.18965e+08 1.87578e+08 4.87474e+07 6.50653e+07 6.47973e+07 3.77643e+07
threshold=7200.1650000000009 3752.5650000000005 2023.5000000000002 4206.6250000000009 1.0000000180025095e-35 88.500000000000014 11126.180000000002 31.500000000000004 284.50000000000006 290.50000000000006 1.0000000180025095e-35 75.500000000000014 12.500000000000002 40.500000000000007 11999.985000000002 86.500000000000014 80.500000000000014 96.500000000000014 4.5000000000000009 1.5000000000000002 1.0000000180025095e-35 3489.9350000000004 1.5000000000000002 2338.9285519878549 2021.5000000000002 1.0000000180025095e-35 2023.5000000000002 2.5000000000000004 5.5000000000000009 1.5000000000000002 9999.9950000000008 7371.7436666666672 5708.076500000001 22.500000000000004 4772.9596666666666 2239.1600000000003 69.500000000000014 10000.005000000003 1.5000000000000002 979.37786528218487 79.500000000000014 5800.8400000000011 4.5000000000000009 4998.9650000000011 10000.005000000003 88.500000000000014 178.50000000000003 75.500000000000014 1164.8514057877398 1.0000000180025095e-35 2528.2985916037264 3.5000000000000004 4842.0065000000004 1.0000000180025095e-35 5.5000000000000009 110.50000000000001 3718.1762840000401 100.50000000000001 5.5000000000000009 34.500000000000007 592.06498181316817 964.50953938217697
decision_type=2 2 2 2 2 2 2 2 2 2 2 2 2 2 2 2 2 2 2 2 2 2 2 2 2 2 2 2 2 2 2 2 2 2 2 2 2 2 2 2 2 2 2 2 2 2 2 2 2 2 2 2 2 2 2 2 2 2 2 2 2 2
left_child=1 35 4 21 12 6 7 -6 30 -10 11 52 18 14 19 16 -15 -17 44 -14 28 -4 23 -12 -24 26 -22 -16 36 -30 50 -32 33 34 -23 -1 37 41 -39 -38 -41 -3 43 -28 -2 -27 -47 48 -31 -33 51 -5 -7 54 -34 56 61 -58 -57 -60 -61 -37
right_child=2 20 3 8 5 10 -8 -9 9 -11 22 -13 13 15 27 17 -18 -19 -20 -21 25 32 24 -25 -26 45 42 -29 29 47 31 49 53 -35 -36 55 39 38 -40 40 -42 -43 -44 -45 -46 46 -48 -49 -50 -51 -52 -53 -54 -55 -56 58 57 -59 59 60 -62 -63
leaf_value=-6.2295806664346181 15.696331801270865 0.21613400709028513 19.372104908368172 10.358237134413933 75.399926123985878 56.357564255396532 -156.16481675889759 -66.501018338483917 -131.98912416200378 7.8683925866180999 43.16358001320225 170.71278323763892 -89.371227690076068 9.3342836985678215 -15.237626071272226 -22.98234968310949 77.605412074859743 13.336277728119839 48.707561894255669 -18.858023471804952 -5.5510611917630701 -34.373980762378594 9.6013524815421434 -7.2008475222120101 -37.955318608670623 -35.299519010271347 20.888641757237096 29.940880987319588 1.9866191695027915 -8.448306131618418 -2.541565651882042 11.495019560527451 8.0506729436324829 -24.085589246182217 -142.7154160970052 -1.6463539521763562 -2.1577202771019701 -47.732954808261553 -6.3948177960079011 14.527523936503329 2.9685108671329701 7.5598694633193251 -20.702871913909917 101.62647180167112 -54.211572720830034 2.6940500264467753 -17.797240872794692 0.37771160048647867 -25.579604279613971 41.115840670820596 -72.874404508150548 -21.903983509415074 -39.478868547522509 48.258403538295205 -45.115419160375055 -2.9279571548910948 -2.4058506337334133 129.54451860894096 -1.2327567060688069 -6.2885000853255804 -18.168205552805912 9.1762871531774906
leaf_weight=15570 82 19384 67 267 25 23 35 50 36 52 156 20 62 2062 144 622 541 14881 360 348 536 36 158 254 221 251 130 212 3075 1590 823 3801 58 83 44 16292 3875 252 580 3704 4274 3788 45 43 40 460 810 964 606 137 25 227 22 20 105 48532 67 44 2898 3113 1819 847
leaf_count=15570 82 19384 67 267 25 23 35 50 36 52 156 20 62 2062 144 622 541 14881 360 348 536 36 158 254 221 251 130 212 3075 1590 823 3801 58 83 44 16292 3875 252 580 3704 4274 3788 45 43 40 460 810 964 606 137 25 227 22 20 105 48532 67 44 2898 3113 1819 847
internal_value=0.00817679 -2.05776 10.5793 4.67151 12.2599 -5.16326 -63.5413 -18.8309 7.20886 -50.1862 2.42168 61.0536 13.1279 12.5803 -10.4875 13.5567 23.5479 11.8777 34.5001 -29.7125 0.76381 -28.2457 -2.47974 12.0206 -18.1565 -8.26554 4.33738 11.6749 1.25202 -3.60692 8.17477 9.9294 -37.4958 -59.2514 -94.9881 -3.46145 2.09699 0.709947 -18.9578 4.90565 8.33624 1.41691 28.5646 41.4252 -7.47865 -14.5119 -10.3789 -9.0489 -13.1853 12.5357 -7.9093 -4.481 9.6644 -17.9011 -26.2637 -2.87587 -0.775413 50.5884 -3.51871 -7.17945 -10.6727 -1.111
internal_weight=159648 133549 26099 5781 20318 964 110 75 5368 88 854 65 19354 18872 766 18106 2603 15503 482 410 44367 413 789 410 379 2275 754 356 42092 6235 5280 4761 346 163 80 89182 35857 24004 832 11853 7978 23172 218 173 122 1521 1270 3160 2196 3938 519 494 45 183 163 73612 17250 111 56362 7830 4932 17139
internal_count=159648 133549 26099 5781 20318 964 110 75 5368 88 854 65 19354 18872 766 18106 2603 15503 482 410 44367 413 789 410 379 2275 754 356 42092 6235 5280 4761 346 163 80 89182 35857 24004 832 11853 7978 23172 218 173 122 1521 1270 3160 2196 3938 519 494 45 183 163 73612 17250 111 56362 7830 4932 17139
is_linear=0
shrinkage=0.05


Tree=66
num_leaves=63
num_cat=0
split_feature=10 10 2 10 0 5 11 0 3 5 2 3 12 3 3 15 3 3 3 8 3 15 2 12 11 10 12 5 3 3 8 3 2 5 3 3 3 3 3 3 10 11 15 2 11 11 0 2 14 2 0 3 15 3 15 3 2 3 0 11 0 3
split_gain=1.2594e+09 1.97801e+08 9.62821e+07 1.08549e+08 7.7419e+07 1.41904e+08 1.18075e+08 9.98383e+07 8.31576e+07 7.51209e+07 1.09848e+08 8.96327e+07 1.32371e+08 1.15872e+08 8.83696e+07 8.61493e+07 1.0326e+08 1.73812e+08 1.06024e+08 8.19232e+07 4.21707e+08 1.12722e+08 8.17552e+07 8.07982e+07 7.55435e+07 8.75383e+07 7.33684e+07 7.00392e+07 1.56425e+08 3.94566e+08 9.62199e+07 2.4575e+08 8.86174e+07 8.74062e+07 6.7829e+07 1.21587e+08 1.0453e+08 6.69581e+07 6.68938e+07 1.51476e+08 6.60293e+07 6.30194e+07 5.50207e+07 5.35691e+07 5.28013e+07 5.13918e+07 5.08246e+07 4.97637e+07 5.31042e+07 4.44557e+07 4.38361e+07 4.22686e+07 4.1884e+07 4.15529e+07 1.30128e+08 2.48571e+08 5.25968e+07 7.35182e+07 8.33369e+07 4.85918e+07 5.9718e+07 4.63648e+07
threshold=7400.5350000000008 4280.1150000000007 5.5000000000000009 17561.605000000003 36.500000000000007 2021.5000000000002 3992.4350000000004 76.500000000000014 358.50000000000006 2021.5000000000002 3.5000000000000004 106.50000000000001 9158.5578571428578 94.500000000000014 349.50000000000006 2377.5716406238575 248.50000000000003 96.500000000000014 340.50000000000006 2.5000000000000004 286.50000000000006 4367.0318496902373 1.5000000000000002 10592.202142857144 3620.6550000000002 5599.3250000000007 4457.8657142857146 2022.5000000000002 46.500000000000007 84.500000000000014 1.0000000180025095e-35 94.500000000000014 3.5000000000000004 2023.5000000000002 289.50000000000006 280.50000000000006 273.50000000000006 259.50000000000006 28.500000000000004 112.50000000000001 2589.0950000000007 6500.5150000000012 1538.0524985154789 1.5000000000000002 14498.490000000002 10000.005000000003 19.500000000000004 1.0000000180025095e-35 11626.133833333335 5.5000000000000009 47.500000000000007 297.50000000000006 159.61156987908757 110.50000000000001 3718.1762840000401 100.50000000000001 5.5000000000000009 258.50000000000006 32.500000000000007 6029.8000000000011 57.500000000000007 94.500000000000014
decision_type=2 2 2 2 2 2 2 2 2 2 2 2 2 2 2 2 2 2 2 2 2 2 2 2 2 2 2 2 2 2 2 2 2 2 2 2 2 2 2 2 2 2 2 2 2 2 2 2 2 2 2 2 2 2 2 2 2 2 2 2 2 2
left_child=1 40 3 26 5 -4 -7 8 38 19 15 13 14 23 -13 24 17 -17 -18 21 41 22 44 -12 25 -11 46 28 32 -30 33 -32 -28 -29 35 36 -9 -23 42 -40 -1 50 -6 -26 -3 -15 -2 51 -49 -24 -21 -22 -8 54 -42 61 59 58 -58 -55 -61 -56
right_child=2 9 4 -5 7 6 52 34 -10 10 11 12 -14 45 -16 16 18 -19 -20 20 47 37 49 -25 43 -27 27 30 29 -31 31 -33 -34 -35 -36 -37 -38 -39 39 -41 53 -43 -44 -45 -46 -47 -48 48 -50 -51 -52 -53 -54 56 55 -57 57 -59 -60 60 -62 -63
leaf_value=-4.8716281641243739 10.642503298804874 -16.569301361074217 70.344214392852777 34.288141641075605 48.247824124784188 -41.299864255572679 71.573674911499026 7.9697375258555185 57.835615680694588 8.8416581986431009 1.4546386363139683 -4.2210031282946945 -40.903820957040992 24.53340720281831 21.653752013102348 1.0098774310265675 -5.8402831085432663 26.660527722835543 94.829134634512457 86.02599959790706 -86.423885989718983 12.00733164579972 -0.4097312913528553 95.520503355938459 -2.5932979026658463 43.810866295994707 1.9119904807816566 23.038869622715204 49.116462015021391 12.115231485008097 -27.047310150518566 8.0966820811623759 -63.537546467669301 6.2630876989263626 -54.132243201361774 77.932859123865768 -61.081293760600843 135.96916144631126 -50.033492369934137 -6.733491167872157 -0.52469575088395981 153.56288315545947 -8.0558093763336434 5.4630480108255774 -91.640528564453135 89.580384835907921 -92.481056276518729 -10.081768545283786 35.577473043335814 -12.834944715435689 39.008960571895948 4.0394098018464595 11.620293834120147 -1.8003314044509342 -36.051024297078456 130.73142505853826 -1.4378225153027495 -1.2630116675774199 -16.341859559095266 -14.889243741277594 -0.0026498850426041939 36.377445727617321
leaf_weight=31574 20 1086 99 510 65 108 29 1428 39 1026 3070 6377 236 414 347 1054 835 1768 26 95 35 22 3446 22 3839 216 112 1886 795 7614 527 8599 95 1321 44 59 56 21 303 603 19656 20 126 4459 23 32 28 551 71 909 109 20 1067 42318 50 54 1433 3383 2715 1604 1161 38
leaf_count=31574 20 1086 99 510 65 108 29 1428 39 1026 3070 6377 236 414 347 1054 835 1768 26 95 35 22 3446 22 3839 216 112 1886 795 7614 527 8599 95 1321 44 59 56 21 303 603 19656 20 126 4459 23 32 28 551 71 909 109 20 1067 42318 50 54 1433 3383 2715 1604 1161 38
internal_value=0.00770399 -1.92999 10.1854 11.5138 3.08792 13.1062 8.34523 -1.70902 -13.0189 1.63727 2.93489 -0.883756 -4.1776 5.59528 -2.88268 5.96643 12.4609 17.0839 -2.69383 -3.16594 10.803 -5.45295 -6.09375 2.1546 3.45816 14.9536 10.959 11.1014 14.5608 15.6188 8.68369 6.06448 -28.2863 16.1328 6.38988 8.14967 5.32466 74.2613 -15.5883 -21.2538 -2.96358 70.1081 11.2566 1.73598 -18.2074 29.3904 -50.1725 -8.89378 -4.82111 -3.00554 61.217 -54.0433 13.2705 -2.13156 -0.178978 47.3451 -2.86627 -6.73398 -11.1946 -2.22005 -8.64075 -4.71772
internal_weight=159648 134115 25533 21507 4026 1303 1204 2723 1136 30129 23721 10498 6960 3538 6724 13223 3683 2822 861 6408 901 5507 5464 3092 9540 1242 20997 20949 8616 8409 12333 9126 207 3207 1587 1543 1484 43 1097 906 103986 224 191 8298 1109 446 48 677 622 4355 204 55 1096 72412 19798 142 52614 7531 4148 45083 2765 88
internal_count=159648 134115 25533 21507 4026 1303 1204 2723 1136 30129 23721 10498 6960 3538 6724 13223 3683 2822 861 6408 901 5507 5464 3092 9540 1242 20997 20949 8616 8409 12333 9126 207 3207 1587 1543 1484 43 1097 906 103986 224 191 8298 1109 446 48 677 622 4355 204 55 1096 72412 19798 142 52614 7531 4148 45083 2765 88
is_linear=0
shrinkage=0.05


Tree=67
num_leaves=63
num_cat=0
split_feature=10 10 5 11 3 3 7 3 2 13 3 3 3 11 3 3 1 15 14 10 13 1 3 11 1 7 2 1 11 15 12 1 13 2 11 15 11 2 3 3 3 3 3 14 1 3 12 3 3 3 1 10 3 14 14 3 3 2 2 10 2 15
split_gain=1.13659e+09 1.80249e+08 8.91487e+07 1.69524e+08 1.14801e+08 1.46933e+08 1.08991e+08 1.76797e+08 1.22967e+08 1.03595e+08 9.40356e+07 3.18691e+08 2.25738e+08 2.41128e+08 2.06169e+08 1.71584e+08 1.69374e+08 1.3609e+08 1.02855e+08 1.01512e+08 9.20255e+07 1.61778e+08 8.9797e+07 8.7213e+07 7.5363e+07 7.34142e+07 7.25943e+07 2.24738e+08 1.45599e+08 1.28681e+08 1.07933e+08 9.53425e+07 1.13689e+08 9.67984e+07 8.25445e+07 7.10368e+07 6.96774e+07 6.49593e+07 6.20538e+07 1.10929e+08 5.67404e+07 6.7902e+07 6.49113e+07 5.48878e+07 7.10883e+07 1.04526e+08 5.24816e+07 8.61746e+07 1.6147e+08 5.09636e+07 4.99139e+07 4.86565e+07 4.80817e+07 4.26833e+07 3.75691e+07 3.65276e+07 6.24234e+07 5.79474e+07 3.36675e+07 3.21775e+07 7.95601e+07 3.21583e+07
threshold=7400.5350000000008 3689.1900000000001 2023.5000000000002 4206.6250000000009 284.50000000000006 290.50000000000006 1.0000000180025095e-35 76.500000000000014 1.0000000180025095e-35 2711.45577608555 288.50000000000006 276.50000000000006 247.50000000000003 5005.7900000000009 279.50000000000006 236.50000000000003 6.5000000000000009 2929.6168654987478 6370.3446666666669 9999.9950000000008 2179.1249675052636 7.5000000000000009 344.50000000000006 4140.2050000000008 15.500000000000002 1.0000000180025095e-35 1.0000000180025095e-35 5.5000000000000009 14498.490000000002 3486.4904201171935 13619.525 4.5000000000000009 1657.2877496455205 1.5000000000000002 2159.5100000000007 5153.4035330993411 3460.4650000000006 1.5000000000000002 88.500000000000014 90.500000000000014 178.50000000000003 142.50000000000003 241.50000000000003 6300.1765000000005 5.5000000000000009 172.50000000000003 9066.6392857142873 106.50000000000001 98.500000000000014 162.50000000000003 1.5000000000000002 2005.6050000000002 120.50000000000001 3338.0808333333339 3987.8406666666674 194.50000000000003 110.50000000000001 5.5000000000000009 1.0000000180025095e-35 9999.9950000000008 4.5000000000000009 2742.5134918500275
decision_type=2 2 2 2 2 2 2 2 2 2 2 2 2 2 2 2 2 2 2 2 2 2 2 2 2 2 2 2 2 2 2 2 2 2 2 2 2 2 2 2 2 2 2 2 2 2 2 2 2 2 2 2 2 2 2 2 2 2 2 2 2 2
left_child=1 51 6 36 46 -6 10 -8 9 -9 11 12 15 -14 18 -2 17 37 -13 -16 50 -22 24 -24 -18 26 27 34 29 -29 31 32 -28 -33 -3 -32 -4 -12 53 54 41 -41 -42 44 45 -38 47 48 -5 -36 -10 58 -49 -27 -40 56 -45 -57 -1 60 -48 -61
right_child=2 25 3 4 5 -7 7 8 20 -11 16 14 13 -15 19 -17 22 -19 -20 -21 21 -23 23 -25 -26 38 30 28 -30 -31 35 33 -34 -35 49 -37 43 -39 39 40 42 -43 -44 55 -46 -47 59 52 -50 -51 -52 -53 -54 -55 -56 57 -58 -59 -60 61 -62 -63
leaf_value=-1.6941358802610211 11.109976426682984 81.087856623331717 23.302329661805754 -9.8251733750703796 -125.96192161766258 5.368752766029508 -98.837109152873353 -9.1287045768455215 45.888729931276238 120.77518444370578 21.359888623555506 105.13218662479947 -55.925000967199153 0.88815763756885779 71.417195369164148 29.464958101503456 -52.053299479103089 -140.57147670745849 31.02229164619969 23.357686808478665 58.206607571556461 -49.774390062813715 -45.077730297013829 22.475836959801953 -0.01530637386555736 41.106293284098314 9.850407518086687 11.608707244261556 -67.802704341411584 57.639500114102908 125.56684405190605 -7.0715256905242443 -5.2933673018003082 0.34610199986032714 -1.9971612689678342 15.936292778939913 -34.791603243958718 -53.45887158780485 104.68332645763051 -0.80734113304584931 -29.311429543202674 52.855181355403012 -5.4812665323066874 -35.873326411527749 -24.124326241199789 -142.05571020081987 16.102190932010085 35.438710329408998 -118.84885799098659 -21.314521422790062 0.04142323555617497 -2.7470434233671988 3.1506688985908773 -32.863283130481598 29.959775259615505 23.126149052211218 57.437250366210939 -66.183015883103849 -8.1047215707588034 12.128739758603606 -58.795327034665824 -17.516073327571789
leaf_weight=2799 12290 23 58 417 36 50 47 26 66 36 47 139 219 1236 119 1420 74 31 72 1348 41 201 50 774 962 20 4687 3943 55 157 27 5231 1684 27599 630 32 50 73 21 633 431 64 846 33 103 42 93 134 36 745 521 76466 792 304 78 27 37 52 7640 3632 56 93
leaf_count=2799 12290 23 58 417 36 50 47 26 66 36 47 139 219 1236 119 1420 74 31 72 1348 41 201 50 774 962 20 4687 3943 55 157 27 5231 1684 27599 630 32 50 73 21 633 431 64 846 33 103 42 93 134 36 745 521 76466 792 304 78 27 37 52 7640 3632 56 93
internal_value=0.00756451 -1.83323 9.67627 4.18965 6.54889 -50.4228 11.2675 -5.36267 -0.326636 67.0191 12.0951 13.3151 11.0258 -7.69563 33.9861 13.0131 1.87479 -48.8748 80.1091 27.3022 -5.43803 -31.3158 6.01884 18.327 -3.77892 0.653742 1.10982 6.46023 12.2942 13.385 0.352904 0.250334 5.84736 -0.835972 -10.8754 67.3629 -27.0822 -24.2205 -7.86974 -4.68253 -7.28174 4.18872 -13.5408 -35.6202 -53.0189 -84.761 7.49102 -0.885231 -18.732 -12.4715 5.2656 -3.18424 7.85622 -28.1848 46.6986 -12.6483 13.5622 -35.752 -6.38618 10.4721 -12.2515 11.3841
internal_weight=159648 134115 25533 5741 5339 86 19792 938 891 62 18854 16843 15165 1455 1678 13710 2011 151 211 1467 829 242 1860 824 1036 47210 44813 5553 4155 4100 39260 39201 6371 32830 1398 59 402 120 2397 2073 1974 697 1277 344 195 92 5253 1379 453 1375 587 86905 926 324 99 149 70 79 10439 3874 149 3725
internal_count=159648 134115 25533 5741 5339 86 19792 938 891 62 18854 16843 15165 1455 1678 13710 2011 151 211 1467 829 242 1860 824 1036 47210 44813 5553 4155 4100 39260 39201 6371 32830 1398 59 402 120 2397 2073 1974 697 1277 344 195 92 5253 1379 453 1375 587 86905 926 324 99 149 70 79 10439 3874 149 3725
is_linear=0
shrinkage=0.05


Tree=68
num_leaves=63
num_cat=0
split_feature=12 11 12 3 3 3 3 3 5 2 11 3 3 3 2 3 0 0 3 2 2 14 2 2 9 3 13 14 3 11 2 0 3 3 13 15 15 2 13 3 5 3 14 12 2 2 9 11 5 12 12 0 13 13 14 13 5 3 11 2 2 5
split_gain=7.13047e+08 1.80394e+08 1.1371e+08 1.16388e+08 1.99129e+08 2.10543e+08 5.18634e+08 2.46891e+08 1.902e+08 1.605e+08 1.55916e+08 1.09058e+08 1.62155e+08 1.34165e+08 3.20464e+08 2.48911e+08 1.30694e+08 1.25643e+08 2.11626e+08 1.19118e+08 9.45255e+07 9.07258e+07 1.07795e+08 1.08443e+08 8.58466e+07 9.79854e+07 1.22661e+08 7.81147e+07 7.70548e+07 7.31798e+07 6.25054e+07 7.34459e+07 6.11024e+07 2.90342e+08 4.05269e+08 1.50296e+08 1.15192e+08 1.36098e+08 1.32541e+08 8.76931e+07 7.34201e+07 6.68645e+07 5.53297e+07 5.34223e+07 4.8475e+07 4.53168e+07 8.77816e+07 8.01641e+07 4.76828e+07 7.50273e+07 5.97082e+07 4.74012e+07 4.47781e+07 4.05941e+07 3.88282e+07 3.83323e+07 3.81824e+07 3.7597e+07 5.20695e+07 5.17975e+07 3.72468e+07 3.59668e+07
threshold=6929.4142857142861 3200.1150000000002 11882.280714285715 352.50000000000006 284.50000000000006 262.50000000000006 247.50000000000003 224.50000000000003 2021.5000000000002 2.5000000000000004 5655.0950000000003 287.50000000000006 271.50000000000006 242.50000000000003 3.5000000000000004 240.50000000000003 72.500000000000014 18.500000000000004 285.50000000000006 2.5000000000000004 1.0000000180025095e-35 12197.029 1.5000000000000002 3.5000000000000004 2.5000000000000004 290.50000000000006 1657.2877496455205 7133.0841666666684 291.50000000000006 6998.3150000000014 5.5000000000000009 75.500000000000014 283.50000000000006 277.50000000000006 908.14501061414569 4606.9221282247199 2395.2355910430888 4.5000000000000009 2074.6182739919509 318.50000000000006 2023.5000000000002 278.50000000000006 8325.7766666666685 9996.1114285714302 5.5000000000000009 5.5000000000000009 1.0000000180025095e-35 1999.7650000000001 2021.5000000000002 5246.8642857142868 4813.1300000000001 16.500000000000004 1657.2877496455205 2664.1196719890286 5829.6191666666673 1764.7013683292205 2021.5000000000002 361.50000000000006 4998.9000000000005 2.5000000000000004 1.5000000000000002 2021.5000000000002
decision_type=2 2 2 2 2 2 2 2 2 2 2 2 2 2 2 2 2 2 2 2 2 2 2 2 2 2 2 2 2 2 2 2 2 2 2 2 2 2 2 2 2 2 2 2 2 2 2 2 2 2 2 2 2 2 2 2 2 2 2 2 2 2
left_child=1 42 3 4 5 6 7 -2 9 -7 -8 12 13 15 19 29 17 27 -19 -15 -18 52 -23 -24 25 26 -6 -14 -27 -4 31 -26 33 35 61 36 38 -38 -3 -34 41 -36 45 -32 -22 48 -47 -48 49 -1 55 -52 -13 -49 -41 -50 -5 58 -58 -59 -51 -35
right_child=2 32 11 56 24 8 10 -9 -10 -11 -12 21 16 14 -16 -17 20 18 -20 -21 44 22 23 -25 30 28 -28 -29 -30 -31 43 -33 39 34 40 -37 37 -39 -40 54 -42 -43 -44 -45 -46 46 47 53 50 60 51 -53 -54 -55 -56 -57 57 59 -60 -61 -62 -63
leaf_value=-3.8049948893708265 5.4678077755896677 0.036874966490575714 -33.050090238893191 -21.16419790360986 24.810333184055164 90.942115490768913 -73.611543787117284 21.797161519146105 13.877746964215314 28.649504963952179 -17.062242324102737 -91.756376599121097 28.689412165069584 -56.866499607563014 48.255695862812054 180.24972661557405 158.63235978190104 41.277905337495625 -72.246671625678218 -187.47013471679688 72.737835325010892 -50.233759995822254 150.22680493672689 15.344004475663349 10.116103774607467 -79.325127028541999 -23.975981006083035 125.00289817408512 -26.496792179228944 16.479921128115098 -35.43447887382915 -15.997351465543767 -6.9744283697780807 35.952012629025226 105.90504993803957 92.858355945240362 10.113264199844831 -5.2544037048376353 -12.971817162414538 0.074932834315217758 -5.8590453101493214 57.39300189913596 -39.058419426384319 22.043939695545276 -0.22097077778407509 0.29062649643457145 -18.017180905743015 -6.6305699031942416 -0.91300681290866681 -14.860692031724112 -5.0868064610046497 56.87748855018615 -20.751545389283379 46.638578889634879 15.844360481104227 -61.666526454045226 -35.429551378333052 -44.864801404548416 42.43017778598157 22.16989979171753 -94.168738811717333 -2.1034800351165956
leaf_weight=33841 16198 41499 76 40 208 164 132 2700 1294 281 1480 24 49 63 70 22 29 105 66 24 144 28 23 40 1042 86 335 37 345 2463 198 362 6428 68 93 43 5558 1944 2054 7429 36 326 108 50 27 3510 1947 5813 18586 27 50 79 211 35 411 25 22 32 387 229 33 619
leaf_count=33841 16198 41499 76 40 208 164 132 2700 1294 281 1480 24 49 63 70 22 29 105 66 24 144 28 23 40 1042 86 335 37 345 2463 198 362 6428 68 93 43 5558 1944 2054 7429 36 326 108 50 27 3510 1947 5813 18586 27 50 79 211 35 411 25 22 32 387 229 33 619
internal_value=0.00716265 -1.57003 7.08671 5.9298 5.35942 6.89636 5.47938 7.80185 23.5956 51.7592 -21.7356 15.5372 18.3648 13.721 -31.013 16.4744 45.8936 22.1687 -2.70386 -94.6161 76.1183 -11.9739 30.1931 66.1649 -7.66004 -19.4254 -5.27677 71.0872 -37.1972 14.9849 -0.715764 3.37655 0.253908 1.04594 25.9688 0.48844 0.408826 6.13086 -0.576911 -2.64587 62.5127 68.3871 -3.46382 -23.8041 61.2837 -3.40309 -6.27527 -9.23148 -2.78616 -3.90498 -0.762106 33.0059 -28.3612 -6.30384 0.903537 -0.997926 25.8774 28.7132 38.1659 13.8112 -59.3089 1.71007
internal_weight=159648 130562 29086 25585 24875 22249 20510 18898 1739 445 1612 3501 3175 2718 157 2561 457 257 171 87 200 326 91 63 2626 974 543 86 431 2539 1652 1404 66508 52240 1142 51098 51055 7502 43553 14268 455 419 64054 248 171 63946 11305 7795 52641 33901 18740 129 235 5848 7840 18611 710 670 409 261 60 687
internal_count=159648 130562 29086 25585 24875 22249 20510 18898 1739 445 1612 3501 3175 2718 157 2561 457 257 171 87 200 326 91 63 2626 974 543 86 431 2539 1652 1404 66508 52240 1142 51098 51055 7502 43553 14268 455 419 64054 248 171 63946 11305 7795 52641 33901 18740 129 235 5848 7840 18611 710 670 409 261 60 687
is_linear=0
shrinkage=0.05


Tree=69
num_leaves=63
num_cat=0
split_feature=10 2 10 2 3 3 9 3 15 3 13 3 11 3 10 9 9 12 3 3 14 2 2 9 7 2 15 3 3 3 3 3 10 3 3 12 3 3 10 3 5 12 13 12 14 5 11 3 3 3 2 15 14 15 12 2 3 2 14 14 3 10
split_gain=9.52181e+08 1.12732e+08 1.31793e+08 9.58443e+07 1.78198e+08 4.01541e+08 2.38213e+08 1.92985e+08 1.67682e+08 1.46881e+08 1.99654e+08 1.30038e+08 1.21827e+08 9.70187e+07 8.99978e+07 6.9133e+07 6.0194e+07 9.90386e+07 1.14682e+08 1.90103e+08 1.15999e+08 7.43996e+07 1.1873e+08 7.31412e+07 1.1366e+08 8.55064e+07 6.41089e+07 6.00913e+07 1.16356e+08 1.29433e+08 1.77337e+08 1.04029e+08 1.01681e+08 5.99977e+07 1.55445e+08 1.39758e+08 1.17886e+08 1.13423e+08 5.59957e+07 9.07144e+07 6.57983e+07 5.56496e+07 5.91222e+07 5.49768e+07 5.33757e+07 5.29568e+07 5.10335e+07 5.0694e+07 4.93841e+07 1.33784e+08 5.66901e+07 4.86088e+07 4.82775e+07 8.75072e+07 4.80196e+07 8.56701e+07 6.78419e+07 4.69949e+07 4.99101e+07 4.68288e+07 4.59525e+07 4.43081e+07
threshold=5599.3250000000007 5.5000000000000009 10000.005000000003 2.5000000000000004 90.500000000000014 82.500000000000014 1.0000000180025095e-35 84.500000000000014 1344.1348905272134 100.50000000000001 3422.1483359915333 285.50000000000006 3599.9750000000004 96.500000000000014 3200.6050000000005 1.5000000000000002 3.5000000000000004 10000.04642857143 78.500000000000014 18.500000000000004 8989.6185000000023 1.5000000000000002 1.0000000180025095e-35 1.5000000000000002 1.0000000180025095e-35 1.0000000180025095e-35 2619.0567282319466 275.50000000000006 246.50000000000003 238.50000000000003 232.50000000000003 287.50000000000006 9789.2000000000025 112.50000000000001 124.50000000000001 10000.04642857143 134.50000000000003 28.500000000000004 9789.2000000000025 84.500000000000014 2022.5000000000002 10592.202142857144 3240.2100545687676 9371.3521428571457 4709.1133333333346 2021.5000000000002 10000.005000000003 266.50000000000006 126.50000000000001 96.500000000000014 1.5000000000000002 1175.7487909112108 5891.1131666666679 1627.9932808793963 8928.5392857142888 3.5000000000000004 232.50000000000003 3.5000000000000004 5336.1516666666676 9376.4633333333331 218.50000000000003 7000.7850000000008
decision_type=2 2 2 2 2 2 2 2 2 2 2 2 2 2 2 2 2 2 2 2 2 2 2 2 2 2 2 2 2 2 2 2 2 2 2 2 2 2 2 2 2 2 2 2 2 2 2 2 2 2 2 2 2 2 2 2 2 2 2 2 2 2
left_child=14 2 16 8 5 6 -5 -7 -4 10 -10 -11 -6 -14 -1 27 23 21 19 -19 -20 22 -18 44 25 -25 -23 28 29 30 -3 -29 47 37 35 43 -36 -17 40 -40 -39 46 -43 -35 60 -46 54 -30 49 50 -48 -31 53 -33 -16 56 -56 58 -50 -38 -2 -54
right_child=1 15 3 4 12 7 -8 -9 9 11 -12 -13 13 -15 41 33 17 18 20 -21 -22 26 -24 24 -26 -27 -28 31 32 51 -32 52 -34 34 36 -37 59 38 39 -41 -42 42 -44 -45 45 -47 48 -49 57 -51 -52 -53 61 -55 55 -57 -58 -59 -60 -61 -62 -63
leaf_value=-3.3867675486950297 7.3979877308967339 5.1200488748442261 -65.326090960316847 -120.74388861083983 -63.657577819824226 124.85828034843496 22.969601242491542 45.239367129986107 6.4112799707571106 20.089426481528125 -50.097251149548427 -20.619994976192441 -24.237140316624796 16.407350795650078 -0.71355834942648255 12.282230964796883 18.487116007388838 -27.579526433944707 74.44676772674957 117.75692577506923 6.4402185923071471 9.8220011871923685 -8.543423288365517 27.422355126876262 -44.441662847634021 -1.3729363852279606 28.211559675670031 59.332279797706057 -19.408420711593436 119.41545745849611 -108.38034725516182 11.346364156808482 -75.976636598375109 34.890077089162979 -70.57436078268384 94.667264686294743 4.1052942498978089 -30.717979679698786 -69.816803317945826 -14.24199505953181 8.9134939836795279 79.791682250976578 12.048287517262635 -72.586842984286235 -8.7512497572008616 6.2933647538717903 -38.265502089651008 59.345705548095708 57.160708864652207 94.054553885588774 10.620616142478172 37.732110478863028 -22.651975133260095 -80.330129169664886 42.478711600305246 -32.590744110498676 0.38371424226875767 -38.01801314593412 -14.175060579072625 -15.169179870608602 23.599935844450453 49.656042304167876
leaf_weight=64112 962 2060 76 29 50 152 751 155 565 1973 215 217 154 2827 57563 279 595 31 76 78 339 4666 1275 276 144 3720 527 137 111 20 34 82 80 25 62 78 1218 241 146 148 184 39 168 21 623 9372 94 24 25 36 157 158 29 37 227 77 165 226 436 424 804 73
leaf_count=64112 962 2060 76 29 50 152 751 155 565 1973 215 217 154 2827 57563 279 595 31 76 78 339 4666 1275 276 144 3720 527 137 111 20 34 82 80 25 62 78 1218 241 146 148 184 39 168 21 623 9372 94 24 25 36 157 158 29 37 227 77 165 226 436 424 804 73
internal_value=0.00692286 7.12194 8.32003 14.2564 19.23 36.5914 17.4786 84.9372 7.5284 9.41405 -9.20898 16.0481 12.9936 14.3002 -2.08871 0.64588 6.50886 10.1732 31.1283 76.5477 19.0435 8.61437 0.0624842 4.75993 -0.955505 0.622289 11.6933 6.1469 3.38506 6.71634 3.2263 25.2703 -31.6861 -4.89234 0.492186 54.3116 -3.4538 -14.7456 -25.236 -41.9835 -13.5792 -0.683221 25.1338 -14.6758 6.77173 5.35483 -0.774214 -5.07423 -12.1185 5.28768 -7.76651 47.5259 3.98282 -17.5899 -0.583608 15.3335 24.8062 -19.3872 -10.1912 -0.877993 14.7834 29.0775
internal_weight=159648 36323 30652 7164 4118 1087 780 307 3046 2970 780 2190 3031 2981 123325 5671 23488 7587 524 109 415 7063 1870 15901 4140 3996 5193 2845 2487 2272 2094 358 215 2826 1828 124 1704 998 719 294 425 59213 207 46 11761 9995 59006 135 974 287 251 178 221 119 58032 469 392 687 461 1642 1766 102
internal_count=159648 36323 30652 7164 4118 1087 780 307 3046 2970 780 2190 3031 2981 123325 5671 23488 7587 524 109 415 7063 1870 15901 4140 3996 5193 2845 2487 2272 2094 358 215 2826 1828 124 1704 998 719 294 425 59213 207 46 11761 9995 59006 135 974 287 251 178 221 119 58032 469 392 687 461 1642 1766 102
is_linear=0
shrinkage=0.05


Tree=70
num_leaves=63
num_cat=0
split_feature=10 10 2 10 11 0 3 3 12 12 0 5 12 2 13 3 11 15 8 3 15 13 0 14 3 2 0 0 12 3 3 3 11 3 3 8 5 3 14 5 11 14 2 0 11 12 3 2 9 15 3 3 2 3 10 11 0 10 3 5 3 0
split_gain=8.59515e+08 1.35322e+08 7.57771e+07 8.45935e+07 6.68605e+07 7.32041e+07 7.24235e+07 9.69244e+07 1.03374e+08 6.33916e+07 7.45714e+07 6.22042e+07 9.2665e+07 7.92135e+07 9.00732e+07 8.58565e+07 8.44582e+07 1.02292e+08 7.15657e+07 3.58751e+08 8.88195e+07 8.34194e+07 7.58934e+07 6.87807e+07 6.75374e+07 6.69168e+07 6.32461e+07 6.01127e+07 1.00441e+08 1.00255e+08 3.62555e+08 1.74841e+08 5.86487e+07 5.74787e+07 5.67566e+07 2.47781e+08 2.12708e+08 1.10375e+08 9.90308e+07 5.89756e+07 5.1953e+07 5.18481e+07 4.76546e+07 1.56714e+08 5.24368e+07 1.62233e+08 4.37941e+07 4.26891e+07 7.47212e+07 1.27436e+08 5.46054e+07 4.5145e+07 4.14193e+07 4.59277e+07 3.89364e+07 3.90553e+07 3.85598e+07 3.54999e+07 3.31961e+07 3.24258e+07 3.19222e+07 5.72922e+07
threshold=7200.1650000000009 4280.1150000000007 5.5000000000000009 17561.605000000003 12000.005000000003 14.500000000000002 275.50000000000006 110.50000000000001 6175.1128571428571 4457.8657142857146 11.500000000000002 2021.5000000000002 12000.380714285717 3.5000000000000004 1128.2954626054732 106.50000000000001 10000.005000000003 2395.2355910430888 2.5000000000000004 286.50000000000006 4367.0318496902373 1350.6003130387064 65.500000000000014 8567.849000000002 88.500000000000014 1.5000000000000002 15.500000000000002 77.500000000000014 11882.280714285715 239.50000000000003 246.50000000000003 124.50000000000001 5209.380000000001 259.50000000000006 284.50000000000006 2.5000000000000004 2021.5000000000002 344.50000000000006 7295.2094999999999 2023.5000000000002 6500.5150000000012 2222.9255000000007 1.0000000180025095e-35 28.500000000000004 14498.490000000002 10000.04642857143 98.500000000000014 1.5000000000000002 3.5000000000000004 4879.1867463358958 284.50000000000006 76.500000000000014 1.0000000180025095e-35 293.50000000000006 1755.7850000000001 6029.8000000000011 47.500000000000007 11126.180000000002 297.50000000000006 2021.5000000000002 288.50000000000006 5.5000000000000009
decision_type=2 2 2 2 2 2 2 2 2 2 2 2 2 2 2 2 2 2 2 2 2 2 2 2 2 2 2 2 2 2 2 2 2 2 2 2 2 2 2 2 2 2 2 2 2 2 2 2 2 2 2 2 2 2 2 2 2 2 2 2 2 2
left_child=1 41 3 9 5 6 7 -4 -9 10 -2 18 13 16 26 -16 17 -13 20 40 21 25 -23 -18 -14 -3 -15 29 32 31 -31 -7 -29 -22 35 38 -37 39 -11 -36 56 -1 43 -43 45 -45 -44 48 49 -5 -51 -49 58 -54 -48 -56 -20 -6 -21 -39 61 -53
right_child=2 11 4 47 57 27 -8 8 -10 34 -12 12 24 14 15 -17 23 -19 19 52 33 22 -24 -25 -26 -27 -28 28 -30 30 -32 -33 -34 -35 37 36 -38 59 -40 -41 -42 42 46 44 -46 -47 54 51 -50 50 -52 60 53 -55 55 -57 -58 -59 -60 -61 -62 -63
leaf_value=-5.8744393236024894 33.267895985478944 -15.257754181655114 56.126360147584165 -113.54221431573234 -14.997419307496813 -4.7620811521339528 71.561035032110695 -56.456323779878154 12.698547796123906 3.1160089920548417 -78.749866333007816 3.5824977040506547 110.35491459566003 16.530855447096005 4.7624866936325123 -11.154732704146076 -28.894185899865903 14.483555092809262 79.92397012556593 -78.039887288411464 9.50787982608961 -40.000293541153439 -9.3548633288623648 -0.25174739062523527 13.541679723739623 0.070779133196649177 1.0626892636298235 18.527015993173144 51.731416852293904 91.2172105247096 -6.4514070172986298 -51.131532276741602 -3.5244464320273323 125.62595979236421 -3.11854824660817 60.134316044643086 14.377969378502266 -20.796765980440028 11.150970236542769 -44.545203331748212 140.55254459926061 -7.7644775058844751 -0.22501651218796376 3.4999020229136786 -39.347290247527653 142.60446451822918 -12.650709864333818 105.83922989555029 57.182992906116311 73.907055004882821 -27.074424122777476 104.16926707967123 20.899864896047031 -11.725770432785835 -2.773686770219725 -9.3115209529369523 35.846108502214605 -91.058180288587309 2.1943688129243397 20.586991312339393 -11.261554829365499 31.390543126966136
leaf_weight=10064 22 884 105 26 35 1036 58 62 379 5542 42 9069 33 753 1188 2948 302 2821 95 35 22 301 613 680 39 3642 5350 451 118 113 570 252 905 20 1541 440 601 50 12455 90 20 4250 15544 11266 70 20 1068 22 41 24 28 29 138 481 59329 2375 109 27 20 695 36 304
leaf_count=10064 22 884 105 26 35 1036 58 62 379 5542 42 9069 33 753 1188 2948 302 2821 95 35 22 301 613 680 39 3642 5350 451 118 113 570 252 905 20 1541 440 601 50 12455 90 20 4250 15544 11266 70 20 1068 22 41 24 28 29 138 481 59329 2375 109 27 20 695 36 304
internal_value=0.00664149 -1.61521 8.30541 9.47033 2.07398 2.86858 18.9094 13.1958 2.87035 8.99147 -40.3243 1.36978 2.57295 2.39518 -0.886912 -6.58272 5.00578 6.16986 -3.0019 10.0749 -5.14543 -5.71021 -19.4798 -9.08076 58.8183 -2.92584 2.97358 0.0515218 7.68617 -5.659 9.81726 -13.867 3.81802 66.4379 9.14073 10.0501 33.757 1.85338 8.67699 -5.4304 64.7439 -2.46384 -2.09832 0.424658 3.48987 3.75902 -2.60108 29.58 3.32132 -25.356 20.0474 37.5429 -8.1631 -4.43022 -3.18944 -3.02548 56.6623 -49.0403 -49.3455 17.7854 33.196 38.0216
internal_weight=159648 133549 26099 21988 4111 4049 604 546 441 21478 64 29563 23183 23111 10239 4136 12872 11890 6380 898 5482 5440 914 982 72 4526 6103 3445 1474 1971 683 1288 1356 42 21414 19038 1041 2376 17997 1631 224 103986 93922 15606 11356 11286 78316 510 119 78 52 391 674 619 62772 61704 204 62 55 745 369 333
internal_count=159648 133549 26099 21988 4111 4049 604 546 441 21478 64 29563 23183 23111 10239 4136 12872 11890 6380 898 5482 5440 914 982 72 4526 6103 3445 1474 1971 683 1288 1356 42 21414 19038 1041 2376 17997 1631 224 103986 93922 15606 11356 11286 78316 510 119 78 52 391 674 619 62772 61704 204 62 55 745 369 333
is_linear=0
shrinkage=0.05


Tree=71
num_leaves=63
num_cat=0
split_feature=10 7 3 10 0 3 10 3 12 0 2 2 14 3 3 3 2 13 3 3 0 14 0 13 3 3 0 2 0 3 3 12 10 3 3 3 5 12 3 3 3 14 3 14 3 10 14 3 5 5 0 3 12 3 2 12 14 13 14 14 10 12
split_gain=7.81673e+08 9.42099e+07 9.50717e+07 2.19746e+08 1.11452e+08 1.54987e+08 9.13278e+07 8.86981e+07 1.94988e+08 1.10809e+08 8.59903e+07 8.10679e+07 1.16411e+08 1.92954e+08 1.34613e+08 1.58933e+08 8.31277e+07 1.39136e+08 1.49962e+08 9.67441e+07 8.23412e+07 7.7512e+07 6.09169e+07 8.53912e+07 1.12807e+08 1.10034e+08 1.89611e+08 8.27458e+07 2.01057e+08 1.00598e+08 1.41321e+08 1.37755e+08 7.6782e+07 5.95366e+07 8.53913e+07 6.90806e+08 1.78044e+08 1.77132e+08 1.83643e+08 1.69858e+08 1.50229e+08 5.8772e+07 5.78599e+07 7.58866e+07 5.7377e+07 5.60835e+07 5.42385e+07 5.34397e+07 7.40972e+07 1.15752e+08 5.22748e+07 5.72209e+07 5.08985e+07 4.63361e+07 4.3694e+07 5.10007e+07 7.14008e+07 4.25799e+07 4.23559e+07 3.96803e+07 3.92849e+07 3.77092e+07
threshold=5599.3250000000007 1.0000000180025095e-35 88.500000000000014 11126.180000000002 31.500000000000004 76.500000000000014 11999.985000000002 277.50000000000006 12000.380714285717 43.500000000000007 5.5000000000000009 1.5000000000000002 5387.5863333333336 277.50000000000006 162.50000000000003 128.50000000000003 5.5000000000000009 3716.3037709628406 84.500000000000014 166.50000000000003 15.500000000000002 2897.2620000000002 66.500000000000014 1617.1973376812509 112.50000000000001 100.50000000000001 28.500000000000004 1.0000000180025095e-35 77.500000000000014 238.50000000000003 182.50000000000003 7230.9621428571445 4248.9100000000008 10.500000000000002 80.500000000000014 84.500000000000014 2022.5000000000002 10000.04642857143 18.500000000000004 60.500000000000007 96.500000000000014 6662.1661666666678 310.50000000000006 10000.133666666668 112.50000000000001 14498.490000000002 7911.4553333333342 4.5000000000000009 2022.5000000000002 2023.5000000000002 8.5000000000000018 354.50000000000006 7230.9621428571445 231.50000000000003 1.5000000000000002 8009.5471428571427 6662.1661666666678 571.540416614013 9464.6668333333346 9221.3508333333357 1499.7750000000003 8137.4192857142862
decision_type=2 2 2 2 2 2 2 2 2 2 2 2 2 2 2 2 2 2 2 2 2 2 2 2 2 2 2 2 2 2 2 2 2 2 2 2 2 2 2 2 2 2 2 2 2 2 2 2 2 2 2 2 2 2 2 2 2 2 2 2 2 2
left_child=21 6 3 4 5 -3 33 8 10 41 52 12 13 -8 15 -14 17 19 -19 -13 -18 60 23 -23 25 61 -27 28 32 30 -30 -31 58 47 37 36 -36 39 -39 -35 -37 -9 43 -11 -22 -16 -34 -2 -49 -50 53 -52 -4 -26 -29 59 -57 -6 -24 -56 -1 -25
right_child=1 2 7 -5 57 -7 11 9 -10 42 -12 16 14 -15 45 -17 20 18 -20 -21 44 22 27 24 50 26 -28 54 29 31 -32 -33 46 34 35 40 -38 38 -40 -41 -42 -43 -44 -45 -46 -47 -48 48 49 -51 51 -53 -54 -55 55 56 -58 -59 -60 -61 -62 -63
leaf_value=-11.705656715426883 3.8483604823183941 -36.73502884305757 26.972241020086422 -147.70648651970757 32.194435860770092 127.1714569723195 -145.62244016759536 -16.893942474365236 150.0401258518385 -101.6279035949707 -35.778133355313393 21.036695054259397 2.5652680786816897 30.705258978481954 45.043451560859026 -57.837911444202305 39.134272239360399 90.572211856053883 28.082723528851968 3.7731185850112334 -15.040452307931014 -1.1998607415632412 12.919517951491782 -5.6370432295855704 5.390919263629927 -10.984170586050375 102.84948043977893 -5.6823614939181599 -3.0432464179474139 -5.8629739397234726 31.19778502015167 -56.503466624507205 54.003364613258896 3.1759255682195127 100.85837406725923 -14.591512058392338 -6.3199628773141416 -41.507772008981277 50.188896994829982 -16.921283657404132 6.6197195650884808 62.835844848632817 -6.9709492755853208 -15.500503361399581 8.827092114507634 5.5280791715673496 17.41690695828029 -24.945171900460355 67.575648007916882 12.056027488173271 -16.307745609795965 52.055927803285662 1.1803260809988152 -15.046474025351586 0.84444672355805706 96.798148765563965 13.225991374931462 -44.352338875686229 62.823745665116746 -17.441404179558898 -3.272311956839598 17.6647056844349
leaf_weight=1425 306 28 258 35 20 28 33 54 22 72 126 2198 802 28 231 125 140 120 474 1287 447 50826 1341 717 682 72 73 3032 1114 787 412 161 246 3691 241 869 46 66 298 1469 20653 39 51 40 574 147 174 51 181 195 2798 30 732 466 14218 27 300 146 43 302 43851 228
leaf_count=1425 306 28 258 35 20 28 33 54 22 72 126 2198 802 28 231 125 140 120 474 1287 447 50826 1341 717 682 72 73 3032 1114 787 412 161 246 3691 241 869 46 66 298 1469 20653 39 51 40 574 147 174 51 181 195 2798 30 732 466 14218 27 300 146 43 302 43851 228
internal_value=0.00654179 6.45311 -5.21367 -33.0949 -14.4442 46.0114 7.00879 -0.0533983 5.93336 -26.586 2.96076 12.2981 1.44833 -65.4952 4.62525 -5.63326 15.1256 18.4848 40.8379 14.6642 3.31789 -1.89221 -0.937459 -1.81695 -8.00661 6.23908 46.6371 1.28108 7.52674 -1.73015 6.21576 -14.5138 20.2155 5.76344 5.38584 6.79229 83.7177 -0.167114 33.4944 -2.54772 5.76263 16.8539 -51.3223 -71.2775 -1.62675 29.7315 38.9235 19.8175 31.2257 38.8906 -11.9126 -15.5644 7.9223 -2.91097 -0.21369 0.903409 20.4005 -34.9922 14.5143 0.462946 -3.53799 -0.00229856
internal_weight=159648 36323 1651 257 222 56 34672 1394 1138 256 1116 6606 1366 61 1305 927 5240 4079 594 3485 1161 123325 78049 55892 5066 1090 145 22157 4278 2474 1526 948 1804 28066 27333 21809 287 5524 364 5160 21522 93 163 112 1021 378 420 733 427 376 3976 2828 990 1148 17879 14847 327 166 1384 14520 45276 945
internal_count=159648 36323 1651 257 222 56 34672 1394 1138 256 1116 6606 1366 61 1305 927 5240 4079 594 3485 1161 123325 78049 55892 5066 1090 145 22157 4278 2474 1526 948 1804 28066 27333 21809 287 5524 364 5160 21522 93 163 112 1021 378 420 733 427 376 3976 2828 990 1148 17879 14847 327 166 1384 14520 45276 945
is_linear=0
shrinkage=0.05


Tree=72
num_leaves=63
num_cat=0
split_feature=10 10 13 7 2 2 1 15 3 11 3 2 1 10 13 1 2 3 9 3 3 1 9 3 3 3 15 10 5 10 2 14 3 11 3 3 15 13 3 11 10 15 14 13 7 12 13 3 1 11 15 12 5 12 3 5 2 10 12 3 10 14
split_gain=7.06058e+08 8.8565e+07 1.00574e+08 7.78179e+07 7.52973e+07 7.19766e+07 2.68124e+08 8.78508e+07 1.18491e+08 1.51077e+08 1.36305e+08 7.13739e+07 1.64798e+08 1.0294e+08 1.19243e+08 1.00221e+08 9.03576e+07 2.11997e+08 1.29557e+08 9.01889e+07 1.02066e+08 7.98518e+07 6.78847e+07 6.71072e+07 1.07337e+08 7.73996e+07 7.41164e+07 6.60213e+07 5.97305e+07 4.56334e+07 4.40526e+07 1.07293e+08 1.02444e+08 1.4882e+08 9.70753e+07 1.9788e+08 1.17541e+08 7.00645e+07 5.9113e+07 5.91103e+07 4.67416e+07 5.75654e+07 4.96654e+07 7.09467e+07 4.04718e+07 3.75826e+07 3.77587e+07 1.13239e+08 5.00304e+07 3.70464e+07 5.99548e+07 2.81762e+07 6.00525e+07 8.05374e+07 2.35195e+07 2.63052e+07 2.47075e+07 2.27591e+07 3.16311e+07 2.07991e+07 2.06475e+07 4.2207e+07
threshold=5507.0300000000016 9999.9950000000008 177.31633973589035 1.0000000180025095e-35 2.5000000000000004 1.0000000180025095e-35 6.5000000000000009 642.71307552860947 285.50000000000006 9999.9950000000008 262.50000000000006 1.0000000180025095e-35 6.5000000000000009 8000.5550000000012 3422.1483359915333 2.5000000000000004 1.5000000000000002 164.50000000000003 3.5000000000000004 284.50000000000006 274.50000000000006 19.500000000000004 1.5000000000000002 88.500000000000014 178.50000000000003 322.50000000000006 2824.0108550834971 2866.7600000000007 2022.5000000000002 1699.325 5.5000000000000009 4225.0980000000009 98.500000000000014 5000.1850000000004 246.50000000000003 239.50000000000003 1156.6349250147 5336.2109027648903 26.500000000000004 12000.005000000003 17561.605000000003 6037.7917475630766 11254.016333333335 1973.2472236228807 1.0000000180025095e-35 13619.525 1694.3494613680709 263.50000000000006 6.5000000000000009 12000.005000000003 2582.9625619900316 5407.5071428571437 2023.5000000000002 7553.9692857142873 178.50000000000003 2023.5000000000002 3.5000000000000004 5000.1950000000006 4635.6978571428581 259.50000000000006 14498.490000000002 11000.848333333335
decision_type=2 2 2 2 2 2 2 2 2 2 2 2 2 2 2 2 2 2 2 2 2 2 2 2 2 2 2 2 2 2 2 2 2 2 2 2 2 2 2 2 2 2 2 2 2 2 2 2 2 2 2 2 2 2 2 2 2 2 2 2 2 2
left_child=3 2 4 5 -2 6 51 -8 10 -10 -9 12 49 21 -15 19 17 -17 -18 20 -13 -14 54 -24 26 28 -25 29 -26 -7 37 -32 33 38 35 -34 -36 40 -33 -35 41 44 43 -42 -3 46 48 -48 -29 50 -4 -1 -53 -54 55 -5 59 58 -57 -56 -39 -62
right_child=1 30 11 22 -6 27 7 8 9 -11 -12 15 13 14 -16 16 18 -19 -20 -21 -22 -23 23 24 25 -27 -28 45 -30 -31 31 32 34 39 36 -37 -38 60 -40 -41 42 -43 -44 -45 -46 -47 47 -49 -50 -51 -52 52 53 -55 56 57 -58 -59 -60 -61 61 -63
leaf_value=-7.1093092521521291 6.2589828604239015 9.3652262326014917 -16.206950705413359 -1.0184638855635109 -103.93799864919561 -11.890132850162425 1.0079167568720615 9.8899101358843566 2.4550154765067358 -47.256220664115951 36.796735131879878 13.065668941341375 26.687401159827523 36.2138932157063 131.96060484602646 -23.178330578052229 -0.5908458614489186 7.9668385502226062 10.742355499801004 -71.80377976481121 74.377197605724064 -2.3545706468525505 -34.677383767510548 -0.37845464928781247 -14.173361367051115 6.347415686690157 56.473517497953821 1.699104624350249 -34.602909664276623 -3.3847295741435732 -77.431041515629474 13.318390162331717 9.9445683754362335 4.0811509137405215 -87.463792027064727 68.037701916372853 -1.2573991500750252 80.805536234625464 -67.040796477590291 -69.316313412929404 -69.147813760508669 -72.167355568625723 55.173541305845028 22.365269597558413 -2.3937077730909571 57.893489877206314 -9.2857671613158868 8.5365008903382034 -1.6331414183228479 -71.634969243588657 22.266318306424726 -32.112869540986559 -12.872791767303761 80.133511286417658 -19.808832386069827 18.749109781095758 0.88879509088696818 62.626622637907673 -26.324295734737234 -5.0874008720709583 46.634583576549183 -25.715708020019534
leaf_weight=4745 26 14955 414 853 37 1653 6372 4809 1119 176 521 1578 572 285 36 1128 8040 1058 3673 29 70 403 305 952 974 292 60 15351 567 33968 40 27 1462 506 41 162 676 28 139 28 22 21 106 271 769 26 3927 1152 42303 22 133 314 103 29 386 255 844 23 45 634 109 24
leaf_count=4745 26 14955 414 853 37 1653 6372 4809 1119 176 521 1578 572 285 36 1128 8040 1058 3673 29 70 403 305 952 974 292 60 15351 567 33968 40 27 1462 506 41 162 676 28 139 28 22 21 106 271 769 26 3927 1152 42303 22 133 314 103 29 386 255 844 23 45 634 109 24
internal_value=0.00637322 6.07195 3.49342 -1.81643 -59.0726 -1.5263 1.36324 5.19981 9.23085 -4.33235 12.5264 3.72279 12.9639 22.8068 47.3283 2.61554 1.22194 -8.10766 2.96367 14.1581 15.7134 14.6933 -7.27897 -12.4217 -10.0244 -17.2376 3.04463 -2.06051 -21.7078 -3.77975 8.39986 2.91557 3.99753 -12.7729 9.0155 15.7779 -6.30187 9.43593 -53.9688 0.110216 9.10697 8.67747 25.9913 15.2821 8.79003 -1.08465 -1.11001 -5.2425 -0.745881 -9.45579 -6.82882 -8.24174 -20.2468 8.00925 -1.94783 3.58719 -5.43994 15.7157 11.9231 -10.6724 42.1622 33.4844
internal_weight=159648 36890 17504 122758 63 116568 18188 12997 6625 1295 5330 17441 1865 1296 321 15576 13899 2186 11713 1677 1648 975 6190 3150 2845 1833 1012 98380 1541 35621 19386 3081 3041 700 2341 1624 717 16305 166 534 16144 15745 399 293 15724 62759 62733 5079 57654 569 547 5191 446 132 3040 1176 1864 323 300 1020 161 133
internal_count=159648 36890 17504 122758 63 116568 18188 12997 6625 1295 5330 17441 1865 1296 321 15576 13899 2186 11713 1677 1648 975 6190 3150 2845 1833 1012 98380 1541 35621 19386 3081 3041 700 2341 1624 717 16305 166 534 16144 15745 399 293 15724 62759 62733 5079 57654 569 547 5191 446 132 3040 1176 1864 323 300 1020 161 133
is_linear=0
shrinkage=0.05


Tree=73
num_leaves=63
num_cat=0
split_feature=11 1 3 3 5 3 3 3 3 12 3 3 14 3 3 1 1 1 3 7 3 3 15 15 11 12 14 3 11 6 13 11 3 14 11 3 3 3 5 3 3 12 3 3 3 12 3 6 14 12 12 13 14 15 14 12 3 3 1 3 3 3
split_gain=4.3132e+08 1.4189e+08 1.73711e+08 2.35902e+08 1.84978e+08 1.71793e+08 1.60794e+08 2.1952e+08 3.45774e+08 1.53648e+08 1.49562e+08 1.35913e+08 1.33517e+08 1.29389e+08 1.09815e+08 9.97439e+07 9.88588e+07 8.98811e+07 1.24803e+08 8.71666e+07 1.7899e+08 1.48251e+08 9.83751e+07 9.6645e+07 9.13938e+07 8.25226e+07 8.12901e+07 7.70494e+07 1.50584e+08 7.46563e+07 7.10859e+07 6.87872e+07 6.5862e+07 6.29197e+07 6.17086e+07 4.96531e+07 4.90692e+07 1.44258e+08 2.43881e+08 1.93025e+08 1.32228e+08 7.71516e+07 4.72243e+07 1.09109e+08 1.49012e+08 1.1815e+08 5.54039e+07 2.35445e+08 4.62708e+07 4.40433e+07 4.04286e+07 8.27582e+07 3.99542e+07 3.95764e+07 6.28586e+07 9.4695e+07 6.84305e+07 1.99407e+08 8.49963e+07 6.67071e+07 1.02577e+08 9.32707e+07
threshold=4618.3050000000012 16.500000000000004 124.50000000000001 134.50000000000003 2022.5000000000002 60.500000000000007 64.500000000000014 86.500000000000014 96.500000000000014 5867.0600000000004 166.50000000000003 82.500000000000014 4877.8950000000013 349.50000000000006 56.500000000000007 10.500000000000002 8.5000000000000018 6.5000000000000009 128.50000000000003 1.0000000180025095e-35 86.500000000000014 76.500000000000014 3369.8929387825142 6037.7917475630766 10000.005000000003 11146.328571428572 6160.3463333333348 56.500000000000007 8000.5550000000012 1.0000000180025095e-35 3026.3383415523681 2922.4750000000004 277.50000000000006 9221.3508333333357 6999.9450000000006 160.50000000000003 271.50000000000006 243.50000000000003 2021.5000000000002 236.50000000000003 275.50000000000006 9824.4050000000025 190.50000000000003 246.50000000000003 254.50000000000003 11411.227142857142 188.50000000000003 1.0000000180025095e-35 11254.016333333335 3895.1592857142864 10882.272857142858 482.80456796962181 10000.133666666668 5574.0365680855239 6733.2506666666677 7553.9692857142873 263.50000000000006 262.50000000000006 1.5000000000000002 281.50000000000006 286.50000000000006 84.500000000000014
decision_type=2 2 2 2 2 2 2 2 2 2 2 2 2 2 2 2 2 2 2 2 2 2 2 2 2 2 2 2 2 2 2 2 2 2 2 2 2 2 2 2 2 2 2 2 2 2 2 2 2 2 2 2 2 2 2 2 2 2 2 2 2 2
left_child=31 2 4 17 6 14 27 9 -9 -8 12 29 49 16 15 -6 -12 18 -4 24 21 -21 30 33 42 -20 -13 28 -2 -7 32 -1 -22 -24 -15 -14 37 39 -39 -26 52 -42 46 45 -45 -44 48 -48 -3 -5 -19 -52 -38 54 55 -33 57 58 -56 61 -61 -57
right_child=1 19 3 10 5 11 7 8 -10 -11 13 26 35 34 -16 -17 -18 50 25 20 22 -23 23 -25 36 -27 -28 -29 -30 -31 -32 53 -34 -35 -36 -37 40 38 -40 -41 41 -43 43 44 -46 -47 47 -49 -50 -51 51 -53 -54 -55 56 59 -58 -59 -60 60 -62 -63
leaf_value=-3.1101178806126559 2.085782151190513 3.5812125743620613 13.877498581600685 30.163732414563498 11.634390732135738 -28.163040330031858 18.771482216068289 -17.830837735317122 23.59051076717795 59.722177030723621 -1.4019861330502543 11.915003650816319 13.80078076830018 5.8761234870736265 42.128771860752636 -7.3758277199861482 -12.221809937500653 -34.08640801053388 -23.994449814605716 -30.844342735888912 3.4183351272605509 -154.80758772850038 114.48851732807773 -57.500363140106209 13.951841566346596 -100.24646305735519 -13.074637913037748 -23.72520631578967 112.13418513894081 -1.3322227769318067 -72.727150229905789 -0.70089279895115952 -30.522313173833215 33.490623784650836 33.174150765691046 34.469398578120654 158.57714005903765 -57.537487393278823 11.522271561732378 89.197292644544078 -5.2271818871357869 31.611362202177617 16.560922340518328 -21.143240158707755 6.8426442364036619 -77.159668830422802 34.603723678588871 -96.226136021469586 48.776305836460047 -15.337634213852176 -30.230188732147219 -115.68073276159899 58.893676041312851 -15.597088864509793 30.682314611467394 31.414510036561548 -5.586985691953112 141.07760281793 4.8655575227423462 31.619544936370854 -58.600299410612685 -50.446843682010972
leaf_weight=49296 1089 8958 239 59 2111 940 439 709 1735 481 7575 809 1238 617 217 1024 2926 279 274 101 760 31 30 23 2755 40 543 288 31 358 37 57474 175 113 311 380 21 189 390 87 203 471 3326 524 5061 33 71 65 56 471 63 52 22 436 381 40 879 28 1931 99 45 239
leaf_count=49296 1089 8958 239 59 2111 940 439 709 1735 481 7575 809 1238 617 217 1024 2926 279 274 101 760 31 30 23 2755 40 543 288 31 358 37 57474 175 113 311 380 21 189 390 87 203 471 3326 524 5061 33 71 65 56 471 63 52 22 436 381 40 879 28 1931 99 45 239
internal_value=0.00604188 3.92289 1.32417 -2.2443 6.13443 0.292276 13.4808 19.4172 11.5719 40.2232 -0.560496 -9.21959 11.5414 -2.83577 7.81261 5.42462 -4.4177 -26.3586 -13.3177 6.72004 -6.01661 -60.902 0.397591 35.8507 7.44785 -33.9955 1.87623 -0.706017 5.22908 -20.7696 -5.68778 -1.71834 -2.96001 51.1603 15.0504 18.6733 14.1511 11.6522 -11.0809 16.2858 26.0411 20.5248 5.91417 8.49771 4.21362 15.6175 3.38814 -28.1712 3.86737 -10.2251 -44.5823 -69.5329 110.074 -0.603659 -0.496443 -0.874585 6.30298 10.7698 9.13139 -24.4172 3.21611 -38.6402
internal_weight=159648 48800 25298 14524 10774 6002 4772 3364 2444 920 13577 2650 2148 11429 3352 3135 10501 947 553 23502 1270 132 1138 166 22232 314 1352 1408 1120 1298 972 110848 935 143 928 1618 4138 3421 579 2842 717 674 18094 8944 5585 3359 9150 136 9014 530 394 115 43 61552 61116 57897 3219 2340 2312 423 144 279
internal_count=159648 48800 25298 14524 10774 6002 4772 3364 2444 920 13577 2650 2148 11429 3352 3135 10501 947 553 23502 1270 132 1138 166 22232 314 1352 1408 1120 1298 972 110848 935 143 928 1618 4138 3421 579 2842 717 674 18094 8944 5585 3359 9150 136 9014 530 394 115 43 61552 61116 57897 3219 2340 2312 423 144 279
is_linear=0
shrinkage=0.05


Tree=74
num_leaves=63
num_cat=0
split_feature=10 7 9 0 3 3 3 0 3 5 15 13 10 5 11 11 3 3 3 3 6 3 3 7 6 14 10 14 5 3 3 3 3 15 3 3 3 3 3 9 3 3 15 3 0 15 13 3 3 15 3 0 15 3 3 3 9 10 13 3 11 15
split_gain=5.7865e+08 8.07083e+07 8.84664e+07 1.52234e+08 9.47583e+07 1.21358e+08 9.1856e+07 8.65893e+07 8.59408e+07 8.0674e+07 7.91027e+07 1.05615e+08 7.47204e+07 7.1365e+07 1.70395e+08 8.3736e+07 7.51866e+07 4.55277e+08 2.84703e+08 2.19887e+08 6.95319e+08 1.75076e+08 1.18765e+08 6.64066e+07 6.52162e+07 6.34989e+07 7.14961e+07 6.19776e+07 5.92406e+07 9.55309e+07 3.01604e+08 1.61281e+08 7.09561e+07 8.34349e+07 7.52277e+07 3.06187e+08 1.71653e+08 6.66674e+07 6.59832e+07 5.81962e+07 6.43425e+07 9.29727e+07 7.56303e+07 6.91243e+07 5.58964e+07 1.07335e+08 6.63783e+07 6.15691e+07 1.8075e+08 2.02402e+08 1.56753e+08 6.09913e+07 5.58735e+07 5.39333e+07 5.28511e+07 5.10663e+07 5.70194e+07 4.71153e+07 4.65935e+07 4.58461e+07 4.57948e+07 4.3058e+07
threshold=5400.6950000000006 1.0000000180025095e-35 1.5000000000000002 75.500000000000014 76.500000000000014 92.500000000000014 88.500000000000014 32.500000000000007 58.500000000000007 2023.5000000000002 3486.4904201171935 2760.7646982802116 9000.0450000000019 2023.5000000000002 4110.4050000000007 3460.4650000000006 86.500000000000014 80.500000000000014 84.500000000000014 96.500000000000014 1.0000000180025095e-35 60.500000000000007 106.50000000000001 1.0000000180025095e-35 1.0000000180025095e-35 8739.6698333333352 8700.510000000002 6733.2506666666677 2021.5000000000002 216.50000000000003 220.50000000000003 219.50000000000003 349.50000000000006 1258.6285903484061 245.50000000000003 226.50000000000003 255.50000000000003 86.500000000000014 288.50000000000006 1.0000000180025095e-35 88.500000000000014 178.50000000000003 2983.8702851461935 322.50000000000006 63.500000000000007 843.27621536703589 2450.5891367632107 282.50000000000006 261.50000000000006 4023.8350823459982 248.50000000000003 77.500000000000014 4606.9221282247199 96.500000000000014 172.50000000000003 278.50000000000006 3.5000000000000004 3689.1900000000001 1311.2802000299469 361.50000000000006 3475.9150000000004 3718.1762840000401
decision_type=2 2 2 2 2 2 2 2 2 2 2 2 2 2 2 2 2 2 2 2 2 2 2 2 2 2 2 2 2 2 2 2 2 2 2 2 2 2 2 2 2 2 2 2 2 2 2 2 2 2 2 2 2 2 2 2 2 2 2 2 2 2
left_child=23 12 4 24 8 7 -5 58 -3 -7 11 -8 28 16 15 -15 17 21 -19 20 -18 -14 -21 44 25 26 -4 -26 29 37 31 -31 34 -34 35 -30 -36 60 -32 -25 -41 42 -42 -43 46 -46 57 48 50 -50 -47 -49 -27 -39 -17 -16 -57 -1 -6 -35 -2 -48
right_child=1 2 3 6 5 9 10 -9 -10 -11 -12 -13 13 14 55 54 19 18 -20 22 -22 -23 -24 39 27 52 -28 -29 32 30 38 -33 33 59 36 -37 -38 53 -40 40 41 43 -44 -45 45 47 61 51 49 -51 -52 -53 -54 -55 -56 56 -58 -59 -60 -61 -62 -63
leaf_value=-2.5157978401980778 -37.971972131958928 7.0702726982964412 -38.868005050616482 -63.949999778581713 65.092906494140635 -3.0170365444229499 11.175318107668559 -12.10866728999398 -90.013851316330275 38.183748493843339 62.57239009980232 -76.290977906447196 15.576114639027805 32.486998798267265 5.9473823773308734 -21.857765168084043 10.832860782339491 105.81100921415948 22.274708953626231 29.500725344296161 -126.46820759063722 -21.515356993604765 8.224188290668728 0.31038068086442155 71.199106960296646 5.7940702746464652 -96.020599770744639 -34.435452071681169 3.5981115038840983 47.735711012522387 10.03816493544114 231.85736514136903 9.9424147422411284 74.171377620887753 -26.074736961178981 36.005779710284955 3.478213770868932 -66.8441018466673 -10.365103531032155 -30.270702800882454 -0.63347044483947712 -17.505642027436433 49.49036880010366 6.2626220409285729 -1.8335674127884536 6.2241854359750377 -13.71216667717121 6.6079942419452058 24.899392868318074 166.99874591533955 -20.780891445935339 -8.3019254222182592 -80.172652630615232 -19.764442834761656 -71.946590967422878 -57.836634594310411 -1.3219282542715829 0.33213334169961944 166.17753696986608 13.514252169994599 1.3737750921597014 6.480838709687724
leaf_weight=63300 82 44 133 45 30 619 299 21 46 146 61 38 1470 36 4662 98 351 212 197 695 124 405 11438 1969 23 77 95 32 9713 29 928 20 341 99 633 787 2183 68 690 361 1269 2083 79 358 19499 7009 1825 1177 727 25 581 1641 24 534 116 65 138 18846 20 46 678 308
leaf_count=63300 82 44 133 45 30 619 299 21 46 146 61 38 1470 36 4662 98 351 212 197 695 124 405 11438 1969 23 77 95 32 9713 29 928 20 341 99 633 787 2183 68 690 361 1269 2083 79 358 19499 7009 1825 1177 727 25 581 1641 24 534 116 65 138 18846 20 46 678 308
internal_value=0.00577614 5.33718 -5.14256 -17.0184 5.47053 10.7332 2.96178 72.7947 -42.9943 4.8857 10.6685 1.1161 5.836 7.90139 2.80532 -37.3691 9.65145 17.998 65.7272 8.13813 -25.2003 7.55716 9.44528 -1.69382 -40.0163 -48.4202 -62.9969 10.2215 3.38055 -2.95078 5.07449 126.022 4.77014 23.5167 4.08423 6.03034 -3.1718 -12.7697 1.33611 -6.76884 -10.1269 -8.2002 2.33856 -14.0186 -1.42358 0.404556 -2.08862 4.31487 6.47319 29.839 4.15453 -2.07433 -15.2194 -25.1845 -49.2171 4.87704 -19.6126 -1.86243 107.992 55.1528 -2.91574 -10.7947
internal_weight=159648 38591 1753 827 926 836 443 71 90 765 398 337 36838 20007 5115 250 14892 2284 409 12608 475 1875 12133 121057 384 329 228 55 16831 3029 1667 49 13802 486 13316 10500 2816 1362 1618 6119 4150 3789 1348 2441 114938 30659 84279 11160 8342 752 7590 2818 101 602 214 4865 203 82146 50 145 760 2133
internal_count=159648 38591 1753 827 926 836 443 71 90 765 398 337 36838 20007 5115 250 14892 2284 409 12608 475 1875 12133 121057 384 329 228 55 16831 3029 1667 49 13802 486 13316 10500 2816 1362 1618 6119 4150 3789 1348 2441 114938 30659 84279 11160 8342 752 7590 2818 101 602 214 4865 203 82146 50 145 760 2133
is_linear=0
shrinkage=0.05


Tree=75
num_leaves=63
num_cat=0
split_feature=10 2 12 2 0 0 2 14 15 3 0 0 3 3 3 15 2 3 3 10 10 9 3 15 3 3 0 0 0 3 3 14 3 3 3 2 0 0 3 3 15 3 15 0 3 3 3 2 12 15 10 8 3 5 14 15 12 5 12 12 10 3
split_gain=5.22247e+08 7.79858e+07 8.96774e+07 1.32388e+08 1.59033e+08 1.23377e+08 2.57809e+08 1.16109e+08 9.3455e+07 9.73963e+07 9.23944e+07 6.33507e+07 1.03289e+08 8.56864e+07 1.64179e+08 1.21547e+08 6.32412e+07 2.0505e+08 3.58898e+08 2.25511e+08 1.43206e+08 1.25739e+08 1.37469e+08 1.30269e+08 1.24566e+08 1.38881e+08 1.02511e+08 6.20132e+07 8.57771e+07 5.84235e+07 9.68783e+07 7.28838e+07 5.80871e+07 1.37392e+08 8.2339e+07 5.80345e+07 1.12154e+08 8.49384e+07 6.9002e+07 1.09399e+08 6.43734e+07 1.28718e+08 1.33511e+08 9.59345e+07 8.90346e+07 8.82958e+07 8.31481e+07 7.26185e+07 7.16457e+07 6.18812e+07 5.39704e+07 5.23686e+07 2.13898e+08 1.51718e+08 4.77198e+07 4.72861e+07 4.42392e+07 4.0887e+07 4.08463e+07 3.65466e+07 3.17042e+07 2.86136e+07
threshold=5400.6950000000006 5.5000000000000009 13619.525 4.5000000000000009 68.500000000000014 13.500000000000002 1.5000000000000002 10182.287500000002 4023.8350823459982 284.50000000000006 79.500000000000014 14.500000000000002 275.50000000000006 188.50000000000003 196.50000000000003 2563.494342210895 1.5000000000000002 98.500000000000014 94.500000000000014 12000.005000000003 12000.005000000003 3.5000000000000004 245.50000000000003 2619.0567282319466 84.500000000000014 82.500000000000014 57.500000000000007 76.500000000000014 43.500000000000007 289.50000000000006 280.50000000000006 11254.016333333335 239.50000000000003 246.50000000000003 124.50000000000001 5.5000000000000009 30.500000000000004 78.500000000000014 301.50000000000006 132.50000000000003 843.27621536703589 283.50000000000006 4606.9221282247199 68.500000000000014 180.50000000000003 320.50000000000006 100.50000000000001 1.5000000000000002 5246.8642857142868 443.34023542160082 17561.605000000003 2.5000000000000004 290.50000000000006 2021.5000000000002 11254.016333333335 799.57090448563019 10882.272857142858 2022.5000000000002 7789.2507142857148 8808.0057142857167 8700.510000000002 148.50000000000003
decision_type=2 2 2 2 2 2 2 2 2 2 2 2 2 2 2 2 2 2 2 2 2 2 2 2 2 2 2 2 2 2 2 2 2 2 2 2 2 2 2 2 2 2 2 2 2 2 2 2 2 2 2 2 2 2 2 2 2 2 2 2 2 2
left_child=35 2 16 5 7 6 -4 -5 -7 -10 -6 12 13 61 -15 -16 17 18 19 -2 21 22 -18 -23 25 -22 -26 28 54 30 31 -29 34 -34 -30 40 56 38 39 59 -1 42 43 48 -45 -43 47 -44 -42 -41 -8 53 -53 -19 55 -13 -37 -32 -31 -38 -14 -3
right_child=1 11 3 4 10 8 50 -9 9 -11 -12 27 60 14 15 -17 20 51 -20 -21 24 23 -24 -25 26 -27 -28 29 32 58 57 -33 33 -35 -36 36 37 -39 -40 49 41 45 46 44 -46 -47 -48 -49 -50 -51 -52 52 -54 -55 -56 -57 -58 -59 -60 -61 -62 -63
leaf_value=-1.9983827401650283 -4.4917656656730411 11.512278819070959 -13.860183045493233 -142.31076063368056 69.844649972048671 -69.918736165364592 180.75212806114783 5.3786689897017048 39.535591066934984 -1.1946302685089278 -41.94245674967766 32.749230992279053 124.61050162179131 -127.69812217975485 -27.841239466877102 45.670010387157568 6.2683709891476314 -21.634844189692025 -113.46435333717159 -107.91883573744033 17.57310065803178 8.6292402815001079 -5.0227075744428999 26.559591073086537 -10.145340323324328 95.621827779988777 34.187384792391462 2.1170457383892418 -14.798176442951693 -5.5636164842110372 16.026094360351561 49.992096679411738 56.634827284056968 -12.940468153817831 -50.194134236687965 1.1228416620516242 -2.1066865734802356 1.5961039589417128 0.91669258251981744 -7.2725545235369431 1.8570233038818227 -8.1571154569008542 -24.132714580595493 2.823726550108185 15.196399866056376 8.6845718479300587 131.29822525405882 85.345980056236542 -5.6560852553463041 -19.292935778091149 81.046872488168574 34.399832706883501 -17.424018518357048 7.4034174696843351 -40.119795699842058 0.57509201406982036 70.609413690981668 98.686925142728356 -68.869395748485218 -49.135927334740053 47.473097339976924 36.980355626761913
leaf_weight=72188 2202 360 44 35 43 26 38 21 414 227 31 124 20 28 158 86 11610 494 81 53 108 5936 3510 1221 230 121 299 1887 655 61 25 82 81 526 219 5616 2526 2182 1371 1553 15529 5379 31 3883 2324 909 29 28 3987 3459 25 617 293 4930 65 1322 22 38 43 41 43 159
leaf_count=72188 2202 360 44 35 43 26 38 21 414 227 31 124 20 28 158 86 11610 494 81 53 108 5936 3510 1221 230 121 299 1887 655 61 25 82 81 526 219 5616 2526 2182 1371 1553 15529 5379 31 3883 2324 909 29 28 3987 3459 25 617 293 4930 65 1322 22 38 43 41 43 159
internal_value=0.00558281 5.07049 6.03316 21.5537 -24.9912 29.3935 79.0078 -87.8044 21.328 25.1322 23.08 -0.177328 12.4231 7.4698 -15.2261 -1.85086 5.58996 1.94976 -10.7091 -6.96941 6.95993 6.23193 3.64707 11.6915 28.3188 59.0493 14.9295 -2.27777 -6.92258 4.22864 6.10517 4.13519 -15.4696 -3.57823 -23.7146 -1.60906 -4.339 -7.24876 -9.40506 -11.2721 -1.17003 0.692882 2.25569 2.04409 7.45796 -5.72147 63.3903 28.3797 0.32193 -15.5705 143.071 6.61933 17.7129 4.75521 1.45939 3.35488 1.40646 66.648 -32.1448 -2.87668 73.5257 19.3708
internal_weight=159648 38591 32609 904 130 774 107 56 667 641 74 5982 854 791 272 244 31705 8670 2336 2255 23035 22277 15120 7157 758 229 529 5128 2992 2136 2032 1969 1481 607 874 121057 16770 11132 8950 7579 104287 32099 25811 25723 6207 6288 88 59 19516 5012 63 6334 910 5424 1511 1446 5638 63 104 2567 63 519
internal_count=159648 38591 32609 904 130 774 107 56 667 641 74 5982 854 791 272 244 31705 8670 2336 2255 23035 22277 15120 7157 758 229 529 5128 2992 2136 2032 1969 1481 607 874 121057 16770 11132 8950 7579 104287 32099 25811 25723 6207 6288 88 59 19516 5012 63 6334 910 5424 1511 1446 5638 63 104 2567 63 519
is_linear=0
shrinkage=0.05


Tree=76
num_leaves=63
num_cat=0
split_feature=10 10 11 5 13 11 4 14 6 12 5 0 0 7 0 0 6 15 12 11 14 0 0 12 12 0 15 12 4 4 5 7 9 5 6 12 14 11 9 0 12 14 6 12 11 4 0 0 4 15 11 7 0 12 5 14 10 14 12 4 13 13
split_gain=4.72796e+08 8.28871e+07 6.0806e+07 9.24748e+07 9.80106e+07 7.80625e+07 7.52739e+07 6.8296e+07 7.69025e+07 1.38498e+08 1.2098e+08 1.38927e+08 7.60768e+07 5.89256e+07 8.09939e+07 1.20714e+08 7.83506e+07 7.13541e+07 6.70466e+07 5.98208e+07 5.68466e+07 5.54319e+07 6.28613e+07 5.37575e+07 5.36102e+07 5.9465e+07 5.20106e+07 5.16358e+07 5.89365e+07 5.10598e+07 5.05698e+07 4.66675e+07 6.14174e+07 6.567e+07 4.71502e+07 4.45819e+07 5.38902e+07 4.29509e+07 1.08353e+08 1.24429e+08 6.04033e+07 5.18455e+07 7.20442e+07 4.99931e+07 4.22308e+07 5.07541e+07 4.47529e+07 4.14419e+07 3.95478e+07 4.95053e+07 3.85564e+07 3.70853e+07 3.45586e+07 4.03345e+07 3.30171e+07 4.31042e+07 2.8441e+07 2.79552e+07 2.79275e+07 2.63433e+07 2.34926e+07 2.31541e+07
threshold=7200.1650000000009 3499.2850000000003 3910.3550000000005 2023.5000000000002 3716.3037709628406 3489.9350000000004 10.500000000000002 4493.9140000000007 1.0000000180025095e-35 7435.7485714285713 2022.5000000000002 68.500000000000014 9.5000000000000018 1.0000000180025095e-35 77.500000000000014 37.500000000000007 1.0000000180025095e-35 3055.8605597821247 4892.7021428571434 12000.005000000003 3633.920833333334 41.500000000000007 8.5000000000000018 6350.3135714285718 9158.5578571428578 74.500000000000014 1907.0862688093696 13619.525 9.5000000000000018 4.5000000000000009 2022.5000000000002 1.0000000180025095e-35 1.0000000180025095e-35 2023.5000000000002 1.0000000180025095e-35 10592.202142857144 5064.5160000000005 10000.005000000003 3.5000000000000004 79.500000000000014 7329.4407142857153 8249.6408333333366 1.0000000180025095e-35 9244.0171428571448 3258.0750000000003 3.5000000000000004 72.500000000000014 9.5000000000000018 3.5000000000000004 3369.8929387825142 12000.005000000003 1.0000000180025095e-35 62.500000000000007 15426.107142857145 2023.5000000000002 2433.9886666666675 1999.2450000000001 8822.9390000000003 6016.7971428571445 9.5000000000000018 2882.6451101576818 2450.5891367632107
decision_type=2 2 2 2 2 2 2 2 2 2 2 2 2 2 2 2 2 2 2 2 2 2 2 2 2 2 2 2 2 2 2 2 2 2 2 2 2 2 2 2 2 2 2 2 2 2 2 2 2 2 2 2 2 2 2 2 2 2 2 2 2 2
left_child=1 51 3 4 6 61 44 8 10 20 11 12 -4 17 15 19 -17 18 -9 -15 -10 22 -7 -13 29 -26 -24 31 -29 -19 -22 37 33 -33 -35 36 59 41 40 -40 -39 43 -43 -3 46 -46 -2 -12 -16 -50 -20 56 -30 -54 -53 -56 -1 -34 -49 -6 -59 -5
right_child=2 27 7 5 35 21 -8 13 9 -11 47 23 -14 14 48 16 -18 24 50 -21 30 -23 26 -25 25 -27 -28 28 52 -31 -32 32 57 34 -36 -37 -38 38 39 -41 -42 42 -44 -45 45 -47 -48 58 49 -51 -52 54 53 -55 55 -57 -58 60 -60 -61 -62 -63
leaf_value=-5.1574257449496566 -11.666828297788138 0.26836812050123787 25.797527361445958 -14.426844493641575 -56.522604934230003 -20.77499761632971 -44.607736760307766 -61.622902007231851 -64.155132126581108 -112.21103749542237 -57.956852436973946 40.772714612806169 111.70718597843961 -3.0096601519172577 -36.998233748642178 -47.317567546022239 19.69070654502282 36.628727195867519 5.6803260477960285 58.51651642523872 -9.6949898498198568 -19.510682782923922 -47.014950133103596 -51.053914149148127 5.6884977292337453 20.287808488630468 -143.59925686306426 92.144009265899669 63.242501118977877 7.17618096346418 47.03129238696809 -4.2265133743525638 -9.6356029042961069 34.395289739764252 -17.654189485443965 21.474616660163516 -113.13825064382246 2.382747894145592 27.577354011014485 -15.084730394060248 -22.291634665864159 11.002816757443236 -5.7660838881121066 20.881188350013787 -18.250585114905174 21.108312133615133 58.154351940917969 39.805177224731452 8.3350604962691275 53.630872923787436 73.479302084786568 -5.0424057254309851 28.291650500827366 -61.892339835788896 -42.940849522683855 -10.659725868717121 -1.6993391361354295 -46.611082323252504 0.5148633303434953 15.562299361456008 9.5776349035898836 43.621714551653184
leaf_weight=6520 280 47177 35 33 32 36 67 36 20 24 20 36 105 323 36 282 51 417 19014 44 67 93 25 27 2147 1033 35 31 20 228 93 656 1798 229 53 20 30 341 393 301 907 2546 855 295 93 646 24 74 311 74 20 3210 26 22 132 470 67454 90 114 20 23 34
leaf_count=6520 280 47177 35 33 32 36 67 36 20 24 20 36 105 323 36 282 51 417 19014 44 67 93 25 27 2147 1033 35 31 20 228 93 656 1798 229 53 20 30 341 393 301 907 2546 855 295 93 646 24 74 311 74 20 3210 26 22 132 470 67454 90 114 20 23 34
internal_value=0.00543979 -1.19744 6.16039 -3.72328 2.05186 -30.9666 6.37594 6.74958 23.1906 -1.90662 35.622 62.9841 90.5651 6.32761 -4.86178 -15.2765 -37.0268 6.87566 5.625 4.50573 13.3393 -47.3403 -73.8211 1.23556 13.1079 10.4359 -104.786 0.27376 36.1706 26.2448 23.3645 0.209267 -6.02296 4.45235 24.5851 -44.6092 -60.7918 0.54556 -6.75039 9.07897 -15.5532 0.824199 6.78671 0.396897 9.69061 16.1372 -5.98202 8.74404 12.45 17.1577 5.75542 -2.25209 9.68758 -13.4621 -7.06085 -17.7975 -2.0042 -11.1643 16.109 -29.027 -35.1907 15.2389
internal_weight=159648 133549 26099 1468 1212 256 1110 24631 615 204 411 203 140 24016 1121 700 333 22895 19070 367 180 189 96 63 3825 3180 60 55763 99 645 160 55664 2849 938 282 102 82 52815 1942 694 1248 50873 3401 47472 1043 739 304 208 421 385 19034 77786 68 48 3812 602 73974 1911 188 52 113 67
internal_count=159648 133549 26099 1468 1212 256 1110 24631 615 204 411 203 140 24016 1121 700 333 22895 19070 367 180 189 96 63 3825 3180 60 55763 99 645 160 55664 2849 938 282 102 82 52815 1942 694 1248 50873 3401 47472 1043 739 304 208 421 385 19034 77786 68 48 3812 602 73974 1911 188 52 113 67
is_linear=0
shrinkage=0.05


Tree=77
num_leaves=63
num_cat=0
split_feature=11 0 8 0 11 0 11 15 15 11 12 13 2 0 15 2 14 12 13 15 11 14 2 12 0 4 2 0 0 13 15 11 2 13 8 0 15 0 2 7 14 12 2 12 2 2 12 4 12 2 14 11 2 4 14 0 2 14 0 14 14 15
split_gain=2.88545e+08 1.13396e+08 1.02089e+08 1.07758e+08 1.16624e+08 1.20493e+08 1.64829e+08 1.12682e+08 9.80438e+07 8.91255e+07 8.57175e+07 1.08615e+08 7.96445e+07 7.81947e+07 9.95287e+07 7.09122e+07 7.01493e+07 7.32357e+07 1.20364e+08 6.70756e+07 6.96564e+07 6.69408e+07 6.58126e+07 6.49336e+07 6.25897e+07 1.70412e+08 6.11998e+07 9.15645e+07 8.09563e+07 6.64762e+07 6.12385e+07 6.01864e+07 5.51638e+07 5.11562e+07 4.52808e+07 9.26469e+07 6.83321e+07 9.09942e+07 9.02913e+07 5.7955e+07 5.09825e+07 6.73414e+07 4.72118e+07 1.50742e+08 8.67101e+07 4.67607e+07 4.47345e+07 4.46587e+07 4.35367e+07 4.20909e+07 3.80343e+07 5.97695e+07 3.75279e+07 3.45961e+07 3.44656e+07 3.40598e+07 3.81685e+07 3.65717e+07 3.40207e+07 3.2915e+07 3.2832e+07 3.17379e+07
threshold=3992.4350000000004 70.500000000000014 1.0000000180025095e-35 5.5000000000000009 9789.3250000000025 30.500000000000004 14498.490000000002 2794.1647277555421 2889.2655899018523 10000.005000000003 11411.227142857142 3716.3037709628406 2.5000000000000004 41.500000000000007 1707.633381488454 3.5000000000000004 5829.6191666666673 13619.525 2882.6451101576818 3055.8605597821247 7999.4350000000004 9550.627666666669 1.0000000180025095e-35 10341.104285714287 78.500000000000014 8.5000000000000018 5.5000000000000009 34.500000000000007 77.500000000000014 434.96259423946015 768.9112168975654 17561.605000000003 5.5000000000000009 4699.4111002022109 2.5000000000000004 75.500000000000014 4367.0318496902373 74.500000000000014 3.5000000000000004 1.0000000180025095e-35 8325.7766666666685 6263.9550000000008 1.0000000180025095e-35 11411.227142857142 1.5000000000000002 3.5000000000000004 10592.202142857144 10.500000000000002 5154.1007142857152 1.0000000180025095e-35 9786.7210000000014 12000.005000000003 2.5000000000000004 9.5000000000000018 6886.5073333333348 65.500000000000014 1.0000000180025095e-35 9221.3508333333357 4.5000000000000009 9376.4633333333331 11000.848333333335 1934.4945888999407
decision_type=2 2 2 2 2 2 2 2 2 2 2 2 2 2 2 2 2 2 2 2 2 2 2 2 2 2 2 2 2 2 2 2 2 2 2 2 2 2 2 2 2 2 2 2 2 2 2 2 2 2 2 2 2 2 2 2 2 2 2 2 2 2
left_child=10 2 13 7 19 8 -7 22 -6 34 11 26 16 14 60 -13 -11 18 -18 23 -21 31 -4 -5 32 -26 30 48 29 -29 -1 46 -23 -17 36 39 42 -38 -39 45 41 -37 43 -3 -44 -36 -14 54 -28 -42 51 -9 -24 -19 -32 61 57 -57 -50 -16 -2 -15
right_child=1 9 3 4 5 6 -8 50 -10 12 -12 15 21 55 59 33 17 53 -20 20 -22 24 52 -25 25 -27 27 28 -30 -31 47 -33 -34 -35 35 40 37 38 -40 -41 49 -43 44 -45 -46 -47 -48 -49 58 -51 -52 -53 -54 -55 -56 56 -58 -59 -60 -61 -62 -63
leaf_value=-1.8555586290394164 5.3534186249973255 9.5382973736214858 -15.608477588192025 -0.99818835263104733 -8.5472373212082218 -12.39240269502004 -54.969440010795303 25.27186133942206 10.394852971260294 87.266395794677749 94.776559312239954 -103.22075201639313 36.989385704784155 0.40640303080044521 22.734042887890052 13.383213206821019 6.6083250038606467 7.1498060609648624 -26.241608048299948 3.5580712914786639 25.204921284587975 27.58019466263686 13.905023966875511 -81.637456372070318 15.309855096673681 -36.866910822461634 1.4606076321267598 -5.2265215810090817 1.4301694276617782 -14.230868203209646 1.8569824217697695 90.64094630314753 -27.654848209595198 -71.04674452845255 25.577171576755987 -6.8135026444909519 -38.648194752284468 14.741539821397692 90.916754381334457 -29.253755766633272 -42.898668029000682 15.449670724596297 -4.8332005744927979 130.54492159329928 5.1837634354055862 1.6708208869838996 11.982159081378015 -5.3024744752966306 23.249910129116429 -11.419967065927514 5.5493422775268559 75.940227057613541 1.8575466957524229 47.266392891845705 11.419426322002185 37.151987891647046 3.7138717935600258 -30.60566845437755 -34.916053856766744 4.024077086112869 -30.277039486278188 -11.844587965816647
leaf_weight=62732 3210 2621 412 17487 1979 1922 257 466 1042 24 22 40 436 2229 1401 44 1236 95 359 1807 467 614 947 24 671 203 5327 4260 2104 3953 13695 38 48 29 513 1339 34 83 73 76 123 454 2595 25 12879 340 305 2085 30 751 189 66 2033 124 1011 158 962 22 137 283 65 692
leaf_count=62732 3210 2621 412 17487 1979 1922 257 466 1042 24 22 40 436 2229 1401 44 1236 95 359 1807 467 614 947 24 671 203 5327 4260 2104 3953 13695 38 48 29 513 1339 34 83 73 76 123 454 2595 25 12879 340 305 2085 30 751 189 66 2033 124 1011 158 962 22 137 283 65 692
internal_value=0.00511212 2.59766 0.859911 -0.580931 -1.81553 -8.47806 -17.437 6.91742 -2.01247 5.13956 -1.73773 -1.76097 11.8546 5.5065 9.71926 -50.5369 4.08041 2.93234 -0.797291 -0.0641036 8.0127 18.0225 3.09871 -1.11337 11.9545 3.16271 -1.70263 -4.54364 -7.32008 -9.56161 -1.13772 29.9563 23.5396 -20.6642 3.86603 -1.26324 4.87341 34.6254 50.7397 12.3267 -5.99991 -1.17084 4.55954 10.7305 3.50371 16.0614 26.7263 1.54411 0.670509 -15.894 24.8537 31.6885 5.68944 29.9758 2.51511 0.363601 7.68127 28.7471 -24.3909 19.594 4.63722 -2.49898
internal_weight=159648 64179 38120 29098 24985 5200 2179 4113 3021 26059 95469 95447 4153 9022 4959 113 1838 1814 1595 19785 2274 2315 3392 17511 1536 874 95334 15811 10317 8213 79523 779 662 73 21906 3596 18310 190 156 929 2667 1793 18120 2646 15474 853 741 16791 5494 874 721 532 2980 219 14706 4063 1142 180 167 1684 3275 2921
internal_count=159648 64179 38120 29098 24985 5200 2179 4113 3021 26059 95469 95447 4153 9022 4959 113 1838 1814 1595 19785 2274 2315 3392 17511 1536 874 95334 15811 10317 8213 79523 779 662 73 21906 3596 18310 190 156 929 2667 1793 18120 2646 15474 853 741 16791 5494 874 721 532 2980 219 14706 4063 1142 180 167 1684 3275 2921
is_linear=0
shrinkage=0.05


Tree=78
num_leaves=63
num_cat=0
split_feature=10 0 2 0 13 13 14 2 13 8 3 3 12 13 11 13 11 14 3 15 15 10 11 2 12 2 3 3 15 3 3 3 13 7 2 9 11 12 14 15 10 0 3 8 15 3 11 3 12 3 11 3 14 3 3 3 12 2 14 12 14 11
split_gain=3.99135e+08 7.1909e+07 1.04208e+08 2.86503e+08 2.25171e+08 1.59061e+08 1.33009e+08 1.32923e+08 2.72561e+08 2.62683e+08 1.93002e+08 1.88219e+08 1.7274e+08 1.26168e+08 1.15369e+08 1.21547e+08 1.1798e+08 1.10707e+08 8.63645e+07 8.36291e+07 8.28928e+07 7.97469e+07 6.40089e+07 6.22949e+07 7.68128e+07 1.05969e+08 5.98235e+07 7.47241e+07 6.77466e+07 5.56723e+07 4.42223e+08 1.30426e+08 5.55414e+07 5.37701e+07 5.448e+07 2.39687e+08 6.98739e+07 1.36212e+08 1.43814e+08 7.08579e+07 5.20811e+07 4.99857e+07 5.72324e+07 1.01897e+08 6.30385e+07 4.98442e+07 4.22322e+07 5.3491e+07 3.72296e+07 3.78713e+07 6.66428e+07 5.83124e+07 3.72104e+07 3.70761e+07 7.94837e+07 9.54677e+07 7.20251e+07 5.26362e+07 1.01071e+08 6.21617e+07 3.69011e+07 3.53493e+07
threshold=5400.6950000000006 4.5000000000000009 1.0000000180025095e-35 21.500000000000004 3716.3037709628406 2528.2985916037264 9376.4633333333331 1.5000000000000002 2952.9953579360567 2.5000000000000004 164.50000000000003 234.50000000000003 13619.525 1141.8424241416831 3979.1250000000005 3716.3037709628406 12000.005000000003 11626.133833333335 78.500000000000014 3149.8965387637249 5574.0365680855239 8195.4400000000023 7680.0700000000006 1.0000000180025095e-35 13619.525 4.5000000000000009 170.50000000000003 90.500000000000014 1655.0594487498508 217.50000000000003 222.50000000000003 214.50000000000003 2617.0922850036491 1.0000000180025095e-35 1.0000000180025095e-35 1.0000000180025095e-35 12000.005000000003 8575.8050000000021 6370.3446666666669 3486.4904201171935 1699.325 31.500000000000004 88.500000000000014 1.5000000000000002 2983.8702851461935 291.50000000000006 4500.3750000000009 180.50000000000003 4273.737857142858 247.50000000000003 7680.0700000000006 261.50000000000006 6093.8915000000006 110.50000000000001 209.50000000000003 243.50000000000003 5407.5071428571437 1.5000000000000002 6516.9838333333346 6445.6792857142864 5489.619333333334 3308.1700000000005
decision_type=2 2 2 2 2 2 2 2 2 2 2 2 2 2 2 2 2 2 2 2 2 2 2 2 2 2 2 2 2 2 2 2 2 2 2 2 2 2 2 2 2 2 2 2 2 2 2 2 2 2 2 2 2 2 2 2 2 2 2 2 2 2
left_child=33 23 3 4 17 -5 19 8 10 12 13 -12 -10 -4 29 16 -16 22 -8 -7 -17 -6 -3 26 45 -26 27 -2 -28 31 -31 -9 -29 34 35 48 37 39 -39 -37 -36 -35 -43 44 -44 46 61 -48 -1 50 -50 -51 -11 57 56 -56 -55 58 -42 -59 -38 -25
right_child=1 2 7 5 21 6 18 14 9 52 11 -13 -14 -15 15 20 -18 -19 -20 -21 -22 -23 -24 24 25 -27 28 32 -30 30 -32 -33 -34 41 40 36 60 38 -40 -41 53 42 43 -45 -46 -47 47 -49 49 51 -52 -53 -54 54 55 -57 -58 59 -60 -61 -62 -63
leaf_value=-5.1464369845219124 -48.497903403305429 -16.824392806384711 2.9644531174378894 13.932898442624108 -58.163751737421222 37.548491606461376 77.535410378945855 -9.0374861429029654 -81.002776912801423 71.4821278520064 27.743637133114433 -1.7692086198234476 4.207396145857774 -20.486918694309956 5.1771264959221606 25.008496629344378 -20.128436195941681 -120.31266068198465 -9.2934084644092358 92.252559811852208 -16.214436588287352 -199.94793404715404 21.160025468667346 -5.867369925683005 117.66796444497457 -17.640981073794158 -102.70696408024543 14.583846145689959 -15.062306526553247 126.81430734985015 -4.2047003777802283 -104.02110452188026 99.258180979853094 0.35407772194147397 -10.428863794967228 4.0544790765304297 28.160725925990512 123.62296813220513 24.324277586993048 28.241508459243747 -3.207277917505325 -27.622599795658864 0.74671933671937596 -13.91816369936401 48.759279488457572 -62.640423816499265 18.753740814580063 0.84889627624072617 -16.8402529390907 -61.22021643245921 18.627383352015393 -14.810983555119215 7.5166614700317389 -3.4637111994100702 3.9525204129233233 -1.8865960918187719 -14.384021013435046 0.83641319949582016 -40.033569546718986 18.941328422752182 -45.164780146312715 37.299409025040177
leaf_weight=4512 40 383 977 2204 21 132 36 1583 271 32 877 1404 76 1387 23090 1130 469 21 126 153 136 20 155 56 40 22 26 126 123 67 1217 36 22 2067 1653 11545 20 40 339 310 3778 381 1355 2245 71 20 1045 694 656 101 165 204 74 27439 8842 33588 1597 19370 195 485 99 300
leaf_count=4512 40 383 977 2204 21 132 36 1583 271 32 877 1404 76 1387 23090 1130 469 21 126 153 136 20 155 56 40 22 26 126 123 67 1217 36 22 2067 1653 11545 20 40 339 310 3778 381 1355 2245 71 20 1045 694 656 101 165 204 74 27439 8842 33588 1597 19370 195 485 99 300
internal_value=0.00495041 4.4328 3.86282 12.4005 -18.777 19.4613 46.6281 3.01691 -4.40273 -41.3791 -0.788512 9.58509 -62.3816 -10.7977 4.38118 5.48408 4.67252 -10.3687 10.3592 67.1358 20.5708 -130.441 -5.86196 12.6076 15.7035 70.1371 -7.37912 11.3581 -30.9388 -5.04894 2.72533 -11.2124 27.7523 -1.4066 -1.16343 1.36346 5.26225 5.63424 35.1021 4.68928 -1.63237 -5.9733 -9.2003 -7.28131 3.16974 14.0754 14.8373 11.6129 -7.17831 -15.3084 -9.69817 -30.3291 27.3146 -1.47968 -2.04915 -0.669716 -4.06481 0.228325 -5.02438 1.2796 -32.7091 30.5117
internal_weight=159648 38591 36077 3251 600 2651 447 32826 5098 453 4645 2281 347 2364 27728 24825 23559 559 162 285 1266 41 538 2514 2177 62 337 188 149 2903 1284 1619 148 121057 114938 17991 12353 12234 379 11855 96947 6119 4052 3671 1426 2115 2095 1739 5638 1126 821 305 106 95294 71466 42430 29036 23828 3973 19855 119 356
internal_count=159648 38591 36077 3251 600 2651 447 32826 5098 453 4645 2281 347 2364 27728 24825 23559 559 162 285 1266 41 538 2514 2177 62 337 188 149 2903 1284 1619 148 121057 114938 17991 12353 12234 379 11855 96947 6119 4052 3671 1426 2115 2095 1739 5638 1126 821 305 106 95294 71466 42430 29036 23828 3973 19855 119 356
is_linear=0
shrinkage=0.05


Tree=79
num_leaves=63
num_cat=0
split_feature=10 7 10 0 3 3 14 5 14 3 3 11 3 3 3 2 3 0 13 3 4 2 5 3 7 4 3 5 3 3 3 3 3 14 3 13 3 3 2 5 2 2 15 10 2 0 13 15 2 0 3 3 13 10 11 3 3 3 10 3 11 3
split_gain=3.62043e+08 6.71352e+07 7.12374e+07 6.07872e+07 6.72242e+07 1.00639e+08 5.57327e+07 5.70477e+07 1.15892e+08 8.24149e+07 1.52034e+08 9.58522e+07 9.57435e+07 9.54908e+07 5.01483e+08 8.89359e+07 7.64231e+07 1.6067e+08 1.49794e+08 8.37871e+07 8.56059e+07 6.48149e+07 6.03802e+07 5.35036e+07 5.24554e+07 5.19128e+07 1.78644e+08 5.17614e+07 1.23495e+08 7.28211e+07 2.42839e+08 6.76808e+07 1.96654e+08 2.55001e+08 1.5363e+08 6.89138e+07 6.3856e+07 6.32175e+07 5.6677e+07 5.10925e+07 5.07732e+07 4.92639e+07 4.85404e+07 4.77318e+07 4.77236e+07 7.40208e+07 8.4731e+07 5.01611e+07 4.60643e+07 1.31275e+08 4.46677e+07 3.97049e+07 3.28525e+07 3.0828e+07 3.9892e+07 2.98404e+07 2.77769e+07 2.61949e+07 2.321e+07 2.23329e+07 2.13589e+07 1.97431e+07
threshold=7200.1650000000009 1.0000000180025095e-35 4500.4050000000007 29.500000000000004 88.500000000000014 178.50000000000003 3292.9868333333338 2023.5000000000002 6965.9275000000016 12.500000000000002 40.500000000000007 11999.985000000002 4.5000000000000009 60.500000000000007 62.500000000000007 1.5000000000000002 172.50000000000003 71.500000000000014 2617.0922850036491 168.50000000000003 4.5000000000000009 5.5000000000000009 2022.5000000000002 322.50000000000006 1.0000000180025095e-35 1.5000000000000002 108.50000000000001 2022.5000000000002 344.50000000000006 290.50000000000006 277.50000000000006 88.500000000000014 72.500000000000014 7522.1665000000003 136.50000000000003 1404.5646599278073 132.50000000000003 242.50000000000003 5.5000000000000009 2022.5000000000002 5.5000000000000009 2.5000000000000004 2358.0211918555856 10000.005000000003 5.5000000000000009 33.500000000000007 565.98752809840687 372.47991102063935 1.0000000180025095e-35 34.500000000000007 299.50000000000006 301.50000000000006 642.59031096941737 11999.985000000002 6029.8000000000011 104.50000000000001 152.50000000000003 90.500000000000014 1999.8950000000002 275.50000000000006 6548.3200000000006 178.50000000000003
decision_type=2 2 2 2 2 2 2 2 2 2 2 2 2 2 2 2 2 2 2 2 2 2 2 2 2 2 2 2 2 2 2 2 2 2 2 2 2 2 2 2 2 2 2 2 2 2 2 2 2 2 2 2 2 2 2 2 2 2 2 2 2 2
left_child=1 2 44 61 -5 42 -2 9 16 12 11 15 43 22 -15 -11 19 18 -18 20 -9 -19 -12 39 25 40 -27 31 29 30 -29 32 35 -34 36 -4 -33 -36 52 -7 -10 -13 57 -8 47 -46 56 -1 49 -49 -31 -48 -30 54 -14 -44 -47 -6 -50 -26 -55 -3
right_child=6 3 27 4 5 23 7 8 24 10 13 41 53 14 -16 -17 17 21 -20 -21 -22 -23 -24 -25 59 26 -28 28 38 50 -32 34 33 -35 37 -37 -38 -39 -40 -41 -42 -43 55 -45 45 46 51 48 58 -51 -52 -53 -54 60 -56 -57 -58 -59 -60 -61 -62 -63
leaf_value=-2.4842720484762624 -66.416019987883402 7.0793893514010966 1.4165289624715545 -26.954589352182872 25.139868682514539 -10.199253519430378 10.812604572342105 -2.7658858472749546 9.9498629852339615 -86.398091060698974 0.4213727175371742 -19.331420511179957 25.958079699198407 -100.23480534570868 6.8557120690432942 -21.858673028510481 -34.87471156573465 21.32952578817368 -132.04001034872871 53.21804558030491 -56.041155600215113 -60.51659881655376 27.145352394182158 3.6142002834605886 39.907346475090776 -24.993960619431771 5.6271625654655857 3.164837297942237 9.8793293957961232 -31.590579666370299 46.993484411968737 -16.271285158613345 21.106172142947813 155.58410323426529 4.5071011723860632 -27.911296767541184 -57.53379159450531 -4.0190386507257463 -27.192523425175594 -25.918761164170565 46.302887401580811 18.076168154478072 -15.458148667565707 -55.161801950408204 0.66025602266343297 -0.16007025675416697 -17.445071934519738 -5.4270406845985031 -5.3608099613611131 6.3942883346069062 -3.9768378395386117 8.1135790391112828 62.963077715314675 -10.886403001354587 80.094623299991383 41.36335901149787 -6.702636749434328 -1.6314888657908417 -0.45840866405797459 -7.3502782612462205 34.233188979777886 -2.8041630361750833
leaf_weight=32803 26 828 2138 476 98 1417 82 613 682 62 276 144 59 109 17735 359 140 124 55 57 85 29 902 414 141 560 3154 9439 37 204 326 977 764 36 3866 220 103 4965 25 815 111 223 28 40 5234 2706 1981 3354 2559 7828 514 164 144 30 84 120 4050 1185 42438 30 187 1293
leaf_count=32803 26 828 2138 476 98 1417 82 613 682 62 276 144 59 109 17735 359 140 124 55 57 85 29 902 414 141 560 3154 9439 37 204 326 977 764 36 3866 220 103 4965 25 815 111 223 28 40 5234 2706 1981 3354 2559 7828 514 164 144 30 84 120 4050 1185 42438 30 187 1293
internal_value=0.0046811 -1.04792 -0.790778 -5.93541 -9.19173 -7.11176 5.39069 5.46484 1.08279 6.71313 6.21523 -15.293 27.1215 7.10698 6.19597 -31.5455 -13.4892 -32.8392 -62.8142 -4.53855 -9.32446 5.52395 20.8897 -12.8872 4.52079 3.48575 1.0046 1.67746 4.25789 3.50236 4.6327 -0.433207 5.93998 27.3444 -2.46433 -1.33041 -20.2561 -0.286411 42.5027 -15.9482 15.0903 3.38587 3.56884 -11.0909 -1.35947 -4.05819 -6.83252 -0.930728 -0.0235835 2.84836 -11.8556 -15.4881 52.2256 40.0662 58.094 30.5817 -4.08254 0.431383 -0.737324 31.622 27.9741 1.05571
internal_weight=159648 133549 126875 6674 4553 4077 26099 26073 5781 20292 19810 788 482 19022 17844 421 1103 348 195 755 698 153 1178 2646 4678 4507 3714 23758 10689 10483 9765 13069 3158 800 9911 2358 1080 8831 206 2232 793 367 1431 122 103117 14135 8901 88982 56179 11182 718 2145 181 360 143 148 6756 1283 44997 171 217 2121
internal_count=159648 133549 126875 6674 4553 4077 26099 26073 5781 20292 19810 788 482 19022 17844 421 1103 348 195 755 698 153 1178 2646 4678 4507 3714 23758 10689 10483 9765 13069 3158 800 9911 2358 1080 8831 206 2232 793 367 1431 122 103117 14135 8901 88982 56179 11182 718 2145 181 360 143 148 6756 1283 44997 171 217 2121
is_linear=0
shrinkage=0.05


Tree=80
num_leaves=63
num_cat=0
split_feature=10 10 3 3 10 3 0 3 14 13 5 0 13 10 3 5 3 3 11 3 5 3 11 3 6 11 15 0 3 0 10 14 10 14 15 5 3 3 5 0 3 12 3 11 3 3 3 14 0 11 3 11 6 3 0 0 12 3 12 3 15 0
split_gain=3.26678e+08 6.15506e+07 5.24823e+07 3.06178e+08 1.1032e+08 8.69057e+07 2.63241e+08 1.66064e+08 2.17034e+08 1.55254e+08 1.30908e+08 1.16087e+08 1.22818e+08 1.11943e+08 1.05393e+08 1.01318e+08 1.0159e+08 8.13047e+07 7.81148e+07 7.57751e+07 7.30239e+07 9.48916e+07 2.22187e+08 7.76419e+07 6.80514e+07 7.5498e+07 6.05963e+07 5.62953e+07 7.64079e+07 1.32168e+08 1.45667e+08 6.14475e+07 1.17587e+08 5.97457e+07 5.93948e+07 5.44807e+07 5.37824e+07 4.67886e+07 5.28822e+07 1.33615e+08 4.89898e+07 4.37267e+07 5.73527e+07 4.11683e+07 6.97513e+07 6.95335e+07 6.90498e+07 6.65744e+07 4.0985e+07 6.46121e+07 5.53412e+07 4.11673e+07 3.83326e+07 3.99469e+07 3.68911e+07 3.58179e+07 3.49329e+07 3.38322e+07 3.00928e+07 2.96003e+07 2.65251e+07 2.56545e+07
threshold=7200.1650000000009 3499.2850000000003 284.50000000000006 277.50000000000006 9999.9950000000008 247.50000000000003 73.500000000000014 236.50000000000003 9900.3578333333371 2179.1249675052636 2023.5000000000002 78.500000000000014 3240.2100545687676 12000.005000000003 271.50000000000006 2021.5000000000002 219.50000000000003 344.50000000000006 4140.2050000000008 166.50000000000003 2023.5000000000002 279.50000000000006 6998.3150000000014 280.50000000000006 1.0000000180025095e-35 9999.9950000000008 2563.494342210895 70.500000000000014 287.50000000000006 19.500000000000004 11126.180000000002 5543.2928333333339 8700.510000000002 7133.0841666666684 2929.6168654987478 2021.5000000000002 273.50000000000006 338.50000000000006 2023.5000000000002 77.500000000000014 288.50000000000006 13619.525 286.50000000000006 9999.9950000000008 318.50000000000006 44.500000000000007 50.500000000000007 8822.9390000000003 10.500000000000002 2064.8500000000004 231.50000000000003 2805.2900000000004 1.0000000180025095e-35 361.50000000000006 29.500000000000004 76.500000000000014 9244.0171428571448 209.50000000000003 1616.0550000000003 217.50000000000003 2282.8621987736719 36.500000000000007
decision_type=2 2 2 2 2 2 2 2 2 2 2 2 2 2 2 2 2 2 2 2 2 2 2 2 2 2 2 2 2 2 2 2 2 2 2 2 2 2 2 2 2 2 2 2 2 2 2 2 2 2 2 2 2 2 2 2 2 2 2 2 2 2
left_child=1 58 3 5 26 7 9 15 10 36 -9 12 -8 -13 -11 16 -2 27 -19 -17 21 22 -6 -23 -22 -26 61 28 29 33 -31 32 -30 -4 -33 -20 -7 38 40 -40 -29 43 -43 48 45 47 -47 -45 49 -3 -51 59 53 -37 -54 -44 -46 -53 -1 -50 -39 -5
right_child=2 41 17 4 20 6 11 8 -10 14 -12 13 -14 -15 -16 19 -18 18 35 -21 24 23 -24 -25 25 -27 -28 37 31 30 -32 34 -34 -35 -36 52 -38 60 39 -41 -42 42 55 44 56 46 -48 -49 51 50 -52 57 54 -55 -56 -57 -58 -59 -60 -61 -62 -63
leaf_value=-12.948157916137243 -47.121509558536388 77.171255146149676 21.237624199337432 82.111915447070047 135.61377016977164 -21.005009925575656 16.875795224675642 26.897410794138587 -138.53309627805439 -99.728904123886764 -35.940669509714304 0.9173674671929164 90.097535852404206 -83.380055020960356 -21.536439265936195 6.8312573288690857 1.5757838476857833 -44.701117816793513 -30.25358638638356 -0.54338361957984915 16.905445235923487 -12.368585598144533 5.7690747923009535 30.997640483751653 -115.52293159179688 2.9456100565592451 137.85704608372279 27.330239262276287 -5.8593712342126025 8.5853318367613127 -64.744849279871531 -11.541200059925869 -136.59688708496094 97.929274673461919 -53.980771802266446 20.74190135825021 41.871570451066304 -67.747811980376383 0.44585440764556061 -140.11629494406961 0.82214486519072916 87.268621714042908 42.046537244524281 -4.3126330069893779 20.555191267167018 -57.878869315220754 -5.9653396294357171 37.039346979089686 -12.980214046177167 8.6790173221676188 -3.2219744842668057 -0.61775025392188554 -24.985684216817219 -8.5894298417540806 40.499499247922735 -30.027040714937101 90.33642682282823 2.2026163597065769 -1.8167143428158941 -1.212367403197854 -5.8942834831686586 35.08923845578547
leaf_weight=611 188 30 89 51 64 430 368 1466 20 114 87 998 67 40 70 13074 247 57 60 4748 107 124 67 601 24 29 27 226 34 187 105 352 34 35 107 349 36 36 73 21 751 32 34 205 86 64 4477 184 976 2940 1462 26093 23 173 235 33 22 17945 77175 1180 33 72
leaf_count=611 188 30 89 51 64 430 368 1466 20 114 87 998 67 40 70 13074 247 57 60 4748 107 124 67 601 24 29 27 226 34 187 105 352 34 35 107 349 36 36 73 21 751 32 34 205 86 64 4477 184 976 2940 1462 26093 23 173 235 33 22 17945 77175 1180 33 72
internal_value=0.00438738 -0.995483 5.12058 5.92554 30.8819 4.59868 -5.01419 5.62803 21.2113 -31.4928 23.3563 6.68363 28.3344 -2.40821 -70.259 4.28431 -19.5302 -1.1242 11.4534 4.86664 24.9241 30.7138 69.7515 23.5737 -6.04911 -51.8463 70.8036 -6.5434 -15.5742 0.45068 -17.9144 -28.2007 -72.2605 43.4948 -21.5304 15.3125 -16.0683 0.933893 3.51927 -32.1006 6.97569 0.272294 33.3057 0.212946 -4.09704 -4.97081 -6.70958 15.292 0.641923 5.23428 4.7266 0.201214 18.8519 11.0231 34.5877 6.62801 35.4683 0.531542 -1.90432 -6.54311 -38.6726 55.0914
internal_weight=159648 133549 26099 23119 1166 21953 2123 19830 1573 650 1553 1473 435 1038 184 18257 435 2980 897 17822 1016 856 131 725 160 53 150 2083 943 416 292 527 68 124 459 840 466 1140 1071 94 977 55763 99 55664 5038 4930 4541 389 50626 4432 4402 46194 780 522 258 67 108 44038 77786 2156 69 123
internal_count=159648 133549 26099 23119 1166 21953 2123 19830 1573 650 1553 1473 435 1038 184 18257 435 2980 897 17822 1016 856 131 725 160 53 150 2083 943 416 292 527 68 124 459 840 466 1140 1071 94 977 55763 99 55664 5038 4930 4541 389 50626 4432 4402 46194 780 522 258 67 108 44038 77786 2156 69 123
is_linear=0
shrinkage=0.05


Tree=81
num_leaves=63
num_cat=0
split_feature=14 3 3 3 11 9 12 0 3 5 13 3 13 3 3 14 3 0 12 0 14 11 14 12 3 3 5 15 3 3 7 3 3 12 3 3 3 3 13 12 3 15 3 5 15 5 3 3 15 12 5 15 3 3 12 13 13 3 3 5 5 14
split_gain=1.98321e+08 1.16213e+08 1.73657e+08 1.44088e+08 1.43579e+08 1.27709e+08 1.26183e+08 1.23439e+08 2.02374e+08 1.93762e+08 1.19796e+08 1.19156e+08 1.08245e+08 9.85256e+07 1.26104e+08 8.78549e+07 8.25447e+07 7.34711e+07 7.04949e+07 7.02937e+07 6.75668e+07 6.55352e+07 6.01164e+07 5.90004e+07 5.53302e+07 5.49306e+07 2.13477e+08 5.26577e+07 5.17757e+07 4.50042e+07 7.80595e+07 7.67272e+07 4.3638e+07 4.10609e+07 4.0345e+07 1.56004e+08 1.63477e+08 2.93268e+08 1.69019e+08 7.89852e+07 7.85427e+07 7.91446e+07 7.73718e+07 7.36615e+07 6.50283e+07 5.12352e+07 9.26315e+07 6.90138e+07 3.64344e+07 3.44821e+07 4.81163e+07 3.02543e+07 4.21927e+07 6.03883e+07 2.98621e+07 2.96384e+07 2.65168e+07 1.64253e+08 4.38939e+07 1.6166e+08 6.06948e+07 2.55456e+07
threshold=7133.0841666666684 248.50000000000003 255.50000000000003 224.50000000000003 9200.6350000000002 3.5000000000000004 12000.380714285717 79.500000000000014 296.50000000000006 2021.5000000000002 525.43268422785218 245.50000000000003 5336.2109027648903 213.50000000000003 194.50000000000003 12197.029 318.50000000000006 4.5000000000000009 11411.227142857142 83.500000000000014 9841.6456666666691 11126.180000000002 2911.222666666667 8808.0057142857167 203.50000000000003 258.50000000000006 2022.5000000000002 4172.7825912611497 261.50000000000006 228.50000000000003 1.0000000180025095e-35 236.50000000000003 272.50000000000006 10592.202142857144 110.50000000000001 209.50000000000003 246.50000000000003 258.50000000000006 2952.9953579360567 7789.2507142857148 106.50000000000001 1235.7243972567453 166.50000000000003 2023.5000000000002 2338.9285519878549 2023.5000000000002 98.500000000000014 96.500000000000014 3589.4388641006722 6175.1128571428571 2023.5000000000002 1156.6349250147 252.50000000000003 254.50000000000003 11146.328571428572 1657.2877496455205 94.123564378305844 216.50000000000003 215.50000000000003 2022.5000000000002 2022.5000000000002 10000.133666666668
decision_type=2 2 2 2 2 2 2 2 2 2 2 2 2 2 2 2 2 2 2 2 2 2 2 2 2 2 2 2 2 2 2 2 2 2 2 2 2 2 2 2 2 2 2 2 2 2 2 2 2 2 2 2 2 2 2 2 2 2 2 2 2 2
left_child=12 3 18 13 10 16 49 8 9 -7 -5 27 22 14 17 -10 25 23 51 -19 32 24 -1 -2 -16 26 -4 -8 -27 30 -12 -31 -9 48 40 39 38 -38 -37 44 45 -42 -41 -43 -36 47 -47 -24 -14 -6 -51 52 -3 -54 -23 -18 57 -15 59 -58 -60 -20
right_child=1 2 5 4 6 7 11 20 15 -11 29 -13 33 56 21 -17 55 19 61 -21 -22 54 34 -25 -26 28 -28 -29 -30 31 -32 -33 -34 -35 35 36 37 -39 -40 42 41 43 -44 -45 -46 46 -48 -49 -50 50 -52 -53 53 -55 -56 -57 58 -59 60 -61 -62 -63
leaf_value=-2.3202132601008163 30.077787695504412 10.953038398904622 -60.004723043868786 147.94525097688037 59.094319503784192 65.943592321022422 -132.09600900361031 13.453662179588751 4.4157829267004933 17.962775896963041 93.50915579683641 31.464594713949392 55.029477804432751 0.38744325096927473 26.450006372369756 -46.878054073040303 37.037777486308926 1.159017039336909 23.046147557204627 9.4541123583350419 -27.700426180065918 52.35940804176343 1.3128519624094317 7.6207805168695302 3.997630243912027 -34.392143325713967 46.130907063874197 -34.088742018479572 -8.4312300423393598 1.8169152206149908 -10.953636074829101 42.073763181452911 -6.1536052521084486 61.57314595593904 -4.6405621228917395 8.5538482983255495 -15.970476213614877 0.96461032776056133 -28.767051073061097 -9.748751859996311 4.8834852776667859 16.03081435930677 -45.12296551803658 62.133357231412617 4.9066778981121342 -0.70679386852698778 -19.589166021488012 11.179198370014241 -26.969396126487041 17.69280120521816 -4.5650460136552722 -32.729665660069934 -67.862007670683013 33.377580929710753 6.1077241547676646 6.3568483322913494 26.503073727222201 -157.36208601518112 -26.609052725824814 -102.30400124942555 7.3201035901143205 -31.493151915338309
leaf_weight=45918 446 105 66 23 39 285 32 457 1009 801 67 30 22 66 528 90 123 11742 105 3263 240 191 16553 849 571 207 161 25 2532 182 24 338 745 94 18074 8242 2830 26355 314 517 695 230 220 139 1978 6470 721 1984 32 930 328 610 50 20 43 217 46 21 202 50 375 26
leaf_count=45918 446 105 66 23 39 285 32 457 1009 801 67 30 22 66 528 90 123 11742 105 3263 240 191 16553 849 571 207 161 25 2532 182 24 338 745 94 18074 8242 2830 26355 314 517 695 230 220 139 1978 6470 721 1984 32 930 328 610 50 20 43 217 46 21 202 50 375 26
internal_value=0.00414094 3.80389 -1.36654 5.79214 18.4719 1.33789 9.43234 7.81572 15.3065 30.6035 38.159 -48.5236 -0.813163 4.40004 5.16 0.176393 -5.76913 3.95013 -21.8149 2.96339 -3.5375 19.9404 -0.861513 15.3723 14.7988 -8.44523 15.1442 -90.4393 -10.4051 33.7913 66.1389 28.0144 1.30605 41.7794 -0.0764618 -0.81207 1.10377 -0.678035 7.18099 -4.29004 1.53052 14.8363 -20.3551 33.5184 -3.69859 0.979697 -2.60248 2.36939 6.8306 13.3543 11.8905 -27.4769 -9.08523 -38.8736 43.9223 17.5322 -13.2157 -39.0455 -9.82364 -40.947 -4.58352 12.0649
internal_weight=159648 28260 7849 20411 2018 6933 1384 3627 2185 1086 634 87 131388 18393 17633 1099 3306 16300 916 15005 1442 1333 131240 1295 1099 2966 227 57 2739 611 91 520 1202 148 85322 58530 37741 29185 8556 20789 26792 1064 737 369 20052 25728 7191 18537 54 1297 1258 785 175 70 234 340 760 87 673 96 577 131
internal_count=159648 28260 7849 20411 2018 6933 1384 3627 2185 1086 634 87 131388 18393 17633 1099 3306 16300 916 15005 1442 1333 131240 1295 1099 2966 227 57 2739 611 91 520 1202 148 85322 58530 37741 29185 8556 20789 26792 1064 737 369 20052 25728 7191 18537 54 1297 1258 785 175 70 234 340 760 87 673 96 577 131
is_linear=0
shrinkage=0.05


Tree=82
num_leaves=63
num_cat=0
split_feature=10 7 9 0 5 11 12 6 11 13 0 0 10 11 0 13 12 6 13 8 7 13 15 13 9 11 13 8 0 12 4 5 8 9 12 5 13 13 15 0 4 15 4 0 10 0 0 0 11 0 11 4 8 11 12 0 13 15 0 11 8 15
split_gain=2.71618e+08 6.33623e+07 7.36931e+07 1.20215e+08 6.28444e+07 5.78055e+07 5.75478e+07 1.77504e+08 1.21905e+08 1.21038e+08 1.01196e+08 5.96288e+07 6.81552e+07 7.31623e+07 6.73204e+07 1.18297e+08 5.90757e+07 5.29998e+07 5.4458e+07 4.93394e+07 4.45455e+07 4.4409e+07 5.63941e+07 6.48408e+07 4.26988e+07 4.14521e+07 8.28147e+07 8.47356e+07 8.03949e+07 7.86356e+07 6.66504e+07 6.64482e+07 5.80012e+07 5.06987e+07 4.12503e+07 1.62834e+08 4.63178e+07 4.29821e+07 4.35247e+07 5.38941e+07 4.81741e+07 4.2937e+07 4.00246e+07 4.85546e+07 3.96311e+07 4.29356e+07 3.82402e+07 4.40672e+07 4.04628e+07 3.67686e+07 3.57677e+07 5.03951e+07 3.98955e+07 3.53625e+07 3.48514e+07 3.43328e+07 3.18337e+07 3.17533e+07 3.06175e+07 3.021e+07 2.96622e+07 5.40281e+07
threshold=5400.6950000000006 1.0000000180025095e-35 1.5000000000000002 75.500000000000014 2023.5000000000002 14498.490000000002 13619.525 1.0000000180025095e-35 14498.490000000002 4699.4111002022109 71.500000000000014 13.500000000000002 12000.005000000003 14498.490000000002 91.500000000000014 2882.6451101576818 15426.107142857145 1.0000000180025095e-35 3026.3383415523681 2.5000000000000004 1.0000000180025095e-35 3118.8938789861763 2638.3248802194003 1015.0854406688892 1.5000000000000002 3910.3550000000005 3422.1483359915333 2.5000000000000004 5.5000000000000009 4249.0228571428579 10.500000000000002 2023.5000000000002 2.5000000000000004 2.5000000000000004 8575.8050000000021 2023.5000000000002 2339.1606151651431 2485.3897433478073 843.27621536703589 64.500000000000014 8.5000000000000018 4023.8350823459982 9.5000000000000018 60.500000000000007 8500.3950000000023 70.500000000000014 80.500000000000014 69.500000000000014 6750.2150000000011 7.5000000000000009 9200.6350000000002 3.5000000000000004 1.5000000000000002 3409.6250000000005 4892.7021428571434 94.500000000000014 2074.6182739919509 2134.1320450945382 6.5000000000000009 9200.6350000000002 1.5000000000000002 2983.8702851461935
decision_type=2 2 2 2 2 2 2 2 2 2 2 2 2 2 2 2 2 2 2 2 2 2 2 2 2 2 2 2 2 2 2 2 2 2 2 2 2 2 2 2 2 2 2 2 2 2 2 2 2 2 2 2 2 2 2 2 2 2 2 2 2 2
left_child=20 6 4 17 5 50 25 11 16 10 -10 12 -8 -14 15 -13 -9 18 19 -4 34 22 23 -5 -22 26 27 28 -2 31 -29 32 -27 -28 37 46 49 38 -1 40 -40 55 43 -43 45 -31 47 48 -36 -37 52 -52 -3 -35 -46 58 -19 -49 -39 -24 61 -26
right_child=1 2 3 21 -6 -7 7 8 9 -11 -12 14 13 -15 -16 -17 -18 56 -20 -21 24 -23 59 -25 60 29 33 30 -30 44 -32 -33 -34 53 35 36 -38 41 39 -41 -42 42 -44 -45 54 -47 -48 57 -50 -51 51 -53 -54 -55 -56 -57 -58 -59 -60 -61 -62 -63
leaf_value=-1.4946825614948069 22.285609782509958 19.692845072104792 -26.215648049403882 25.674014322166155 32.243926685543883 72.830371655273439 -14.80193892524356 56.117752862317218 -137.93387728668924 20.917034208386447 -35.835336035712295 -29.674929531060378 40.214463317871093 141.27426774488177 84.486038287934804 29.785836527246456 -23.583322685241701 -20.301144269307457 -101.06723694851524 -76.703680465605942 -1.071432222649251 -49.675800194373501 94.135285461743678 -18.821956378283073 -6.2330655117239182 12.844559192807658 -59.067919034269664 27.493005115639001 -5.8570258053350166 -0.38633543860864505 -17.782402351097307 119.57355576948687 100.98484325062145 -37.46570474873419 60.967489047465122 -15.883152467939588 107.35001306599584 3.6473245075451772 1.2644587824821449 3.8927760668785902 -3.5397810691230407 18.271459168452846 -2.7476024683605544 109.36225020635696 -58.775900646391371 5.435549708871239 -22.014623753525488 -19.460025623205937 -7.0628709811904802 47.821000036948767 -62.985282919311523 -8.4445605472992327 -11.491749102259938 51.221154816367417 5.6835556735533679 39.45280780580309 57.194721163795116 34.897529335969331 -12.10544489967708 21.681480014507589 -13.887794689312623 40.100072227752577
leaf_weight=80201 280 222 231 132 162 24 20 55 42 42 58 102 39 34 41 447 39 35 37 61 3010 38 23 212 1350 126 96 420 2619 7602 100 21 21 22 22 26 28 362 13075 9311 8682 50 109 20 20 5427 171 32 440 155 49 280 189 21 19144 35 20 150 2069 38 1694 65
leaf_count=80201 280 222 231 132 162 24 20 55 42 42 58 102 39 34 41 447 39 35 37 61 3010 38 23 212 1350 126 96 420 2619 7602 100 21 21 22 22 26 28 362 13075 9311 8682 50 109 20 20 5427 171 32 440 155 49 280 189 21 19144 35 20 150 2069 38 1694 65
internal_value=0.00396925 3.65666 -5.62858 -16.4673 4.05868 -1.9521 4.09865 16.4473 -20.8724 -49.9721 -79.6579 29.3542 66.4078 88.5565 23.4111 18.7046 23.1501 -36.9038 -44.4795 -36.9886 -1.16047 1.29062 6.18324 -1.72298 -5.31702 3.78226 -1.34 0.203326 -3.13212 4.34546 18.7688 38.3642 26.0333 -39.0317 -0.939141 9.04657 48.3066 -1.02898 -0.879202 0.709636 -0.652719 -7.3272 16.2568 45.4712 4.16675 2.0389 -1.06819 4.51917 -3.69864 38.6331 -4.47249 -16.7339 5.35939 6.02612 5.61322 -9.04499 8.3972 25.286 -9.75916 50.0779 -9.42575 -4.07787
internal_weight=159648 38591 1753 827 926 764 36838 919 236 142 100 683 93 73 590 549 94 384 329 292 121057 443 405 344 6119 35919 3558 3419 2899 32361 520 168 147 139 114938 1024 209 113914 111269 31068 21757 2645 179 70 32193 13029 815 644 462 181 740 329 411 43 19164 2466 55 182 2431 61 3109 1415
internal_count=159648 38591 1753 827 926 764 36838 919 236 142 100 683 93 73 590 549 94 384 329 292 121057 443 405 344 6119 35919 3558 3419 2899 32361 520 168 147 139 114938 1024 209 113914 111269 31068 21757 2645 179 70 32193 13029 815 644 462 181 740 329 411 43 19164 2466 55 182 2431 61 3109 1415
is_linear=0
shrinkage=0.05


Tree=83
num_leaves=63
num_cat=0
split_feature=10 2 15 0 7 3 5 3 3 0 11 3 10 3 3 3 11 5 7 9 11 0 2 0 10 0 3 15 2 9 13 7 15 3 15 3 3 3 2 15 11 3 3 3 3 8 3 11 3 15 0 2 2 15 3 5 3 3 9 15 13 5
split_gain=2.45153e+08 6.44522e+07 5.66238e+07 5.20121e+07 9.68526e+07 8.09444e+07 6.26129e+07 1.30384e+08 1.21248e+08 8.12536e+07 2.22909e+08 7.62113e+07 4.79578e+07 4.98916e+07 3.58171e+08 2.09662e+08 2.03566e+08 1.24441e+08 1.15588e+08 1.13246e+08 1.07357e+08 8.80804e+07 1.07631e+08 7.89886e+07 4.47844e+07 4.35228e+07 7.04449e+07 4.19824e+07 4.17183e+07 8.50696e+07 7.49404e+07 4.90302e+07 5.40025e+07 5.6988e+07 1.25203e+08 1.22035e+08 8.80726e+07 4.77122e+07 4.73327e+07 4.55432e+07 4.81283e+07 4.52435e+07 4.27595e+07 7.56563e+07 4.5774e+07 4.23494e+07 4.76798e+07 4.00204e+07 3.92686e+07 3.91252e+07 4.25404e+07 5.40623e+07 8.11883e+07 6.42231e+07 3.4277e+07 3.08017e+07 3.03884e+07 4.6511e+07 2.95128e+07 2.8814e+07 2.84702e+07 2.65157e+07
threshold=5400.6950000000006 5.5000000000000009 843.27621536703589 13.500000000000002 1.0000000180025095e-35 275.50000000000006 2023.5000000000002 34.500000000000007 76.500000000000014 75.500000000000014 3078.0650000000005 358.50000000000006 17561.605000000003 284.50000000000006 271.50000000000006 270.50000000000006 12000.005000000003 2021.5000000000002 1.0000000180025095e-35 3.5000000000000004 6998.3150000000014 79.500000000000014 3.5000000000000004 70.500000000000014 12000.005000000003 31.500000000000004 310.50000000000006 2134.1320450945382 5.5000000000000009 1.5000000000000002 699.88923257459498 1.0000000180025095e-35 411.84698903883174 283.50000000000006 4606.9221282247199 261.50000000000006 100.50000000000001 335.50000000000006 3.5000000000000004 820.66015896974818 3460.4650000000006 90.500000000000014 178.50000000000003 88.500000000000014 310.50000000000006 1.5000000000000002 219.50000000000003 14498.490000000002 246.50000000000003 3589.4388641006722 72.500000000000014 2.5000000000000004 4.5000000000000009 4879.1867463358958 88.500000000000014 2023.5000000000002 260.50000000000006 78.500000000000014 1.5000000000000002 3718.1762840000401 3716.3037709628406 2021.5000000000002
decision_type=2 2 2 2 2 2 2 2 2 2 2 2 2 2 2 2 2 2 2 2 2 2 2 2 2 2 2 2 2 2 2 2 2 2 2 2 2 2 2 2 2 2 2 2 2 2 2 2 2 2 2 2 2 2 2 2 2 2 2 2 2 2
left_child=28 12 -3 4 5 48 9 27 -9 11 -11 -5 13 14 15 17 19 -2 21 -16 -17 23 -23 -15 -18 -20 -27 -8 31 47 45 32 -1 34 35 -34 -36 60 42 41 -41 54 43 -33 58 -31 -47 -30 -4 -14 51 53 -53 -51 -40 -43 57 -32 -44 -59 -35 -45
right_child=1 2 3 6 -6 -7 7 8 -10 10 -12 -13 49 18 16 20 24 -19 25 -21 -22 22 -24 -25 -26 26 -28 -29 29 30 56 38 33 37 36 -37 -38 -39 39 40 -42 55 44 61 -46 46 -48 -49 -50 50 -52 52 -54 -55 -56 -57 -58 59 -60 -61 -62 -63
leaf_value=-1.9751024357962441 -7.7576392449207408 15.4017814102234 12.035669899365503 -9.6067462068398655 -71.961283861432761 68.85083595784505 44.399742670059204 -75.239170555808329 -17.327697790958538 151.68054889972393 4.08741765188977 44.501373785218199 70.634282649448934 -2.6704646151779166 33.766048809884225 -110.34216366340375 157.52884670257569 4.8218080387555382 8.6112409220243755 4.332332660214008 -19.166451654370629 2.9074349724491939 -57.487668222111758 12.727559577181106 71.129276081357688 -78.723888441998028 -7.4517728691770317 -14.313836422390407 -0.02020966162128679 -0.30512634491089702 -0.54032692976181329 -17.774225595882111 0.28460453343723252 -3.5825071192404412 27.548437122821809 8.6771099245077199 138.66437104738677 3.8138406716778408 -5.3218430773995138 49.348219090375032 6.9598838796249396 -4.2162157947695533 -10.325905076385368 -2.2599093475932572 2.7952341739414788 -15.400858997946024 -3.4925147019149736 69.090761835007456 -29.722249986587038 -96.906326533097499 30.227326550188106 58.789626249425545 -15.372115847740645 -2.5394254608154299 46.688492622438226 -42.261017278603148 -4.048372933337836 -22.40760173239655 -23.702037369257628 -63.856966068961405 -25.16841102427821 13.526602883788925
leaf_weight=37537 2139 467 616 2295 34 59 95 109 513 25 1598 66 34 2289 1016 57 31 24190 37 482 74 157 138 1308 34 91 56 44 8344 3137 259 540 43300 10693 59 4812 25 2465 54 87 282 1074 832 564 355 1411 2079 20 61 25 245 67 80 59 75 55 406 1071 822 43 154 502
leaf_count=37537 2139 467 616 2295 34 59 95 109 513 25 1598 66 34 2289 1016 57 31 24190 37 482 74 157 138 1308 34 91 56 44 8344 3137 259 540 43300 10693 59 4812 25 2465 54 87 282 1074 832 564 355 1411 2079 20 61 25 245 67 80 59 75 55 406 1071 822 43 154 502
internal_value=0.00396071 3.47414 -1.29648 -2.71299 9.33285 13.1808 -4.6693 -17.8012 -27.5807 -2.15709 6.45288 -8.07599 4.34931 4.10723 4.859 3.48459 28.1094 3.79958 -1.0612 24.3046 -59.3737 0.774106 -25.4439 2.9308 114.098 -39.6763 -51.8064 25.8446 -1.1023 -3.41688 -6.96881 -0.730067 -0.480626 0.431437 1.2313 1.12416 61.861 -2.46432 -5.44214 1.63935 17.0603 -2.89391 -8.62887 -2.54438 -13.4891 -4.52142 -8.31007 0.153288 8.23484 19.5474 15.7579 0.347449 18.5983 -31.4345 25.0432 -6.10536 -16.078 -19.6297 -16.9838 -24.0634 -3.89126 5.17997
internal_weight=159648 38591 5982 5515 770 736 4745 761 622 3984 1623 2361 32609 32099 28023 26460 1563 26329 4076 1498 131 3892 295 3597 65 184 147 139 121057 16770 8406 104287 99045 61508 48196 48112 84 13312 5242 1627 369 1258 3615 1606 2009 6627 3490 8364 677 510 476 231 147 84 129 1129 1779 1373 1654 1114 10847 1066
internal_count=159648 38591 5982 5515 770 736 4745 761 622 3984 1623 2361 32609 32099 28023 26460 1563 26329 4076 1498 131 3892 295 3597 65 184 147 139 121057 16770 8406 104287 99045 61508 48196 48112 84 13312 5242 1627 369 1258 3615 1606 2009 6627 3490 8364 677 510 476 231 147 84 129 1129 1779 1373 1654 1114 10847 1066
is_linear=0
shrinkage=0.05


Tree=84
num_leaves=63
num_cat=0
split_feature=10 2 3 3 3 3 3 2 13 0 2 3 3 12 3 3 3 3 3 3 12 3 3 0 0 9 0 14 0 3 10 13 12 3 3 12 3 15 2 13 0 3 3 15 0 12 15 3 3 3 13 3 14 3 10 13 0 0 13 3 13 10
split_gain=2.21591e+08 6.5589e+07 5.29515e+07 8.39946e+07 9.54158e+08 1.92006e+08 3.709e+08 1.84948e+08 1.49191e+08 9.33728e+07 1.17919e+08 8.25571e+07 1.29537e+08 1.17817e+08 7.10709e+07 6.72805e+07 5.23065e+07 1.34271e+08 9.10918e+07 7.51107e+07 2.00824e+08 1.19043e+08 6.15612e+07 5.72176e+07 6.06364e+07 5.28489e+07 8.40161e+07 5.18389e+07 4.66218e+07 5.45441e+07 6.26336e+07 5.52174e+07 4.50954e+07 6.93585e+07 4.41789e+07 4.25976e+07 4.01941e+07 1.05815e+08 7.65476e+07 1.30612e+08 7.13215e+07 7.0907e+07 6.7593e+07 1.52055e+08 6.01789e+07 5.33348e+07 8.01434e+07 1.35811e+08 6.45177e+07 1.01069e+08 5.82614e+07 4.82304e+07 4.63073e+07 4.56529e+07 3.81907e+07 3.7975e+07 3.28399e+07 3.888e+07 2.94397e+07 2.81204e+07 2.58843e+07 6.33195e+07
threshold=6000.1450000000013 5.5000000000000009 10.500000000000002 80.500000000000014 84.500000000000014 60.500000000000007 62.500000000000007 3.5000000000000004 2617.0922850036491 73.500000000000014 1.5000000000000002 96.500000000000014 98.500000000000014 13619.525 4.5000000000000009 46.500000000000007 98.500000000000014 106.50000000000001 110.50000000000001 126.50000000000001 10000.04642857143 134.50000000000003 86.500000000000014 75.500000000000014 19.500000000000004 1.0000000180025095e-35 74.500000000000014 7911.4553333333342 23.500000000000004 28.500000000000004 9999.9950000000008 2414.4593699807956 10592.202142857144 78.500000000000014 56.500000000000007 7029.2021428571434 110.50000000000001 5153.4035330993411 4.5000000000000009 1188.3005829626004 35.500000000000007 126.50000000000001 283.50000000000006 2377.5716406238575 75.500000000000014 8575.8050000000021 3718.1762840000401 100.50000000000001 88.500000000000014 68.500000000000014 2339.1606151651431 100.50000000000001 7522.1665000000003 318.50000000000006 4718.3100000000004 614.25394866811268 70.500000000000014 25.500000000000004 1900.4047877835158 138.50000000000003 3240.2100545687676 5499.0550000000012
decision_type=2 2 2 2 2 2 2 2 2 2 2 2 2 2 2 2 2 2 2 2 2 2 2 2 2 2 2 2 2 2 2 2 2 2 2 2 2 2 2 2 2 2 2 2 2 2 2 2 2 2 2 2 2 2 2 2 2 2 2 2 2 2
left_child=32 2 14 5 9 15 7 -7 -8 10 -5 13 -13 -6 -2 27 22 25 23 20 -20 -21 28 24 -19 -18 -27 -4 -3 31 -31 -30 36 -34 -17 -11 37 45 41 40 54 52 43 -43 -42 46 50 -48 49 -47 -1 -50 -38 -44 -40 -16 57 -41 -54 -58 61 -35
right_child=1 16 3 4 11 6 8 -9 -10 35 -12 12 -14 -15 55 34 17 18 19 21 -22 -23 -24 -25 -26 26 -28 -29 29 30 -32 -33 33 60 -36 -37 38 -39 39 56 44 42 53 -45 -46 48 47 -49 51 -51 -52 -53 58 -55 -56 -57 59 -59 -60 -61 -62 -63
leaf_value=0.3649613581226952 -3.4724609852638566 28.903252136654324 -8.6906868586920982 28.306469608229037 -20.839005190940732 -124.36231700624739 -16.801543735009705 -18.524582580416951 28.507037043967102 -5.783845122893652 115.65608663523641 42.360638361586297 4.4620964478134111 17.152735713201118 6.8939426121285301 20.94217648115804 68.84393424909139 3.2367105538504468 -13.787603687680633 -52.526037476685673 62.721997328787147 0.20807278664981702 -37.445495213753837 22.316350361217154 -99.048894125131469 -33.765746173425157 66.404207084655766 5.614909766387381 12.344502690437785 -3.6167595856205952 -32.222902082960864 -58.286675425211598 89.128674790782327 96.460130556546744 -0.10094352631218102 62.702805344450702 -6.1412914057536163 101.36295120239259 -0.199260625390907 -11.567261395001125 -6.5743362292861995 -0.096143708019101173 -5.1140238085049532 9.7112229345330174 1.1329692720219462 22.927278263611644 -2.0834958613679766 93.43037355976719 -35.023500870867736 131.15373577753704 -15.404266787640612 49.647980409102011 -12.527042193302087 -0.45891420307006237 11.527257676475351 39.889425188402981 -31.424416427721923 -26.485119340708628 -59.116079890307255 -0.76817098428935648 3.1783274128566621 -18.097090825619905
leaf_weight=31036 237 89 1076 48 706 111 879 66 228 29 215 227 20455 286 122 782 96 20 178 110 164 2984 174 21 51 43 39 1536 357 440 338 29 30 25 366 101 3752 25 8385 950 11371 38522 9503 4403 3258 222 93 61 71 23 596 21 69 11814 756 309 86 812 67 534 229 22
leaf_count=31036 237 89 1076 48 706 111 879 66 228 29 215 227 20455 286 122 782 96 20 178 110 164 2984 174 21 51 43 39 1536 357 440 338 29 30 25 366 101 3752 25 8385 950 11371 38522 9503 4403 3258 222 93 61 71 23 596 21 69 11814 756 309 86 812 67 534 229 22
internal_value=0.0038568 3.65921 4.61867 4.27557 5.6061 -1.5453 -18.2311 -85.2232 -7.45238 82.718 99.8816 4.20413 4.88009 -9.87949 18.516 4.15605 -1.53309 1.59929 -0.543992 0.777379 22.9771 -1.68313 -9.66351 -49.3721 -70.5912 43.8455 14.1021 -0.279276 -5.77873 -8.45307 -16.07 6.9011 -0.945422 18.1946 14.2391 47.4974 -0.991891 0.534831 -1.51247 -3.81194 -2.69302 -0.629762 -0.232886 0.910042 -4.85789 0.453207 0.243112 36.1086 20.2102 33.5792 0.0673649 -15.3702 -7.18567 -2.53428 0.771727 30.5872 -14.9718 -18.4531 -35.743 -5.06425 10.1904 43.5776
internal_weight=159648 32912 27779 27111 22067 5044 1284 177 1107 393 263 21674 20682 992 668 3760 5133 3706 3528 3436 342 3094 1427 92 71 178 82 2612 1253 1164 778 386 126736 306 1148 130 126430 32148 94282 26152 23770 68130 64242 42925 14629 32123 31786 154 337 245 31632 92 3888 21317 9141 431 2382 1762 136 620 276 47
internal_count=159648 32912 27779 27111 22067 5044 1284 177 1107 393 263 21674 20682 992 668 3760 5133 3706 3528 3436 342 3094 1427 92 71 178 82 2612 1253 1164 778 386 126736 306 1148 130 126430 32148 94282 26152 23770 68130 64242 42925 14629 32123 31786 154 337 245 31632 92 3888 21317 9141 431 2382 1762 136 620 276 47
is_linear=0
shrinkage=0.05


Tree=85
num_leaves=63
num_cat=0
split_feature=11 0 3 3 5 3 3 3 5 3 3 2 3 2 8 3 3 12 12 2 2 12 3 3 11 2 14 3 3 11 0 14 3 3 3 3 3 3 2 3 3 0 11 11 2 12 3 3 11 7 2 0 0 15 12 5 12 14 3 0 3 2
split_gain=1.34663e+08 7.60973e+07 8.18741e+07 1.8622e+08 1.31781e+08 1.23568e+08 1.60506e+08 2.85582e+08 1.99089e+08 1.22408e+08 1.77322e+08 1.20269e+08 7.4888e+07 1.11647e+08 7.37935e+07 8.20824e+07 4.51434e+08 7.30722e+07 1.36062e+08 1.14211e+08 9.21795e+07 6.98155e+07 6.95038e+07 6.80657e+07 6.16251e+07 7.04651e+07 6.43737e+07 6.16598e+07 6.08392e+07 1.29986e+08 5.91122e+07 5.8126e+07 5.78146e+07 5.69587e+07 1.29196e+08 1.59339e+08 1.31827e+08 7.99293e+07 7.28295e+07 1.37254e+08 1.30903e+08 7.06147e+07 5.64682e+07 5.20373e+07 5.15428e+07 5.1456e+07 5.05028e+07 5.90462e+07 4.81742e+07 4.74515e+07 4.67396e+07 6.92253e+07 6.20963e+07 5.35331e+07 4.30736e+07 4.0272e+07 1.33292e+08 6.39261e+07 6.49321e+07 8.53478e+07 4.0629e+07 3.86284e+07
threshold=3992.4350000000004 70.500000000000014 122.50000000000001 134.50000000000003 2022.5000000000002 64.500000000000014 86.500000000000014 96.500000000000014 2021.5000000000002 60.500000000000007 82.500000000000014 3.5000000000000004 56.500000000000007 2.5000000000000004 1.5000000000000002 285.50000000000006 271.50000000000006 11882.280714285715 10882.272857142858 3.5000000000000004 1.0000000180025095e-35 10592.202142857144 297.50000000000006 110.50000000000001 10000.005000000003 2.5000000000000004 5829.6191666666673 262.50000000000006 56.500000000000007 8000.5550000000012 41.500000000000007 9550.627666666669 296.50000000000006 282.50000000000006 224.50000000000003 232.50000000000003 234.50000000000003 225.50000000000003 1.0000000180025095e-35 182.50000000000003 213.50000000000003 75.500000000000014 14498.490000000002 17561.605000000003 1.0000000180025095e-35 5200.1157142857155 126.50000000000001 295.50000000000006 6998.3150000000014 1.0000000180025095e-35 5.5000000000000009 34.500000000000007 77.500000000000014 586.24315279589757 10592.202142857144 2021.5000000000002 7435.7485714285713 6733.2506666666677 248.50000000000003 75.500000000000014 291.50000000000006 3.5000000000000004
decision_type=2 2 2 2 2 2 2 2 2 2 2 2 2 2 2 2 2 2 2 2 2 2 2 2 2 2 2 2 2 2 2 2 2 2 2 2 2 2 2 2 2 2 2 2 2 2 2 2 2 2 2 2 2 2 2 2 2 2 2 2 2 2
left_child=21 2 4 17 5 28 8 -8 -7 12 11 -11 30 -14 48 16 -16 18 20 -20 -4 50 -17 -12 33 26 -26 42 29 -2 -6 43 -29 34 38 37 -37 -36 39 -3 -40 49 -28 54 -43 -30 -33 -48 -5 -35 55 -52 53 -53 -27 56 -1 61 59 -59 -60 -57
right_child=1 24 3 14 9 6 7 -9 -10 10 23 -13 13 -15 15 22 -18 -19 19 -21 -22 -23 -24 -25 25 31 27 32 45 -31 -32 46 -34 41 35 36 -38 -39 40 -41 -42 44 -44 -45 -46 -47 47 -49 -50 -51 51 52 -54 -55 -56 57 -58 58 60 -61 -62 -63
leaf_value=-1.694073629885956 1.2148825502793448 3.4333444837089377 20.343818511168166 2.7130230979883163 8.9445536162609667 4.4936774594785716 -17.708624826173104 16.974060763178528 41.202742365156354 -30.217450286732589 8.1371093974185751 -3.9460142859730514 11.185477219917736 79.670314145631437 -3.1180589220215786 -15.464000252986105 26.627403030609305 2.6295009757774821 -41.729517727555901 -146.62190291555302 -24.477575595198921 65.69786327851125 -2.4234152838958307 -9.6728559179790086 81.815889965820318 33.428910253538973 -1.622286303602595 29.443448768821924 -0.061878381979118283 102.87493319943547 -2.8179598020469578 20.219764355153906 -16.181700234832345 9.8837403312204586 82.549341824505788 -35.874343118933886 9.3008171232110488 27.428030679896718 1.2162585922255151 35.230354721689011 -23.549281621650792 -24.948740559739317 -50.039533183990969 82.772948561448331 -4.4478700787745007 -34.956397180907224 -2.0115857865903664 44.628660255767201 15.626889195331159 -33.128082549151252 0.84027520934781375 -3.9381257044071534 1.552470204674119 -12.004374868756136 8.9063912548894191 1.269922925739198 -90.812268137250626 14.255354907738786 -31.345360317702763 66.268661336794011 10.814755094920177 -2.1969853435824058
leaf_weight=42013 1811 1558 131 3187 2118 618 856 1930 918 1019 1533 761 243 78 11607 1758 1432 310 86 37 885 38 2439 824 24 436 1367 295 205 31 2153 646 90 1133 73 168 3646 621 10913 433 560 351 62 38 2383 217 817 73 933 67 5495 4023 2108 4211 305 24721 41 600 110 90 117 11902
leaf_count=42013 1811 1558 131 3187 2118 618 856 1930 918 1019 1533 761 243 78 11607 1758 1432 310 86 37 885 38 2439 824 24 436 1367 295 205 31 2153 646 90 1133 73 168 3646 621 10913 433 560 351 62 38 2383 217 817 73 933 67 5495 4023 2108 4211 305 24721 41 600 110 90 117 11902
internal_value=0.00381653 1.77492 0.351379 -1.54754 3.1789 8.51794 13.4739 6.31525 26.4456 -0.849897 -7.08711 -18.9942 4.76961 28.0224 -0.370231 -1.80726 0.150509 -18.8869 -24.7402 -74.2105 -18.6841 -1.18681 -7.88812 1.90934 3.85722 9.44091 2.1296 1.03082 -0.944756 2.98067 3.01583 15.2423 18.7635 2.79827 3.99109 11.3165 7.30205 33.3365 1.53774 10.3627 0.00549889 -2.65063 -3.75649 26.3615 -7.088 -18.0455 9.58961 1.85975 5.64053 7.45666 -1.21413 -3.69473 -6.10416 -8.06429 23.3609 -0.720521 -1.78312 0.469861 13.5019 21.1258 -9.66311 0.143193
internal_weight=159648 64179 38120 22805 15315 6586 4322 2786 1536 8729 4137 1780 4592 321 21356 17236 13039 1449 1139 123 1016 95469 4197 2357 26059 4153 1838 1814 2264 1842 4271 2315 385 21906 17972 4508 3814 694 13464 1991 11473 3934 1429 779 2734 422 1536 890 4120 1200 95431 15837 10342 8234 741 79594 42054 37540 917 690 227 36623
internal_count=159648 64179 38120 22805 15315 6586 4322 2786 1536 8729 4137 1780 4592 321 21356 17236 13039 1449 1139 123 1016 95469 4197 2357 26059 4153 1838 1814 2264 1842 4271 2315 385 21906 17972 4508 3814 694 13464 1991 11473 3934 1429 779 2734 422 1536 890 4120 1200 95431 15837 10342 8234 741 79594 42054 37540 917 690 227 36623
is_linear=0
shrinkage=0.05


Tree=86
num_leaves=63
num_cat=0
split_feature=10 3 3 10 3 3 3 0 3 2 0 3 5 10 3 10 10 7 3 5 3 5 3 9 3 2 12 9 5 5 5 3 3 0 15 3 9 3 2 7 12 5 15 2 2 5 5 13 13 2 9 13 10 15 12 3 3 3 13 12 3 10
split_gain=1.81771e+08 6.04961e+07 5.22786e+08 1.68364e+08 1.34572e+08 2.96361e+08 1.73832e+08 1.63997e+08 1.55626e+08 1.49594e+08 1.26152e+08 1.12742e+08 1.10652e+08 1.79205e+08 1.10072e+08 1.05685e+08 1.04253e+08 1.00834e+08 1.00453e+08 1.16496e+08 7.01031e+07 6.07803e+07 8.42066e+07 1.78016e+08 6.76195e+07 6.07148e+07 5.85211e+07 7.75579e+07 9.08891e+07 5.85585e+07 4.82004e+07 1.77768e+08 4.70731e+07 5.78188e+07 1.05261e+08 7.02855e+07 4.43895e+07 4.37692e+07 4.92156e+07 3.87272e+07 4.30581e+07 9.33637e+07 4.73944e+07 3.95168e+07 4.06873e+07 3.66736e+07 3.60305e+07 3.2753e+07 2.82188e+07 3.57896e+07 1.67317e+08 6.27836e+07 4.11128e+07 3.46502e+07 3.01843e+07 2.99956e+07 5.86019e+07 3.4433e+07 2.99368e+07 3.26305e+07 2.80788e+07 2.76207e+07
threshold=4905.0250000000005 284.50000000000006 277.50000000000006 9999.9950000000008 246.50000000000003 227.50000000000003 230.50000000000003 72.500000000000014 236.50000000000003 1.5000000000000002 79.500000000000014 274.50000000000006 2021.5000000000002 10000.005000000003 166.50000000000003 12000.005000000003 10339.960000000001 1.0000000180025095e-35 349.50000000000006 2021.5000000000002 254.50000000000003 2023.5000000000002 279.50000000000006 3.5000000000000004 280.50000000000006 4.5000000000000009 9824.4050000000025 3.5000000000000004 2022.5000000000002 2023.5000000000002 2023.5000000000002 288.50000000000006 285.50000000000006 69.500000000000014 2718.0282303351087 296.50000000000006 3.5000000000000004 361.50000000000006 4.5000000000000009 1.0000000180025095e-35 8575.8050000000021 2023.5000000000002 2134.1320450945382 3.5000000000000004 4.5000000000000009 2021.5000000000002 2022.5000000000002 340.53429663281594 2485.3897433478073 1.0000000180025095e-35 1.0000000180025095e-35 2005.1732400694489 1755.7850000000001 4172.7825912611497 4273.737857142858 172.50000000000003 243.50000000000003 168.50000000000003 3716.3037709628406 6635.1485714285727 358.50000000000006 5500.3450000000012
decision_type=2 2 2 2 2 2 2 2 2 2 2 2 2 2 2 2 2 2 2 2 2 2 2 2 2 2 2 2 2 2 2 2 2 2 2 2 2 2 2 2 2 2 2 2 2 2 2 2 2 2 2 2 2 2 2 2 2 2 2 2 2 2
left_child=39 2 4 26 5 12 9 11 -8 -7 20 16 13 -2 -14 -12 -6 -13 30 -20 -9 22 23 -5 -24 -23 27 29 -29 -4 32 36 -3 34 -34 -35 -32 60 -39 40 48 42 -42 47 45 -45 -47 -41 49 50 54 -52 -51 55 -1 57 -57 -50 59 -55 -21 -62
right_child=1 18 3 21 7 6 8 10 -10 -11 15 17 14 -15 -16 -17 -18 -19 19 37 -22 25 24 -25 -26 -27 -28 28 -30 -31 31 -33 33 35 -36 -37 -38 38 -40 43 41 -43 -44 44 -46 46 -48 -49 53 52 51 -53 -54 58 -56 56 -58 -59 -60 -61 61 -63
leaf_value=-4.6910407221801194 -7.0796865469917094 18.898328126611059 69.8732759378194 110.68975448028951 -18.632131184576064 130.62931041551673 -3.4958268249730651 -6.9215291930001888 20.16291504577314 35.593114949581832 -3.3691320633827808 -5.5466007398354886 4.3058328699551733 -126.22194353103637 -3.2580793591223505 -98.107968327840183 -111.19472278225805 79.493278466683847 -19.688306855714195 16.957164397174761 28.217724238843505 14.522783756432711 -13.888015487060549 -7.6241956272831679 26.570862531634265 -50.421202672322593 121.14351689731373 -29.510224372170189 79.898284725320764 6.1431481513522925 -156.91171894531249 2.1530126276172576 -4.7272893682454535 13.722448896365695 -29.253854755983514 -5.8639015805917873 -61.451238971578668 -12.366864021939783 26.322856051677793 -2.6426074309487717 -43.489502787494665 51.461143074035647 7.7638795696887435 -0.73966721428230331 -5.4868081059802183 44.919643454221216 10.611062337364363 -12.642430337895393 -12.739654921653351 -8.1922917975399674 4.1865970064147424 28.551956736012137 -1.0356084718582812 11.31910523262024 -16.326256344486819 8.3550064789291874 -12.699906935934527 -49.074894824028014 -11.222437338019319 76.518201771974574 83.625836139547417 30.540845513252112
leaf_weight=4478 2331 205 310 78 1773 45 1027 188 2148 437 1577 98 21100 31 6229 29 30 53 280 660 574 107 124 53 601 53 33 54 28 41 24 121 1694 674 589 1424 28 232 126 1392 49 121 460 550 1437 100 320 1990 628 2053 10899 270 87291 49 636 572 780 72 52 31 28 181
leaf_count=4478 2331 205 310 78 1773 45 1027 188 2148 437 1577 98 21100 31 6229 29 30 53 280 660 574 107 124 53 601 53 33 54 28 41 24 121 1694 674 589 1424 28 232 126 1392 49 121 460 550 1437 100 320 1990 628 2053 10899 270 87291 49 636 572 780 72 52 31 28 181
internal_value=0.00372173 2.67932 3.40934 32.5284 2.26291 3.3388 16.7674 -6.03739 12.5115 44.7179 2.81016 -16.7555 1.68431 -8.69612 2.58176 -5.13985 -20.2331 24.6284 -1.88187 9.36431 19.5505 21.0798 26.3622 63.1271 19.6414 -7.16944 57.3907 52.264 8.36124 62.4676 -5.44435 -31.2771 -4.46324 -5.56046 -11.065 0.431914 -107.639 16.0047 1.28557 -1.06011 -0.847375 12.1758 2.75425 -5.04435 -0.147237 7.76053 18.8671 -8.52859 -0.923589 -0.807237 1.34859 4.77811 -1.20015 -6.5479 -6.14096 -8.14755 -3.79246 -16.5417 18.1936 37.2166 22.0601 38.0171
internal_weight=159648 45418 39152 1482 37670 33348 3657 4322 3175 482 2368 1954 29691 2362 27329 1606 1803 151 6266 1507 762 1016 856 131 725 160 466 433 82 351 4759 173 4586 4381 2283 2098 52 1227 358 114230 108441 630 509 5789 2407 970 420 3382 107811 105627 16283 11169 89344 2184 5114 2052 1352 700 132 80 869 209
internal_count=159648 45418 39152 1482 37670 33348 3657 4322 3175 482 2368 1954 29691 2362 27329 1606 1803 151 6266 1507 762 1016 856 131 725 160 466 433 82 351 4759 173 4586 4381 2283 2098 52 1227 358 114230 108441 630 509 5789 2407 970 420 3382 107811 105627 16283 11169 89344 2184 5114 2052 1352 700 132 80 869 209
is_linear=0
shrinkage=0.05


Tree=87
num_leaves=63
num_cat=0
split_feature=10 7 3 10 0 3 12 6 3 8 3 0 0 10 14 3 3 9 12 3 3 3 3 11 15 0 0 6 11 14 4 3 3 3 3 3 0 3 3 3 0 14 9 14 12 3 15 3 3 6 12 3 11 0 5 3 15 5 15 3 15 0
split_gain=1.64275e+08 5.97155e+07 8.38937e+07 1.87659e+08 7.49093e+07 1.02582e+08 5.22676e+07 1.46317e+08 1.09796e+08 2.01393e+08 7.53114e+07 5.86143e+07 7.0184e+07 6.03879e+07 1.02222e+08 5.58825e+07 5.43461e+07 5.13079e+07 4.85149e+07 9.41981e+07 7.49331e+07 8.61752e+07 7.58782e+07 5.83275e+07 4.73055e+07 4.41738e+07 7.76097e+07 1.00372e+08 3.40214e+08 8.72592e+07 5.56609e+07 7.6356e+07 6.07716e+07 4.74571e+07 8.81091e+07 1.62718e+08 7.56037e+07 6.27504e+07 2.34844e+08 8.57131e+07 3.81104e+07 5.85431e+07 3.30897e+07 3.17706e+07 3.11779e+07 2.71785e+07 9.77955e+07 2.02027e+08 4.9624e+07 4.41618e+07 5.24248e+07 4.45664e+07 5.50666e+07 4.42136e+07 5.53699e+07 3.98518e+07 1.05011e+08 3.9739e+07 8.08458e+07 3.80509e+07 3.77241e+07 3.65947e+07
threshold=4768.3200000000006 1.0000000180025095e-35 88.500000000000014 11126.180000000002 31.500000000000004 76.500000000000014 13619.525 1.0000000180025095e-35 90.500000000000014 1.5000000000000002 288.50000000000006 13.500000000000002 91.500000000000014 12000.005000000003 7295.2094999999999 285.50000000000006 92.500000000000014 1.0000000180025095e-35 12000.380714285717 287.50000000000006 178.50000000000003 198.50000000000003 142.50000000000003 10339.960000000001 4367.0318496902373 72.500000000000014 34.500000000000007 1.0000000180025095e-35 12000.005000000003 3530.192833333334 4.5000000000000009 219.50000000000003 96.500000000000014 293.50000000000006 295.50000000000006 296.50000000000006 79.500000000000014 266.50000000000006 267.50000000000006 265.50000000000006 31.500000000000004 10000.133666666668 1.0000000180025095e-35 2207.0181666666672 9824.4050000000025 110.50000000000001 3718.1762840000401 100.50000000000001 94.500000000000014 1.0000000180025095e-35 4706.4335714285726 126.50000000000001 6548.3200000000006 35.500000000000007 2023.5000000000002 282.50000000000006 2338.9285519878549 2022.5000000000002 1156.6349250147 104.50000000000001 1088.8915613918846 82.500000000000014
decision_type=2 2 2 2 2 2 2 2 2 2 2 2 2 2 2 2 2 2 2 2 2 2 2 2 2 2 2 2 2 2 2 2 2 2 2 2 2 2 2 2 2 2 2 2 2 2 2 2 2 2 2 2 2 2 2 2 2 2 2 2 2 2
left_child=43 6 3 4 5 -3 25 11 -9 17 -11 13 15 -8 -15 -13 -14 -10 20 -20 22 42 24 -23 -4 26 30 29 -29 -28 32 -32 -2 37 36 -36 -35 39 -39 -27 -21 -42 -22 -1 -24 46 57 48 -48 51 53 52 -47 -51 -55 56 -53 58 -45 -49 -57 -60
right_child=1 2 18 -5 -6 -7 7 8 9 10 -12 12 16 14 -16 -17 -18 -19 19 40 21 23 44 -25 -26 33 27 28 -30 -31 31 -33 -34 34 35 -37 -38 38 -40 -41 41 -43 -44 45 -46 49 47 59 -50 50 -52 55 -54 54 -56 60 -58 -59 61 -61 -62 -63
leaf_value=-3.811299538508385 4.1461676731903605 -23.86120590556752 6.2197794272028064 -136.5689334517055 -30.411884052111134 91.934564801384425 -13.368461700621106 48.558001543940335 -58.701484992070633 33.206984406639549 -37.96717676441844 23.960953975485282 139.664466763451 -9.0003647682883532 120.94260579810953 -14.60389844353994 26.931929601033531 -165.55280191881903 120.38498556385872 51.099528836337008 -97.076112999549281 -5.3805155533414197 85.86283100891113 -57.614467335081933 -47.321432033885614 4.5666042661586657 24.525972221074507 -6.8854607722668266 -153.4874744682312 0.27814900317457897 -3.2129031835606576 5.9546321673840588 15.790371793724558 2.5884281539916998 104.70862954775492 -2.9173194018300195 -75.816378897603357 103.56553427561909 10.55570205634478 -45.78646693869198 -74.906102856445315 22.704225032806399 -26.064223803858603 1.2628661238840264 21.411169642398235 -4.4707224744706293 -28.968901275528808 159.3643729301121 36.262327406746998 0.45660390466143669 -12.710449373164721 -0.026541194588133976 -31.83182311874781 -3.0102057626513434 -12.560425122435211 -0.79748200217287835 9.4802314432399282 -1.6262534452009447 14.300570484334978 76.18633250195046 -6.17037279696972 57.195748235054737
leaf_weight=9435 3447 43 661 35 218 33 20 48 21 67 81 435 20 21 52 119 23 28 22 32 38 863 39 56 43 15046 390 3746 39 7264 4504 4580 1660 52 35 1434 74 70 1550 84 24 39 30 11339 37 3242 71 22 48 7692 1347 31777 194 10730 1767 14294 3196 12195 845 45 4234 52
leaf_count=9435 3447 43 661 35 218 33 20 48 21 67 81 435 20 21 52 119 23 28 22 32 38 863 39 56 43 15046 390 3746 39 7264 4504 4580 1660 52 35 1434 74 70 1550 84 24 39 30 11339 37 3242 71 22 48 7692 1347 31777 194 10730 1767 14294 3196 12195 845 45 4234 52
internal_value=0.00360034 2.48203 -5.53451 -28.7903 -15.5401 26.9594 2.87717 14.5691 -18.5706 -35.0894 -5.73979 26.3459 20.5248 63.0979 83.9452 15.6658 81.3483 -121.849 -1.46027 29.5819 -3.53126 -12.6789 8.04545 -8.6226 2.88702 2.62825 1.28746 -1.777 -8.43617 1.51671 3.7576 1.40936 7.9334 4.50131 -3.73802 -0.283563 -43.6932 5.28607 14.6361 4.28404 7.51876 -15.07 -66.5792 -1.03432 55.1707 -0.780136 0.669341 36.6901 -2.57418 -1.23484 -3.16341 -0.505329 -6.02437 -2.52584 -4.36145 -0.150773 0.842479 0.393614 2.40668 105.441 -2.02556 16.8482
internal_weight=159648 47123 2213 329 294 76 44910 935 245 197 148 690 597 93 73 554 43 49 1884 117 1767 987 780 919 704 43975 25630 11439 3785 7654 14191 9084 5107 18345 1595 1469 126 16750 1620 15130 95 63 68 112525 76 103090 24617 186 119 78473 21536 56937 3436 20189 12497 53501 34973 24431 12236 67 18528 897
internal_count=159648 47123 2213 329 294 76 44910 935 245 197 148 690 597 93 73 554 43 49 1884 117 1767 987 780 919 704 43975 25630 11439 3785 7654 14191 9084 5107 18345 1595 1469 126 16750 1620 15130 95 63 68 112525 76 103090 24617 186 119 78473 21536 56937 3436 20189 12497 53501 34973 24431 12236 67 18528 897
is_linear=0
shrinkage=0.05


Tree=88
num_leaves=63
num_cat=0
split_feature=14 3 3 3 12 13 3 14 3 5 6 11 3 3 5 9 1 3 5 13 3 6 14 13 3 14 3 3 3 13 12 3 3 3 5 3 3 5 3 7 12 9 3 3 3 5 5 3 3 13 4 13 3 12 3 5 14 3 12 6 3 5
split_gain=1.03401e+08 8.96539e+07 1.51817e+08 1.26337e+08 1.61202e+08 1.60492e+08 2.10338e+08 1.36959e+08 1.29542e+08 1.61836e+08 1.22997e+08 1.20781e+08 1.05619e+08 2.21701e+08 1.00608e+08 9.28391e+07 1.00814e+08 1.5654e+08 1.62508e+08 8.5662e+07 7.97716e+07 7.94934e+07 7.8438e+07 6.99028e+07 6.59892e+07 6.40481e+07 7.071e+07 6.26519e+07 1.5492e+08 7.60962e+07 6.17838e+07 5.884e+07 5.06809e+07 4.98438e+07 1.28161e+08 5.80578e+07 4.69627e+07 1.94413e+08 4.65428e+07 4.61396e+07 1.0511e+08 7.28897e+07 7.33218e+07 4.9964e+07 1.77051e+08 1.68988e+08 1.93033e+08 1.48702e+08 1.7304e+08 1.27742e+08 1.26693e+08 1.54042e+08 1.79549e+08 8.06419e+07 4.97615e+07 5.99234e+07 4.47298e+07 4.01041e+07 3.54296e+07 4.13951e+07 3.52638e+07 3.19859e+07
threshold=7133.0841666666684 248.50000000000003 255.50000000000003 144.50000000000003 8689.9228571428594 1260.0563022806916 227.50000000000003 10000.133666666668 140.50000000000003 2022.5000000000002 1.0000000180025095e-35 11126.180000000002 136.50000000000003 128.50000000000003 2022.5000000000002 3.5000000000000004 19.500000000000004 296.50000000000006 2021.5000000000002 5336.2109027648903 221.50000000000003 1.0000000180025095e-35 12197.029 2105.292632452321 318.50000000000006 9137.9141666666692 267.50000000000006 218.50000000000003 184.50000000000003 3118.8938789861763 10341.104285714287 148.50000000000003 253.50000000000003 146.50000000000003 2023.5000000000002 166.50000000000003 258.50000000000006 2022.5000000000002 261.50000000000006 1.0000000180025095e-35 9371.3521428571457 1.0000000180025095e-35 88.500000000000014 215.50000000000003 242.50000000000003 2023.5000000000002 2020.5000000000002 260.50000000000006 263.50000000000006 1726.5262366038748 4.5000000000000009 1657.2877496455205 214.50000000000003 9244.0171428571448 42.500000000000007 2021.5000000000002 9841.6456666666691 229.50000000000003 10592.202142857144 1.0000000180025095e-35 34.500000000000007 2021.5000000000002
decision_type=2 2 2 2 2 2 2 2 2 2 2 2 2 2 2 2 2 2 2 2 2 2 2 2 2 2 2 2 2 2 2 2 2 2 2 2 2 2 2 2 2 2 2 2 2 2 2 2 2 2 2 2 2 2 2 2 2 2 2 2 2 2
left_child=19 3 30 8 5 6 20 33 12 23 11 -7 13 14 -2 24 17 18 -17 39 -5 -15 -19 56 36 26 -18 28 -9 -29 -3 -12 -32 34 -6 -35 37 -4 -38 43 41 -41 -43 50 45 46 -45 49 -49 -46 54 53 -53 -52 60 -56 -10 -47 59 -21 -1 -44
right_child=1 2 15 4 7 10 -8 27 9 -11 31 -13 -14 21 -16 16 25 22 -20 58 -22 -23 -24 -25 -26 -27 -28 29 -30 -31 32 -33 -34 35 -36 -37 38 -39 -40 40 -42 42 61 44 47 57 -48 48 -50 -51 51 52 -54 -55 55 -57 -58 -59 -60 -61 -62 -63
leaf_value=-0.43370829413811096 9.7819962682693085 -26.903679989504845 -57.61881901072033 61.298915718142723 -126.44976704101565 17.931798299805106 172.87641712515696 -38.250682579753466 -40.720820409038616 16.697122308095299 -40.132453729037579 59.252173767573936 23.611540040047217 -12.066960457559208 -0.51378798546092586 58.843927421503139 32.664675734576058 3.7270713016727179 14.907340688473566 52.658089489746104 -10.896224279069065 -42.678205115112739 -44.739878991095573 -90.142192197857483 15.509294153923861 -19.016579465270041 -2.8484227013058301 -78.149921326581179 32.145391406104679 17.632388561793736 24.347083582474013 3.4815186170086094 -38.030128069347811 17.261765074353701 11.993458503274356 4.175701377338723 -32.271825978022356 43.665828094040904 -7.6584629682997125 3.4987889026493644 -66.59573314778946 -27.4182092069086 -0.52138824377065762 -2.2437521598141941 -4.8956330558479042 0.10597111066052599 14.572068211305002 20.099094250334247 -0.047927439361345477 -25.456767415142494 -2.506172335302947 -14.639860903034554 -127.31337785508897 -80.70790339152019 -1.2169568388639984 4.0105184969584915 17.494511030148239 -14.844708513931492 55.687987899981046 -33.826033312889841 -7.0258435721788972 -9.728812503615174
leaf_weight=10510 3966 755 66 118 24 1756 34 205 227 164 86 196 552 852 5904 285 169 1009 801 24 56 282 90 65 340 475 798 84 125 27 117 695 44 1089 50 3816 207 161 2532 2110 67 430 1690 2400 5305 917 5904 1098 35253 880 33196 2050 35 32 8544 15295 38 877 94 30 2513 2134
leaf_count=10510 3966 755 66 118 24 1756 34 205 227 164 86 196 552 852 5904 285 169 1009 801 24 56 282 90 65 340 475 798 84 125 27 117 695 44 1089 50 3816 207 161 2532 2110 67 430 1690 2400 5305 917 5904 1098 35253 880 33196 2050 35 32 8544 15295 38 877 94 30 2513 2134
internal_value=0.00349285 2.74718 -1.7941 4.49352 9.21558 18.6386 60.8812 4.09999 1.21658 -23.8311 15.4025 22.109 2.2893 1.21765 3.62387 0.734629 6.25779 13.0275 26.4812 -0.586658 38.1342 -19.7102 -0.279075 -43.9621 -5.32487 -4.00193 3.38543 -22.5755 -11.5689 -54.9021 -20.9134 -1.36622 7.17034 6.46675 -33.9943 7.08397 -7.71757 14.0939 -9.52972 -0.62967 -4.75941 -4.09803 -7.86603 -0.416842 0.754632 6.70605 9.71232 -0.658353 0.561159 -7.82471 -1.27114 -3.41141 -16.5914 -2.58391 0.779218 2.137 -32.3386 -7.20689 37.3034 4.86982 -1.70621 -5.66083
internal_weight=159648 28260 7849 20411 8361 2941 208 5420 12050 494 2733 1952 11556 11004 9870 6933 3627 2185 1086 131388 174 1134 1099 330 3306 1442 967 441 330 111 916 781 161 4979 74 4905 2966 227 2739 131240 6431 6364 4254 124809 52634 10098 8304 42536 36351 6185 72175 35313 2085 33228 36862 23839 265 1794 148 54 13023 3824
internal_count=159648 28260 7849 20411 8361 2941 208 5420 12050 494 2733 1952 11556 11004 9870 6933 3627 2185 1086 131388 174 1134 1099 330 3306 1442 967 441 330 111 916 781 161 4979 74 4905 2966 227 2739 131240 6431 6364 4254 124809 52634 10098 8304 42536 36351 6185 72175 35313 2085 33228 36862 23839 265 1794 148 54 13023 3824
is_linear=0
shrinkage=0.05


Tree=89
num_leaves=63
num_cat=0
split_feature=10 2 2 2 0 8 13 13 4 12 13 15 14 12 15 4 0 15 0 0 14 15 0 7 9 13 0 9 0 7 13 12 4 0 12 0 4 12 14 0 12 14 4 4 0 14 15 14 4 4 4 10 15 14 7 0 2 9 13 0 12 13
split_gain=1.36537e+08 5.23803e+07 6.63151e+07 1.35086e+08 3.07034e+08 2.44862e+08 2.39905e+08 1.67959e+08 1.41691e+08 1.30024e+08 1.09916e+08 9.18695e+07 9.08695e+07 8.59134e+07 1.186e+08 7.68323e+07 7.37653e+07 1.29936e+08 6.82235e+07 9.58834e+07 8.35122e+07 6.81595e+07 6.50341e+07 6.40189e+07 7.38695e+07 7.1084e+07 6.35054e+07 5.825e+07 5.5258e+07 9.05393e+07 4.9171e+07 4.79115e+07 4.77248e+07 4.52331e+07 5.40924e+07 5.28147e+07 3.79e+07 3.61102e+07 3.41986e+07 3.37761e+07 5.14062e+07 3.27474e+07 1.909e+08 1.1201e+08 8.6539e+07 4.8488e+07 3.13432e+07 6.4854e+07 6.24649e+07 2.91291e+07 2.87595e+07 2.83651e+07 2.5436e+07 2.48345e+07 2.20048e+07 2.79142e+07 2.73797e+07 1.42194e+08 5.06349e+07 4.02468e+07 2.97582e+07 2.19123e+07
threshold=4768.3200000000006 5.5000000000000009 1.5000000000000002 1.0000000180025095e-35 21.500000000000004 1.5000000000000002 2882.6451101576818 3716.3037709628406 3.5000000000000004 13619.525 3716.3037709628406 5574.0365680855239 3446.0603333333338 12000.380714285717 4023.8350823459982 4.5000000000000009 69.500000000000014 1989.184156184567 60.500000000000007 79.500000000000014 7446.1845000000012 2263.2104713340796 22.500000000000004 1.0000000180025095e-35 1.0000000180025095e-35 1657.2877496455205 79.500000000000014 2.5000000000000004 14.500000000000002 1.0000000180025095e-35 690.64207978401464 12000.380714285717 9.5000000000000018 77.500000000000014 15426.107142857145 43.500000000000007 9.5000000000000018 11882.280714285715 4914.2030000000004 70.500000000000014 10341.104285714287 9376.4633333333331 7.5000000000000009 8.5000000000000018 78.500000000000014 8410.2070000000003 2302.9400117846303 6588.1260000000011 6.5000000000000009 6.5000000000000009 6.5000000000000009 1999.2450000000001 2658.0685876587399 3495.091166666667 1.0000000180025095e-35 31.500000000000004 1.0000000180025095e-35 1.0000000180025095e-35 263.77248178066702 83.500000000000014 4224.6857142857143 5336.2109027648903
decision_type=2 2 2 2 2 2 2 2 2 2 2 2 2 2 2 2 2 2 2 2 2 2 2 2 2 2 2 2 2 2 2 2 2 2 2 2 2 2 2 2 2 2 2 2 2 2 2 2 2 2 2 2 2 2 2 2 2 2 2 2 2 2
left_child=51 2 3 4 7 6 27 21 -9 -8 15 18 32 26 -15 23 17 -17 20 -20 -12 -2 -14 25 -25 -4 -6 -5 29 36 41 -18 -7 35 37 53 46 -35 -38 -13 -41 45 44 -44 -43 -30 48 -48 -3 -47 -31 -1 -40 -32 56 -56 57 60 -59 -60 -53 -37
right_child=1 28 10 5 13 12 9 8 -10 -11 11 39 22 14 -16 16 31 -19 19 -21 -22 -23 -24 24 -26 -27 -28 -29 30 50 33 -33 -34 34 -36 61 38 -39 52 40 -42 42 43 -45 -46 49 47 -49 -50 -51 -52 54 -54 -55 55 -57 -58 58 59 -61 -62 -63
leaf_value=-4.0470899633239652 -23.119403346884976 13.30556466206324 5.1933644621552713 -3.9177356584074765 17.498252839441079 9.0300693265129546 -72.550396108125398 -195.3935864788553 -35.25403117411846 4.1676496839523312 -8.0586057934154169 -54.235444923563207 19.92992330604028 146.19136160043567 30.361623882908976 4.4480343340266266 5.3512686646668639 -7.5397444148640238 50.512375802249913 6.4854056649054259 32.684596250057218 1.8303809403338613 0.51418654104453287 12.837491612287918 -19.273828246901196 14.654702241530604 3.4123432950276724 -17.627995146064642 4.4187416757357241 -19.565434533982049 -35.705822896417587 -25.585504127262148 86.207319988104018 0.65240059619798119 -70.578551025390638 -14.051533368310357 97.881141468394901 40.181339471658077 -1.5018136616242241 -45.325196941149869 31.826595869445807 -14.155398298899335 -139.39978386349148 -25.360736816610611 33.08437013587173 13.165993933150867 50.510550120407238 6.6858805178639091 -25.446002021724251 51.897744082139461 -104.55553147088915 -3.78347619603614 61.264853624616357 -0.83048011682923417 1.350872950520549 -6.4140699349705477 -0.92121240260243165 -0.48875072241780959 8.0356487823587894 -9.2726750794979136 -14.005590391550212 -47.376820005529069
leaf_weight=6907 595 307 5894 1795 1970 33 246 22 36 71 274 46 522 25 154 4542 8709 4498 374 185 231 506 2460 292 460 2994 1348 1363 692 20 52 126 51 1559 25 1717 21 59 38 37 49 191 35 55 195 98 117 298 156 97 20 4055 27 1386 1715 3557 85316 3139 6620 353 863 50
leaf_count=6907 595 307 5894 1795 1970 33 246 22 36 71 274 46 522 25 154 4542 8709 4498 374 185 231 506 2460 292 460 2994 1348 1363 692 20 52 126 51 1559 25 1717 21 59 38 37 49 191 35 55 195 98 117 298 156 97 20 4055 27 1386 1715 3557 85316 3139 6620 353 863 50
internal_value=0.00321842 2.26274 2.97153 -0.292231 6.21639 -4.92543 -14.0106 -16.0773 -98.2789 -55.4084 4.24433 19.0769 5.37287 13.6076 47.2613 3.59893 1.65844 -1.51685 23.9579 35.9793 10.6061 -11.6617 3.91846 7.19654 -6.80457 8.38179 11.7783 -9.83882 -1.65766 9.22 -3.41722 4.90722 56.3507 -5.77593 0.969333 -9.23302 12.3033 2.11775 43.7958 -20.1511 -1.50601 4.97046 -5.60146 -70.7538 9.73306 10.6437 9.17226 19.133 0.222169 32.5991 -63.5743 -0.94303 25.1036 -2.11556 -0.74 -3.88833 -0.574555 1.39313 4.78462 7.15823 -5.57971 -15.0208
internal_weight=159648 47123 39908 11197 4656 6541 3475 1159 58 317 28711 1196 3066 3497 179 27515 17875 9040 1064 559 505 1101 2982 9640 752 8888 3318 3158 7215 1004 6211 8835 84 4848 1643 3205 964 1618 86 132 86 1363 476 90 386 887 878 415 463 195 40 112525 65 1438 105618 5272 100346 15030 10112 6973 4918 1767
internal_count=159648 47123 39908 11197 4656 6541 3475 1159 58 317 28711 1196 3066 3497 179 27515 17875 9040 1064 559 505 1101 2982 9640 752 8888 3318 3158 7215 1004 6211 8835 84 4848 1643 3205 964 1618 86 132 86 1363 476 90 386 887 878 415 463 195 40 112525 65 1438 105618 5272 100346 15030 10112 6973 4918 1767
is_linear=0
shrinkage=0.05


Tree=90
num_leaves=63
num_cat=0
split_feature=10 2 11 14 12 2 15 5 11 12 2 2 13 0 15 0 12 15 5 14 8 13 11 0 14 11 7 14 9 2 12 14 15 15 5 0 10 2 14 14 0 8 15 8 13 0 0 14 10 2 8 12 5 15 0 14 5 12 0 10 13 5
split_gain=1.2386e+08 5.20811e+07 5.37248e+07 5.55979e+07 6.54727e+07 5.68381e+07 1.16196e+08 9.44658e+07 5.48881e+07 5.30294e+07 5.20536e+07 1.13227e+08 9.15594e+07 4.97371e+07 4.16815e+07 4.16356e+07 4.02639e+07 4.02562e+07 5.37897e+07 5.28858e+07 6.3124e+07 1.01472e+08 8.85028e+07 3.7854e+07 3.67114e+07 3.31085e+07 3.66424e+07 4.57887e+07 4.31499e+07 4.26277e+07 9.75175e+07 8.39351e+07 6.18648e+07 5.95465e+07 3.96395e+07 3.87795e+07 3.413e+07 5.74055e+07 5.52872e+07 6.27657e+07 5.05066e+07 4.6329e+07 3.55745e+07 3.27951e+07 3.26128e+07 4.64723e+07 5.32146e+07 3.4295e+07 3.10909e+07 2.84022e+07 2.8215e+07 2.73702e+07 2.70923e+07 2.62623e+07 2.38252e+07 2.36238e+07 2.12911e+07 1.95118e+07 1.60125e+07 1.50347e+07 1.4837e+07 3.08798e+07
threshold=6000.1450000000013 5.5000000000000009 2940.3900000000008 4438.2008333333342 4297.6064285714292 4.5000000000000009 2223.5988933380745 2023.5000000000002 3300.5750000000003 4457.8657142857146 1.5000000000000002 1.0000000180025095e-35 3716.3037709628406 30.500000000000004 1734.7703848159997 11.500000000000002 10592.202142857144 949.48778439468003 2023.5000000000002 3495.091166666667 1.5000000000000002 1.0000000180025095e-35 4162.1250000000009 7.5000000000000009 11626.133833333335 10000.005000000003 1.0000000180025095e-35 8489.3610000000026 1.0000000180025095e-35 3.5000000000000004 8928.5392857142888 6370.3446666666669 604.43680888879942 3055.8605597821247 2023.5000000000002 72.500000000000014 3919.2050000000004 1.5000000000000002 6160.3463333333348 10182.287500000002 56.500000000000007 1.5000000000000002 3369.8929387825142 1.5000000000000002 5336.2109027648903 82.500000000000014 74.500000000000014 9376.4633333333331 5135.2650000000003 3.5000000000000004 2.5000000000000004 6929.4142857142861 2023.5000000000002 1854.17784421179 67.500000000000014 3249.0331666666671 2022.5000000000002 9066.6392857142873 15.500000000000002 3139.1750000000006 1.0000000180025095e-35 2023.5000000000002
decision_type=2 2 2 2 2 2 2 2 2 2 2 2 2 2 2 2 2 2 2 2 2 2 2 2 2 2 2 2 2 2 2 2 2 2 2 2 2 2 2 2 2 2 2 2 2 2 2 2 2 2 2 2 2 2 2 2 2 2 2 2 2 2
left_child=16 2 53 4 8 7 -7 -6 13 14 11 -11 -12 -4 -5 -16 25 58 19 -19 22 -22 -21 51 44 26 29 28 52 30 32 -32 -1 34 -31 -29 40 38 -38 -40 -27 59 56 -44 45 46 47 -18 -35 -30 57 -20 -28 55 -43 -2 -39 -25 -3 -42 61 -60
right_child=1 17 3 9 5 6 -8 -9 -10 10 12 -13 -14 -15 15 -17 24 18 23 20 21 -23 -24 50 -26 36 27 35 49 33 31 -33 -34 48 -36 -37 37 42 39 -41 41 54 43 -45 -46 -47 -48 -49 -50 -51 -52 -53 -54 -55 -56 -57 -58 -59 60 -61 -62 -63
leaf_value=-1.2180632218274152 -53.610939240228561 36.792130202681335 56.126975791567851 29.173969232014247 18.549235200618821 2.3657574027982253 -84.764409981661061 -30.509431653334719 68.852335142222316 7.603999089075784 3.8320751291042869 -5.3788774823394654 19.05922497106442 -49.239162584940601 24.697658413973723 -51.547405035404054 14.429081225008581 -52.521016201097147 -36.78953082540761 -27.490280298703983 37.610395553249781 1.9472523036641516 -1.1490072720976847 -26.507952903893301 -23.422767308823609 -7.3983065077501866 -0.52269748425934615 0.69660292307535809 -10.204203038534569 -0.58057955433820119 82.894264399690442 15.689714467605988 1.7863154440317168 -8.8885362449590524 -4.255852226822241 -49.433661130082378 41.374188594818122 -16.970144672908845 -49.086276581693426 12.529061080334234 29.70141461911409 -22.44982514253477 46.410559486422628 -4.0014395868937171 2.0295296375274661 -23.429942289499138 117.87927686055502 71.842968869092985 -33.194446459276925 -1.7811705648504337 -62.497934133168819 24.604237106147856 14.21659901670288 -63.914930993056885 35.640737457275399 12.53782442795603 7.142902407904467 -8.6368010392082724 -36.183708038330082 84.745813903247608 17.772598334796122 10.744621408315806
leaf_weight=36769 20 58 20 27 1195 347 42 106 87 2740 17591 4335 1045 23 21 103 73 48 22 404 224 1758 1500 300 46 333 1570 62 2351 38898 52 384 32086 1444 9041 101 23 389 228 50 22 40 56 74 99 25 23 40 144 1743 36 86 388 40 30 37 119 313 47 33 208 129
leaf_count=36769 20 58 20 27 1195 347 42 106 87 2740 17591 4335 1045 23 21 103 73 48 22 404 224 1758 1500 300 46 333 1570 62 2351 38898 52 384 32086 1444 9041 101 23 389 228 50 22 40 56 74 99 25 23 40 144 1743 36 86 388 40 30 37 119 313 47 33 208 129
internal_value=0.00300121 2.73587 3.59085 3.72155 12.1662 9.52028 -7.23482 14.5318 46.2285 3.12682 3.30078 -0.350515 4.6869 -0.0697366 -26.3204 -38.5406 -0.706713 -1.8909 -3.25087 -0.900685 -0.24972 5.99474 -6.74973 -15.4471 17.3789 -0.750623 -0.66506 -4.40732 -3.70024 -0.469279 0.331398 23.8763 0.181964 -1.58945 -1.27379 -30.4777 -8.40259 -13.8561 -31.8172 -37.9992 2.78404 29.7533 -5.34571 17.903 24.6598 38.4768 49.9447 35.2046 -11.1121 -6.61945 -20.0051 11.8753 2.40383 -33.3664 2.59739 -11.1963 -11.3187 -17.4118 12.5174 63.6517 8.76482 -1.92097
internal_weight=159648 32912 27779 27682 1820 1690 389 1301 130 25862 25711 7075 18636 43 151 124 126736 5133 4691 3934 3886 1982 1904 757 306 126430 125033 6215 6052 118818 69291 436 68855 49527 47939 163 1397 939 301 278 458 125 638 130 260 161 136 113 1588 4094 649 108 1958 97 70 57 508 613 442 55 384 176
internal_count=159648 32912 27779 27682 1820 1690 389 1301 130 25862 25711 7075 18636 43 151 124 126736 5133 4691 3934 3886 1982 1904 757 306 126430 125033 6215 6052 118818 69291 436 68855 49527 47939 163 1397 939 301 278 458 125 638 130 260 161 136 113 1588 4094 649 108 1958 97 70 57 508 613 442 55 384 176
is_linear=0
shrinkage=0.05


Tree=91
num_leaves=63
num_cat=0
split_feature=10 1 2 12 2 2 1 13 2 3 13 3 1 11 13 3 1 3 11 12 7 13 3 3 15 13 13 2 15 11 1 3 1 15 11 3 1 3 3 15 3 10 13 11 2 13 10 13 7 12 3 2 2 11 10 2 2 3 3 3 11 3
split_gain=1.13489e+08 5.02484e+07 1.08732e+08 1.07883e+08 1.33847e+08 8.7459e+07 1.74944e+08 2.18513e+08 1.23676e+08 2.53249e+08 1.91154e+08 1.84987e+08 1.16666e+08 9.76501e+07 9.43411e+07 8.94232e+07 8.87035e+07 1.01956e+08 8.86839e+07 9.06742e+07 8.79464e+07 8.63442e+07 7.63143e+07 1.2522e+08 8.13114e+07 6.53693e+07 6.17416e+07 6.16155e+07 5.82779e+07 6.04857e+07 5.60376e+07 5.54569e+07 5.11155e+07 5.0814e+07 4.76977e+07 6.53176e+07 4.18516e+07 4.01501e+07 3.63739e+07 6.97016e+07 6.00028e+07 4.90042e+07 3.74955e+07 3.67165e+07 3.56026e+07 3.31754e+07 2.9431e+07 2.89147e+07 2.66168e+07 3.4948e+07 5.52801e+07 7.11884e+07 4.70329e+07 3.41586e+07 4.23188e+07 3.25158e+07 3.56208e+07 2.9836e+07 4.38461e+07 3.29323e+07 2.64266e+07 4.06032e+07
threshold=4905.0250000000005 1.5000000000000002 1.0000000180025095e-35 13619.525 4.5000000000000009 1.0000000180025095e-35 5.5000000000000009 4154.2107688728292 1.5000000000000002 164.50000000000003 2882.6451101576818 170.50000000000003 6.5000000000000009 4000.9050000000002 1141.8424241416831 234.50000000000003 19.500000000000004 84.500000000000014 3979.1250000000005 4297.6064285714292 1.0000000180025095e-35 1235.2873230198154 180.50000000000003 184.50000000000003 2158.8278655174654 808.92767883669615 2760.7646982802116 2.5000000000000004 2282.8621987736719 11999.985000000002 5.5000000000000009 210.50000000000003 4.5000000000000009 2525.1324337985984 9999.9950000000008 80.500000000000014 18.500000000000004 283.50000000000006 176.50000000000003 1655.0594487498508 90.500000000000014 8195.4400000000023 1211.300696343272 7680.0700000000006 1.5000000000000002 2760.7646982802116 7500.5650000000014 2485.3897433478073 1.0000000180025095e-35 8575.8050000000021 290.50000000000006 1.5000000000000002 1.0000000180025095e-35 12000.005000000003 3850.2550000000006 3.5000000000000004 4.5000000000000009 178.50000000000003 126.50000000000001 310.50000000000006 9999.9950000000008 172.50000000000003
decision_type=2 2 2 2 2 2 2 2 2 2 2 2 2 2 2 2 2 2 2 2 2 2 2 2 2 2 2 2 2 2 2 2 2 2 2 2 2 2 2 2 2 2 2 2 2 2 2 2 2 2 2 2 2 2 2 2 2 2 2 2 2 2
left_child=48 2 38 22 27 6 7 28 9 10 14 36 -12 33 -7 -13 21 -18 25 31 -21 -15 34 24 -24 30 -25 -5 29 -3 -10 -20 -27 37 35 -4 -11 -8 40 -40 46 -42 -41 -43 -36 -30 -2 -44 49 60 52 -52 53 54 -51 57 -57 58 -50 -59 -1 -62
right_child=1 5 3 4 -6 8 13 -9 18 11 12 15 -14 16 -16 -17 17 -19 19 20 -22 -23 23 26 -26 32 -28 -29 45 -31 -32 -33 -34 -35 44 -37 -38 -39 39 42 41 43 47 -45 -46 -47 -48 -49 55 50 51 -53 -54 -55 -56 56 -58 59 -60 -61 61 -63
leaf_value=-0.62878514053488022 -19.502719873217654 -14.103696028173278 -0.45676720226133194 51.574895388695509 -18.199109737171849 -1.8759063793198345 50.206108166897884 -139.78527070016571 29.866086770850831 89.537397262470151 24.440253975868231 15.543839856458707 -68.217685844957344 4.8109365522499568 -20.597588885614272 -3.8669691171164007 -38.197079674313947 6.587466213964122 8.4180296945199373 3.3639011356961825 -10.338642021980025 27.759137949845321 -13.826020584106445 7.5723693579020379 -140.71118409423829 -24.656938696747545 -21.646028148596884 153.18124136260062 20.129310452734405 -91.60774780273438 0.48971455614923853 42.281006235702215 -5.7847673751621738 115.17287904005785 -15.051644680467147 30.43313531871836 25.229440780267485 -19.857327259826661 -96.723025403022774 22.182600961238784 43.816260405646432 -36.5748201013784 -47.720242895919284 11.006519780434854 11.800844429431201 -30.345762192163718 -90.515670615486485 -5.0260081202363311 -7.9147036877765835 74.551677886699807 -53.759231236775719 31.563303950383116 0.69564213021048182 -17.558078367637865 25.948227677872548 7.7001239038363911 -4.6950215456619215 -14.511881296713765 10.41862648824892 2.8444029621187465 -16.48070606919941 -0.87883473243047627
leaf_weight=106039 42 385 221 30 33 1253 121 32 201 73 39 862 241 666 1453 1898 142 1141 255 25674 1226 1067 26 1263 24 412 210 32 198 26 827 230 2744 25 144 757 40 24 31 46 71 60 88 120 833 38 22 72 1012 57 65 38 231 32 207 970 1437 1559 480 331 670 1102
leaf_count=106039 42 385 221 30 33 1253 121 32 201 73 39 862 241 666 1453 1898 142 1141 255 25674 1226 1067 26 1263 24 412 210 32 198 26 827 230 2744 25 144 757 40 24 31 46 71 60 88 120 833 38 22 72 1012 57 65 38 231 32 207 970 1437 1559 480 331 670 1102
internal_value=0.00288362 2.11704 7.3783 10.5692 62.8649 1.59129 8.75102 -14.2766 0.851727 -5.81932 -16.0135 4.77771 -55.2707 13.6616 -11.9325 2.19882 11.5732 1.60491 2.08998 3.12585 2.73903 18.9479 9.12314 0.730358 -76.2958 -4.68914 3.39495 105.616 -7.86295 -19.2171 6.25699 24.5307 -8.25547 50.4281 15.6576 23.4596 67.1946 38.5528 -13.2578 -28.0108 -2.10437 8.95038 -17.2532 -4.96834 7.83171 11.9082 -44.9305 -28.6584 -0.837717 -0.661351 11.0714 -22.2801 17.6197 30.7805 36.6839 -4.14077 0.301235 -7.30134 -2.01355 -11.4723 -0.730014 -6.78393
internal_weight=159648 45418 4125 3573 95 41293 3865 679 37428 5859 2986 2873 280 3186 2706 2760 3016 1283 31569 27385 26900 1733 3478 1523 50 4184 1473 62 647 411 1028 485 3156 170 1955 978 113 145 552 237 315 251 206 180 977 236 64 160 114230 108441 630 103 527 296 264 5789 2407 3382 1492 1890 107811 1772
internal_count=159648 45418 4125 3573 95 41293 3865 679 37428 5859 2986 2873 280 3186 2706 2760 3016 1283 31569 27385 26900 1733 3478 1523 50 4184 1473 62 647 411 1028 485 3156 170 1955 978 113 145 552 237 315 251 206 180 977 236 64 160 114230 108441 630 103 527 296 264 5789 2407 3382 1492 1890 107811 1772
is_linear=0
shrinkage=0.05


Tree=92
num_leaves=63
num_cat=0
split_feature=10 14 3 3 3 3 14 9 7 15 3 3 4 5 3 3 3 5 10 3 12 1 12 9 7 9 3 3 3 2 5 3 3 12 3 3 15 3 3 3 2 14 10 8 10 5 10 12 9 2 3 12 14 12 12 12 1 2 12 10 10 5
split_gain=1.05658e+08 4.77665e+07 4.58804e+07 6.5708e+07 7.37725e+08 1.83217e+08 1.07816e+08 1.0749e+08 9.8046e+07 9.74345e+07 8.6328e+07 9.65205e+07 9.07113e+07 8.35703e+07 7.78754e+07 3.6932e+08 5.67669e+07 5.17398e+07 4.80507e+07 4.78783e+07 3.29708e+07 3.57545e+07 5.57424e+07 4.73308e+07 3.3094e+07 4.16712e+07 4.25554e+07 6.20381e+07 3.9972e+07 3.77199e+07 7.94169e+07 4.98447e+07 1.04836e+08 1.15583e+08 7.08389e+07 9.4094e+07 9.33947e+07 4.66724e+07 8.17428e+07 6.98176e+07 4.09422e+07 3.21004e+07 3.10863e+07 1.02396e+08 2.9194e+07 2.85414e+07 4.45427e+07 2.49968e+07 2.19417e+07 2.03424e+07 1.60855e+07 1.60614e+07 1.54079e+07 1.23618e+07 1.18558e+07 1.18433e+07 1.16635e+07 1.01385e+07 9.40479e+06 8.13744e+06 1.13958e+07 4.87057e+06
threshold=7200.1650000000009 3292.9868333333338 10.500000000000002 80.500000000000014 84.500000000000014 76.500000000000014 4105.6575000000003 3.5000000000000004 1.0000000180025095e-35 2525.1324337985984 96.500000000000014 122.50000000000001 3.5000000000000004 2022.5000000000002 60.500000000000007 62.500000000000007 4.5000000000000009 2023.5000000000002 10000.005000000003 42.500000000000007 13619.525 6.5000000000000009 15426.107142857145 3.5000000000000004 1.0000000180025095e-35 1.0000000180025095e-35 88.500000000000014 178.50000000000003 322.50000000000006 3.5000000000000004 2021.5000000000002 98.500000000000014 94.500000000000014 4776.0807142857147 217.50000000000003 246.50000000000003 3258.0889975871173 66.500000000000014 60.500000000000007 246.50000000000003 4.5000000000000009 7047.5420000000013 4619.9050000000007 2.5000000000000004 11999.985000000002 2023.5000000000002 5000.1950000000006 4635.6978571428581 1.0000000180025095e-35 5.5000000000000009 66.500000000000014 9371.3521428571457 6029.6793333333344 5589.8114285714291 7553.9692857142873 9468.2635714285734 8.5000000000000018 3.5000000000000004 9672.4771428571457 7999.3850000000011 8195.4400000000023 2023.5000000000002
decision_type=2 2 2 2 2 2 2 2 2 2 2 2 2 2 2 2 2 2 2 2 2 2 2 2 2 2 2 2 2 2 2 2 2 2 2 2 2 2 2 2 2 2 2 2 2 2 2 2 2 2 2 2 2 2 2 2 2 2 2 2 2 2
left_child=20 -2 16 5 6 14 -5 8 -7 -9 12 -12 -6 -8 19 -16 18 44 59 -4 24 -22 23 -23 29 45 50 41 -29 30 42 32 40 -34 36 -36 -33 38 -32 -39 -31 -28 48 -44 54 52 47 -47 -1 51 56 -19 57 -48 -18 -54 -27 -26 -46 -3 -61 -52
right_child=1 2 3 4 10 7 13 9 -10 -11 11 -13 -14 -15 15 -17 17 49 -20 -21 21 22 -24 -25 25 26 27 28 -30 31 37 34 33 -35 35 -37 -38 39 -40 -41 -42 -43 43 -45 58 46 53 -49 -50 -51 61 -53 55 -55 -56 -57 -58 -59 -60 60 -62 -63
leaf_value=-3.028544531241586 -63.560042215983074 31.083735719878099 -2.1285100257617238 165.84038606643676 -1.4728523901991959 -52.039826006455854 77.176024400150922 -55.748654473487363 41.670662219815142 -182.04528040568033 11.015692323882199 1.7363773481436551 -34.771225189613979 -9.2401564395427709 -89.427715446096272 0.37204633957335465 39.447607716183335 -35.529822455814916 -52.939704883854567 10.108249304742525 73.504466829935708 -11.421288896288191 -56.6570094365659 80.201198509479397 -2.8558406468324411 12.68073373226019 0.97645144458993327 -12.366354131599449 4.8539231607392814 -3.7368067488951358 -0.091016698202770766 -3.9219508360846533 9.8999846526919093 73.854883345794676 6.5066341211180232 -1.917885839256587 -24.873656116836049 4.3983477307548515 -17.948598611961959 -0.29453800810353381 2.5079773004985846 28.308296500067424 -12.397077331220828 16.468004128292044 5.0786452934069519 13.325935729180353 34.379257938015847 -21.383956860698881 -0.16211872664352822 42.018634551077184 -26.10765656270652 6.4937674153540748 -15.259474516176709 85.836043076948698 75.374849623460037 17.545745761009954 -17.276892587711561 5.4266005858796404 34.490342646126798 -29.549765281677249 7.7054942233125931 -43.236540320763226
leaf_weight=10123 26 28 2026 31 634 87 268 46 40 23 3379 16402 301 31 136 697 42 27 40 1319 29 27 22 28 804 38 1314 2211 397 3812 7701 18149 242 99 4077 17701 547 20584 698 12887 8421 116 1766 371 38 294 30 62 19604 32 144 120 254 21 64 30 200 682 98 23 141 64
leaf_count=10123 26 28 2026 31 634 87 268 46 40 23 3379 16402 301 31 136 697 42 27 40 1319 29 27 22 28 804 38 1314 2211 397 3812 7701 18149 242 99 4077 17701 547 20584 698 12887 8421 116 1766 371 38 294 30 62 19604 32 144 120 254 21 64 30 200 682 98 23 141 64
internal_value=0.0026948 2.91234 2.98106 2.64452 3.8034 -2.93115 77.8597 -50.0522 -22.4297 -99.8468 2.62001 3.32195 -12.2181 68.2155 -0.709142 -14.3788 16.0576 26.9805 -3.79446 2.69826 -0.565943 27.1781 9.01176 35.822 -0.588185 -4.02315 -6.77826 -5.15632 -9.74416 -0.407685 0.323836 -1.42445 1.32524 28.6292 -2.2787 -0.340528 -4.53625 1.75532 -1.57703 2.59154 0.561855 3.21182 -1.55716 -7.38051 42.0092 1.65211 13.5738 7.23797 -1.1383 6.54181 -21.4186 -1.41273 -1.09533 56.8107 61.6413 -11.7447 -12.4607 0.946477 26.3695 6.66536 2.33322 -31.5598
internal_weight=159648 26099 26073 25420 21046 4374 330 196 127 69 20716 19781 935 299 4178 833 653 421 232 3345 133549 106 77 55 133443 6661 4484 4038 2608 126782 73734 53048 12574 341 40474 21778 18696 41870 8399 33471 12233 1430 31864 2137 242 2177 407 356 29727 179 446 147 1770 51 106 284 238 1486 136 192 164 208
internal_count=159648 26099 26073 25420 21046 4374 330 196 127 69 20716 19781 935 299 4178 833 653 421 232 3345 133549 106 77 55 133443 6661 4484 4038 2608 126782 73734 53048 12574 341 40474 21778 18696 41870 8399 33471 12233 1430 31864 2137 242 2177 407 356 29727 179 446 147 1770 51 106 284 238 1486 136 192 164 208
is_linear=0
shrinkage=0.05


Tree=93
num_leaves=63
num_cat=0
split_feature=10 14 3 3 3 3 14 9 15 3 3 3 5 13 3 3 3 3 5 10 12 3 10 12 1 12 9 10 2 1 3 3 13 2 9 12 2 15 14 12 3 3 3 2 1 10 13 15 12 1 2 3 12 5 10 10 13 8 14 2 3 3
split_gain=9.5346e+07 4.327e+07 4.18315e+07 6.6169e+07 6.66456e+08 1.62652e+08 9.78339e+07 9.74489e+07 8.84104e+07 7.79318e+07 9.00784e+07 8.52362e+07 7.54757e+07 7.1574e+07 6.67589e+07 3.33567e+08 4.91149e+07 3.97207e+07 6.5023e+07 4.34684e+07 3.79236e+07 4.35151e+07 3.18289e+07 2.91807e+07 3.23896e+07 5.05192e+07 4.2872e+07 2.50123e+07 2.35288e+07 5.46118e+07 7.14916e+07 8.83758e+07 2.8841e+07 2.59588e+07 1.63825e+08 5.62047e+07 2.27726e+07 2.20941e+07 2.12297e+07 1.8393e+07 1.61109e+07 3.33015e+07 2.71099e+07 1.46903e+07 2.59362e+07 1.31611e+07 1.25307e+07 1.69666e+07 9.7304e+06 9.34203e+06 9.12949e+06 8.14202e+06 7.75157e+06 2.205e+07 7.37651e+06 1.03221e+07 6.88245e+06 7.85633e+06 6.15892e+06 8.83478e+06 5.18069e+06 6.31495e+06
threshold=7200.1650000000009 3292.9868333333338 12.500000000000002 80.500000000000014 84.500000000000014 76.500000000000014 4105.6575000000003 3.5000000000000004 2525.1324337985984 96.500000000000014 102.50000000000001 86.500000000000014 2022.5000000000002 2528.2985916037264 60.500000000000007 62.500000000000007 42.500000000000007 4.5000000000000009 2023.5000000000002 10000.005000000003 9672.4771428571457 8.5000000000000018 2299.1050000000005 13619.525 6.5000000000000009 15426.107142857145 3.5000000000000004 11999.985000000002 5.5000000000000009 7.5000000000000009 260.50000000000006 156.50000000000003 270.66569955797394 1.0000000180025095e-35 1.5000000000000002 7435.7485714285713 5.5000000000000009 2242.9259702251707 5958.8993333333347 1616.0550000000003 184.50000000000003 148.50000000000003 194.50000000000003 1.5000000000000002 5.5000000000000009 1599.8600000000004 2617.0922850036491 900.30465970799014 2672.2985714285719 7.5000000000000009 1.0000000180025095e-35 236.50000000000003 3488.9064285714289 2022.5000000000002 7999.3850000000011 8195.4400000000023 1285.5018498176939 2.5000000000000004 4200.278666666668 1.5000000000000002 304.50000000000006 240.50000000000003
decision_type=2 2 2 2 2 2 2 2 2 2 2 2 2 2 2 2 2 2 2 2 2 2 2 2 2 2 2 2 2 2 2 2 2 2 2 2 2 2 2 2 2 2 2 2 2 2 2 2 2 2 2 2 2 2 2 2 2 2 2 2 2 2
left_child=22 -2 17 5 6 14 -5 13 -9 11 -11 -6 -8 -7 16 -16 -4 19 27 54 21 -20 39 28 -25 26 -26 38 32 40 31 -31 58 34 -34 -35 -22 -32 -19 51 41 -30 -42 44 48 56 47 -46 50 -29 -41 -1 -47 -54 -3 -56 57 -45 -24 -60 61 -53
right_child=1 2 3 4 9 7 12 8 -10 10 -12 -13 -14 -15 15 -17 -18 18 20 -21 36 -23 23 24 25 -27 -28 49 29 30 37 -33 33 35 -36 -37 -38 -39 -40 43 42 -43 -44 45 46 52 -48 -49 -50 -51 -52 60 53 -55 55 -57 -58 -59 59 -61 -62 -63
leaf_value=-4.5408913198818688 -60.499743126763235 29.583141521585404 -3.0135929446019523 157.80749250411986 16.299750908905605 -43.010622187654178 73.331567943034131 -53.02052919753055 -173.32227728843691 21.052355553468306 2.5196390307596785 -19.754113091001841 -8.7925861938763408 42.455886179606125 -84.98896752740346 0.35347075854468141 9.6032196105492282 26.622598398447039 3.7198634285762395 -50.357280292045786 3.8684683410525325 -88.971230727485988 -1.0876807835158233 69.951751248677581 -10.870619621276855 -53.947326673424769 76.329416081658721 -2.65313475578062 1.8268746775901037 -2.3320651578307348 4.0209110294557018 -13.31429455575484 -3.4721727080104006 0.53020006114563234 8.5520235905606707 -6.452799307116817 56.151134567260755 -6.2961326953146681 66.376175785289092 -7.6224322683101393 -18.71042899951885 15.288543942717451 0.7870421443553538 -6.1883074399775602 0.88384257809267097 -3.0013110737856588 -25.247650753202894 9.9076633028925443 -16.386506485346509 27.308452471875132 -0.70745339222672632 -33.2285895459652 -7.9641045306126275 47.340241968878388 -28.133838841120401 7.3229328731080194 -37.208426272652368 -18.650146434389054 -9.7871326631081548 -1.6950613189431782 -39.438055234162711 -11.813511608660004
leaf_weight=261 26 28 1855 31 211 95 268 46 23 678 19103 724 31 32 136 697 1319 59 28 40 159 22 29155 29 27 22 28 30 1995 4588 2707 3049 5449 54637 5898 3041 23 641 84 878 190 596 2677 614 3568 9514 41 609 168 187 1045 39 47 28 23 141 21 159 500 1034 22 272
leaf_count=261 26 28 1855 31 211 95 268 46 23 678 19103 724 31 32 136 697 1319 59 28 40 159 22 29155 29 27 22 28 30 1995 4588 2707 3049 5449 54637 5898 3041 23 641 84 878 190 596 2677 614 3568 9514 41 609 168 187 1045 39 47 28 23 141 21 159 500 1034 22 272
internal_value=0.00260294 2.76661 2.83201 2.46989 3.61373 -3.25724 74.002 -47.6126 -95.0244 2.48895 3.15589 -11.6092 64.8161 -21.3123 -1.07628 -13.6652 2.23087 13.9117 20.7744 -3.61411 0.120708 -38.009 -0.537573 -0.239926 25.8592 8.56894 34.0923 34.0473 -0.263965 -2.01631 -4.04733 -6.71779 0.0250165 0.592019 2.77803 0.161925 10.7464 2.04434 50.2732 -2.53937 2.07139 4.92813 -0.511153 -2.2313 -0.328325 -3.38745 1.92882 2.20156 -4.88023 23.1731 -3.86701 -11.1782 -2.87454 13.034 6.33448 2.20994 -9.57035 -8.7724 -1.25025 -4.33729 -16.3513 -14.5969
internal_weight=159648 26099 26073 25249 21046 4203 330 196 69 20716 19781 935 299 127 4007 833 3174 824 592 232 232 50 133549 116263 106 77 55 360 116157 16443 10985 7637 99714 69025 11347 57678 182 3348 143 17286 5458 2591 2867 16692 6309 10383 4218 4177 2091 217 1923 594 9589 75 192 164 794 773 30689 1534 333 311
internal_count=159648 26099 26073 25249 21046 4203 330 196 69 20716 19781 935 299 127 4007 833 3174 824 592 232 232 50 133549 116263 106 77 55 360 116157 16443 10985 7637 99714 69025 11347 57678 182 3348 143 17286 5458 2591 2867 16692 6309 10383 4218 4177 2091 217 1923 594 9589 75 192 164 794 773 30689 1534 333 311
is_linear=0
shrinkage=0.05


Tree=94
num_leaves=63
num_cat=0
split_feature=10 1 2 12 2 2 1 13 2 8 13 12 13 12 15 11 12 13 5 11 1 1 10 1 2 1 11 11 15 14 13 9 4 12 14 12 15 10 13 1 2 1 14 12 14 13 15 11 13 4 15 12 11 13 15 1 15 13 12 2 10 4
split_gain=8.84654e+07 3.99403e+07 1.08877e+08 9.83916e+07 1.21909e+08 7.12886e+07 1.55431e+08 1.56428e+08 1.24518e+08 1.90351e+08 1.98902e+08 1.12423e+08 7.44481e+07 7.27024e+07 1.11752e+08 7.0018e+07 7.50329e+07 6.81325e+07 7.06132e+07 6.62607e+07 1.0036e+08 7.30889e+07 6.49488e+07 6.4558e+07 5.83405e+07 5.47424e+07 5.22698e+07 4.967e+07 4.84872e+07 6.93174e+07 4.53045e+07 4.47411e+07 4.19547e+07 5.20811e+07 7.11208e+07 4.03266e+07 7.44252e+07 3.69265e+07 3.34947e+07 2.63736e+07 5.51496e+07 7.39823e+07 5.51952e+07 5.11031e+07 7.72522e+07 4.58654e+07 3.27262e+07 3.18074e+07 3.40358e+07 2.78504e+07 6.63225e+07 6.00416e+07 3.42651e+07 2.77131e+07 5.43254e+07 4.51423e+07 3.11279e+07 2.99999e+07 3.89898e+07 2.62338e+07 2.48471e+07 2.44305e+07
threshold=4688.4050000000016 1.5000000000000002 1.0000000180025095e-35 13619.525 4.5000000000000009 1.0000000180025095e-35 4.5000000000000009 4154.2107688728292 1.5000000000000002 1.5000000000000002 2882.6451101576818 13619.525 2040.9999757364656 12000.380714285717 4023.8350823459982 3979.1250000000005 4297.6064285714292 808.92767883669615 2023.5000000000002 4110.4050000000007 18.500000000000004 19.500000000000004 10000.005000000003 17.500000000000004 2.5000000000000004 5.5000000000000009 17561.605000000003 5060.8600000000015 2263.2104713340796 6588.1260000000011 614.25394866811268 1.0000000180025095e-35 6.5000000000000009 5246.8642857142868 4129.550666666667 8137.4192857142862 2442.5002199309442 14498.490000000002 1617.1973376812509 14.500000000000002 1.0000000180025095e-35 19.500000000000004 10182.287500000002 7029.2021428571434 6029.6793333333344 2305.6550727788604 4172.7825912611497 12000.005000000003 682.08872422871275 9.5000000000000018 4023.8350823459982 5154.1007142857152 9789.3250000000025 1617.1973376812509 3718.1762840000401 1.0000000180025095e-35 2794.1647277555421 3240.2100545687676 5105.994285714286 5.5000000000000009 2239.1600000000003 3.5000000000000004
decision_type=2 2 2 2 2 2 2 2 2 2 2 2 2 2 2 2 2 2 2 2 2 2 2 2 2 2 2 2 2 2 2 2 2 2 2 2 2 2 2 2 2 2 2 2 2 2 2 2 2 2 2 2 2 2 2 2 2 2 2 2 2 2
left_child=39 2 61 32 24 6 7 28 9 10 30 -12 22 19 -15 17 31 25 -19 20 -8 -21 -11 -18 -5 -10 -16 -14 29 -3 -7 -17 35 59 -35 36 -4 -37 -30 53 41 42 47 -42 -45 -46 -44 48 -41 50 52 -51 -43 60 55 56 -55 58 -56 -34 -1 -2
right_child=1 5 3 4 -6 8 13 -9 15 12 11 -13 27 14 26 16 23 18 -20 21 -22 -23 -24 -25 -26 -27 -28 -29 38 -31 -32 -33 33 34 -36 37 -38 -39 -40 40 43 49 46 44 45 -47 -48 -49 -50 51 -52 -53 -54 54 57 -57 -58 -59 -60 -61 -62 -63
leaf_value=-3.0637336083228845 -41.62104908894802 -17.425487702533761 11.648586326589729 47.855112257926699 -17.831641854819129 0.94455084033575365 14.16426307851976 -140.45234199218748 24.953669835383817 7.0493031047608312 -70.108404196342548 4.8859187539907607 -25.16734249156605 137.80844980093147 39.440626833966668 43.002828161366779 -0.05540096786927802 -4.5246034266492909 -24.537558828305105 13.645361551309307 80.025387550830843 -1.6656640533058593 42.749853379622749 4.7493818494398869 146.56930455063329 0.56537867793970586 -32.940997988793164 -0.53799662434010587 31.24933925763299 -107.88844493036686 -13.542400093644567 12.330629486487698 24.01219061406702 -94.3356218029204 -1.4917227840874205 5.7515183615623533 44.153512221566174 67.179368847656264 -11.761622623266634 4.9298518423564621 -0.78826930834091824 -1.8806345910646514 109.52957318260556 109.7015659644387 70.182803668360563 5.9485668481097509 24.356197085910374 -46.747919798630939 14.814733288278086 -5.905025085428619 85.825958198879093 -57.241374494491083 25.306591044115645 3.4922525686291372 1.8382625615394723 -10.358347522942079 50.878073969131862 1.5782263245471688 57.306437872750422 -9.4734070378210813 -0.66116631461938524 -9.897883001784983
leaf_weight=13048 68 278 594 30 33 702 211 24 282 1670 225 64 274 25 130 149 13602 2808 522 1910 79 1316 137 14383 32 1231 30 801 84 22 2331 581 319 20 1163 1172 250 24 96 2241 27304 1444 20 21 30 271 26 25 1425 705 22 61 125 313 58 2541 38 214 69 71 61388 516
leaf_count=13048 68 278 594 30 33 702 211 24 282 1670 225 64 274 25 130 149 13602 2808 522 1910 79 1316 137 14383 32 1231 30 801 84 22 2331 581 319 20 1163 1172 250 24 96 2241 27304 1444 20 21 30 271 26 25 1425 705 22 61 125 313 58 2541 38 214 69 71 61388 516
internal_value=0.00241744 1.79056 6.39386 9.55457 59.521 1.34106 7.53136 -18.4934 0.686232 -5.82069 -13.9765 -53.5411 3.58181 11.0794 41.5515 1.88933 2.82729 -3.67141 -7.6682 9.46473 32.3191 7.40087 9.77814 2.41412 100.322 5.12447 25.7487 -6.83318 -12.1161 -24.3958 -10.1901 18.6414 8.22464 2.08665 -3.13971 12.9542 21.3177 7.03928 8.37189 -0.772299 0.395346 4.70025 9.0746 -0.554406 19.2171 12.5619 62.9307 8.38654 8.77517 -2.23613 1.53587 -10.0625 0.300069 -1.27923 -5.81041 -8.03667 8.75232 13.0387 32.1868 17.9074 -1.08235 -13.6565
internal_weight=159648 48259 4292 3708 95 43967 4205 504 39762 6204 3322 289 2882 3701 185 33558 28715 4843 3330 3516 290 3226 1807 27985 62 1513 160 1075 480 300 3033 730 3613 1573 1183 2040 844 1196 180 111389 33720 6094 3737 27626 322 301 46 3691 3666 2357 1591 766 1569 77669 3233 2892 351 341 127 390 74436 584
internal_count=159648 48259 4292 3708 95 43967 4205 504 39762 6204 3322 289 2882 3701 185 33558 28715 4843 3330 3516 290 3226 1807 27985 62 1513 160 1075 480 300 3033 730 3613 1573 1183 2040 844 1196 180 111389 33720 6094 3737 27626 322 301 46 3691 3666 2357 1591 766 1569 77669 3233 2892 351 341 127 390 74436 584
is_linear=0
shrinkage=0.05


Tree=95
num_leaves=63
num_cat=0
split_feature=0 3 13 11 0 2 2 13 14 5 3 14 3 2 0 11 2 0 3 2 3 13 2 12 2 0 2 0 3 11 12 3 11 5 13 2 12 2 3 2 0 3 0 3 11 3 11 13 11 14 11 12 2 12 3 14 14 12 12 3 3 3
split_gain=6.46331e+07 8.24246e+07 9.08022e+07 5.92696e+07 1.00303e+08 5.8066e+07 7.93944e+07 7.10031e+07 4.88052e+07 3.83532e+07 5.9604e+07 4.98886e+07 6.95092e+07 6.08193e+07 3.83343e+07 6.58006e+07 1.76084e+08 1.90301e+08 2.9757e+08 1.62239e+08 7.25007e+07 6.42162e+07 6.35281e+07 8.12648e+07 7.07122e+07 5.74788e+07 5.08119e+07 1.14916e+08 6.89257e+07 6.4041e+07 4.97309e+07 4.97124e+07 4.56828e+07 4.55254e+07 8.74498e+07 6.47486e+07 4.28811e+07 4.18711e+07 4.13268e+07 4.09429e+07 4.01344e+07 3.90135e+07 3.55458e+07 4.59481e+07 4.44918e+07 1.22577e+08 5.69099e+07 3.95222e+07 3.49158e+07 3.19808e+07 8.78222e+07 5.32087e+07 3.07369e+07 2.77324e+07 2.74236e+07 5.28435e+07 4.61933e+07 5.18648e+07 2.98904e+07 4.59874e+07 2.65341e+07 2.63498e+07
threshold=72.500000000000014 293.50000000000006 1.0000000180025095e-35 17561.605000000003 79.500000000000014 1.5000000000000002 3.5000000000000004 4154.2107688728292 9299.2155000000021 2020.5000000000002 194.50000000000003 9137.9141666666692 203.50000000000003 1.0000000180025095e-35 5.5000000000000009 14498.490000000002 4.5000000000000009 30.500000000000004 281.50000000000006 3.5000000000000004 287.50000000000006 4699.4111002022109 1.0000000180025095e-35 13619.525 4.5000000000000009 9.5000000000000018 5.5000000000000009 36.500000000000007 305.50000000000006 4380.1000000000013 13619.525 283.50000000000006 3308.1700000000005 2023.5000000000002 2273.1633680189375 3.5000000000000004 13619.525 2.5000000000000004 291.50000000000006 3.5000000000000004 24.500000000000004 214.50000000000003 74.500000000000014 296.50000000000006 17561.605000000003 294.50000000000006 12000.005000000003 3716.3037709628406 8000.5550000000012 8905.8466666666682 8192.8100000000031 12000.380714285717 5.5000000000000009 5061.3392857142871 170.50000000000003 8081.3355000000001 9464.6668333333346 9371.3521428571457 7029.2021428571434 104.50000000000001 257.50000000000006 358.50000000000006
decision_type=2 2 2 2 2 2 2 2 2 2 2 2 2 2 2 2 2 2 2 2 2 2 2 2 2 2 2 2 2 2 2 2 2 2 2 2 2 2 2 2 2 2 2 2 2 2 2 2 2 2 2 2 2 2 2 2 2 2 2 2 2 2
left_child=14 3 -3 9 5 -5 7 -7 -6 -2 49 13 -13 -12 22 26 19 21 -19 25 30 40 54 31 37 -17 33 -28 29 -29 -21 32 53 36 39 -36 41 -25 -27 -35 -18 -16 43 -4 46 -46 47 -44 -38 50 -11 -51 -45 -24 55 58 60 -58 -1 -60 -56 -30
right_child=1 2 42 4 8 6 -8 -9 -10 10 11 12 -14 -15 15 16 17 18 -20 20 -22 -23 23 24 -26 38 27 28 61 -31 -32 -33 -34 34 35 -37 48 -39 -40 -41 -42 -43 44 52 45 -47 -48 -49 -50 51 -52 -53 -54 -55 56 -57 57 -59 59 -61 -62 -63
leaf_value=-2.2449100593621272 -1.6626603566243963 -80.212364797090231 75.315715878295904 -1.5745408118111748 56.754182870284382 58.877123669433594 34.156871644973755 185.51340963612432 -24.881382245169746 2.3134063972119265 21.884635794135821 29.405083833333975 -0.46429852158039459 7.351883382135874 -0.84098236197992016 47.061342624936792 -71.830800126817493 -221.21655740273965 -4.9909380261651402 39.900659726311176 -29.694892349243169 41.210265026092536 1.0613788496768928 42.600356729947606 -8.4900532235770392 -36.519277806251864 1.2370895795088528 -7.6075314656233957 0.98617394426318927 -23.425925802847818 114.95325352822579 -3.8574669711931904 8.8746614223441878 -0.086173689825953248 -9.7028149482455408 -41.238737699433706 -29.928798116048178 136.63682221679687 15.466089379683787 -5.3196746863963558 11.394475395896217 1.420230762541502 -3.5081871985985686 10.724071219257603 36.050280972827565 -125.00852809025692 65.25802844111125 -63.049688503401626 35.701217070252355 6.5396680969440979 -8.6134686256945816 -27.527629905999721 -22.518365272710355 -40.889481235027318 -20.873323238844144 29.463202266845702 -7.3507255517868773 -120.24859446207684 -93.470585184097303 -5.765851907497499 -1.9066254046702686 23.687536667881339
leaf_weight=455 4347 37 24 34 22 24 59 22 89 11441 840 208 2861 5020 42735 27 44 36 28 84 27 31 2606 25 28 236 7318 6594 1080 708 30 1781 4053 11226 566 228 23 24 45 5601 21 34453 6211 492 21 25 29 27 136 4029 2190 117 80 39 346 124 20 20 23 40 394 144
leaf_count=455 4347 37 24 34 22 24 59 22 89 11441 840 208 2861 5020 42735 27 44 36 28 84 27 31 2606 25 28 236 7318 6594 1080 708 30 1781 4053 11226 566 228 23 24 45 5601 21 34453 6211 492 21 25 29 27 136 4029 2190 117 80 39 346 124 20 20 23 40 394 144
internal_value=0.0024903 1.79477 -3.13226 2.88813 27.0879 55.236 73.4732 122.101 -8.33905 2.69243 3.40136 6.73411 1.569 9.43846 -0.562212 -0.828103 -17.2049 -62.0666 -128.15 -1.1161 43.1243 -17.144 2.40669 4.03326 54.8374 -21.443 -0.737945 -3.35914 -7.30385 -9.14428 60.4792 3.56548 5.53953 -0.300606 -2.59411 -18.799 0.221921 90.4707 -28.1689 -1.8284 -45.1773 0.168319 -2.70792 8.95456 -3.8102 -52.2789 -3.44616 -3.77597 26.0798 1.72711 0.557356 5.57188 6.04359 0.4276 -7.37614 0.279179 -13.6693 -65.3559 -6.75026 -38.7453 -10.791 3.67408
internal_weight=159648 38249 6946 31303 250 139 105 46 111 31053 26706 8929 3069 5860 121399 111421 609 160 64 449 141 96 9978 8556 77 308 110812 15844 8526 7302 114 8479 6698 94968 17621 794 77347 49 281 16827 65 77188 6909 596 6313 46 6267 6238 159 17777 13631 4146 572 2645 1422 642 780 40 518 63 740 1224
internal_count=159648 38249 6946 31303 250 139 105 46 111 31053 26706 8929 3069 5860 121399 111421 609 160 64 449 141 96 9978 8556 77 308 110812 15844 8526 7302 114 8479 6698 94968 17621 794 77347 49 281 16827 65 77188 6909 596 6313 46 6267 6238 159 17777 13631 4146 572 2645 1422 642 780 40 518 63 740 1224
is_linear=0
shrinkage=0.05


Tree=96
num_leaves=63
num_cat=0
split_feature=10 0 3 3 3 3 3 14 5 5 3 3 3 3 3 5 5 3 5 5 11 3 3 15 14 10 3 3 3 15 3 10 3 10 0 13 15 5 15 8 3 5 3 3 15 0 3 3 11 0 3 3 6 0 10 10 0 11 0 11 13 3
split_gain=7.60644e+07 4.47668e+07 4.86217e+07 5.88185e+07 6.6272e+08 1.27875e+08 2.57612e+08 1.43405e+08 1.19146e+08 1.19094e+08 1.11319e+08 1.28795e+08 1.24379e+08 7.96766e+07 6.79831e+07 2.36351e+08 9.23118e+07 5.25299e+07 5.72967e+07 8.0641e+07 3.94995e+07 3.61123e+07 4.69132e+07 6.61588e+07 6.14581e+07 5.44139e+07 4.64778e+07 5.5435e+07 3.82517e+07 4.65836e+07 3.55778e+07 3.45151e+07 3.4076e+07 3.22034e+07 3.08865e+07 4.50394e+07 6.15154e+07 6.06804e+07 4.2093e+07 5.34427e+07 1.76732e+08 1.61903e+08 1.59794e+08 1.44502e+08 1.19919e+08 6.41515e+07 4.17205e+07 4.06236e+07 3.89336e+07 3.51096e+07 3.39658e+07 3.34829e+07 3.56265e+07 3.67672e+07 3.33482e+07 2.74517e+07 3.55574e+07 2.82351e+07 3.44699e+07 2.7448e+07 2.73683e+07 3.59822e+07
threshold=5599.3250000000007 3.5000000000000004 12.500000000000002 80.500000000000014 84.500000000000014 60.500000000000007 62.500000000000007 10000.133666666668 2022.5000000000002 2022.5000000000002 96.500000000000014 90.500000000000014 102.50000000000001 82.500000000000014 42.500000000000007 2023.5000000000002 2023.5000000000002 4.5000000000000009 2023.5000000000002 2022.5000000000002 4500.3750000000009 176.50000000000003 223.50000000000003 2322.9378294089297 7829.4418333333342 7999.3850000000011 80.500000000000014 92.500000000000014 288.50000000000006 4367.0318496902373 136.50000000000003 11999.985000000002 60.500000000000007 11999.985000000002 63.500000000000007 1617.1973376812509 2794.1647277555421 2022.5000000000002 1344.1348905272134 2.5000000000000004 259.50000000000006 2023.5000000000002 248.50000000000003 217.50000000000003 4023.8350823459982 75.500000000000014 277.50000000000006 282.50000000000006 6548.3200000000006 68.500000000000014 278.50000000000006 290.50000000000006 1.0000000180025095e-35 19.500000000000004 4500.4050000000007 3605.8850000000007 37.500000000000007 1999.7650000000001 23.500000000000004 2000.2650000000001 922.58484050630079 8.5000000000000018
decision_type=2 2 2 2 2 2 2 2 2 2 2 2 2 2 2 2 2 2 2 2 2 2 2 2 2 2 2 2 2 2 2 2 2 2 2 2 2 2 2 2 2 2 2 2 2 2 2 2 2 2 2 2 2 2 2 2 2 2 2 2 2 2
left_child=34 20 17 5 9 14 7 -7 -8 13 11 -6 -12 -5 16 -16 -4 31 19 -19 -2 26 23 25 -25 -23 32 -28 29 -24 -29 -3 -22 -21 35 55 37 54 -36 40 42 44 43 -40 -42 49 -47 -48 -44 -41 -51 52 -38 -54 -37 -1 57 58 -57 -58 -20 -62
right_child=1 2 3 4 10 6 8 -9 -10 -11 12 -13 -14 -15 15 -17 -18 18 60 33 21 22 28 24 -26 -27 27 30 -30 -31 -32 -33 -34 -35 38 36 51 -39 39 45 41 -43 48 -45 -46 46 47 -49 -50 50 -52 -53 53 -55 -56 56 59 -59 -60 -61 61 -63
leaf_value=-1.3202575674195154 25.054085129683113 0.48557875298521813 -10.691170001387288 49.273871323815712 -0.30216268025653464 -82.815638883706626 4.5636533100710075 35.931362365722656 -22.435626575032494 -10.663836728030063 20.479424227359885 -32.692990788301465 1.361711652983608 96.40163952243573 16.64832312924467 -32.098654670715334 7.6219048128495821 -23.146197605241429 9.3643621254092118 49.003479946907532 25.835814953508049 12.788375287737166 8.2557265638832344 -42.574472253495372 14.506070711916728 -82.488140780800279 66.642435695984787 2.2546742778825175 -40.90713077969022 77.654059612567607 22.983813331873279 -54.879515056302481 -38.638497812244253 22.106995516829535 -0.32412610828424498 -13.588048652726744 14.980303227461931 -4.8617873759711987 2.3999360411715305 -1.8912282099244155 15.938148441047069 107.03272784423828 -11.531546398720133 29.601757144576357 90.786669348355005 -39.673116379798728 24.095511271275512 -7.427904287902944 -40.874544147108203 57.252092063786847 14.311299537281085 -9.0947455875546321 26.138504149873384 -19.653336879495988 -33.381455184704549 84.840523840862772 -18.895720670640991 2.2447176298890117 0.023642496695885293 -1.3360673355916903 7.0678835317823614 -66.108146748542794
leaf_weight=64092 330 306 1733 173 780 180 918 29 735 46 881 505 24040 195 1555 295 1140 65 190 234 28 20 352 68 148 56 50 404 35 25 424 30 70 217 24895 768 654 2517 4007 337 705 59 242 555 57 93 108 1645 213 52 363 356 58 170 295 22 228 12900 25 7909 35 31
leaf_count=64092 330 306 1733 173 780 180 918 29 735 46 881 505 24040 195 1555 295 1140 65 190 234 28 20 352 68 148 56 50 404 35 25 424 30 70 217 24895 768 654 2517 4007 337 705 59 242 555 57 93 108 1645 213 52 363 356 58 170 295 22 228 12900 25 7909 35 31
internal_value=0.00236429 2.01334 1.58835 1.24434 2.29098 -2.98643 -14.0796 -66.2461 -7.44777 64.9811 1.29817 -13.0472 2.03835 74.4401 1.38901 8.86201 -3.42446 11.8872 19.0622 28.6412 9.26403 6.14936 -2.48067 -17.7799 -3.57709 -57.5748 12.3705 16.0182 8.37923 13.051 12.8845 -4.6059 -20.1423 36.1397 -0.589941 -1.07149 -5.7741 -9.09581 0.710246 3.7624 6.41688 27.9075 2.89522 5.715 21.6487 -2.20267 -7.21667 -5.47316 -25.3275 10.0989 19.8165 3.83109 9.05272 -7.94124 -19.1073 -0.805424 0.759575 2.38732 40.6657 -1.83035 -0.281765 -27.7763
internal_weight=159648 36323 34313 33205 26620 6585 1862 209 1653 414 26206 1285 24921 368 4723 1850 2873 1108 772 516 2010 1680 704 292 216 76 976 878 412 377 828 336 98 451 123325 89994 4818 3580 33331 8436 5838 821 5017 4562 762 2598 1846 1753 455 752 415 1238 882 228 1063 85176 21084 12947 47 8137 256 66
internal_count=159648 36323 34313 33205 26620 6585 1862 209 1653 414 26206 1285 24921 368 4723 1850 2873 1108 772 516 2010 1680 704 292 216 76 976 878 412 377 828 336 98 451 123325 89994 4818 3580 33331 8436 5838 821 5017 4562 762 2598 1846 1753 455 752 415 1238 882 228 1063 85176 21084 12947 47 8137 256 66
is_linear=0
shrinkage=0.05


Tree=97
num_leaves=63
num_cat=0
split_feature=10 3 3 3 3 3 2 5 2 3 5 2 10 3 3 5 3 2 11 12 14 3 5 5 3 2 3 3 5 5 5 3 14 10 12 13 12 3 15 3 2 13 9 2 2 3 3 13 5 2 5 3 11 10 14 3 2 11 14 10 3 13
split_gain=6.86449e+07 4.02371e+07 6.91708e+07 6.09743e+08 1.24102e+08 2.44582e+08 2.16385e+08 1.17898e+08 1.91537e+08 1.25006e+08 1.06965e+08 8.86903e+07 1.15095e+08 8.17954e+07 1.08523e+08 1.06747e+08 9.96272e+07 2.40232e+08 1.15854e+08 7.69152e+07 7.35323e+07 6.31221e+07 2.13584e+08 8.33176e+07 1.02966e+08 6.94322e+07 5.09962e+07 4.74419e+07 5.17643e+07 7.28443e+07 4.63818e+07 4.05016e+07 3.39758e+07 3.13983e+07 3.13244e+07 3.70955e+07 3.05412e+07 2.92171e+07 7.4571e+07 4.09638e+07 4.34346e+07 9.3703e+07 4.37832e+07 4.8497e+07 4.33217e+07 4.27725e+07 4.02673e+07 1.31825e+08 9.03814e+07 3.44165e+07 8.72624e+07 4.28577e+07 2.91923e+07 2.90757e+07 4.35788e+07 2.3977e+07 2.13819e+07 1.59603e+07 1.41336e+07 1.64435e+07 1.8742e+07 1.80682e+07
threshold=5599.3250000000007 12.500000000000002 80.500000000000014 84.500000000000014 60.500000000000007 62.500000000000007 3.5000000000000004 2022.5000000000002 4.5000000000000009 68.500000000000014 2022.5000000000002 2.5000000000000004 12000.005000000003 96.500000000000014 102.50000000000001 2023.5000000000002 86.500000000000014 4.5000000000000009 4998.9000000000005 8575.8050000000021 9550.627666666669 42.500000000000007 2023.5000000000002 2023.5000000000002 30.500000000000004 1.5000000000000002 219.50000000000003 4.5000000000000009 2023.5000000000002 2022.5000000000002 2022.5000000000002 44.500000000000007 9065.5350000000017 10000.005000000003 10592.202142857144 3240.2100545687676 8575.8050000000021 110.50000000000001 4879.1867463358958 116.50000000000001 4.5000000000000009 1188.3005829626004 1.0000000180025095e-35 1.0000000180025095e-35 1.0000000180025095e-35 118.50000000000001 106.50000000000001 408.47940369337249 2023.5000000000002 1.5000000000000002 2022.5000000000002 52.500000000000007 4246.8350000000009 11999.985000000002 6516.9838333333346 146.50000000000003 5.5000000000000009 6548.3200000000006 11626.133833333335 4768.3200000000006 94.500000000000014 5336.2109027648903
decision_type=2 2 2 2 2 2 2 2 2 2 2 2 2 2 2 2 2 2 2 2 2 2 2 2 2 2 2 2 2 2 2 2 2 2 2 2 2 2 2 2 2 2 2 2 2 2 2 2 2 2 2 2 2 2 2 2 2 2 2 2 2 2
left_child=34 27 4 10 21 6 20 9 -9 -7 11 32 -13 16 15 -15 18 -18 -5 -8 -6 23 30 25 -25 -3 -16 33 29 -29 -23 -24 -4 -2 37 -36 -30 38 46 52 42 45 44 -44 -41 -42 49 -48 -49 50 -1 -51 -39 54 -31 -43 -38 -55 59 60 -37 -62
right_child=1 2 3 13 5 7 19 8 -10 -11 -12 12 -14 14 26 -17 17 -19 -20 -21 -22 22 31 24 -26 -27 -28 28 36 53 -32 -33 -34 -35 35 58 56 39 -40 40 41 55 43 -45 -46 -47 47 48 -50 51 -52 -53 -54 57 -56 -57 -58 -59 -60 -61 61 -63
leaf_value=2.2878936156562908 1.2920838691409591 -29.568770014407871 53.602326447949089 -35.62011168162028 -118.39542065938315 44.963517748754725 -51.150941983736487 -41.862125715619065 8.3863732590746576 -3.5781830291986467 -10.141989241153636 146.26472662663113 65.162905645517199 26.572154579330967 -0.47050384168723441 -17.224968640028376 -3.6767867575045394 -58.194584476026627 39.291733800557147 44.784091536627876 -13.711067650204612 3.4348389689549523 11.849510604540507 18.881766964093501 -12.122494604026244 -4.9956686500656096 3.9819384809358178 -22.006422470844157 -41.668930935106786 31.266987828458628 21.661847247055761 -38.540273535854851 -8.6786118372587051 -45.391495707442125 61.676027763366704 -32.683436687074867 0.7952817028140029 -5.2681041289917783 70.734819430301073 -6.5841491646850274 23.466528319712882 -26.957567562746551 3.8035407699245769 -0.19553878089372967 -0.94046938815896919 -1.9308308571132899 0.57989628428688944 18.270474829611999 76.465333540821547 -0.83790414050050921 -7.5509329924925659 3.7293262454741596 -20.961896091670368 -12.512003988450573 77.545725972559552 -10.816337521676596 46.877204800309812 26.422027939025391 -27.352963245709738 34.142673136721697 47.473681694313342 -3.0549810018906229
leaf_weight=4837 296 363 162 71 113 158 38 470 317 799 46 68 129 792 12699 168 862 263 182 44 20 517 47 712 428 1370 13028 65 37 158 1076 248 25 40 39 28 191 1545 37 4287 166 264 9684 34899 16428 22747 992 192 102 10463 4218 10088 366 30 76 1782 28 187 23 61 26 51
leaf_count=4837 296 363 162 71 113 158 38 470 317 799 46 68 129 792 12699 168 862 263 182 44 20 517 47 712 428 1370 13028 65 37 158 1076 248 25 40 39 28 191 1545 37 4287 166 264 9684 34899 16428 22747 992 192 102 10463 4218 10088 366 30 76 1782 28 187 23 61 26 51
internal_value=0.00234056 1.91272 1.61735 2.69349 -2.94551 -13.5348 -63.7251 -7.31435 -21.6373 4.47458 61.713 70.3246 93.7548 1.78705 2.40055 18.8977 -10.0875 -16.4622 18.2116 0.245691 -102.873 1.41356 8.51313 -3.25329 7.24114 -10.1569 1.78425 11.2903 18.109 27.2138 15.7522 -30.4991 45.2741 -4.38367 -0.560336 17.9149 -0.27734 -0.594701 0.735037 -1.04093 -0.887497 -2.66158 -0.209357 0.673178 -2.1087 -1.74582 0.64891 9.3069 38.6513 0.27253 -2.29556 1.40411 -8.28322 34.3406 46.5637 -12.9112 6.87335 21.0067 8.60776 13.7243 1.65189 14.3965
internal_weight=159648 36323 35215 28495 6720 1959 215 1744 787 957 430 384 197 28065 26687 960 1378 1125 253 82 133 4761 1888 2873 1140 1733 25727 1108 772 516 1593 295 187 336 123325 228 256 123097 30929 92168 90257 24959 65298 44583 20715 22913 30892 1286 294 29606 9055 20551 1911 451 234 2046 219 217 189 166 105 77
internal_count=159648 36323 35215 28495 6720 1959 215 1744 787 957 430 384 197 28065 26687 960 1378 1125 253 82 133 4761 1888 2873 1140 1733 25727 1108 772 516 1593 295 187 336 123325 228 256 123097 30929 92168 90257 24959 65298 44583 20715 22913 30892 1286 294 29606 9055 20551 1911 451 234 2046 219 217 189 166 105 77
is_linear=0
shrinkage=0.05


Tree=98
num_leaves=63
num_cat=0
split_feature=0 15 4 0 2 4 2 11 2 11 12 13 2 0 14 0 15 14 11 15 13 0 7 0 11 2 0 4 2 13 11 12 11 0 12 2 11 14 11 0 13 2 0 4 13 14 15 15 5 14 0 2 11 12 15 2 2 14 0 13 14 5
split_gain=5.49166e+07 5.63233e+07 8.71959e+07 1.33964e+08 7.00931e+07 6.32871e+07 1.27471e+08 9.2494e+07 6.84059e+07 6.53157e+07 7.23596e+07 6.13495e+07 7.21682e+07 5.90316e+07 5.77391e+07 5.68645e+07 5.76313e+07 4.87253e+07 4.62104e+07 4.44919e+07 4.42522e+07 3.89402e+07 3.64032e+07 7.10334e+07 5.15149e+07 1.56281e+08 1.78417e+08 2.5904e+08 1.7027e+08 1.00754e+08 5.43515e+07 5.12109e+07 7.02857e+07 4.969e+07 1.10176e+08 5.16304e+07 4.50229e+07 4.41593e+07 3.5758e+07 3.44106e+07 3.43226e+07 3.43159e+07 1.31887e+08 5.92578e+07 4.34979e+07 3.9315e+07 3.6915e+07 3.08377e+07 3.07805e+07 3.63789e+07 3.43627e+07 3.03458e+07 2.90585e+07 2.87942e+07 2.85439e+07 2.69826e+07 6.52287e+07 1.08919e+08 6.7922e+07 5.62092e+07 4.33825e+07 3.98564e+07
threshold=72.500000000000014 2302.9400117846303 8.5000000000000018 77.500000000000014 5.5000000000000009 6.5000000000000009 5.5000000000000009 4034.8750000000005 1.0000000180025095e-35 12000.005000000003 6263.9550000000008 3240.2100545687676 1.5000000000000002 83.500000000000014 7990.1881666666677 87.500000000000014 3055.8605597821247 10182.287500000002 5005.7900000000009 2426.7473859696302 2105.292632452321 79.500000000000014 1.0000000180025095e-35 33.500000000000007 14498.490000000002 4.5000000000000009 30.500000000000004 9.5000000000000018 2.5000000000000004 2816.7266775029052 17561.605000000003 13619.525 9000.0450000000019 9.5000000000000018 12000.380714285717 3.5000000000000004 14498.490000000002 6733.2506666666677 7680.0700000000006 9.5000000000000018 2816.7266775029052 5.5000000000000009 35.500000000000007 10.500000000000002 5336.2109027648903 8567.849000000002 385.42740670921222 5574.0365680855239 2023.5000000000002 4842.0065000000004 6.5000000000000009 1.5000000000000002 9789.3250000000025 6263.9550000000008 1175.7487909112108 1.5000000000000002 1.0000000180025095e-35 11254.016333333335 77.500000000000014 2305.6550727788604 11254.016333333335 2022.5000000000002
decision_type=2 2 2 2 2 2 2 2 2 2 2 2 2 2 2 2 2 2 2 2 2 2 2 2 2 2 2 2 2 2 2 2 2 2 2 2 2 2 2 2 2 2 2 2 2 2 2 2 2 2 2 2 2 2 2 2 2 2 2 2 2 2
left_child=22 40 5 4 11 7 9 8 -3 10 -7 18 -13 17 19 16 -8 -9 -4 -5 -15 -16 24 36 31 28 29 -28 39 -27 -31 41 37 34 -30 -35 48 -33 -39 -26 55 44 -43 -44 46 -46 -1 -41 49 53 -50 -23 -21 -24 -25 56 58 59 -2 -58 -60 -57
right_child=1 2 3 14 -6 6 15 13 -10 -11 -12 12 -14 20 21 -17 -18 -19 -20 52 -22 51 23 54 25 26 27 -29 33 30 -32 32 -34 35 -36 -37 -38 38 -40 47 -42 42 43 -45 45 -47 -48 -49 50 -51 -52 -53 -54 -55 -56 61 57 -59 60 -61 -62 -63
leaf_value=-1.4631513361327646 16.10131266750356 117.30157233886719 41.310048456954753 23.426328096191089 -16.668936148859974 47.006174655941692 -9.5037106673092762 -5.100610943326477 27.58304480950564 85.756445983083637 15.599615814216188 -2.8297609165736608 61.195041682514926 4.1826855770266382 6.0815490919586246 -49.297118199516746 77.853942118145184 12.311155648350715 7.4530242605838755 -4.7780345091197978 22.086288410386068 -3.3235627797126774 1.6613551275919243 -6.6162067481485174 10.947134089341034 -114.26650873942809 -206.63806804760085 -4.8873897789264547 12.449251341066862 -28.548449062807812 44.233040557114975 38.830406898089819 47.128063383982735 -11.868309240553117 148.69955936889647 39.905697223039773 54.859177025036935 -89.613798101516011 -5.9544881798239322 -29.119128765424094 -18.76126509861324 2.1532906519278021 -8.5260870164298357 3.5469560384559227 40.559020065681352 -34.358357253301712 0.65938053897240057 -78.223362738715281 35.949395218317484 -11.02130522368701 4.9641552519743222 -19.461392432776766 17.7103446211466 52.85422511509487 -17.418395630151576 -0.21164021893541443 -4.2272669825736795 -99.790392731697338 -1.0383528938793007 -30.654391559502329 67.883195774244243 4.379656411842169
leaf_weight=29157 761 24 117 197 162 208 186 1893 150 37 1522 62 150 856 253 84 20 509 696 1157 578 399 1452 2374 36 21 36 28 37 57 45 27 129 89 24 103 38 20 33 119 229 8070 7157 1184 110 20 68867 44 112 727 432 1083 163 27 824 11853 3649 30 3126 212 22 7861
leaf_count=29157 761 24 117 197 162 208 186 1893 150 37 1522 62 150 856 253 84 20 509 696 1157 578 399 1452 2374 36 21 36 28 37 57 45 27 129 89 24 103 38 20 33 119 229 8070 7157 1184 110 20 68867 44 112 727 432 1083 163 27 824 11853 3649 30 3126 212 22 7861
internal_value=0.00231779 1.6544 4.77211 -0.553248 13.8169 8.66793 15.7963 5.00829 40.5576 20.8378 19.4006 18.6467 42.5454 3.38563 -5.80108 -14.8884 -0.687228 -1.40735 12.3702 1.32407 11.4094 -12.0281 -0.51821 -4.3197 -0.321006 -14.4672 -52.7782 -119.805 1.46424 -17.2174 3.67869 -0.242123 24.4264 28.6323 67.5898 15.9691 1.51368 -12.3098 -38.599 -33.0465 0.473621 -0.287338 -2.40357 -6.81211 0.0665088 28.8589 0.0280301 -42.7704 0.756862 -1.87115 11.3977 -15.1218 -1.98975 2.63099 -9.40409 0.63439 -1.85474 -6.4369 2.7068 -5.68589 -0.535285 1.61928
internal_weight=159648 38249 10506 4439 1187 6067 2057 4010 174 1767 1730 1025 212 3836 3252 290 206 2402 813 1517 1434 1735 121399 5986 115413 639 187 64 452 123 102 114774 209 253 61 192 2788 80 53 199 27743 114565 16411 8341 98154 130 98024 163 2750 2206 544 1482 1320 1479 3198 27514 7800 3891 3909 3861 3148 19714
internal_count=159648 38249 10506 4439 1187 6067 2057 4010 174 1767 1730 1025 212 3836 3252 290 206 2402 813 1517 1434 1735 121399 5986 115413 639 187 64 452 123 102 114774 209 253 61 192 2788 80 53 199 27743 114565 16411 8341 98154 130 98024 163 2750 2206 544 1482 1320 1479 3198 27514 7800 3891 3909 3861 3148 19714
is_linear=0
shrinkage=0.05


Tree=99
num_leaves=63
num_cat=0
split_feature=10 0 11 7 13 3 10 5 3 13 3 3 10 3 0 13 3 12 3 0 3 12 11 3 11 0 0 3 5 10 3 13 13 10 12 3 13 3 12 13 15 10 3 15 3 3 3 3 13 3 11 3 12 12 15 3 5 3 0 3 10 0
split_gain=5.68397e+07 4.1218e+07 5.20498e+07 4.09054e+07 5.08879e+07 9.44494e+07 1.51792e+08 4.20245e+07 8.7295e+07 7.83046e+07 3.73035e+07 2.9776e+08 1.21787e+08 1.11012e+08 2.30193e+08 2.18334e+08 1.33847e+08 1.9754e+08 1.46162e+08 7.66002e+07 6.51658e+07 6.44317e+07 5.9509e+07 5.55057e+07 4.74189e+07 3.72976e+07 3.47757e+07 4.06298e+07 3.38878e+07 3.14447e+07 3.10796e+07 3.47496e+07 3.3288e+07 7.10415e+07 5.24247e+07 3.5587e+07 3.36964e+07 3.13852e+07 2.83211e+07 3.34726e+07 2.82821e+07 8.78146e+07 2.66158e+07 6.92256e+07 6.97245e+07 3.75806e+07 7.83492e+07 1.4189e+08 1.30192e+08 1.29024e+08 1.0254e+08 1.28614e+08 4.66747e+07 3.75014e+07 7.07402e+07 5.59925e+07 5.90067e+07 5.09286e+07 4.80249e+07 3.5153e+07 1.58573e+08 1.21786e+08
threshold=5599.3250000000007 2.5000000000000004 4339.9850000000006 1.0000000180025095e-35 1404.5646599278073 102.50000000000001 9999.9950000000008 2021.5000000000002 287.50000000000006 3026.3383415523681 277.50000000000006 284.50000000000006 9999.9950000000008 247.50000000000003 72.500000000000014 2179.1249675052636 219.50000000000003 12000.380714285717 214.50000000000003 79.500000000000014 349.50000000000006 9824.4050000000025 3849.7350000000001 279.50000000000006 3389.3400000000006 32.500000000000007 77.500000000000014 190.50000000000003 2023.5000000000002 9999.9950000000008 176.50000000000003 2339.1606151651431 2664.1196719890286 11999.985000000002 7127.8014285714298 196.50000000000003 1404.5646599278073 213.50000000000003 10592.202142857144 3240.2100545687676 2442.5002199309442 9999.9950000000008 110.50000000000001 4367.0318496902373 100.50000000000001 209.50000000000003 244.50000000000003 259.50000000000006 1495.1751119153453 264.50000000000006 5999.2850000000008 242.50000000000003 5353.3000000000011 5407.5071428571437 1963.5303945071107 146.50000000000003 2023.5000000000002 144.50000000000003 83.500000000000014 108.50000000000001 4500.9750000000013 27.500000000000004
decision_type=2 2 2 2 2 2 2 2 2 2 2 2 2 2 2 2 2 2 2 2 2 2 2 2 2 2 2 2 2 2 2 2 2 2 2 2 2 2 2 2 2 2 2 2 2 2 2 2 2 2 2 2 2 2 2 2 2 2 2 2 2 2
left_child=38 2 40 10 26 6 25 8 -7 -9 13 12 21 16 15 -15 18 -18 -3 -16 24 -12 -22 -14 -13 -6 27 28 -5 -29 31 -4 34 37 36 -36 -32 -34 42 -40 -2 -42 43 59 -45 53 50 48 -48 -49 52 -52 -47 54 -44 56 -55 -56 -57 -1 -61 -62
right_child=1 3 30 4 5 7 -8 9 -10 -11 11 20 23 14 19 -17 17 -19 -20 -21 22 -23 -24 -25 -26 -27 -28 29 -30 -31 32 -33 33 -35 35 -37 -38 -39 39 -41 41 -43 45 44 -46 46 47 49 -50 -51 51 -53 -54 55 57 58 -58 -59 -60 60 61 -63
leaf_value=0.36055802855121927 16.563152897923683 1.1354808725163714 8.3992512323881918 -1.0689406867045552 40.138719177979695 37.323203172325194 -110.54528628810759 -9.3722612222903408 -24.350551416094945 -88.436543569003845 47.645526591601126 -64.238573441938925 43.900659014383955 -17.256739441524715 15.832757575114568 -79.989509657120578 12.569029374755253 -65.916409654093954 -28.902369842621667 -5.4893204176964829 -42.058817354598141 127.12361619620488 12.281643119481503 12.909310617644335 -3.9713994396198267 -28.351936426387113 17.858377539402731 -9.3732405754615531 45.061679952093897 -55.168247800554553 85.001519125233528 39.045385703069194 -15.545234628949846 38.254332031250009 -56.532212746360088 -1.9250637627866702 18.105066675012761 -79.7537340443929 58.627001464843751 8.2163103802329616 125.82713250521954 19.997564237382679 -2.451017231131702 7.9482215282373261 95.855162136680192 2.7695203770800685 -5.3138183714195577 12.107043979772868 -26.378634562811516 -0.8005190914490985 17.529169937775634 135.27001380602519 -15.518499241789181 -23.834232009441891 -1.5186839669153764 -5.6502130713299215 4.9339097723159302 12.06973722092763 20.126514644012701 2.7783814336860067 183.05535061790829 40.030750930439346
leaf_weight=30248 117 20865 652 260 25 132 61 402 100 33 250 32 176 779 638 168 3632 81 412 1235 52 28 1032 796 3028 84 258 115 46 55 22 107 34 29 32 312 109 44 39 189 28 62 31667 56 37 11319 4199 2046 888 35729 720 23 359 775 1268 1223 231 1510 211 514 20 54
leaf_count=30248 117 20865 652 260 25 132 61 402 100 33 250 32 176 779 638 168 3632 81 412 1235 52 28 1032 796 3028 84 258 115 46 55 22 107 34 29 32 312 109 44 39 189 28 62 31667 56 37 11319 4199 2046 888 35729 720 23 359 775 1268 1223 231 1510 211 514 20 54
internal_value=0.00228975 1.74066 9.72113 1.38514 -6.49612 -14.9158 -48.0709 -6.40612 10.7493 -15.5593 1.75822 5.56318 26.9423 1.02004 -8.38219 -28.4583 2.08133 10.8396 0.552508 1.77819 -0.890573 56.0775 9.63854 18.5603 -4.62243 -12.4209 3.11224 -4.90108 5.9899 -24.4253 6.10635 12.7653 -2.58471 -27.6423 3.10605 -7.15395 29.8985 -52.3165 -0.509723 17.0576 32.9966 53.9433 -0.5424 0.726764 43.5697 -0.968299 -0.143599 -1.1569 -8.99541 -0.101107 3.35287 21.3508 2.20604 -2.20432 -1.77985 -8.19325 -17.2301 5.86907 -1.84602 0.596143 12.6939 80.6114
internal_weight=159648 36323 1548 34775 1571 837 170 667 232 435 33204 5394 1250 27810 2820 947 24990 3713 21277 1873 4144 278 1084 972 3060 109 734 476 306 170 1341 759 582 107 475 344 131 78 123325 228 207 90 123097 30929 93 92168 55283 42862 5087 37775 12421 743 11678 36885 34445 2440 1006 2778 1434 30836 588 74
internal_count=159648 36323 1548 34775 1571 837 170 667 232 435 33204 5394 1250 27810 2820 947 24990 3713 21277 1873 4144 278 1084 972 3060 109 734 476 306 170 1341 759 582 107 475 344 131 78 123325 228 207 90 123097 30929 93 92168 55283 42862 5087 37775 12421 743 11678 36885 34445 2440 1006 2778 1434 30836 588 74
is_linear=0
shrinkage=0.05


Tree=100
num_leaves=63
num_cat=0
split_feature=10 3 3 3 3 3 2 10 9 3 13 5 10 3 3 5 13 0 10 3 10 13 5 3 14 2 2 5 5 3 2 5 3 3 9 3 0 3 3 3 2 0 10 14 0 0 2 0 14 12 14 3 10 3 3 12 3 13 14 3 3 5
split_gain=5.16504e+07 4.3761e+07 4.04004e+08 1.27627e+08 2.33521e+08 1.66731e+08 1.44582e+08 1.26782e+08 1.11783e+08 1.08919e+08 9.88688e+07 8.7741e+07 1.66917e+08 8.68863e+07 8.53304e+07 9.69355e+07 7.30886e+07 5.79606e+07 9.57094e+07 6.63117e+07 5.76553e+07 5.51551e+07 5.34281e+07 7.12136e+07 1.89116e+08 7.08059e+07 5.28832e+07 4.99282e+07 5.32221e+07 4.04413e+07 4.50019e+07 3.53267e+07 1.65181e+08 6.27357e+07 4.52495e+07 3.6316e+07 3.97353e+07 7.14624e+07 5.89167e+07 2.63246e+07 2.4494e+07 2.3092e+07 2.26785e+07 2.12255e+07 1.98804e+07 1.78292e+07 4.0985e+07 7.31813e+07 5.65567e+07 4.60392e+07 6.93689e+07 5.09249e+07 4.18282e+07 2.6846e+07 1.03662e+08 6.52911e+07 2.19689e+07 2.03521e+07 4.58858e+07 3.00921e+07 6.92941e+07 3.8784e+07
threshold=4688.4050000000016 284.50000000000006 277.50000000000006 246.50000000000003 227.50000000000003 228.50000000000003 1.5000000000000002 9999.9950000000008 3.5000000000000004 274.50000000000006 3026.3383415523681 2021.5000000000002 10000.005000000003 213.50000000000003 349.50000000000006 2021.5000000000002 2273.1633680189375 79.500000000000014 12000.005000000003 254.50000000000003 5005.9100000000008 2179.1249675052636 2023.5000000000002 279.50000000000006 6370.3446666666669 4.5000000000000009 4.5000000000000009 2023.5000000000002 2022.5000000000002 361.50000000000006 4.5000000000000009 2023.5000000000002 288.50000000000006 304.50000000000006 3.5000000000000004 285.50000000000006 69.500000000000014 298.50000000000006 296.50000000000006 358.50000000000006 2.5000000000000004 32.500000000000007 1699.325 4521.5881666666673 75.500000000000014 59.500000000000007 1.0000000180025095e-35 77.500000000000014 9630.3374999999996 7029.2021428571434 6029.6793333333344 297.50000000000006 4248.9100000000008 268.50000000000006 262.50000000000006 5407.5071428571437 134.50000000000003 1617.1973376812509 7133.0841666666684 112.50000000000001 94.500000000000014 2023.5000000000002
decision_type=2 2 2 2 2 2 2 2 2 2 2 2 2 2 2 2 2 2 2 2 2 2 2 2 2 2 2 2 2 2 2 2 2 2 2 2 2 2 2 2 2 2 2 2 2 2 2 2 2 2 2 2 2 2 2 2 2 2 2 2 2 2
left_child=42 2 3 4 11 6 -6 20 9 21 -7 12 -2 -13 31 -16 -11 19 -19 -10 -4 -5 23 24 -9 -25 -24 28 -22 39 -31 35 34 44 -33 43 37 -37 -38 40 -17 -32 -1 -3 -34 57 47 48 52 -48 -51 -52 -47 54 -49 -55 -50 -44 -59 60 -60 -61
right_child=1 14 7 8 5 10 -8 22 17 16 -12 13 -14 -15 15 29 -18 18 -20 -21 27 -23 26 25 -26 -27 -28 -29 -30 30 41 32 33 -35 -36 36 38 -39 -40 -41 -42 -43 45 -45 -46 46 49 53 56 50 51 -53 -54 55 -56 -57 -58 58 59 61 -62 -63
leaf_value=-4.9876678937528505 -6.6560903873514921 53.429449090957647 10.081519078879523 -12.636674293491732 169.48447663932012 14.236444338371451 40.011753538230835 109.55076938158845 -11.533055418976794 37.91958392884996 -15.523754778410259 2.0725031438370016 -121.54485317230224 -10.162072208351509 -16.149733067456413 -0.099699040093445435 -25.260426526069644 -2.9102243391930802 -93.662010164896657 20.138255539469434 46.425929921907681 -31.599664205970527 10.777592701779474 2.8736621702268001 -10.657363839467367 34.690630447159009 -49.843555583247436 5.7816002438930756 85.756277862412588 -12.920086966743154 -25.142123064313616 -149.68671088867185 31.77920916900635 -77.998426252092642 -56.171348342895513 -20.934792430817303 11.469418107163291 -3.5348230873889359 -5.9521814225066549 34.308564854812623 20.489184263039391 32.261208150386807 -0.72647507600877059 9.0351412850516191 -8.319430061916135 6.7893285892326354 -0.55230322521889252 -0.27260311516447072 81.572300096784318 104.18170290405101 4.2064240440997214 65.451635476136829 31.091593377583838 -5.219889618907656 82.168617826119458 -56.604346832873219 25.299205257265196 -9.0900884217807185 4.1187426149232049 -4.8594122045264818 68.52990430173007 25.940122719018138
leaf_weight=2855 2657 31 86 2045 28 3427 88 72 221 161 303 27184 31 1532 339 202 63 923 29 648 239 472 107 432 59 293 53 46 139 241 20 24 74 20 31 915 695 1660 1602 224 506 111 71944 174 52 3075 27088 1710 34 21 263 38 187 804 38 66 37 2121 174 763 54 117
leaf_count=2855 2657 31 86 2045 28 3427 88 72 221 161 303 27184 31 1532 339 202 63 923 29 648 239 472 107 432 59 293 53 46 139 241 20 24 74 20 31 915 695 1660 1602 224 506 111 71944 174 52 3075 27088 1710 34 21 263 38 187 804 38 66 37 2121 174 763 54 117
internal_value=0.0023309 1.36865 1.98473 1.01666 2.03514 13.6624 72.4453 27.2236 -6.85174 -13.2294 11.8154 0.610769 -8.02578 1.41946 -2.31083 7.6368 20.1169 2.74998 -5.77011 12.0798 47.5478 -16.2038 16.9848 21.9383 55.7406 15.7622 -9.48799 55.1055 61.0768 13.8282 -0.110966 -5.40831 -25.9164 2.07166 -98.9224 -4.59144 -5.45993 -9.72345 -0.678254 19.3861 14.6231 23.3732 -0.58963 15.9752 15.2953 -0.473894 0.488071 4.24887 9.16185 -0.328562 18.4369 12.1295 8.1916 -2.00701 1.56555 -9.17854 53.0056 -0.900805 -4.78356 3.46102 19.6067 -0.739672
internal_weight=159648 48259 41338 39812 35250 3846 116 1526 4562 2741 3730 31404 2688 28716 6921 1643 224 1821 952 869 510 2517 1016 856 131 725 160 424 378 1304 372 5278 201 146 55 5077 4872 2575 2297 932 708 131 111389 205 126 108534 33361 5951 3333 27410 322 301 3262 2618 1748 870 71 75173 3229 1108 228 880
internal_count=159648 48259 41338 39812 35250 3846 116 1526 4562 2741 3730 31404 2688 28716 6921 1643 224 1821 952 869 510 2517 1016 856 131 725 160 424 378 1304 372 5278 201 146 55 5077 4872 2575 2297 932 708 131 111389 205 126 108534 33361 5951 3333 27410 322 301 3262 2618 1748 870 71 75173 3229 1108 228 880
is_linear=0
shrinkage=0.05


Tree=101
num_leaves=63
num_cat=0
split_feature=12 3 13 2 3 3 2 3 2 0 2 0 15 3 10 3 11 11 15 0 11 10 3 3 0 3 2 3 10 0 3 3 2 2 14 10 14 12 15 10 10 13 3 3 3 3 3 3 0 3 10 3 5 2 2 2 3 0 13 14 3 10
split_gain=4.72882e+07 4.26195e+07 1.01911e+08 7.48223e+07 5.48395e+07 1.09609e+08 2.34407e+08 1.30445e+08 8.92204e+07 1.02607e+08 6.68566e+07 9.62462e+07 7.08502e+07 7.6126e+07 5.51386e+07 1.26696e+08 6.01445e+07 5.06638e+07 6.62013e+07 3.79382e+07 8.25503e+07 7.74639e+07 8.79801e+07 1.60776e+08 8.82005e+07 7.52335e+07 6.1861e+07 5.8872e+07 1.61282e+08 2.13615e+08 8.22332e+07 6.44604e+07 9.2455e+07 7.30492e+07 5.82635e+07 4.67179e+07 4.02094e+07 3.875e+07 3.81659e+07 1.02942e+08 5.39102e+07 5.64129e+07 5.34343e+07 1.91493e+08 1.47154e+08 1.5628e+08 1.29695e+08 1.87757e+08 1.18053e+08 1.01308e+08 8.92781e+07 7.69456e+07 9.82839e+07 7.02255e+07 5.85706e+07 4.53614e+07 3.75084e+07 3.66783e+07 3.35631e+07 7.03729e+07 2.99856e+07 2.74499e+07
threshold=11882.280714285715 288.50000000000006 3716.3037709628406 1.0000000180025095e-35 271.50000000000006 242.50000000000003 3.5000000000000004 240.50000000000003 2.5000000000000004 84.500000000000014 1.0000000180025095e-35 61.500000000000007 6037.7917475630766 282.50000000000006 10339.960000000001 92.500000000000014 7200.4150000000009 12000.005000000003 4606.9221282247199 68.500000000000014 11999.985000000002 10000.005000000003 166.50000000000003 186.50000000000003 57.500000000000007 162.50000000000003 3.5000000000000004 124.50000000000001 7000.7850000000008 14.500000000000002 94.500000000000014 90.500000000000014 4.5000000000000009 3.5000000000000004 4300.6758333333337 9000.0450000000019 8653.2806666666675 7029.2021428571434 2282.8621987736719 12000.005000000003 10000.005000000003 2760.7646982802116 248.50000000000003 236.50000000000003 259.50000000000006 263.50000000000006 232.50000000000003 227.50000000000003 76.500000000000014 262.50000000000006 11126.180000000002 240.50000000000003 2022.5000000000002 4.5000000000000009 1.0000000180025095e-35 5.5000000000000009 130.50000000000003 26.500000000000004 2485.3897433478073 8739.6698333333352 253.50000000000003 4162.6550000000007
decision_type=2 2 2 2 2 2 2 2 2 2 2 2 2 2 2 2 2 2 2 2 2 2 2 2 2 2 2 2 2 2 2 2 2 2 2 2 2 2 2 2 2 2 2 2 2 2 2 2 2 2 2 2 2 2 2 2 2 2 2 2 2 2
left_child=19 4 57 -4 5 7 8 14 9 -7 11 -6 58 -14 15 -2 -16 -5 -19 20 21 -1 25 26 -25 34 -24 30 37 36 31 33 -33 -22 -23 -32 -30 -29 39 40 -21 55 43 46 50 49 47 -40 -47 -46 54 52 -45 -48 -44 -42 -31 -3 59 -12 -52 -39
right_child=1 2 3 17 10 6 -8 -9 -10 -11 12 -13 13 -15 16 -17 -18 18 -20 38 27 22 23 24 -26 -27 -28 28 29 56 35 32 -34 -35 -36 -37 -38 61 42 -41 41 -43 44 51 45 48 53 -49 -50 -51 60 -53 -54 -55 -56 -57 -58 -59 -60 -61 -62 -63
leaf_value=-0.61572247584906548 50.714208252429962 -119.1982591756185 -50.569389405250554 -43.816369633483895 -3.423702487287851 -11.405460329277572 31.878596218807601 125.44701108186142 -170.89546711425783 -145.00636709039861 -25.931874215541747 116.71531145793637 50.387665100097664 -62.679243739201482 -37.594481779198318 -30.179647969772567 5.0252611162434073 103.61448837280275 14.780044342512937 0.66672168869521409 -20.825200820849822 92.913361836309036 -38.439405799721776 -4.0499740249210836 57.280576122625547 72.721384421900694 -130.76389870216107 12.481105145069591 51.26490544023185 -117.90806754527374 44.324418695295179 -8.9788438142579174 -107.60464791367693 16.781069017563951 12.569208981201044 3.9241126023842194 -20.251940080298752 -2.7007277522393327 3.2732753851181844 -87.996550135756991 -4.7041473894562449 -86.968909130859387 -66.627086493450662 72.972005127635086 23.144501111430507 12.844983918095886 -15.389381865790103 48.639447010745528 -6.380374234579488 97.199683655769604 29.715950544707631 19.636928648762588 -8.1101838205258048 -78.015055455721338 -22.964918692865975 -38.605015892701992 -60.281073541446609 -37.718260665068755 32.409177728686416 62.121696195602425 -25.481659753972835 -27.453965586300555
leaf_weight=109027 175 23 47 24 28 42 70 22 24 21 77 40 20 51 85 66 2213 26 96 31660 332 22 52 468 66 56 28 170 28 84 110 57 40 210 1282 202 60 217 5474 32 580 24 91 178 185 1258 146 237 2182 61 97 409 47 64 482 118 48 36 284 31 32 231
leaf_count=109027 175 23 47 24 28 42 70 22 24 21 77 40 20 51 85 66 2213 26 96 31660 332 22 52 468 66 56 28 170 28 84 110 57 40 210 1282 202 60 217 5474 32 580 24 91 178 185 1258 146 237 2182 61 97 409 47 64 482 118 48 36 284 31 32 231
internal_value=0.00234925 5.74843 -14.023 3.65212 7.2858 4.4105 -36.01 6.90154 -90.3747 -57.5091 21.9675 67.9136 15.0876 -30.5719 5.82538 28.5275 3.43314 21.3323 34.4005 -0.126521 -0.60973 -0.437953 9.37587 -6.32697 3.62309 16.4647 -71.9685 -11.2617 -20.9159 -57.5776 -2.74153 -13.0102 -50.3323 -6.25043 13.9949 18.2639 2.8237 -7.79291 1.1305 0.268513 0.358451 -13.1415 3.6835 6.54179 -0.586862 3.41056 3.74268 5.16411 0.651983 41.827 -21.5512 32.636 56.0739 -34.7546 -30.0031 -10.4823 -97.5636 -70.939 23.4143 -0.319146 15.9328 -15.4968
internal_weight=159648 3501 252 193 3249 2718 157 2561 87 63 531 68 463 71 2539 241 2298 146 122 156147 112790 111001 1974 614 534 1360 80 1789 838 220 951 639 97 542 1304 312 88 618 43357 32414 32382 722 10943 6555 4388 3686 5921 5711 3440 246 702 634 225 210 573 698 132 59 392 108 129 448
internal_count=159648 3501 252 193 3249 2718 157 2561 87 63 531 68 463 71 2539 241 2298 146 122 156147 112790 111001 1974 614 534 1360 80 1789 838 220 951 639 97 542 1304 312 88 618 43357 32414 32382 722 10943 6555 4388 3686 5921 5711 3440 246 702 634 225 210 573 698 132 59 392 108 129 448
is_linear=0
shrinkage=0.05


Tree=102
num_leaves=63
num_cat=0
split_feature=10 3 3 10 3 3 3 2 9 3 2 5 10 3 3 5 13 2 11 3 10 14 5 3 11 13 5 5 3 2 11 3 5 3 3 9 3 1 15 3 10 2 14 10 11 2 1 2 1 14 14 15 2 3 3 11 13 10 13 15 1 11
split_gain=4.33067e+07 3.89068e+07 3.57656e+08 1.174e+08 1.13759e+08 2.04408e+08 1.48771e+08 1.26669e+08 1.00209e+08 9.84298e+07 9.70458e+07 7.84178e+07 1.47496e+08 7.93026e+07 7.69288e+07 8.79279e+07 6.63092e+07 5.72449e+07 7.04218e+07 5.86647e+07 5.17794e+07 5.13947e+07 5.66144e+07 8.01136e+07 5.11014e+07 4.99878e+07 4.49372e+07 4.84902e+07 3.63546e+07 4.09741e+07 3.28125e+07 3.78221e+07 3.27216e+07 1.49094e+08 5.67772e+07 4.08197e+07 3.25402e+07 3.03317e+07 7.52741e+07 4.75497e+07 2.13064e+07 1.96137e+07 1.94001e+07 1.93852e+07 1.80053e+07 1.72998e+07 1.69534e+07 3.9124e+07 5.86416e+07 4.05514e+07 3.33143e+07 2.71981e+07 2.30116e+07 2.24942e+07 9.5858e+07 4.51345e+07 2.20651e+07 4.13666e+07 1.89567e+07 2.32573e+07 2.0215e+07 1.73293e+07
threshold=4688.4050000000016 284.50000000000006 277.50000000000006 9999.9950000000008 246.50000000000003 227.50000000000003 228.50000000000003 1.5000000000000002 3.5000000000000004 274.50000000000006 3.5000000000000004 2021.5000000000002 8500.3950000000023 166.50000000000003 349.50000000000006 2021.5000000000002 2273.1633680189375 1.5000000000000002 12000.005000000003 260.50000000000006 5005.9100000000008 3899.0098333333335 2023.5000000000002 279.50000000000006 7999.4350000000004 1726.5262366038748 2023.5000000000002 2022.5000000000002 361.50000000000006 4.5000000000000009 6999.9450000000006 359.50000000000006 2023.5000000000002 288.50000000000006 304.50000000000006 3.5000000000000004 285.50000000000006 16.500000000000004 2410.9895625470608 293.50000000000006 1000.2250000000001 5.5000000000000009 4521.5881666666673 9999.9950000000008 4162.1250000000009 1.5000000000000002 14.500000000000002 1.0000000180025095e-35 19.500000000000004 10182.287500000002 7754.1123333333344 4172.7825912611497 1.5000000000000002 268.50000000000006 262.50000000000006 5000.5750000000007 1797.0803171184753 4499.7050000000008 2450.5891367632107 3718.1762840000401 1.5000000000000002 8000.5550000000012
decision_type=2 2 2 2 2 2 2 2 2 2 2 2 2 2 2 2 2 2 2 2 2 2 2 2 2 2 2 2 2 2 2 2 2 2 2 2 2 2 2 2 2 2 2 2 2 2 2 2 2 2 2 2 2 2 2 2 2 2 2 2 2 2
left_child=40 2 4 20 5 11 7 -7 9 25 -8 12 -2 -13 32 45 -11 18 -10 -19 -4 -5 23 -23 -24 -6 27 -22 30 -30 31 -17 36 35 41 -34 42 38 -38 -39 -1 -35 -3 -32 -31 -16 58 48 49 50 -48 -51 61 54 -50 -55 -54 -58 -42 60 -60 -49
right_child=1 14 3 21 8 6 10 -9 17 16 -12 13 -14 -15 15 28 -18 19 -20 -21 26 22 24 -25 -26 -27 -28 -29 29 44 43 -33 33 34 -36 -37 37 39 -40 -41 46 -43 -44 -45 -46 -47 47 52 53 51 -52 -53 56 55 -56 -57 57 -59 59 -61 -62 -63
leaf_value=-10.165164950906293 -4.9926249833228207 50.903479418754586 9.6313126251752355 -37.833721123906074 -9.9809364859942455 159.12420160753973 2.8068011405171429 37.924579653793501 -5.7004870309892874 36.113080335075473 18.939019346719512 2.7505226297863814 -59.994234806820749 -3.4980205477868669 -40.068900089566995 7.1675456186084574 -24.06543744981289 -3.4684012026086282 -69.415986663252113 17.667123116943571 43.984126239101094 60.624724497601271 -58.899367384299254 16.777485550268732 6.8055384273063853 -24.596556059060429 5.5062826394020243 81.519575204304289 -12.31290375622836 -19.399060419256038 45.092506893664812 47.004710745740297 -142.47738142089844 22.856537117646123 -74.473201221284427 -53.63507114410401 -1.8325253415618132 11.831986694460717 -20.107572341610052 -4.9421057044664627 -0.78114570874322764 -30.103345890045166 8.4633303630590451 20.215306690226601 30.38543838913376 -10.214711155350328 8.7323051696935057 -2.9851706043937791 -0.52537514821835918 96.607814040411085 -9.8105789964728896 19.15152464690032 0.0045977739385151539 -4.8263492594929307 80.922647329794401 -43.592672851199197 14.045427097482865 -14.065553402144737 1.2565144852660892 7.3725431065843017 -12.22133586778217 -20.315304366822215
leaf_weight=571 2561 31 86 42 1590 28 1832 88 452 161 1898 22127 127 6589 58 544 63 603 47 719 239 122 38 692 122 927 46 139 241 21 142 66 24 106 20 31 1377 534 953 2008 75463 20 174 180 110 281 3397 4566 1527 20 260 26 22072 711 36 83 649 163 378 268 1051 148
leaf_count=571 2561 31 86 42 1590 28 1832 88 452 161 1898 22127 127 6589 58 544 63 603 47 719 239 122 38 692 122 927 46 139 241 21 142 66 24 106 20 31 1377 534 953 2008 75463 20 174 180 110 281 3397 4566 1527 20 260 26 22072 711 36 83 649 163 378 268 1051 148
internal_value=0.00208956 1.25319 1.83409 25.5812 0.923245 1.8848 12.7632 68.2897 -6.50538 -12.5438 11.0185 0.55218 -7.61263 1.3167 -2.21622 7.22901 19.1561 2.58568 -11.8286 8.0313 45.1383 15.7294 18.0755 23.4155 -9.06826 -15.3714 52.3006 57.9655 13.1258 -0.0903978 18.3953 11.5477 -5.15726 -24.8947 1.6975 -94.2547 -4.3711 -5.19319 -9.31268 -1.41509 -0.539953 14.2793 15.0971 31.2917 22.3182 -15.4253 -0.490267 0.446088 4.08363 8.00693 7.41165 54.1672 -0.352766 -2.08091 1.40113 -8.92849 0.302568 8.39209 -0.898716 -6.12332 -8.65778 -3.53346
internal_weight=159648 48259 41338 1526 39812 35250 3846 116 4562 2741 3730 31404 2688 28716 6921 1643 224 1821 499 1322 510 1016 974 814 160 2517 424 378 1304 372 932 610 5278 201 146 55 5077 4872 2330 2542 111389 126 205 322 131 339 110818 33658 6060 3703 3657 46 27598 2357 1563 794 22884 812 77160 1697 1429 4714
internal_count=159648 48259 41338 1526 39812 35250 3846 116 4562 2741 3730 31404 2688 28716 6921 1643 224 1821 499 1322 510 1016 974 814 160 2517 424 378 1304 372 932 610 5278 201 146 55 5077 4872 2330 2542 111389 126 205 322 131 339 110818 33658 6060 3703 3657 46 27598 2357 1563 794 22884 812 77160 1697 1429 4714
is_linear=0
shrinkage=0.05


Tree=103
num_leaves=63
num_cat=0
split_feature=12 3 3 3 15 10 3 3 2 3 2 1 2 14 15 3 10 3 11 2 1 10 1 3 3 3 3 10 10 11 15 3 3 3 3 3 10 12 3 15 10 2 3 3 5 2 15 5 5 3 15 1 3 3 11 2 10 10 1 3 9 1
split_gain=4.06215e+07 3.74804e+07 5.71617e+07 9.63326e+07 7.77245e+07 6.44531e+07 4.84807e+07 9.83028e+07 2.0888e+08 1.17852e+08 8.22152e+07 8.12219e+07 5.95544e+07 8.66292e+07 6.47205e+07 6.72579e+07 4.97562e+07 1.1443e+08 5.47714e+07 3.36902e+07 7.23834e+07 7.80289e+07 6.65058e+07 5.53638e+07 6.24196e+07 4.24034e+07 1.35201e+08 1.14619e+08 1.64387e+08 1.16792e+08 7.33274e+07 8.09608e+07 1.76521e+08 8.7986e+07 5.3969e+07 1.41944e+08 6.76707e+07 5.18807e+07 5.01483e+07 8.54199e+07 5.39059e+07 6.03232e+07 4.08713e+07 4.2905e+07 3.85982e+07 3.69545e+07 3.67225e+07 3.48013e+07 3.43474e+07 1.05187e+08 6.48134e+07 3.33223e+07 4.22364e+07 3.43096e+07 3.22929e+07 2.84021e+07 4.28028e+07 2.57189e+07 2.55611e+07 2.36757e+07 2.34203e+07 2.20338e+07
threshold=11882.280714285715 288.50000000000006 291.50000000000006 296.50000000000006 4879.1867463358958 5959.0800000000008 271.50000000000006 242.50000000000003 3.5000000000000004 240.50000000000003 2.5000000000000004 20.500000000000004 1.0000000180025095e-35 7990.1881666666677 6037.7917475630766 282.50000000000006 10339.960000000001 92.500000000000014 9000.0450000000019 5.5000000000000009 8.5000000000000018 12000.005000000003 18.500000000000004 274.50000000000006 134.50000000000003 283.50000000000006 277.50000000000006 5000.5750000000007 9999.9950000000008 10339.960000000001 3718.1762840000401 259.50000000000006 263.50000000000006 146.50000000000003 209.50000000000003 245.50000000000003 12000.005000000003 6263.9550000000008 320.50000000000006 1156.6349250147 12000.005000000003 1.5000000000000002 361.50000000000006 352.50000000000006 2023.5000000000002 2.5000000000000004 2322.9378294089297 2022.5000000000002 2023.5000000000002 216.50000000000003 1.0000000180025095e-35 3.5000000000000004 275.50000000000006 285.50000000000006 4539.2750000000005 3.5000000000000004 4800.4250000000011 8500.3950000000023 14.500000000000002 286.50000000000006 2.5000000000000004 5.5000000000000009
decision_type=2 2 2 2 2 2 2 2 2 2 2 2 2 2 2 2 2 2 2 2 2 2 2 2 2 2 2 2 2 2 2 2 2 2 2 2 2 2 2 2 2 2 2 2 2 2 2 2 2 2 2 2 2 2 2 2 2 2 2 2 2 2
left_child=19 6 5 4 -4 58 7 9 10 16 11 -9 13 -8 51 -16 17 -2 -18 25 -21 22 23 24 -22 26 30 37 44 -30 34 33 -33 -32 36 -36 -1 47 40 57 55 -42 43 -41 -29 -44 -25 -28 50 -50 -24 53 -53 -14 60 -27 -57 -40 -3 -17 -23 -7
right_child=1 2 3 -5 -6 61 12 8 -10 -11 -12 -13 14 -15 15 59 18 -19 -20 20 21 54 48 46 -26 38 27 28 29 -31 31 32 -34 -35 35 -37 -38 -39 39 42 41 -43 45 -45 -46 -47 -48 -49 49 -51 -52 52 -54 -55 -56 56 -58 -59 -60 -61 -62 -63
leaf_value=-0.60306134852175897 48.053534293283121 55.97132784756748 120.22151125872577 -40.612600067493531 4.0477024590969091 -84.683426634136012 17.187429707845052 -10.116190354882217 29.874744623748356 119.10271534795348 -162.80211176757814 -126.74784655253093 12.556430772145589 131.77864201136998 46.562935543968571 -91.099878376552056 -24.537211844116808 -28.823936797006809 5.2805402779847306 1.776383131765924 -3.0847515519053816 -56.883255042051658 -84.327571847098227 3.7393247293756326 -12.508018331661541 -1.9153754538134864 -3.414372253397925 58.340972908657299 14.424124191306255 -94.085378152407145 10.862320420844963 108.43892723798751 7.0674100913423494 -20.543952975452637 5.4309799608060629 -1.7902968209947467 26.678959007723293 78.02926285453465 -0.75858616882650121 8.830694443046724 0.91720613676926188 -101.09392131551107 -46.616006925664053 28.058244173920379 3.6370323779131919 2.0315771561990053 -13.294186394587157 13.362070964651862 3.6884820761696475 -34.330338647201145 3.7678045176973365 76.86323139648438 9.0443018571618534 78.365736909521388 -98.660487118530284 -4.3338048144957995 -16.574141455319705 -53.677333048944888 -16.77943059850622 -22.204758129882812 1.8197853679041711 -36.178635151999337
leaf_weight=73419 175 21 26 42 31 37 41 40 70 22 24 23 35 27 20 27 165 66 2133 8300 3139 38 20 1797 3994 9061 906 320 539 25 1606 63 131 258 14672 12690 227 22 13318 924 28 29 46 423 36 230 383 468 600 260 3648 24 287 46 24 3558 893 22 26 24 30 69
leaf_count=73419 175 21 26 42 31 37 41 40 70 22 24 23 35 27 20 27 165 66 2133 8300 3139 38 20 1797 3994 9061 906 320 539 25 1606 63 131 258 14672 12690 227 22 13318 924 28 29 46 423 36 230 383 468 600 260 3648 24 287 46 24 3558 893 22 26 24 30 69
internal_value=0.0020292 5.32769 -13.2134 16.2917 58.1985 -32.2867 6.76941 4.06598 -34.2131 6.42509 -85.5315 -54.0112 20.5736 63.9374 14.0808 -29.5569 5.40225 26.9678 3.12984 -0.117412 -1.91984 -4.12168 -3.81469 -6.23119 -8.36216 0.181847 0.644805 12.5893 26.281 9.45629 0.37628 9.71727 40.3743 6.50663 0.185866 2.08194 -0.518608 3.55379 -1.52803 0.468139 -3.72916 -51.8313 11.2952 14.8851 52.8348 -6.21535 0.742014 2.30543 1.15575 -7.8321 3.2646 22.0396 14.5075 50.4296 -49.7693 -3.52242 -6.79274 -0.849876 16.215 -59.7292 -31.3337 -53.7428
internal_weight=159648 3501 252 99 57 153 3249 2718 157 2561 87 63 531 68 463 71 2539 241 2298 156147 22233 13933 13841 9313 7133 133914 105382 2316 920 564 103066 2058 194 1864 101008 27362 73646 1396 28532 14963 13569 57 1623 1347 356 276 2180 1374 4528 860 3668 392 311 81 92 13512 4451 13340 47 51 68 106
internal_count=159648 3501 252 99 57 153 3249 2718 157 2561 87 63 531 68 463 71 2539 241 2298 156147 22233 13933 13841 9313 7133 133914 105382 2316 920 564 103066 2058 194 1864 101008 27362 73646 1396 28532 14963 13569 57 1623 1347 356 276 2180 1374 4528 860 3668 392 311 81 92 13512 4451 13340 47 51 68 106
is_linear=0
shrinkage=0.05


Tree=104
num_leaves=63
num_cat=0
split_feature=7 9 4 10 14 10 11 4 0 11 14 0 8 5 11 4 0 10 11 10 5 14 13 14 5 10 0 2 4 4 5 5 10 4 10 14 11 2 14 10 2 5 10 2 11 11 8 14 10 8 4 2 4 11 13 2 11 5 0 13 2 0
split_gain=4.60738e+07 5.97411e+07 4.62089e+07 1.67915e+08 4.43584e+07 5.3426e+07 4.4941e+07 4.34429e+07 1.12619e+08 7.94605e+07 6.36796e+07 5.1491e+07 4.3068e+07 5.12939e+07 4.10616e+07 3.34776e+07 3.3258e+07 3.66095e+07 6.90483e+07 3.39266e+07 8.20641e+07 3.65331e+07 3.02447e+07 3.65898e+07 2.98793e+07 3.47867e+07 3.22864e+07 2.98446e+07 2.94584e+07 7.83566e+07 1.67974e+08 1.12119e+08 1.00806e+08 5.13353e+07 9.53536e+07 1.5339e+08 7.83004e+07 1.10523e+08 7.00715e+07 5.22915e+07 2.87027e+07 2.9373e+07 2.86679e+07 5.68318e+07 4.95277e+07 2.52033e+07 2.40419e+07 2.30662e+07 6.5994e+07 2.10842e+07 4.95863e+07 2.78316e+07 2.05248e+07 3.13187e+07 1.92752e+07 2.9036e+07 2.4449e+07 1.7972e+07 1.78662e+07 1.59177e+07 1.54222e+07 1.53183e+07
threshold=1.0000000180025095e-35 1.5000000000000002 3.5000000000000004 10000.005000000003 8249.6408333333366 3350.0250000000005 3225.8050000000007 8.5000000000000018 79.500000000000014 3499.0250000000005 9841.6456666666691 69.500000000000014 2.5000000000000004 2022.5000000000002 8192.8100000000031 10.500000000000002 75.500000000000014 9200.3700000000008 7680.0700000000006 9789.2000000000025 2021.5000000000002 9221.3508333333357 5336.2109027648903 7829.4418333333342 2023.5000000000002 3517.5500000000006 6.5000000000000009 1.0000000180025095e-35 7.5000000000000009 8.5000000000000018 2023.5000000000002 2020.5000000000002 5000.5750000000007 4.5000000000000009 6998.2500000000009 7133.0841666666684 9999.9950000000008 4.5000000000000009 6733.2506666666677 8195.4400000000023 4.5000000000000009 2021.5000000000002 6998.2500000000009 3.5000000000000004 6548.3200000000006 17561.605000000003 1.5000000000000002 5064.5160000000005 10339.960000000001 1.5000000000000002 7.5000000000000009 2.5000000000000004 9.5000000000000018 5000.1850000000004 1015.0854406688892 2.5000000000000004 5499.0550000000012 2020.5000000000002 59.500000000000007 260.62772320628989 3.5000000000000004 79.500000000000014
decision_type=2 2 2 2 2 2 2 2 2 2 2 2 2 2 2 2 2 2 2 2 2 2 2 2 2 2 2 2 2 2 2 2 2 2 2 2 2 2 2 2 2 2 2 2 2 2 2 2 2 2 2 2 2 2 2 2 2 2 2 2 2 2
left_child=4 24 3 54 22 -6 -7 9 11 58 -10 -9 16 40 -11 61 17 46 -19 21 -21 -18 28 27 45 59 -27 -24 33 30 31 -30 -32 36 38 -36 39 -38 -35 -1 41 -14 44 -44 -31 47 -4 48 -2 51 -51 -49 53 -29 55 -3 -57 -42 -8 -26 -54 -15
right_child=1 2 12 -5 5 6 7 8 10 14 -12 -13 13 15 -16 -17 19 18 -20 20 -22 -23 23 -25 25 26 -28 52 29 42 32 -33 -34 34 35 -37 37 -39 -40 -41 57 -43 43 -45 -46 -47 -48 49 -50 50 -52 -53 60 -55 -56 56 -58 -59 -60 -61 -62 -63
leaf_value=0.48058979181527051 0.21006887173750269 -21.276670244293555 1.769890690345665 -141.02519788469587 -14.640251060838033 -36.507946484221357 31.727230219985501 -6.6945275235635329 -5.0495128508060869 9.138506100848387 -26.026417069567987 9.8708663178078151 -5.6973724752407007 -46.014141095669117 2.6648489665318271 -5.4023563345805883 5.7373290901728256 -98.490873219807952 -7.5056731785365516 106.30090744301127 12.039222333007064 -38.815565242767342 82.255047439228406 -28.420141926356731 8.7394147034904428 45.640222838355832 11.491198586986657 -31.458422962910426 -1.8003933909654366 -0.24638773439823403 -5.3708463790170304 10.334518989262108 -48.393662464259421 -1.9508575419470011 -23.719151993800935 1.0547221548652495 -3.41401479549741 -33.725407582240017 8.8571060125920322 8.322901171812644 -9.3849389572241879 -32.64577753622779 -1.9878786366578514 9.8007097044518261 -8.227056646985627 49.52790547688803 -10.263447315324868 -15.308024144865456 87.266632440740423 -50.260840035001912 -8.3572490538039457 9.0937938537154093 76.634819045293895 27.422617922486936 -28.543643209430151 -1.050091640574873 51.602357974582254 18.435410387894205 85.758538700450558 -16.091768773318137 24.182988983790082 -11.775765780006967
leaf_weight=35255 2075 181 888 27 443 71 32 622 1472 3228 479 1900 336 200 10153 96 348 29 69 26 162 52 21 34 113 82 425 36 2592 39020 2026 7162 145 32598 1273 1226 1488 376 1571 2261 96 144 2102 1989 2045 23 778 190 21 82 477 300 20 57 174 120 26 144 32 148 47 40
leaf_count=35255 2075 181 888 27 443 71 32 622 1472 3228 479 1900 336 200 10153 96 348 29 69 26 162 52 21 34 113 82 425 36 2592 39020 2026 7162 145 32598 1273 1226 1488 376 1571 2261 96 144 2102 1989 2045 23 778 190 21 82 477 300 20 57 174 120 26 144 32 148 47 40
internal_value=0.0018785 -3.72758 -8.08251 -21.8337 0.195333 2.49436 2.91711 3.07536 -1.19285 4.49533 -10.2104 5.78431 -5.94627 -14.3298 4.2271 -30.4323 -2.17777 -5.61015 -35.1528 8.11142 25.5689 -0.136888 -0.122475 18.5721 0.628306 9.46946 17.0933 27.5071 -0.152805 0.705679 4.31038 7.10997 -8.26528 -0.797178 -2.14341 -11.5696 0.456365 -9.54314 -1.45369 0.953437 -6.78344 -13.833 -0.24634 3.7446 -0.644009 -1.51731 -3.8523 -1.90624 1.1235 -7.95526 -14.5829 -0.380032 19.8551 4.53771 -15.142 -7.94558 8.61359 7.31448 59.6467 -5.34876 40.7371 -40.3803
internal_weight=159648 7872 3936 528 151776 18432 17989 17918 4473 13445 1951 2522 3408 1056 13381 336 2352 1764 98 588 188 400 133344 215 3936 768 507 181 133129 57081 11925 9754 2171 76048 36668 2499 39380 1864 34169 37516 720 480 45156 4091 41065 3168 1666 3145 2096 1049 559 490 160 93 501 327 146 240 64 261 67 240
internal_count=159648 7872 3936 528 151776 18432 17989 17918 4473 13445 1951 2522 3408 1056 13381 336 2352 1764 98 588 188 400 133344 215 3936 768 507 181 133129 57081 11925 9754 2171 76048 36668 2499 39380 1864 34169 37516 720 480 45156 4091 41065 3168 1666 3145 2096 1049 559 490 160 93 501 327 146 240 64 261 67 240
is_linear=0
shrinkage=0.05


Tree=105
num_leaves=63
num_cat=0
split_feature=0 3 13 13 0 15 10 4 3 3 3 3 10 5 11 3 11 14 0 2 12 2 10 11 2 0 15 11 12 14 11 2 2 3 3 3 0 3 2 5 13 10 2 3 3 3 3 0 3 11 10 11 5 3 13 14 3 14 11 3 14 11
split_gain=3.87857e+07 7.09091e+07 9.26301e+07 6.08837e+07 6.57996e+07 4.12748e+07 8.06416e+07 4.64389e+07 2.12832e+08 1.6297e+08 1.22308e+08 1.25454e+08 7.52702e+07 5.4383e+07 3.4694e+07 9.75761e+07 5.80312e+07 3.60844e+07 3.0458e+07 5.43867e+07 5.98416e+07 5.27029e+07 4.0341e+07 4.12901e+07 3.83867e+07 9.38747e+07 7.13371e+07 6.71663e+07 9.79267e+07 6.07543e+07 4.75721e+07 1.78013e+08 1.447e+08 1.38419e+08 1.82598e+08 6.12701e+07 4.66834e+07 4.46935e+07 3.6126e+07 3.61046e+07 6.61663e+07 8.39111e+07 3.87363e+07 3.86441e+07 8.71625e+07 8.09082e+07 3.55808e+07 3.25857e+07 2.99368e+07 2.65303e+07 2.59992e+07 6.37986e+07 2.64073e+07 2.25825e+07 4.33538e+07 4.12232e+07 2.74087e+07 2.64559e+07 2.47854e+07 2.21091e+07 1.93582e+07 1.84886e+07
threshold=73.500000000000014 293.50000000000006 1.0000000180025095e-35 5336.2109027648903 79.500000000000014 2302.9400117846303 12000.005000000003 8.5000000000000018 236.50000000000003 232.50000000000003 259.50000000000006 263.50000000000006 12000.005000000003 2022.5000000000002 17561.605000000003 294.50000000000006 12000.005000000003 12197.029 5.5000000000000009 1.0000000180025095e-35 13619.525 4.5000000000000009 3605.8850000000007 2599.5750000000003 5.5000000000000009 37.500000000000007 3718.1762840000401 3685.1650000000004 10000.04642857143 10778.288500000002 14498.490000000002 4.5000000000000009 3.5000000000000004 90.500000000000014 281.50000000000006 287.50000000000006 9.5000000000000018 351.50000000000006 2.5000000000000004 2023.5000000000002 2273.1633680189375 6490.0200000000013 3.5000000000000004 203.50000000000003 112.50000000000001 242.50000000000003 230.50000000000003 65.500000000000014 297.50000000000006 17561.605000000003 10000.005000000003 10339.960000000001 2021.5000000000002 176.50000000000003 2617.0922850036491 9464.6668333333346 257.50000000000006 9065.5350000000017 3562.4450000000002 264.50000000000006 12197.029 5999.2850000000008
decision_type=2 2 2 2 2 2 2 2 2 2 2 2 2 2 2 2 2 2 2 2 2 2 2 2 2 2 2 2 2 2 2 2 2 2 2 2 2 2 2 2 2 2 2 2 2 2 2 2 2 2 2 2 2 2 2 2 2 2 2 2 2 2
left_child=18 3 -3 5 -5 6 50 8 9 -7 12 -12 -9 -10 16 -16 17 48 19 53 22 38 -21 -24 30 60 29 28 -28 37 39 32 36 -33 -35 -34 -32 -27 -22 43 42 -42 -41 44 -20 -45 -25 -29 -4 -6 52 -52 -2 54 57 56 58 61 -55 -58 -26 -1
right_child=1 2 14 4 49 7 -8 10 13 -11 11 -13 -14 -15 15 -17 -18 -19 24 20 21 -23 23 46 25 26 27 47 -30 -31 31 33 35 34 -36 -37 -38 -39 -40 40 41 -43 -44 45 -46 -47 -48 -49 -50 -51 51 -53 -54 55 -56 -57 59 -59 -60 -61 -62 -63
leaf_value=-3.5609590666512263 -0.34572662597715431 -85.560524893367997 -16.786072326689013 105.37954766240614 60.568060498918811 6.8485695074635844 -80.727033002217624 -12.447641203361369 53.285210817899866 -40.176904992008708 43.217358337727461 2.3991935244249967 -104.09321909033734 9.4915584175637431 37.733479886262323 -96.907700599901602 58.325799690637837 -42.458597834403058 1.5997866262973937 0.11948864331951606 33.949223518188191 -7.344771270751953 57.586109614849093 9.573675413289072 1.2790835510895171 -6.2020803540330611 -29.477705117739163 -28.383315692280618 79.564853985595718 -88.714770729758527 43.442021939413891 44.91704229990642 57.125904121679412 -148.54066624269646 -19.594267127558872 -22.222696618726175 -24.162906739775337 13.883324504463515 120.87097590332033 0.13037013019193933 -3.8625336735775839 -36.985091602825882 -4.9242616813607718 5.5473027805388764 -3.018043964282707 0.11971541062838434 -0.94714870048788713 -86.203328247978575 -1.6885543001808796 -7.5960193871392141 -25.267324155171714 2.9782565130922056 3.250178070792316 -6.2190104702802813 50.360184801101688 -65.755504930223751 39.291510778896274 21.939947490692141 -33.761034069259964 -4.6911972609644073 -41.939126363900996 -29.352098707106059
leaf_weight=458 9144 33 346 28 20 5213 29 905 304 190 219 1305 22 93 22 32 38 56 19712 4545 25 28 39 2762 7559 7981 116 42 24 21 27 23 118 58 52 30 299 286 24 11381 519 302 5682 9044 21216 28505 1133 62 6117 44 311 556 11559 155 39 34 30 88 173 364 25 81
leaf_count=458 9144 33 346 28 20 5213 29 905 304 190 219 1305 22 93 22 32 38 56 19712 4545 25 28 39 2762 7559 7981 116 42 24 21 27 23 118 58 52 30 299 286 24 11381 519 302 5682 9044 21216 28505 1133 62 6117 44 311 556 11559 155 39 34 30 88 173 364 25 81
internal_value=0.00177542 1.43107 -3.24152 2.46797 42.8615 2.34204 1.19278 5.35001 7.78811 5.18776 -0.420284 8.28929 -14.7324 43.0759 -2.81774 -42.3651 -2.48563 -2.849 -0.423158 2.22482 3.72982 47.3264 3.32838 7.03467 -0.656821 -2.91641 -6.51392 -33.1064 -10.3529 -5.72713 -0.281253 -14.2234 0.161218 -65.1074 -88.3099 41.0005 -18.448 -5.50562 78.0892 -0.193281 -2.22062 -16.0766 -1.55302 0.268747 -0.793991 1.42711 6.51386 -63.3457 -2.49928 14.3093 1.30666 -7.1711 1.66202 -6.82683 -0.111371 -12.7349 -10.1505 -3.32595 -20.8042 -1.25125 1.13111 -7.484
internal_weight=159648 36586 6644 29942 92 29850 21599 8251 5800 5403 2451 1524 927 397 6611 54 6557 6519 123062 9978 8556 77 8479 3934 113084 16116 8532 244 140 8288 96968 607 474 133 110 148 326 8267 49 96361 17884 821 17063 78477 40928 37549 3895 104 6463 64 21570 867 20703 1422 666 756 722 627 328 394 7584 539
internal_count=159648 36586 6644 29942 92 29850 21599 8251 5800 5403 2451 1524 927 397 6611 54 6557 6519 123062 9978 8556 77 8479 3934 113084 16116 8532 244 140 8288 96968 607 474 133 110 148 326 8267 49 96361 17884 821 17063 78477 40928 37549 3895 104 6463 64 21570 867 20703 1422 666 756 722 627 328 394 7584 539
is_linear=0
shrinkage=0.05


Tree=106
num_leaves=63
num_cat=0
split_feature=7 3 10 3 0 2 3 3 3 3 9 14 10 8 3 4 10 10 0 14 3 2 2 3 10 14 13 9 10 5 3 14 13 14 3 3 14 2 3 14 10 13 13 2 3 3 3 3 5 14 2 13 0 3 3 5 3 10 14 10 10 3
split_gain=4.27031e+07 5.67816e+07 1.57686e+08 9.23009e+07 5.77153e+07 6.63059e+07 6.44742e+07 4.63473e+07 6.80443e+07 6.46175e+07 3.98151e+07 4.50179e+07 5.68692e+07 6.65126e+07 4.19233e+07 7.58907e+07 1.64022e+08 9.01722e+07 7.25352e+07 7.11162e+07 6.00236e+07 4.66966e+07 1.39024e+08 8.75806e+07 8.45529e+07 6.85501e+07 5.69672e+07 3.69378e+07 3.68187e+07 3.55568e+07 7.04269e+07 3.1575e+07 3.07329e+07 2.99602e+07 2.85896e+07 6.60912e+07 1.38574e+08 6.61826e+07 9.6652e+07 2.13177e+08 8.47873e+07 5.51418e+07 4.4466e+07 1.83702e+08 3.92402e+07 1.13408e+08 1.46598e+08 1.14628e+08 8.09366e+07 6.37241e+07 6.01012e+07 8.2417e+07 8.26072e+07 5.8804e+07 5.65348e+07 4.70327e+07 4.57441e+07 3.6158e+07 7.32835e+07 3.38884e+07 3.34871e+07 2.73569e+07
threshold=1.0000000180025095e-35 88.500000000000014 11126.180000000002 90.500000000000014 31.500000000000004 3.5000000000000004 76.500000000000014 178.50000000000003 198.50000000000003 168.50000000000003 3.5000000000000004 6733.2506666666677 11126.180000000002 1.5000000000000002 190.50000000000003 8.5000000000000018 5499.0550000000012 12000.005000000003 77.500000000000014 9841.6456666666691 298.50000000000006 1.5000000000000002 1.0000000180025095e-35 188.50000000000003 9000.0450000000019 10377.680500000002 4154.2107688728292 1.0000000180025095e-35 3752.5650000000005 2022.5000000000002 230.50000000000003 2867.9126666666671 3422.1483359915333 8249.6408333333366 112.50000000000001 96.500000000000014 4300.6758333333337 1.5000000000000002 94.500000000000014 5958.8993333333347 12000.005000000003 820.5163622521959 1657.2877496455205 4.5000000000000009 218.50000000000003 230.50000000000003 227.50000000000003 228.50000000000003 2022.5000000000002 9137.9141666666692 2.5000000000000004 738.05182631064702 8.5000000000000018 144.50000000000003 192.50000000000003 2023.5000000000002 142.50000000000003 9000.0450000000019 5193.6086666666679 11999.985000000002 4500.4050000000007 232.50000000000003
decision_type=2 2 2 2 2 2 2 2 2 2 2 2 2 2 2 2 2 2 2 2 2 2 2 2 2 2 2 2 2 2 2 2 2 2 2 2 2 2 2 2 2 2 2 2 2 2 2 2 2 2 2 2 2 2 2 2 2 2 2 2 2 2
left_child=10 2 4 27 5 -2 -7 9 28 -5 34 12 32 -14 21 16 33 -18 20 -20 -17 22 25 26 -24 -13 -23 -3 -9 30 -10 -31 -12 -16 35 37 41 38 40 -40 -1 60 -39 -44 50 46 48 -48 -46 55 53 59 -53 56 -55 -47 -36 58 -38 -52 -37 -51
right_child=1 3 -4 7 -6 6 -8 8 29 -11 11 14 13 -15 15 18 17 -19 19 -21 -22 23 24 -25 -26 -27 -28 -29 -30 31 -32 -33 -34 -35 44 36 57 42 39 -41 -42 -43 43 -45 45 49 47 -49 -50 61 51 52 -54 54 -56 -57 -58 -59 -60 -61 -62 -63
leaf_value=-2.1146984589818167 -5.5411886817161173 62.741993283785305 -118.13532559924654 0.95212865974647853 -20.444821698738387 4.483963193712813 107.56367356925176 -12.025343647003176 -15.423842045708628 42.648740877761057 0.27427187838860972 1.3577624362428984 4.7357003008524572 -68.513680244885947 32.997202333474569 19.316563227839083 8.7894058928910823 72.171352575894062 2.2699309565828352 -18.30971051229491 1.6564901250026389 3.7674932547889508 -44.162195526524222 -57.525826148317577 -8.9148800607764205 40.109816380899851 38.110459954986574 16.264972531019257 -55.915679399518687 -27.64579395340408 3.1488450495966425 -7.7537361198270007 48.584184667413894 78.446809438599473 -2.4657383215503241 -0.89009028782031197 8.387594663941762 0.81405902254005214 -2.5131631937604961 -103.38049445053201 -52.020251563343891 -28.77951018961738 18.728691890782834 -8.2616181360068577 -4.0170672420934777 0.42196027062374447 54.662266982126042 15.291331025539117 12.063662723185034 41.832411594958536 -1.9488098619633321 3.2839903252951403 -10.59863400558374 4.8539343678471933 -2.2995027993172337 -4.459575003671115 -18.616339174919215 9.5909281491715443 34.883875959580614 10.156046070388953 22.564178093635231 -16.106272298031833
leaf_weight=8235 213 64 35 2208 556 32 28 92 672 96 13730 599 59 64 58 960 1754 57 1742 552 964 3569 270 56 459 140 124 128 100 235 2112 1301 32 107 4960 2293 491 18507 164 76 85 169 1553 1060 1840 40236 240 800 1360 20 15918 1320 5683 7920 4240 5623 480 1127 558 599 162 761
leaf_count=8235 213 64 35 2208 556 32 28 92 672 96 13730 599 59 64 58 960 1754 57 1742 552 964 3569 270 56 459 140 124 128 100 235 2112 1301 32 107 4960 2293 491 18507 164 76 85 169 1553 1060 1840 40236 240 800 1360 20 15918 1320 5683 7920 4240 5623 480 1127 558 599 162 761
internal_value=0.00160986 -3.58883 -15.6753 -2.0967 -11.2124 7.59673 53.5627 -3.06178 -6.00761 2.70724 0.187854 1.99864 0.0864225 -33.6229 4.32523 7.10628 15.1899 10.823 3.31665 -2.68792 10.4736 1.02264 -6.53414 3.98261 -22.0121 8.74344 4.93063 32.0022 -35.0562 -4.70875 -1.33814 -10.8131 0.390126 62.7656 -0.174316 1.05359 6.49634 0.173176 -3.53526 -34.7509 -2.63074 -1.24054 1.67631 7.78072 -0.634522 0.293793 8.12195 24.4207 2.81888 -0.418017 -1.78316 -3.43667 -7.98179 0.426613 2.35966 -0.176673 -3.89395 15.8224 22.5017 -1.50923 0.66616 -14.571
internal_weight=159648 7872 864 7008 829 273 60 6816 4512 2304 151776 25296 13885 123 11411 6194 1976 1811 4218 2294 1924 5217 1468 3749 729 739 3693 192 192 4320 2784 1536 13762 165 126480 34480 4800 29680 8560 240 8320 2624 21120 2613 92000 50880 4240 1040 3200 46640 41120 23520 7003 17600 12160 45859 5440 2176 1049 16517 2455 781
internal_count=159648 7872 864 7008 829 273 60 6816 4512 2304 151776 25296 13885 123 11411 6194 1976 1811 4218 2294 1924 5217 1468 3749 729 739 3693 192 192 4320 2784 1536 13762 165 126480 34480 4800 29680 8560 240 8320 2624 21120 2613 92000 50880 4240 1040 3200 46640 41120 23520 7003 17600 12160 45859 5440 2176 1049 16517 2455 781
is_linear=0
shrinkage=0.05


Tree=107
num_leaves=63
num_cat=0
split_feature=7 9 12 2 2 4 4 13 0 4 0 13 4 10 8 5 9 9 12 10 11 9 11 0 10 2 15 4 4 10 12 2 11 0 2 4 0 13 13 2 5 10 2 2 5 2 2 2 13 0 12 13 10 10 10 11 11 13 4 11 11 2
split_gain=3.85439e+07 5.13161e+07 3.8561e+07 8.8019e+07 1.07678e+08 7.44413e+07 1.64064e+08 6.02519e+07 5.93357e+07 5.17496e+07 4.53947e+07 3.95393e+07 3.81528e+07 1.44032e+08 3.84412e+07 4.34019e+07 3.7892e+07 3.73513e+07 3.41211e+07 3.49778e+07 3.34418e+07 3.14183e+07 5.0487e+07 5.80721e+07 8.37601e+07 9.81828e+07 4.52694e+07 4.01979e+07 7.77029e+07 8.45142e+07 7.27594e+07 4.99266e+07 6.38991e+07 3.12419e+07 3.02446e+07 2.98188e+07 2.81299e+07 2.7477e+07 3.79316e+07 9.2831e+07 2.62656e+07 3.01827e+07 5.82165e+07 2.61964e+07 2.6497e+07 2.53243e+07 2.47481e+07 7.86778e+07 7.86874e+07 7.08912e+07 5.62865e+07 2.45978e+07 2.35326e+07 2.33937e+07 2.32329e+07 3.00857e+07 2.31602e+07 2.27069e+07 2.24841e+07 2.08502e+07 2.06879e+07 1.97418e+07
threshold=1.0000000180025095e-35 1.5000000000000002 13619.525 4.5000000000000009 3.5000000000000004 3.5000000000000004 8.5000000000000018 2816.7266775029052 91.500000000000014 8.5000000000000018 65.500000000000014 2528.2985916037264 3.5000000000000004 10000.005000000003 2.5000000000000004 2022.5000000000002 1.0000000180025095e-35 1.0000000180025095e-35 9158.5578571428578 10000.005000000003 8700.3950000000023 3.5000000000000004 14498.490000000002 30.500000000000004 9000.0450000000019 4.5000000000000009 2302.9400117846303 6.5000000000000009 8.5000000000000018 14498.490000000002 6350.3135714285718 1.5000000000000002 4000.4550000000004 75.500000000000014 1.5000000000000002 10.500000000000002 83.500000000000014 5336.2109027648903 3422.1483359915333 1.5000000000000002 2023.5000000000002 5000.1950000000006 2.5000000000000004 4.5000000000000009 2021.5000000000002 5.5000000000000009 1.0000000180025095e-35 1.5000000000000002 2305.6550727788604 78.500000000000014 10000.04642857143 665.95641905181185 4405.1050000000005 9999.9950000000008 7999.3850000000011 17561.605000000003 17561.605000000003 565.98752809840687 8.5000000000000018 9200.6350000000002 9789.3250000000025 2.5000000000000004
decision_type=2 2 2 2 2 2 2 2 2 2 2 2 2 2 2 2 2 2 2 2 2 2 2 2 2 2 2 2 2 2 2 2 2 2 2 2 2 2 2 2 2 2 2 2 2 2 2 2 2 2 2 2 2 2 2 2 2 2 2 2 2 2
left_child=2 40 21 4 8 -5 16 -8 11 -6 -9 17 13 -3 18 43 -7 -4 19 -14 -13 22 37 54 34 -26 46 31 30 -30 -29 32 -28 59 -25 -17 -33 38 53 -40 56 51 57 44 -16 -39 49 48 -48 50 -23 52 -42 -1 -24 -56 -2 -43 -51 -20 -35 -54
right_child=1 12 3 5 9 6 7 10 -10 -11 -12 20 14 -15 15 35 -18 -19 33 -21 -22 26 23 24 25 -27 27 28 29 -31 -32 36 -34 60 -36 -37 -38 45 39 -41 41 42 -44 -45 -46 -47 47 -49 -50 58 -52 -53 61 -55 55 -57 -58 -59 -60 -61 -62 -63
leaf_value=-0.30509265325611457 -1.7570442423131138 -13.744007927359812 21.808575067520142 40.745912674884408 104.3548582903544 -49.834082482944837 -64.94398026989353 63.283149740045729 69.030062451917075 18.955537635540139 -4.6539067710306226 -18.923262237555843 -3.2167515818627646 -130.3300327886854 -5.4903476713885198 -37.625613818504995 -140.38110921059885 -45.256058491388956 -47.327703011830657 -52.935899742974179 18.871832167895672 11.972848355368027 -14.36873175226077 -43.023222069170941 -22.343889694139364 -151.19135566974509 72.91849290267281 53.513344228050926 4.9847365031906392 -49.212446804562127 14.383485948074949 2.5110627517503854 -11.57109913818018 74.08804405905984 -0.47808919246707648 -4.6203642852035989 18.855622926792279 32.984434780463197 -33.144145151976744 -0.28402011331637073 4.2521478460488336 15.851812008666991 1.2043726793307705 6.9853911897441172 -31.085870478038132 -8.0274863638196674 -5.9018864684239887 1.2558134273560422 -39.929148729876744 1.9611344982558414 59.398862806291724 -18.346542249394357 12.419703158101727 2.1392485953966012 -4.9191087104593008 50.127143099466963 47.548211952845264 74.329601383532506 -11.57463431637408 5.8298805787563328 21.489904957503725 74.504307295757798
leaf_weight=113535 3145 501 31 48 50 21 30 32 42 28 96 67 2056 27 336 240 30 59 23 35 426 967 98 66 31 28 22 131 2577 73 1209 1781 844 21 111 96 308 116 299 758 426 24 102 240 144 55 2384 12886 182 1046 66 106 30 10711 55 44 23 58 433 79 138 22
leaf_count=113535 3145 501 31 48 50 21 30 32 42 28 96 67 2056 27 336 240 30 59 23 35 426 967 98 66 31 28 22 131 2577 73 1209 1781 844 21 111 96 308 116 299 758 426 24 102 240 144 55 2384 12886 182 1046 66 106 30 10711 55 44 23 58 433 79 138 22
internal_value=0.00156355 -3.40955 0.178505 10.1625 19.3098 -14.8371 -27.7358 -2.36697 12.3359 74.3268 12.6892 8.1404 -7.44575 -19.9409 -5.5046 -13.425 -104.772 -22.1702 -1.94432 -4.07388 13.7075 0.114887 -0.206107 -17.2303 -33.9058 -84.9926 1.73735 5.16518 8.43816 3.47376 18.2459 0.74447 -9.34308 15.067 -16.495 -28.2373 4.92876 -0.147221 -0.174633 -9.60191 0.62751 8.91679 26.5178 -6.48297 -13.2177 19.8235 0.411912 -0.336463 -8.32997 5.01367 15.0575 3.33539 8.17179 -0.0943553 2.81685 19.8025 -1.38419 57.6114 -2.00681 -6.4997 28.8565 39.5965
internal_weight=159648 7872 151776 960 703 257 209 158 625 78 128 583 3936 528 3408 1056 51 90 2352 2091 493 150816 125907 433 236 59 24909 6945 3990 2650 1340 2955 866 261 177 336 2089 125474 125303 1057 3936 768 184 720 480 171 17964 15452 2566 2512 1033 584 478 124246 197 99 3168 82 1479 102 159 52
internal_count=159648 7872 151776 960 703 257 209 158 625 78 128 583 3936 528 3408 1056 51 90 2352 2091 493 150816 125907 433 236 59 24909 6945 3990 2650 1340 2955 866 261 177 336 2089 125474 125303 1057 3936 768 184 720 480 171 17964 15452 2566 2512 1033 584 478 124246 197 99 3168 82 1479 102 159 52
is_linear=0
shrinkage=0.05


Tree=108
num_leaves=63
num_cat=0
split_feature=7 3 12 3 0 2 3 3 3 12 2 2 14 3 3 13 0 3 3 3 3 0 0 3 9 5 3 11 2 0 0 13 14 12 3 0 2 2 13 0 13 13 13 11 2 2 0 11 13 3 3 3 9 3 13 13 3 0 3 5 12 12
split_gain=3.47866e+07 4.84941e+07 9.22159e+07 8.35139e+07 4.39166e+07 4.3996e+07 4.01878e+07 6.19454e+07 5.54436e+07 3.48064e+07 7.9644e+07 9.74252e+07 7.00865e+07 6.73658e+07 1.48619e+08 5.45654e+07 5.3703e+07 7.67126e+07 4.11126e+07 2.79274e+08 6.79369e+07 4.10936e+07 3.47422e+07 3.26778e+07 3.14454e+07 3.13384e+07 6.41141e+07 4.15588e+07 2.95423e+07 6.87055e+07 6.70804e+07 8.52195e+07 1.24646e+08 4.30707e+07 4.13576e+07 3.87169e+07 4.86584e+07 1.76929e+08 1.54954e+08 1.01356e+08 7.16864e+07 5.16851e+07 5.053e+07 4.0444e+07 6.85652e+07 6.4279e+07 6.3872e+07 3.2767e+07 3.12979e+07 3.07431e+07 1.39096e+08 4.33211e+07 2.82377e+07 2.61118e+07 2.44491e+07 2.32555e+07 2.26501e+07 2.15342e+07 1.98837e+07 2.11421e+07 1.97548e+07 1.7862e+07
threshold=1.0000000180025095e-35 88.500000000000014 11411.227142857142 90.500000000000014 36.500000000000007 3.5000000000000004 178.50000000000003 198.50000000000003 168.50000000000003 13619.525 4.5000000000000009 3.5000000000000004 10000.133666666668 90.500000000000014 246.50000000000003 2816.7266775029052 91.500000000000014 94.500000000000014 271.50000000000006 244.50000000000003 284.50000000000006 65.500000000000014 76.500000000000014 76.500000000000014 1.0000000180025095e-35 2022.5000000000002 230.50000000000003 2750.7150000000006 5.5000000000000009 25.500000000000004 78.500000000000014 699.88923257459498 10578.665666666669 11882.280714285715 30.500000000000004 63.500000000000007 1.0000000180025095e-35 1.5000000000000002 2952.9953579360567 79.500000000000014 1657.2877496455205 3118.8938789861763 642.59031096941737 12000.005000000003 4.5000000000000009 1.5000000000000002 33.500000000000007 7500.5850000000009 2760.7646982802116 168.50000000000003 166.50000000000003 146.50000000000003 1.0000000180025095e-35 76.500000000000014 5336.2109027648903 3422.1483359915333 66.500000000000014 55.500000000000007 114.50000000000001 2023.5000000000002 4224.6857142857143 6730.5171428571439
decision_type=2 2 2 2 2 2 2 2 2 2 2 2 2 2 2 2 2 2 2 2 2 2 2 2 2 2 2 2 2 2 2 2 2 2 2 2 2 2 2 2 2 2 2 2 2 2 2 2 2 2 2 2 2 2 2 2 2 2 2 2 2 2
left_child=9 2 4 24 5 56 8 52 58 28 11 16 -13 -12 22 -16 18 -18 19 -11 -20 -17 -15 -7 -3 26 -9 -27 35 49 31 32 -31 48 -33 43 39 38 -38 42 -39 -41 -37 54 45 -45 -46 -35 -32 50 51 -30 -8 -6 55 -1 -2 -56 -5 -60 -58 -55
right_child=1 3 -4 6 53 23 7 25 -10 10 13 12 -14 14 15 21 17 -19 20 -21 -22 -23 -24 -25 -26 27 -28 -29 29 30 33 34 -34 47 -36 36 37 40 -40 41 -42 -43 -44 44 46 -47 -48 -49 -50 -51 -52 -53 -54 61 57 -57 60 -59 59 -61 -62 -63
leaf_value=-0.089120909370276641 6.5987670039291118 58.943257690503039 -105.38524210611979 -2.8358545515858551 -12.524357206341904 6.3837232541410547 -60.147768995092463 -14.557405708406513 39.591536966500826 9.0581263734254627 38.750194291095347 116.08702268646985 21.149118845157137 -132.42222859025 -61.801529014341298 60.214876172614822 134.01393078031995 0.39269327578337299 59.520319653952996 -169.03537001291909 5.9620349365944092 -4.4236107506211271 -45.131213002886099 75.573467681407934 16.04375380860743 -33.567380462601271 3.1633227195118594 -7.1364626165235423 3.1501756322583421 -1.4920545612669562 2.4736855947172858 3.9138490815380425 -78.437195376989976 86.555167302670696 -12.503008796451292 4.6128264855373509 -4.6900725141084285 1.1668505653176695 -43.578352149160281 0.26169334795039351 6.892056433363587 -44.40540694496849 16.694156302829246 -37.251919232989671 -14.391280564741656 8.3411558776578527 -94.887779748336129 18.997093278731423 -20.993343782553804 -0.27296070548162782 119.92148534704138 21.195571823151084 -19.420130827316019 -29.931870841853819 6.5936117553710929 -9.9429358268105368 -4.938525535906515 63.382390864236015 4.0976981195826836 28.88041146779798 -48.162853507183968 -78.88257871627809
leaf_weight=85249 141 64 26 1344 352 37 64 672 96 265 48 40 38 31 30 32 20 22 81 23 214 96 20 31 128 166 2112 1370 2230 7612 3555 426 52 22 3819 1537 6939 21250 265 3456 7361 65 1983 108 54 265 45 86 147 3203 26 390 128 149 42 602 61 27 768 96 46 21
leaf_count=85249 141 64 26 1344 352 37 64 672 96 265 48 40 38 31 30 32 20 22 81 23 214 96 20 31 128 166 2112 1370 2230 7612 3555 426 52 22 3819 1537 6939 21250 265 3456 7361 65 1983 108 54 265 45 86 147 3203 26 390 128 149 42 602 61 27 768 96 46 21
internal_value=0.00146528 -3.23912 -14.4088 -1.86018 -11.4639 3.24326 -2.7782 -5.52131 2.59379 0.169562 9.65503 18.3563 70.6885 -14.1254 -26.3958 -2.25061 11.7228 65.6588 7.73137 -5.70028 20.8193 12.0775 -99.7168 38.5643 30.5749 -4.28208 -1.11778 -10.0129 0.109119 -1.60391 -3.32529 -5.17267 -2.02429 2.44895 -10.855 0.394988 1.62365 0.876567 -6.12643 5.42313 2.64001 -0.575263 11.4217 -0.21452 -14.7951 -4.92435 -51.5636 33.4268 1.53643 3.02202 7.00922 5.84339 -33.2373 -20.3562 -0.13425 -0.158332 -6.5575 29.4034 0.967997 6.88154 -23.7949 -36.4047
internal_weight=159648 7872 864 7008 838 316 6816 4512 2304 151776 960 703 78 257 209 158 625 42 583 288 295 128 51 68 192 4320 2784 1536 150816 21568 15719 11909 7664 3810 4245 129248 42856 35815 7204 7041 28611 3521 3520 86392 472 373 99 108 3702 5849 2646 2620 192 522 85920 85851 248 69 2208 864 107 170
internal_count=159648 7872 864 7008 838 316 6816 4512 2304 151776 960 703 78 257 209 158 625 42 583 288 295 128 51 68 192 4320 2784 1536 150816 21568 15719 11909 7664 3810 4245 129248 42856 35815 7204 7041 28611 3521 3520 86392 472 373 99 108 3702 5849 2646 2620 192 522 85920 85851 248 69 2208 864 107 170
is_linear=0
shrinkage=0.05


Tree=109
num_leaves=63
num_cat=0
split_feature=12 3 3 3 10 3 3 2 3 2 0 15 0 14 3 3 14 3 5 15 2 5 2 13 14 12 14 10 3 3 10 3 2 10 13 2 3 15 3 10 3 13 3 13 5 12 3 0 3 2 0 15 2 3 3 13 0 3 15 3 3 0
split_gain=2.93179e+07 3.01294e+07 1.04626e+08 6.02661e+07 5.50077e+07 4.02482e+07 7.9029e+07 1.79538e+08 9.0859e+07 5.07458e+07 7.96795e+07 5.74963e+07 2.60294e+07 2.53965e+07 2.71472e+07 8.4447e+07 8.4413e+07 1.6469e+08 1.11348e+08 9.37356e+07 7.02232e+07 9.73386e+07 6.34978e+07 1.69839e+08 8.32298e+07 5.75145e+07 8.05593e+07 6.0935e+07 5.42129e+07 2.11312e+08 2.56402e+08 7.45013e+07 6.10817e+07 1.26997e+08 5.30109e+07 8.1749e+07 4.76054e+07 4.6424e+07 3.73398e+07 8.31487e+07 6.3947e+07 1.53256e+08 4.88692e+07 2.56923e+07 1.66356e+07 1.32348e+07 1.05052e+07 1.02888e+07 6.05581e+06 5.24406e+06 1.11938e+07 1.09846e+07 6.81794e+06 5.96346e+06 1.325e+07 5.90696e+06 6.74128e+06 5.5908e+06 4.86283e+06 6.3458e+06 6.12579e+06 4.4064e+06
threshold=11882.280714285715 296.50000000000006 292.50000000000006 288.50000000000006 5959.0800000000008 271.50000000000006 242.50000000000003 3.5000000000000004 240.50000000000003 1.0000000180025095e-35 61.500000000000007 6037.7917475630766 25.500000000000004 2207.0181666666672 110.50000000000001 134.50000000000003 7522.1665000000003 114.50000000000001 2023.5000000000002 2544.0756084781283 1.5000000000000002 2022.5000000000002 1.0000000180025095e-35 3422.1483359915333 6029.6793333333344 9158.5578571428578 6662.1661666666678 11126.180000000002 62.500000000000007 60.500000000000007 7670.5500000000011 54.500000000000007 3.5000000000000004 4979.9350000000004 12.701738805550368 4.5000000000000009 106.50000000000001 2929.6168654987478 140.50000000000003 5000.1950000000006 144.50000000000003 1188.3005829626004 156.50000000000003 2213.3012490114766 2021.5000000000002 1616.0550000000003 289.50000000000006 19.500000000000004 228.50000000000003 5.5000000000000009 22.500000000000004 258.48025931842864 1.0000000180025095e-35 219.50000000000003 226.50000000000003 908.14501061414569 69.500000000000014 205.50000000000003 592.06498181316817 240.50000000000003 243.50000000000003 83.500000000000014
decision_type=2 2 2 2 2 2 2 2 2 2 2 2 2 2 2 2 2 2 2 2 2 2 2 2 2 2 2 2 2 2 2 2 2 2 2 2 2 2 2 2 2 2 2 2 2 2 2 2 2 2 2 2 2 2 2 2 2 2 2 2 2 2
left_child=13 2 3 5 47 6 8 -8 -2 10 -7 -11 -6 45 20 16 34 19 -19 -18 21 22 24 -24 -15 26 -23 -27 29 31 -31 -22 33 -30 35 -16 -34 -36 39 44 41 -40 -42 -41 -17 48 -14 -5 -1 50 52 -51 -47 -53 -55 56 -52 -57 -50 -60 -61 -49
right_child=1 -3 -4 4 12 9 7 -9 -10 11 -12 -13 46 14 15 38 17 18 -20 -21 28 25 23 -25 -26 27 -28 -29 32 30 -32 -33 36 -35 37 -37 -38 -39 40 43 42 -43 -44 -45 -46 49 -48 61 58 51 55 53 -54 54 -56 57 -58 -59 59 60 -62 -63
leaf_value=-1.1322453192396771 4.5481380552096278 -37.076921412445778 98.013818903605156 36.978451428222662 -77.867102945327758 -6.3984821293271823 -78.570660789663137 28.417913854894508 104.38156547214675 19.882460145416456 102.80454732662292 -28.745346174902387 -5.8398203469725223 4.9770555963455934 6.2901830615168031 -3.3951709366850622 -32.301375049845376 -29.401749833954366 3.519949689939351 31.15996166949985 0.51690511224608704 -5.6827333660441548 -0.27885570310593399 -73.820660729113925 31.521919140668906 11.71078262706985 -22.555084704507738 -21.662618907499596 3.3753928280688186 -14.448315081505601 -103.91829605427195 12.303810286439207 3.2535475402390746 19.906945951787009 -2.6949704200977198 -89.425313956520768 -11.575908842644187 24.508091318130493 -0.47825770961226977 16.474875426419644 4.60103407661384 -32.405947342344035 -0.17597150857556756 42.764707080050634 5.4314407224754007 -8.0710532625251012 -43.942365176968465 -17.27261086730957 -2.889107920765877 -0.32725161503005784 1.8965606412982841 -14.067092695504009 -2.5726136399164159 20.927524551911791 -8.8536619812298216 -32.564790091881392 -3.0731147605271349 -2.5592075996398926 -38.843563878377282 3.8346908645629885 -17.608379214759225 13.421059839075262
leaf_weight=125 2539 42 29 24 39 28 87 70 22 392 40 71 33 2208 45 1113 74 1119 333 260 12689 4355 2551 80 340 717 844 168 3308 544 93 1498 7079 1790 7947 43 585 159 1384 594 5702 515 87441 110 1024 675 40 24 79 602 2633 354 3410 43 247 25 920 39 29 39 215 21
leaf_count=125 2539 42 29 24 39 28 87 70 22 392 40 71 33 2208 45 1113 74 1119 333 260 12689 4355 2551 80 340 717 844 168 3308 544 93 1498 7079 1790 7947 43 585 159 1384 594 5702 515 87441 110 1024 675 40 24 79 602 2633 354 3410 43 247 25 920 39 29 39 215 21
internal_value=0.00134671 4.52576 5.04148 4.22708 -23.7746 5.79387 3.33082 -30.9908 5.44616 18.3714 58.3975 12.3796 -45.2645 -0.100124 0.0615901 -0.346593 -4.72777 -14.5742 -21.8543 17.0452 1.19488 -2.13188 2.90582 -2.54222 8.53013 -6.42 -8.42558 5.35819 2.55318 0.496478 -27.6531 1.76226 4.94195 9.18269 -2.58007 -40.9591 2.12024 -2.15842 0.100149 5.74752 -0.0687211 -9.1494 0.116512 20.6375 0.834893 -2.61448 -27.0297 11.2558 -10.6335 -2.17691 -1.68961 -5.18529 -3.48292 -9.71894 -4.38107 0.336134 0.609228 -14.6009 -13.9021 -16.9554 -14.3138 -2.96841
internal_weight=159648 3501 3459 3430 181 3249 2718 157 2561 531 68 463 112 156147 146712 107863 9980 1786 1452 334 38849 11263 5179 2631 2548 6084 5199 885 27586 14824 637 14187 12762 5098 8194 88 7664 8106 97883 2841 95042 1899 93143 704 2137 9435 73 69 487 8948 7702 1246 4085 644 290 3617 3553 64 362 283 254 45
internal_count=159648 3501 3459 3430 181 3249 2718 157 2561 531 68 463 112 156147 146712 107863 9980 1786 1452 334 38849 11263 5179 2631 2548 6084 5199 885 27586 14824 637 14187 12762 5098 8194 88 7664 8106 97883 2841 95042 1899 93143 704 2137 9435 73 69 487 8948 7702 1246 4085 644 290 3617 3553 64 362 283 254 45
is_linear=0
shrinkage=0.05


Tree=110
num_leaves=63
num_cat=0
split_feature=7 9 3 10 3 5 3 3 2 15 9 11 3 3 2 2 0 15 0 11 2 10 9 2 10 3 15 0 15 3 4 10 3 10 3 0 10 0 3 13 0 3 11 3 10 3 3 3 9 2 13 2 2 2 15 3 5 5 15 13 5 10
split_gain=3.20724e+07 4.51639e+07 6.87283e+07 1.40554e+08 3.6949e+07 4.47854e+07 6.88587e+07 7.70508e+07 4.28992e+07 4.21173e+07 2.99988e+07 5.07288e+07 8.56134e+07 8.863e+07 8.35998e+07 8.89183e+07 7.10661e+07 6.9873e+07 6.11655e+07 4.39704e+07 1.20448e+08 1.58551e+08 1.40852e+08 1.03928e+08 1.90283e+08 3.72848e+07 3.61121e+07 3.40627e+07 3.20116e+07 4.89364e+07 1.10314e+08 7.91198e+07 7.34222e+07 2.30843e+08 4.69675e+07 4.042e+07 3.1414e+07 2.99365e+07 2.79572e+07 5.31613e+07 4.47413e+07 3.69017e+07 4.35485e+07 3.12785e+07 2.56468e+07 4.32684e+07 1.18259e+08 2.6951e+08 2.36624e+08 4.75138e+07 6.87092e+07 2.70814e+07 2.38287e+07 2.31565e+07 6.65947e+07 7.80246e+07 6.16668e+07 4.7858e+07 9.10123e+07 6.42953e+07 2.25054e+07 2.72654e+07
threshold=1.0000000180025095e-35 1.5000000000000002 88.500000000000014 10000.005000000003 178.50000000000003 2021.5000000000002 310.50000000000006 285.50000000000006 1.5000000000000002 4367.0318496902373 3.5000000000000004 14498.490000000002 90.500000000000014 271.50000000000006 3.5000000000000004 4.5000000000000009 75.500000000000014 4606.9221282247199 80.500000000000014 14498.490000000002 4.5000000000000009 9000.0450000000019 1.5000000000000002 2.5000000000000004 14498.490000000002 90.500000000000014 6037.7917475630766 30.500000000000004 2302.9400117846303 186.50000000000003 8.5000000000000018 5499.0550000000012 168.50000000000003 11126.180000000002 148.50000000000003 77.500000000000014 8000.5550000000012 27.500000000000004 34.500000000000007 1513.6076288708625 83.500000000000014 52.500000000000007 10339.960000000001 56.500000000000007 11126.180000000002 126.50000000000001 277.50000000000006 279.50000000000006 1.0000000180025095e-35 3.5000000000000004 3422.1483359915333 4.5000000000000009 1.5000000000000002 3.5000000000000004 2983.8702851461935 68.500000000000014 2023.5000000000002 2021.5000000000002 3486.4904201171935 3422.1483359915333 2023.5000000000002 3360.9000000000001
decision_type=2 2 2 2 2 2 2 2 2 2 2 2 2 2 2 2 2 2 2 2 2 2 2 2 2 2 2 2 2 2 2 2 2 2 2 2 2 2 2 2 2 2 2 2 2 2 2 2 2 2 2 2 2 2 2 2 2 2 2 2 2 2
left_child=10 60 3 -3 9 8 7 -7 -6 -4 19 28 16 14 36 -16 -13 -15 -19 44 23 -22 27 26 37 -26 52 -23 38 32 31 -31 34 -34 -30 -32 -14 -25 39 -12 -41 42 -40 -43 53 49 48 -48 -47 50 -46 -51 -21 57 56 -56 -55 59 -59 -1 -2 -62
right_child=1 2 4 -5 5 6 -8 -9 -10 -11 11 12 13 17 15 -17 -18 18 -20 20 21 22 -24 24 25 -27 -28 -29 29 30 35 -33 33 -35 -36 -37 -38 -39 41 40 -42 43 -44 -45 45 46 47 -49 -50 51 -52 -53 -54 54 55 -57 -58 58 -60 -61 61 -63
leaf_value=-1.1238229066330101 -1.1852397612691554 -18.894258846581128 3.6382240686158749 -146.02735212243121 24.859439240948905 -13.542364156047734 9.6934963104438001 -48.517723208116131 -4.6517739326724801 -61.920161057281497 2.2367287628395216 13.181202533428484 -37.448294562137491 82.233686666370929 57.78871116475856 -36.690727290027546 127.07011348109091 30.811843778963443 -40.328188570218209 -29.436358248392743 9.0618804316087207 -34.930582009792332 -187.75061729431152 22.619229399653584 57.326198848226795 148.50314187731061 -83.429661971382473 -97.665962942800221 -0.64357608844706804 54.792697922194094 9.1587196185417508 15.693581069455135 -10.902877486617477 -172.79814448038735 17.518669111887615 -3.3368344473107108 -118.04207036699569 -12.851085427776518 -12.267099824645726 31.208922900289611 -27.367398162016997 19.53093766894478 33.150109207970758 0.0072021277944696056 4.0400122448127673 -6.2583998701649328 126.85559004803093 4.0047326378311432 -94.937495745463536 24.721727294412631 -38.239618183282708 9.4055372029524555 5.3828655785008479 0.23700390268440574 40.706290971362918 -11.577733409982166 -4.1616814399716251 1.0589137546632887 16.019513455011566 -43.455468040254381 -8.3411160902374544 13.651640552151694
leaf_weight=26925 3168 410 1224 22 144 864 240 192 816 24 1504 25 32 49 46 52 30 134 38 140 87 79 23 103 22 27 22 30 2334 146 1168 1098 269 23 419 1449 20 138 931 286 36 207 55 14945 1263 805 48 503 82 411 103 972 75 39742 73 2024 9965 41688 1041 89 185 583
leaf_count=26925 3168 410 1224 22 144 864 240 192 816 24 1504 25 32 49 46 52 30 134 38 140 87 79 23 103 22 27 22 30 2334 146 1168 1098 269 23 419 1449 20 138 931 286 36 207 55 14945 1263 805 48 503 82 411 103 972 75 39742 73 2024 9965 41688 1041 89 185 583
internal_value=0.001212 -3.11039 -6.89692 -25.6909 -4.57318 -8.3907 -14.4502 -19.9414 -0.203825 2.32892 0.162617 1.73441 18.8224 10.0948 -19.4915 7.79248 76.4623 30.1734 14.9526 -0.151753 -12.2467 -43.3212 -77.655 0.724202 20.7653 109.532 -23.7828 -52.9281 1.44097 4.33387 8.07092 20.3227 -0.405728 -24.2012 2.12603 2.24145 -70.0883 2.33923 0.32865 6.19083 24.5955 -0.334992 -9.70266 0.275199 -0.0798945 3.76715 -3.25905 14.9172 -14.5542 7.4424 0.826372 13.9718 -17.3214 -0.212446 -1.0132 -9.7391 -0.644887 0.382346 1.42376 -1.26489 0.676931 8.34994
internal_weight=159648 7872 3936 432 3504 2256 1296 1056 960 1248 151776 25296 426 371 150 98 55 221 172 126480 746 219 132 527 290 49 237 109 24870 6906 3861 1244 3045 292 2753 2617 52 241 17964 1826 322 16138 986 15152 125734 4187 1438 551 887 2749 1366 1383 215 121547 51804 2097 49707 69743 42729 27014 3936 768
internal_count=159648 7872 3936 432 3504 2256 1296 1056 960 1248 151776 25296 426 371 150 98 55 221 172 126480 746 219 132 527 290 49 237 109 24870 6906 3861 1244 3045 292 2753 2617 52 241 17964 1826 322 16138 986 15152 125734 4187 1438 551 887 2749 1366 1383 215 121547 51804 2097 49707 69743 42729 27014 3936 768
is_linear=0
shrinkage=0.05


Tree=111
num_leaves=63
num_cat=0
split_feature=7 9 13 4 2 10 14 10 11 4 0 11 14 0 11 2 15 13 0 4 4 5 5 2 10 11 13 4 10 2 2 15 11 0 15 12 13 10 11 15 10 13 10 12 0 11 4 15 11 12 5 0 11 10 12 2 2 4 5 4 11 14
split_gain=2.89742e+07 4.07978e+07 3.25111e+07 5.71396e+07 1.33311e+08 3.08847e+07 3.01285e+07 4.13913e+07 3.70702e+07 3.23575e+07 9.27856e+07 7.04256e+07 4.98865e+07 4.07994e+07 3.83281e+07 2.92313e+07 5.50059e+07 4.91904e+07 2.59973e+07 2.55265e+07 6.0707e+07 1.42749e+08 9.68569e+07 1.41034e+08 9.04305e+07 8.1785e+07 6.17847e+07 4.1072e+07 9.30975e+07 1.3578e+08 1.61279e+08 8.64699e+07 7.18012e+07 8.57919e+07 7.60444e+07 6.25865e+07 5.97038e+07 4.7274e+07 8.96242e+07 3.67587e+07 3.32031e+07 2.7156e+07 2.71208e+07 7.56707e+07 4.81331e+07 4.63415e+07 5.79704e+07 4.4567e+07 3.70984e+07 2.45039e+07 2.03128e+07 2.62164e+07 2.11923e+07 2.11199e+07 2.10467e+07 1.98857e+07 2.18487e+07 2.17737e+07 3.55465e+07 2.48992e+07 2.15685e+07 1.94747e+07
threshold=1.0000000180025095e-35 1.5000000000000002 1580.2974014087995 3.5000000000000004 3.5000000000000004 17561.605000000003 8249.6408333333366 3350.0250000000005 3225.8050000000007 8.5000000000000018 79.500000000000014 3499.0250000000005 9841.6456666666691 69.500000000000014 8192.8100000000031 1.5000000000000002 2134.1320450945382 3026.3383415523681 76.500000000000014 7.5000000000000009 8.5000000000000018 2023.5000000000002 2022.5000000000002 4.5000000000000009 4688.4050000000016 9789.3250000000025 2760.7646982802116 4.5000000000000009 6998.2500000000009 2.5000000000000004 4.5000000000000009 2134.1320450945382 9999.9950000000008 43.500000000000007 4367.0318496902373 5061.3392857142871 1836.9488008518331 8195.4400000000023 4688.1500000000005 2302.9400117846303 4280.1150000000007 4154.2107688728292 6998.2500000000009 4574.4857142857154 15.500000000000002 6548.3200000000006 9.5000000000000018 2338.9285519878549 6500.5150000000012 7553.9692857142873 2023.5000000000002 6.5000000000000009 17561.605000000003 4099.4850000000006 6542.1771428571437 3.5000000000000004 4.5000000000000009 7.5000000000000009 2021.5000000000002 3.5000000000000004 2196.4650000000006 5064.5160000000005
decision_type=2 2 2 2 2 2 2 2 2 2 2 2 2 2 2 2 2 2 2 2 2 2 2 2 2 2 2 2 2 2 2 2 2 2 2 2 2 2 2 2 2 2 2 2 2 2 2 2 2 2 2 2 2 2 2 2 2 2 2 2 2 2
left_child=6 50 18 4 -4 15 19 -8 -9 11 13 49 -12 -11 -13 16 -5 -17 55 27 21 22 25 -24 -23 -21 -26 32 31 35 -31 36 37 34 -34 -30 -29 41 -39 -35 -33 -1 45 44 -44 48 -47 -45 -22 -10 52 53 61 -52 -55 57 60 59 -59 -3 -57 -2
right_child=1 2 3 5 -6 -7 7 8 9 10 12 14 -14 -15 -16 17 -18 -19 -20 20 42 24 23 -25 26 -27 -28 28 29 30 -32 40 33 39 -36 -37 -38 38 -40 -41 -42 -43 43 47 -46 46 -48 -49 -50 -51 51 -53 -54 54 -56 56 -58 58 -60 -61 -62 -63
leaf_value=0.36610393657367846 1.3010655987470587 -18.449141631475591 -15.479369597624331 -32.529272823274134 -137.0275931672127 44.488574744033819 -13.032563787714857 -33.385120762321684 20.670615244547527 -5.8935825799116159 -4.7355399846998267 8.283056240825692 -23.302525267682661 8.8520844705514943 2.0287223570619748 -13.80023992395401 18.196457524165421 -67.223741588973994 5.0058101823893493 2.9209967856554364 -0.21470304058808665 -4.6777901158392581 22.847093422445226 -4.9661171261479078 -26.82102343165791 40.717257735304635 -100.51911554124621 -1.7734813972294683 75.423032084147138 -33.701273331777791 -1.7412095053545362 1.5276586121000795 -1.3463962664309548 -30.959750287360748 58.446165061749902 1.9552118599722175 -18.974869396640081 -11.317213525772095 12.760955831803303 -11.457524687035191 11.48374097475706 29.901119495294036 14.67026114327567 10.314187864626911 -77.594815625729765 -17.478614175260606 -0.5781462538491321 -0.16786724200623662 35.462652558104637 83.364237942165801 0.95337789156088015 4.0944440127775366 45.681102880636857 75.051475713393273 20.485301635742189 50.209556703920725 -7.4041991228059576 3.3739867679756808 -23.231022540071116 0.96435138740275106 4.1410519380405448 -7.0409273845167393
leaf_weight=35192 2096 232 84 79 30 24 443 71 29 622 1472 3228 479 1900 10153 319 160 49 601 7292 38952 1994 1694 623 142 145 35 30306 29 913 695 1713 792 387 56 862 512 487 1859 646 1638 77 20 1845 45 887 1184 2250 72 35 40 656 23 33 39 26 643 165 521 567 436 1049
leaf_count=35192 2096 232 84 79 30 24 443 71 29 622 1472 3228 479 1900 10153 319 160 49 601 7292 38952 1994 1694 623 142 145 35 30306 29 913 695 1713 792 387 56 862 512 487 1859 646 1638 77 20 1845 45 887 1184 2250 72 35 40 656 23 33 39 26 643 165 521 567 436 1049
internal_value=0.00102846 -2.95647 -6.55532 -15.9536 -48.3792 -10.0281 0.15444 2.04916 2.42127 2.565 -1.11859 3.79049 -9.30362 5.21447 3.53801 -12.2533 1.36368 -21.0766 -4.3568 -0.107478 0.690935 3.86452 6.44536 15.3697 -7.7285 3.66329 -41.877 -0.706887 -1.9119 -11.2259 -19.8974 -1.2304 0.411867 -9.11885 2.66635 4.4283 -2.05987 0.888695 7.75994 -18.7867 6.39626 0.431431 -0.145391 3.70123 -49.4133 -0.534862 -7.82149 4.55618 -0.147971 55.7113 0.643136 7.93279 -1.126 30.1793 46.1804 -6.53045 -1.44936 -10.3078 -16.8363 -4.68862 6.83651 -1.48272
internal_weight=159648 7872 3936 745 114 631 151776 18432 17989 17918 4473 13445 1951 2522 13381 607 239 368 3191 133344 57180 11925 9754 2317 2171 7437 177 76164 36668 2499 1608 34169 39496 1881 848 891 30818 37615 2346 1033 3351 35269 45255 4160 65 41095 2071 4095 39024 64 3936 768 3168 112 72 2590 1105 1485 686 799 462 3145
internal_count=159648 7872 3936 745 114 631 151776 18432 17989 17918 4473 13445 1951 2522 13381 607 239 368 3191 133344 57180 11925 9754 2317 2171 7437 177 76164 36668 2499 1608 34169 39496 1881 848 891 30818 37615 2346 1033 3351 35269 45255 4160 65 41095 2071 4095 39024 64 3936 768 3168 112 72 2590 1105 1485 686 799 462 3145
is_linear=0
shrinkage=0.05


Tree=112
num_leaves=63
num_cat=0
split_feature=0 3 13 13 0 11 3 11 14 15 10 4 3 3 3 3 15 5 3 3 3 13 3 5 3 3 13 10 3 0 13 0 11 0 6 11 15 5 5 3 13 13 11 3 6 3 3 14 0 10 0 3 10 3 13 3 10 3 11 14 3 3
split_gain=2.64224e+07 5.98839e+07 8.37525e+07 5.07782e+07 5.46111e+07 3.38223e+07 9.05205e+07 5.07106e+07 3.16566e+07 2.90741e+07 7.16159e+07 3.35646e+07 1.72442e+08 1.54788e+08 1.01533e+08 1.15396e+08 6.21406e+07 4.85683e+07 2.5938e+07 1.46084e+08 1.20538e+08 1.30386e+08 1.05307e+08 7.31242e+07 6.25814e+07 1.5789e+08 2.40662e+08 2.286e+08 8.86685e+07 6.81252e+07 6.13814e+07 6.01867e+07 5.4932e+07 5.33743e+07 8.94184e+07 4.1725e+08 8.18612e+07 5.30169e+07 1.0778e+08 1.74811e+08 6.37155e+07 5.62426e+07 5.09943e+07 5.07696e+07 4.39699e+07 4.27225e+07 3.78287e+07 4.55281e+07 3.87188e+07 3.65759e+07 2.759e+07 2.74646e+07 5.87696e+07 2.55161e+07 2.5018e+07 2.5505e+07 2.46948e+07 2.4673e+07 2.27984e+07 2.18108e+07 2.15034e+07 1.95535e+07
threshold=73.500000000000014 293.50000000000006 1.0000000180025095e-35 5336.2109027648903 79.500000000000014 17561.605000000003 294.50000000000006 12000.005000000003 12197.029 2302.9400117846303 12000.005000000003 8.5000000000000018 236.50000000000003 232.50000000000003 259.50000000000006 263.50000000000006 3149.8965387637249 2022.5000000000002 261.50000000000006 263.50000000000006 246.50000000000003 1495.1751119153453 237.50000000000003 2023.5000000000002 284.50000000000006 276.50000000000006 682.08872422871275 9000.0450000000019 271.50000000000006 69.500000000000014 3716.3037709628406 56.500000000000007 2766.3700000000003 31.500000000000004 1.0000000180025095e-35 14498.490000000002 2767.7207595584318 2020.5000000000002 2021.5000000000002 262.50000000000006 776.34477727782257 477.79491966872416 17561.605000000003 227.50000000000003 1.0000000180025095e-35 239.50000000000003 299.50000000000006 11000.848333333335 26.500000000000004 4905.0250000000005 30.500000000000004 247.50000000000003 9200.3700000000008 297.50000000000006 2882.6451101576818 217.50000000000003 5999.2650000000012 257.50000000000006 17561.605000000003 4648.3703333333342 344.50000000000006 257.50000000000006
decision_type=2 2 2 2 2 2 2 2 2 2 2 2 2 2 2 2 2 2 2 2 2 2 2 2 2 2 2 2 2 2 2 2 2 2 2 2 2 2 2 2 2 2 2 2 2 2 2 2 2 2 2 2 2 2 2 2 2 2 2 2 2 2
left_child=18 3 -3 9 -5 7 -7 8 53 10 54 12 13 -11 16 -16 -13 -14 20 37 22 61 33 30 25 27 -27 29 -29 -21 32 -28 -24 36 43 -36 44 -20 39 -39 -40 -41 -38 -35 -1 -25 47 49 -48 -26 57 59 -53 -4 55 -2 -56 -23 -6 -52 -50 -22
right_child=1 2 5 4 58 6 -8 -9 -10 11 -12 14 17 -15 15 -17 -18 -19 19 24 21 50 23 45 46 26 31 28 -30 -31 -32 -33 -34 34 35 -37 42 38 40 41 -42 -43 -44 -45 -46 -47 48 -49 60 -51 51 52 -54 -55 56 -57 -58 -59 -60 -61 -62 -63
leaf_value=-1.1372560134430563 0.37763955597050258 -81.388331119312966 -15.584412367787074 95.97794792964541 55.894877752576555 35.420676124406896 -94.283328175400243 54.464143633720212 -39.82213087784617 5.8940382464573586 -76.145399154663082 -2.5753880802325404 48.025791873994429 -39.935349975868043 41.07147874212265 1.9241439335160013 -28.871475467869125 6.6704686628504009 -3.9665607436471335 -0.9297016074413702 -6.1991155706317826 -8.4059109513257351 0.88434762541410183 -30.019557267355438 -2.709862517549178 0.65135965132323659 22.731864915006806 -107.13000939300096 -14.593102165044741 28.681714838895893 -65.92989892845155 46.825111474220478 17.179517149282059 -0.85746724307164657 -4.8551300390329342 -175.31719825320772 7.307284352237069 11.590152004337313 31.384799047224092 78.960063675281617 -7.8949301283491184 170.02551099372633 39.571635362282393 8.4015297874027794 2.990975208178019 0.36083307172292001 -2.7409136216598049 53.177532167154197 0.43156571013415157 -12.558158180881556 -32.819365901240602 -28.977184673181519 -87.767424050189078 -1.6460597351544888 -2.7622082286132006 4.5443034842791841 -47.898401902142695 -32.95082355759984 -7.2897837939792218 26.6301595931583 4.8553806441708538 1.1189489438495055
leaf_weight=22563 16741 33 346 28 20 22 32 38 56 5213 29 546 304 190 219 1305 381 93 148 4498 3142 393 706 148 4311 1651 951 68 42 202 24 358 1934 30912 12901 35 2871 74 282 42 162 32 127 1554 9031 518 7344 33 8789 1206 26 484 46 6117 75 4704 50 138 44 35 3995 1286
leaf_count=22563 16741 33 346 28 20 22 32 38 56 5213 29 546 304 190 219 1305 381 93 148 4498 3142 393 706 148 4311 1651 951 68 42 202 24 358 1934 30912 12901 35 2871 74 282 42 162 32 127 1554 9031 518 7344 33 8789 1206 26 484 46 6117 75 4704 50 138 44 35 3995 1286
internal_value=0.000967355 1.18067 -3.11332 2.13356 39.0227 -2.71035 -41.7576 -2.38246 -2.72213 2.01856 1.05399 4.54311 6.61589 4.27533 -0.362552 7.57289 -13.4026 38.3791 -0.349761 0.820602 -0.79998 -7.93412 -0.324704 8.38598 0.334125 4.2655 13.3492 -1.32609 -72.2476 0.348789 12.0898 29.3519 12.8238 -0.687414 -1.81474 -5.32985 0.792216 22.7792 29.4611 66.2778 17.0675 120.082 8.68679 -0.414036 0.0428371 -6.42524 -0.855603 -4.50992 0.152196 -4.86456 -23.151 -30.5852 -34.2354 -2.39455 1.16131 1.29177 -21.0536 -14.8348 13.0115 1.17029 1.81428 -4.074
internal_weight=159648 36586 6644 29942 92 6611 54 6557 6519 29850 21599 8251 5800 5403 2451 1524 927 397 123062 34188 88874 5550 83324 3330 33448 7770 2960 4810 110 4700 2664 1309 2640 79994 45402 12936 34592 740 592 148 444 74 2998 32466 31594 666 25678 5550 20128 5517 1122 591 530 6463 21570 21445 125 531 64 61 12784 4428
internal_count=159648 36586 6644 29942 92 6611 54 6557 6519 29850 21599 8251 5800 5403 2451 1524 927 397 123062 34188 88874 5550 83324 3330 33448 7770 2960 4810 110 4700 2664 1309 2640 79994 45402 12936 34592 740 592 148 444 74 2998 32466 31594 666 25678 5550 20128 5517 1122 591 530 6463 21570 21445 125 531 64 61 12784 4428
is_linear=0
shrinkage=0.05


Tree=113
num_leaves=63
num_cat=0
split_feature=7 3 10 3 0 10 3 3 3 15 14 10 9 12 6 3 3 0 3 0 10 0 0 14 12 11 9 3 3 3 11 14 14 9 11 0 10 11 10 3 3 12 3 3 3 11 3 9 0 10 11 0 0 14 12 3 10 15 12 10 10 0
split_gain=2.61356e+07 3.78978e+07 1.1454e+08 7.16841e+07 4.11813e+07 3.40598e+07 3.1577e+07 5.48097e+07 4.91193e+07 3.54856e+07 3.81231e+07 3.26056e+07 2.7309e+07 2.70615e+07 6.40582e+07 5.48857e+07 1.25036e+08 4.46565e+07 6.96174e+07 4.08061e+07 3.83807e+07 6.0799e+07 3.83864e+07 3.82351e+07 3.51364e+07 3.50831e+07 3.14546e+07 2.68718e+07 6.15103e+07 4.7085e+07 2.38962e+07 2.3004e+07 2.24416e+07 2.17136e+07 3.89853e+07 4.33287e+07 6.23805e+07 3.42116e+07 7.44635e+07 2.88785e+07 6.34719e+07 4.91799e+07 2.53755e+07 4.7736e+07 3.57476e+07 2.41978e+07 2.16628e+07 2.05649e+07 1.93183e+07 1.73661e+07 1.59616e+07 1.32823e+07 1.29204e+07 1.09202e+07 1.41318e+07 1.33277e+07 1.0795e+07 9.38095e+06 1.70035e+07 7.89163e+06 7.01184e+06 6.99995e+06
threshold=1.0000000180025095e-35 88.500000000000014 11126.180000000002 90.500000000000014 31.500000000000004 8700.510000000002 178.50000000000003 198.50000000000003 168.50000000000003 4367.0318496902373 7522.1665000000003 3752.5650000000005 1.0000000180025095e-35 13619.525 1.0000000180025095e-35 90.500000000000014 246.50000000000003 91.500000000000014 94.500000000000014 13.500000000000002 11126.180000000002 83.500000000000014 61.500000000000007 7047.5420000000013 15426.107142857145 17561.605000000003 1.0000000180025095e-35 241.50000000000003 270.50000000000006 238.50000000000003 7680.0700000000006 7754.1123333333344 2002.1248333333335 3.5000000000000004 14498.490000000002 30.500000000000004 9000.0450000000019 11126.180000000002 14498.490000000002 190.50000000000003 272.50000000000006 6730.5171428571439 112.50000000000001 96.500000000000014 209.50000000000003 14498.490000000002 66.500000000000014 1.0000000180025095e-35 4.5000000000000009 7999.3850000000011 3580.7700000000009 73.500000000000014 19.500000000000004 3818.8425000000002 4019.0028571428579 66.500000000000014 4979.9350000000004 2242.9259702251707 8808.0057142857167 1000.2250000000001 2499.3750000000005 50.500000000000007
decision_type=2 2 2 2 2 2 2 2 2 2 2 2 2 2 2 2 2 2 2 2 2 2 2 2 2 2 2 2 2 2 2 2 2 2 2 2 2 2 2 2 2 2 2 2 2 2 2 2 2 2 2 2 2 2 2 2 2 2 2 2 2 2
left_child=13 2 4 12 5 53 8 11 9 10 -5 -8 50 32 17 -16 26 19 -19 23 21 -21 -22 -15 31 -26 -17 29 -29 -9 -11 -18 59 34 42 49 -37 39 45 41 -41 -35 43 -34 -44 -39 57 -13 -25 -36 -3 -14 -10 54 -2 -55 61 58 -6 -1 -61 -48
right_child=1 3 -4 6 46 -7 7 27 52 30 -12 47 51 14 15 16 24 18 -20 20 22 -23 -24 48 25 -27 -28 28 -30 -31 -32 -33 33 37 35 36 -38 38 -40 40 -42 -43 44 -45 -46 -47 56 -49 -50 -51 -52 -53 -54 55 -56 -57 -58 -59 -60 60 -62 -63
leaf_value=-14.985749549628885 3.1392774931455363 36.043894494013351 -100.0046853044298 -1.3271473184186715 -10.353361060844691 68.196461210704996 -9.2960568650563555 -6.9564962983731506 72.258582502092636 -82.013884132021957 16.187459511693486 -75.953061225043399 6.212517723541449 -17.148006562732515 34.911326262804927 -41.388941345214846 69.417839272238993 120.51714747314455 -1.3749249622096187 40.845273729653194 -25.975531923294071 -35.484450375139716 8.8661666080026862 40.083643457621946 -49.421644885444643 9.3646358255239637 -123.51397223687941 17.594908870527497 -3.8229501786792919 -43.133763617289432 -9.2410464477539058 4.7141467927631586 0.37575707541310732 1.448340766781397 -12.581970377835361 -14.419223307113299 -73.534075533866883 6.9104749604540423 -69.483658920411145 6.6777483934005435 -0.93216115398016608 -5.596499561439793 -1.6425526623413433 5.8068862236205732 0.38132081835279907 25.336498104893433 -37.395770882219082 -29.637108686848695 95.333591560950651 16.961075650167469 90.109853480945944 44.730080572325612 27.087375989146047 17.471815191904703 46.654293299629586 -30.944789605034728 -44.515844820840023 -37.271610836792 23.736819961902711 -3.9482264209155158 4.5311869517521881 -14.774950951667932
leaf_weight=150 169 43 35 1788 245 20 92 1248 20 20 375 44 100 20 48 21 21 24 22 144 109 31 280 48 49 51 30 384 2592 96 25 37 27729 7746 98 177 59 1985 30 5363 5601 3641 37436 4736 52296 195 47 56 25 99 21 28 76 20 20 44 69 24 42 3212 263 129
leaf_count=150 169 43 35 1788 245 20 92 1248 20 20 375 44 100 20 48 21 21 24 22 144 109 31 280 48 49 51 30 384 2592 96 25 37 27729 7746 98 177 59 1985 30 5363 5601 3641 37436 4736 52296 195 47 56 25 99 21 28 76 20 20 44 69 24 42 3212 263 129
internal_value=0.00086827 -2.80802 -12.6822 -1.58902 -8.87946 7.0071 -2.43956 -4.8711 2.32226 0.792053 1.71544 -30.9417 28.4611 0.146572 8.5104 -12.8163 -23.8918 16.3141 63.4319 12.9237 7.82503 27.1992 -0.938233 43.4326 -1.74702 -19.6447 -91.1441 -3.70551 -1.05437 -9.57074 -42.6644 28.9209 0.0932766 0.189005 -0.082781 -15.0419 -29.4459 1.54594 7.47904 0.958989 2.79047 -0.804544 -0.0296513 1.16821 -0.463044 8.56954 -16.6785 -50.5664 60.0375 2.27519 54.8977 14.9197 37.146 1.92053 7.96538 -15.7785 -27.7718 -7.87831 -5.29944 -3.79268 -3.30535 -20.9929
internal_weight=159648 7872 864 7008 829 273 6816 4512 2304 2208 2163 192 192 151776 960 257 209 703 46 657 564 175 389 93 158 100 51 4320 2976 1344 45 58 150816 147191 122630 433 236 24561 2210 22351 10964 11387 122197 32465 89732 2180 556 100 73 197 64 128 96 253 189 64 245 311 287 3625 3475 176
internal_count=159648 7872 864 7008 829 273 6816 4512 2304 2208 2163 192 192 151776 960 257 209 703 46 657 564 175 389 93 158 100 51 4320 2976 1344 45 58 150816 147191 122630 433 236 24561 2210 22351 10964 11387 122197 32465 89732 2180 556 100 73 197 64 128 96 253 189 64 245 311 287 3625 3475 176
is_linear=0
shrinkage=0.05


Tree=114
num_leaves=63
num_cat=0
split_feature=2 9 0 15 3 3 15 3 3 3 3 11 5 5 2 0 3 3 15 3 3 2 3 3 2 3 3 3 15 3 3 2 7 2 3 15 11 14 3 2 7 2 3 9 3 0 15 3 3 11 3 14 3 14 15 3 14 3 3 15 11 3
split_gain=2.51678e+07 5.94421e+07 6.61423e+07 5.11198e+07 3.59701e+07 4.40105e+07 4.9639e+07 4.34638e+07 3.40159e+07 1.26232e+08 1.77319e+08 1.30326e+08 3.13657e+08 2.10428e+08 1.31837e+08 5.55507e+07 6.53475e+07 5.64325e+07 4.99167e+07 4.68584e+07 1.5639e+08 1.88754e+08 1.04242e+08 1.13277e+08 1.04521e+08 9.87774e+07 4.35623e+07 3.60293e+07 6.54441e+07 3.60879e+07 4.0203e+07 4.82925e+07 3.47905e+07 3.47272e+07 8.2493e+07 9.76404e+07 5.31731e+07 1.04039e+08 7.47125e+07 3.39375e+07 3.17533e+07 3.4753e+07 4.5647e+07 3.25096e+07 4.11306e+07 3.05092e+07 2.37759e+07 2.3673e+07 1.03507e+08 9.37474e+07 5.35876e+07 1.18249e+08 4.60007e+07 1.07067e+08 1.09871e+08 4.33896e+07 3.2448e+07 4.9989e+07 6.94089e+07 2.96987e+07 2.86145e+07 2.75705e+07
threshold=5.5000000000000009 1.5000000000000002 80.500000000000014 586.24315279589757 28.500000000000004 260.50000000000006 2338.9285519878549 246.50000000000003 284.50000000000006 271.50000000000006 270.50000000000006 3992.4350000000004 2021.5000000000002 2022.5000000000002 2.5000000000000004 75.500000000000014 280.50000000000006 280.50000000000006 2678.1807424756239 261.50000000000006 263.50000000000006 1.0000000180025095e-35 248.50000000000003 227.50000000000003 1.0000000180025095e-35 266.50000000000006 272.50000000000006 320.50000000000006 1156.6349250147 361.50000000000006 352.50000000000006 2.5000000000000004 1.0000000180025095e-35 3.5000000000000004 285.50000000000006 1627.9932808793963 17561.605000000003 11626.133833333335 294.50000000000006 2.5000000000000004 1.0000000180025095e-35 2.5000000000000004 288.50000000000006 1.5000000000000002 296.50000000000006 21.500000000000004 2742.5134918500275 184.50000000000003 194.50000000000003 4904.5400000000009 146.50000000000003 5543.2928333333339 132.50000000000003 7589.3448333333345 1627.9932808793963 168.50000000000003 9299.2155000000021 211.50000000000003 225.50000000000003 1.0000000180025095e-35 9999.9950000000008 156.50000000000003
decision_type=2 2 2 2 2 2 2 2 2 2 2 2 2 2 2 2 2 2 2 2 2 2 2 2 2 2 2 2 2 2 2 2 2 2 2 2 2 2 2 2 2 2 2 2 2 2 2 2 2 2 2 2 2 2 2 2 2 2 2 2 2 2
left_child=8 47 3 -3 -5 7 -7 -6 9 10 19 18 15 26 -15 16 -13 -17 -11 22 21 -21 23 -1 -24 -22 -14 33 -29 30 31 -30 -32 40 35 -35 37 -36 -38 -31 41 -10 -43 -42 -45 -20 -12 50 49 -49 52 61 59 -54 -55 -53 -50 -58 -59 -2 -61 -52
right_child=1 2 -4 4 5 6 -8 -9 27 11 46 12 13 14 -16 17 -18 -19 45 20 25 -23 24 -25 -26 -27 -28 28 29 39 32 -33 -34 34 36 -37 38 -39 -40 -41 43 42 -44 44 -46 -47 -48 48 56 -51 51 55 53 54 -56 -57 57 58 -60 60 -62 -63
leaf_value=0.024450792881309275 61.730457938058045 -1.1293243509919688 5.1300528133430703 6.2612516792604884 -10.938762609938241 3.1815336194827135 -15.159536289181155 -30.357551813186355 -2.4216060832577266 2.4797615520520777 -29.371094256077694 70.314611947257333 28.25354148039947 -0.77167700406115369 34.263127591355143 10.013639961803662 31.1773719588193 64.912978227615355 -80.532725772199967 68.122072687766718 -10.295561539877216 11.995658974743172 -22.500639696453351 6.0339412309274518 -3.5258561968846913 8.3842070038855745 -28.514606653339897 -0.74149128249269292 -5.8114277600523216 -45.287223149766319 30.487633309651535 17.157578550925503 -19.256655539488182 -20.85745075010918 -5.6355026284133194 -133.18488866735387 -10.869324847722458 80.924153249468134 -108.28076661173503 1.3004755895332205 -0.82161244094578034 23.432004407103911 2.0427763803811922 17.405670205330363 -32.991989250578818 -8.3019080398928722 -71.417259866814874 -16.792691547391296 1.11102376476013 -89.898683641873873 16.180687087070748 48.837632857561118 -0.0024362281373902861 40.971180733490002 -76.714522978527711 17.078108141368599 32.448929907854868 -105.51871134621757 -16.223929776484425 3.575483152047108 -10.760176995169257 -3.4542565452339762
leaf_weight=84768 20 3785 1659 382 3562 1128 547 313 6432 3104 347 283 36 536 537 169 175 64 28 192 1248 672 864 8640 4512 1632 414 13340 397 46 385 538 38 70 4295 26 58 34 29 232 288 288 1824 48 240 30 37 285 5264 51 243 223 356 24 100 210 33 27 100 3385 387 668
leaf_count=84768 20 3785 1659 382 3562 1128 547 313 6432 3104 347 283 36 536 537 169 175 64 28 192 1248 672 864 8640 4512 1632 414 13340 397 46 385 538 38 70 4295 26 58 34 29 232 288 288 1824 48 240 30 37 285 5264 51 243 223 356 24 100 210 33 27 100 3385 387 668
internal_value=0.000804136 -1.53907 -4.0946 -5.6699 -8.56641 -9.58792 -2.81353 -12.5147 0.25674 0.661846 0.271633 8.1302 17.4308 4.74474 16.7776 45.3443 55.4609 25.3063 1.61456 0.39881 5.88862 24.5325 0.190684 0.580372 -6.57899 0.288875 -23.9206 -1.27665 0.41627 9.85138 13.2099 7.40917 25.984 -3.13638 -6.72377 -52.3389 -5.72051 -4.93713 -44.2013 -6.54295 -1.36102 -0.594297 4.9692 -12.7134 -24.5612 -43.946 -33.5974 1.01659 -1.23551 -28.123 3.32625 12.03 0.585821 -13.9808 -53.7911 33.5095 0.43496 -21.6763 -35.884 2.4329 2.10221 1.79516
internal_weight=159648 22752 11376 9717 5932 5550 1675 3875 136896 108288 102912 5376 2214 1523 1073 691 458 233 3162 102528 3744 864 98784 93408 5376 2880 450 28608 14976 1636 1358 935 423 13632 4512 96 4416 4329 87 278 9120 8544 2112 576 288 58 384 11376 5760 336 5616 1344 4272 480 124 433 5424 160 127 3792 3772 911
internal_count=159648 22752 11376 9717 5932 5550 1675 3875 136896 108288 102912 5376 2214 1523 1073 691 458 233 3162 102528 3744 864 98784 93408 5376 2880 450 28608 14976 1636 1358 935 423 13632 4512 96 4416 4329 87 278 9120 8544 2112 576 288 58 384 11376 5760 336 5616 1344 4272 480 124 433 5424 160 127 3792 3772 911
is_linear=0
shrinkage=0.05


Tree=115
num_leaves=63
num_cat=0
split_feature=2 9 1 13 13 13 13 10 3 3 3 10 15 3 3 3 3 15 11 3 3 10 3 2 3 13 11 13 13 11 2 3 3 3 3 15 3 3 2 2 3 3 10 3 15 3 3 15 15 10 3 13 12 13 13 8 3 10 12 13 3 10
split_gain=2.27208e+07 5.36412e+07 5.81874e+07 6.59612e+07 5.93423e+07 5.5912e+07 7.84566e+07 4.18682e+07 3.36844e+07 3.5837e+07 3.25103e+07 3.14018e+07 3.09824e+07 4.2897e+07 1.38912e+08 1.68977e+08 1.4643e+08 1.2977e+08 1.01337e+08 9.62158e+07 9.07736e+07 6.55557e+07 6.54479e+07 1.25969e+08 7.3399e+07 5.51885e+07 9.61893e+07 3.27516e+07 2.65564e+07 2.62801e+07 2.49313e+07 1.26766e+08 5.36905e+07 6.93073e+07 4.86648e+07 4.68914e+07 2.4041e+07 4.6927e+07 3.03137e+07 2.20447e+07 2.13901e+07 9.35181e+07 1.2071e+08 4.83869e+07 7.3456e+07 4.76139e+07 4.15392e+07 7.3495e+07 5.05363e+07 4.45695e+07 4.15383e+07 4.08047e+07 4.03196e+07 3.94262e+07 3.63965e+07 7.74372e+07 3.67748e+07 3.33701e+07 2.55001e+07 2.04135e+07 2.73702e+07 1.9218e+07
threshold=5.5000000000000009 1.5000000000000002 19.500000000000004 4154.2107688728292 756.00537523032062 2760.7646982802116 2305.6550727788604 9999.9950000000008 358.50000000000006 26.500000000000004 239.50000000000003 9999.9950000000008 866.24885569027003 284.50000000000006 271.50000000000006 270.50000000000006 272.50000000000006 2426.7473859696302 12000.005000000003 320.50000000000006 273.50000000000006 12000.005000000003 269.50000000000006 1.0000000180025095e-35 244.50000000000003 1350.6003130387064 6548.3200000000006 1311.2802000299469 3716.3037709628406 8500.3850000000002 3.5000000000000004 285.50000000000006 290.50000000000006 291.50000000000006 295.50000000000006 6037.7917475630766 361.50000000000006 352.50000000000006 2.5000000000000004 3.5000000000000004 184.50000000000003 194.50000000000003 6500.4850000000006 146.50000000000003 1655.0594487498508 168.50000000000003 132.50000000000003 1627.9932808793963 2110.7605708897659 12000.005000000003 154.50000000000003 1.0000000180025095e-35 13619.525 4699.4111002022109 2573.2905843596441 2.5000000000000004 198.50000000000003 11999.985000000002 4605.8850000000011 1164.8514057877398 254.50000000000003 9999.9950000000008
decision_type=2 2 2 2 2 2 2 2 2 2 2 2 2 2 2 2 2 2 2 2 2 2 2 2 2 2 2 2 2 2 2 2 2 2 2 2 2 2 2 2 2 2 2 2 2 2 2 2 2 2 2 2 2 2 2 2 2 2 2 2 2 2
left_child=12 40 4 5 -3 6 -4 -7 9 29 -11 -8 59 14 15 22 17 27 20 30 -18 -20 24 -24 -14 -17 -27 -16 36 -6 32 -32 35 -34 -33 -15 37 -21 -38 -19 43 42 -42 46 51 50 49 -48 -49 57 -46 -45 54 -51 56 -56 -43 -2 -53 -1 61 -61
right_child=1 2 3 -5 8 7 11 -9 -10 10 -12 -13 13 19 16 25 18 39 21 28 -22 -23 23 -25 -26 26 -28 -29 -30 -31 31 34 33 -35 -36 -37 38 -39 -40 -41 41 52 -44 44 45 -47 47 48 -50 53 -52 58 -54 -55 55 -57 -58 -59 -60 60 -62 -63
leaf_value=-0.38060988959430514 1.6712792530994047 -2.6572262382523788 2.0112598522281013 77.657846295674645 12.092256809571468 8.3731459732055651 14.537144084757026 -61.510763033147441 27.109507455658498 -17.314800151888811 -6.4113750795479909 65.783356817494266 1.8470351182403897 11.471807625405637 5.803702978272649 -20.699522400946151 -22.004227569382564 53.530108473117537 129.59011708577475 3.3867612165513585 9.2688853503761361 34.451379002869132 -25.858819398521099 42.949675526903036 -3.8633230644307632 -131.80180118136934 -30.091080155856368 50.513451028597558 57.849267132568372 -46.49517663864863 -97.281535690307621 -16.55317064512127 -29.841496327400208 -3.3896223745295 -1.870067370240992 -52.272309020996104 -34.169872249051146 20.038541159452841 1.7217978449662525 102.80928553932591 -15.080519119314596 27.393549685663029 -103.98252727161753 37.669228590058118 19.948421140171234 12.11825218088773 1.8895333752125205 -88.166713712692257 -24.171742073717251 -82.541091221400677 66.863883575675757 4.2127411650916491 51.735155836406513 -8.5031406094477724 -34.941381969451903 19.629651771820701 0.35270169038296673 18.807248790864019 -20.428908969789259 -25.114962979757362 22.883795774671768 11.884415588378907
leaf_weight=75314 3405 6269 1655 29 217 34 54 56 56 1821 1097 68 41143 766 135 205 254 38 23 1524 2581 79 92 234 6518 35 68 58 24 20 39 916 264 3786 1468 29 75 585 260 75 293 128 43 81 83 195 300 39 141 27 112 752 37 51 197 96 4966 309 121 223 44 41
leaf_count=75314 3405 6269 1655 29 217 34 54 56 56 1821 1097 68 41143 766 135 205 254 38 23 1524 2581 79 92 234 6518 35 68 58 24 20 39 916 264 3786 1468 29 75 585 260 75 293 128 43 81 83 195 300 39 141 27 112 752 37 51 197 96 4966 309 121 223 44 41
internal_value=0.000678389 -1.46243 -3.89006 4.10434 -5.4892 2.92088 4.87584 -35.3082 -11.0157 -11.7007 -13.2193 43.4032 0.243854 1.07948 1.65449 0.981705 11.6702 44.5303 8.23263 -1.96419 6.46022 56.9542 1.21901 23.5116 1.06604 -35.8746 -65.588 19.4309 6.56384 6.97356 -4.86057 -9.00068 -2.78865 -5.12083 -7.51631 9.0838 6.03676 8.01299 -6.39142 86.8525 0.965332 -1.17543 -26.7327 3.1608 11.4314 29.6841 0.55675 -13.2855 -38.4479 2.31197 47.0984 3.94633 0.412399 -34.8521 0.0503572 -17.0555 1.03742 3.10165 0.777874 -0.433234 -13.2583 -19.3457
internal_weight=159648 22752 11376 1896 9480 1867 1777 90 3211 3155 2918 122 136896 61274 51538 48295 3243 306 2937 9736 2835 102 47987 326 47661 308 103 193 2468 237 7268 2423 4845 4050 2384 795 2444 2109 335 113 11376 5760 336 5616 1344 390 4272 480 180 3792 195 954 5424 78 5387 293 5094 3714 873 75622 308 264
internal_count=159648 22752 11376 1896 9480 1867 1777 90 3211 3155 2918 122 136896 61274 51538 48295 3243 306 2937 9736 2835 102 47987 326 47661 308 103 193 2468 237 7268 2423 4845 4050 2384 795 2444 2109 335 113 11376 5760 336 5616 1344 390 4272 480 180 3792 195 954 5424 78 5387 293 5094 3714 873 75622 308 264
is_linear=0
shrinkage=0.05


Tree=116
num_leaves=63
num_cat=0
split_feature=7 9 3 10 8 3 3 2 15 5 2 3 3 0 2 0 15 0 0 3 3 10 15 3 3 12 5 3 2 2 15 3 3 10 3 3 3 5 3 3 5 3 0 3 10 0 2 15 10 5 0 2 3 10 3 3 2 2 2 3 3 3
split_gain=2.1984e+07 3.52789e+07 5.3568e+07 1.14467e+08 3.366e+07 3.82392e+07 5.62133e+07 3.24778e+07 3.18963e+07 3.09562e+07 2.82925e+07 2.64692e+07 2.29374e+07 3.35481e+07 2.26174e+07 5.7794e+07 4.76143e+07 4.14871e+07 3.98278e+07 6.10191e+07 5.83302e+07 3.721e+07 3.43621e+07 3.32642e+07 8.37788e+07 6.20344e+07 3.21086e+07 3.14877e+07 1.13653e+08 1.27585e+08 1.02687e+08 9.35023e+07 1.84354e+08 4.6847e+08 9.7247e+07 2.38042e+08 1.08738e+08 8.94186e+07 7.46155e+07 2.84549e+08 1.12835e+08 6.15395e+07 2.68818e+07 2.06731e+07 1.99551e+07 1.97169e+07 1.92253e+07 1.88704e+07 2.21228e+07 1.73481e+07 2.34711e+07 1.9774e+07 7.2044e+07 4.5008e+07 3.20614e+07 5.17457e+07 2.2014e+07 1.77059e+07 3.31195e+07 1.61599e+07 1.41377e+07 1.24251e+08
threshold=1.0000000180025095e-35 1.5000000000000002 88.500000000000014 10000.005000000003 2.5000000000000004 241.50000000000003 220.50000000000003 1.5000000000000002 4367.0318496902373 2022.5000000000002 2.5000000000000004 330.50000000000006 275.50000000000006 77.500000000000014 5.5000000000000009 27.500000000000004 3875.9798355999246 80.500000000000014 74.500000000000014 112.50000000000001 134.50000000000003 14498.490000000002 510.16003638937758 182.50000000000003 190.50000000000003 10592.202142857144 2023.5000000000002 112.50000000000001 1.5000000000000002 1.0000000180025095e-35 1907.0862688093696 184.50000000000003 180.50000000000003 11126.180000000002 241.50000000000003 237.50000000000003 261.50000000000006 2022.5000000000002 62.500000000000007 60.500000000000007 2022.5000000000002 134.50000000000003 63.500000000000007 310.50000000000006 4998.9650000000011 77.500000000000014 5.5000000000000009 4172.7825912611497 14498.490000000002 2023.5000000000002 6.5000000000000009 3.5000000000000004 90.500000000000014 8000.5550000000012 230.50000000000003 275.50000000000006 5.5000000000000009 1.5000000000000002 2.5000000000000004 76.500000000000014 168.50000000000003 166.50000000000003
decision_type=2 2 2 2 2 2 2 2 2 2 2 2 2 2 2 2 2 2 2 2 2 2 2 2 2 2 2 2 2 2 2 2 2 2 2 2 2 2 2 2 2 2 2 2 2 2 2 2 2 2 2 2 2 2 2 2 2 2 2 2 2 2
left_child=14 49 3 59 5 6 8 -8 -4 12 45 44 13 -6 22 60 17 21 19 42 -21 26 -1 25 -25 -19 -17 28 29 37 -31 32 41 -34 35 -33 -36 -24 39 -30 -40 -29 -18 -14 -11 -7 -12 -20 -49 51 57 -2 53 -53 56 -56 -54 -51 -59 -3 61 -16
right_child=1 2 4 -5 9 10 7 -9 -10 11 46 -13 43 -15 15 16 18 23 47 20 -22 -23 27 24 -26 -27 -28 31 38 30 -32 34 33 -35 36 -37 -38 -39 40 -41 -42 -43 -44 -45 -46 -47 -48 48 -50 50 -52 52 54 -55 55 -57 -58 58 -60 -61 -62 -63
leaf_value=-0.69347070713516623 -4.3593812718957752 -9.4831319476103282 2.0505300143102563 -131.10648287565812 32.299542208089456 21.00354771402608 -34.338073179610653 -7.7940122049613807 -54.891421459960945 -22.410299100685961 -5.3921943025329577 10.359336242286526 -15.025586319564397 -39.119789619445811 4.2087863814619295 -2.4416530172061757 -38.565403165195299 5.1393486010792984 -27.320064286163877 56.17353843688965 -21.214248429562183 -60.430137079173122 13.019747038612355 -49.166009432614509 0.22882948778648335 46.777043926038239 -9.1896082140380582 -6.0473935118928095 4.1845782713612847 -2.2665070046382936 -19.56403825349922 3.0987044121027747 -17.762130199673212 -228.91492666739006 -5.8744414422403572 27.614889149993463 1.5331380237130112 -2.7543366001864653 14.679395421741226 -38.13064022663341 2.2568304667065036 0.64555503304313167 -87.886621464320584 4.665712634491797 -54.311641483306886 66.362203041814993 21.897831029695336 -5.5599302555858223 30.608694900762842 -5.7345591009074255 3.8766106712872581 20.822884221570249 -1.7031938294078111 118.59305363246375 30.764173357032742 0.50940932445805553 -23.938118326302231 92.88131222811613 21.093119243318217 -30.732435940820025 0.51725559789365605 108.23808421167836
leaf_weight=47190 1776 278 1512 22 76 114 192 288 24 225 192 48 432 20 2828 9329 91 1541 55 27 187 28 1601 90 1515 94 2173 4959 6092 2171 1418 15656 985 26 6434 1056 21527 2045 3848 424 3482 11166 41 192 63 30 96 137 60 28 656 28 480 20 192 528 144 21 63 132 3472 28
leaf_count=47190 1776 278 1512 22 76 114 192 288 24 225 192 48 432 20 2828 9329 91 1541 55 27 187 28 1601 90 1515 94 2173 4959 6092 2171 1418 15656 985 26 6434 1056 21527 2045 3848 424 3482 11166 41 192 63 30 96 137 60 28 656 28 480 20 192 528 144 21 63 132 3472 28
internal_value=0.000651508 -2.5755 -5.9221 -22.5142 -3.87065 -0.650679 -3.54465 -18.461 1.12567 -11.3274 12.8315 -23.837 -5.46469 17.1706 0.134282 -1.36021 -3.01611 -2.45547 -16.836 -27.8233 -11.2345 -3.86014 0.383557 2.54289 -2.56986 7.56033 -3.71719 0.996719 2.66534 -2.41321 -9.10424 0.427575 -2.71228 -23.4132 1.63202 4.6494 -0.171541 4.17391 5.31903 1.42567 8.77937 -1.41301 -54.4305 -8.96895 -29.5525 30.8458 3.74876 -1.69986 5.55482 0.771752 7.50843 -0.863235 3.59729 63.1494 1.42505 8.60883 -6.86443 28.5579 39.9218 -16.3825 2.66108 5.26621
internal_weight=159648 7872 3936 432 3504 2448 2016 480 1536 1056 432 336 720 96 151776 21696 15368 14770 598 346 214 11530 130080 3240 1605 1635 11502 82890 21081 7235 3589 61809 17136 1011 44673 16712 27961 3646 13846 6516 7330 16125 132 624 288 144 288 252 197 3936 768 3168 1392 48 1344 720 624 112 84 410 6328 2856
internal_count=159648 7872 3936 432 3504 2448 2016 480 1536 1056 432 336 720 96 151776 21696 15368 14770 598 346 214 11530 130080 3240 1605 1635 11502 82890 21081 7235 3589 61809 17136 1011 44673 16712 27961 3646 13846 6516 7330 16125 132 624 288 144 288 252 197 3936 768 3168 1392 48 1344 720 624 112 84 410 6328 2856
is_linear=0
shrinkage=0.05


Tree=117
num_leaves=63
num_cat=0
split_feature=0 3 13 13 0 11 3 11 13 15 13 11 2 11 11 14 13 0 13 3 3 2 3 3 13 3 2 11 13 13 3 3 13 13 4 3 14 13 11 13 15 0 2 14 3 11 2 15 13 3 3 4 3 11 11 3 3 11 2 3 2 15
split_gain=2.08867e+07 5.05253e+07 7.39121e+07 4.60461e+07 4.83287e+07 2.83961e+07 7.88532e+07 4.23618e+07 2.89189e+07 2.52775e+07 3.61923e+07 3.25226e+07 7.26293e+07 1.34143e+08 6.50262e+07 3.29171e+07 3.8104e+07 2.3262e+07 3.42784e+07 2.90369e+07 1.0731e+08 1.07649e+08 1.31175e+08 8.54124e+07 1.25224e+08 8.26236e+07 1.46645e+08 1.36898e+08 1.08554e+08 4.41036e+07 4.09105e+07 1.22514e+08 1.97474e+08 3.97839e+07 9.3967e+07 3.76894e+07 4.9259e+07 3.56345e+07 4.62779e+07 3.37659e+07 3.27494e+07 3.02899e+07 2.43799e+07 3.59425e+07 3.98718e+07 3.01134e+07 4.88892e+07 3.07681e+07 5.30958e+07 4.07663e+07 2.35256e+07 2.30773e+07 2.2577e+07 2.21845e+07 2.21768e+07 2.21241e+07 2.19e+07 3.80229e+07 2.33133e+07 2.12222e+07 2.04488e+07 2.70048e+07
threshold=73.500000000000014 293.50000000000006 1.0000000180025095e-35 5336.2109027648903 79.500000000000014 17561.605000000003 294.50000000000006 12000.005000000003 4699.4111002022109 2302.9400117846303 2882.6451101576818 6500.5150000000012 1.0000000180025095e-35 4206.6250000000009 3620.6550000000002 6886.5073333333348 3118.8938789861763 3.5000000000000004 964.50953938217697 261.50000000000006 263.50000000000006 1.0000000180025095e-35 262.50000000000006 246.50000000000003 1495.1751119153453 239.50000000000003 3.5000000000000004 2766.3700000000003 1235.2873230198154 477.79491966872416 285.50000000000006 276.50000000000006 682.08872422871275 2760.7646982802116 4.5000000000000009 299.50000000000006 10578.665666666669 856.74947065313927 2815.3850000000007 2005.1732400694489 5153.4035330993411 26.500000000000004 1.0000000180025095e-35 8489.3610000000026 168.50000000000003 4500.3750000000009 1.5000000000000002 2794.1647277555421 1513.6076288708625 192.50000000000003 178.50000000000003 8.5000000000000018 287.50000000000006 3308.1700000000005 9999.9950000000008 297.50000000000006 247.50000000000003 5005.7900000000009 4.5000000000000009 261.50000000000006 5.5000000000000009 693.98174818284667
decision_type=2 2 2 2 2 2 2 2 2 2 2 2 2 2 2 2 2 2 2 2 2 2 2 2 2 2 2 2 2 2 2 2 2 2 2 2 2 2 2 2 2 2 2 2 2 2 2 2 2 2 2 2 2 2 2 2 2 2 2 2 2 2
left_child=17 3 -3 9 -5 7 -7 8 55 10 52 12 13 -11 -14 16 -13 18 -1 23 21 22 -21 25 60 33 28 -28 -27 -24 31 39 -33 40 -35 36 -32 38 -23 -22 -19 -37 43 59 -45 46 50 48 -47 -49 -44 -17 -2 -48 -46 -4 58 -58 -26 -20 -25 -62
right_child=1 2 5 4 -6 6 -8 -9 -10 11 -12 15 14 -15 -16 51 -18 19 42 20 30 37 29 24 56 26 27 -29 -30 -31 35 32 -34 34 -36 41 -38 -39 -40 -41 -42 -43 45 44 54 47 53 49 -50 -51 -52 -53 -54 -55 -56 -57 57 -59 -60 -61 61 -63
leaf_value=0.068916553399451672 0.8638366788780113 -76.427725138944751 -14.542165698636879 90.633850358108006 12.577359332964971 33.717068339223452 -87.324107034856638 49.741043470333786 -47.217596444023982 86.890841217041014 -25.086634062430015 8.7344891091287717 -22.847500036427235 11.605655376094957 8.2099986047080957 2.9072456980858221 49.389783497150134 -0.64026460346077452 -23.264462320645649 10.47513122619038 -0.64012623553026726 5.1427506851042075 71.864060732819311 -1.8927638953859973 28.470403948528016 7.7370945739500803 -2.187381705824643 35.733170182876712 -21.766497680725706 155.64531729862608 -5.03716589072069 0.19546215638116668 25.462669837042451 -0.34310428656122222 -19.820650507736886 -2.4949246290741756 48.110112533677714 -11.287444519629846 39.776448016261426 -19.06431320804538 55.485548582260428 1.7507020538917768 15.343002471923828 63.695538101060052 28.97327859606062 20.063240743927334 -11.829514462485243 39.345359586357269 -3.8293906757851519 2.5240808519350937 79.657336157957715 -4.5147353002424984 13.423282240530947 20.358667267066085 -42.138443717541911 -1.5820615714379007 -54.123968717350685 -21.647102637349036 -19.536614984021043 13.077469521669242 1.8643415670893764 -19.780149321445485
leaf_weight=4485 21104 33 347 28 64 22 32 38 35 80 132 516 182 221 2137 3570 64 73522 179 70 4287 268 42 3608 40 933 364 686 467 28 4857 1789 1361 1907 916 6256 43 142 150 263 25 12784 21 34 20 321 66 148 836 152 47 1481 363 270 22 6137 101 820 65 51 229 387
leaf_count=4485 21104 33 347 28 64 22 32 38 35 80 132 516 182 221 2137 3570 64 73522 179 70 4287 268 42 3608 40 933 364 686 467 28 4857 1789 1361 1907 916 6256 43 142 150 263 25 12784 21 34 20 321 66 148 836 152 47 1481 363 270 22 6137 101 820 65 51 229 387
internal_value=0.000525594 1.04939 -2.89482 1.92467 37.0528 -2.51626 -38.2945 -2.21581 -2.52626 1.81516 0.915779 4.16911 8.77013 31.8365 5.76374 2.02717 13.2979 -0.311306 2.56422 -0.475643 0.797552 20.1472 59.2029 -0.965418 -7.13996 -0.554062 8.48226 22.5978 -2.11297 107.097 0.36884 3.53879 11.1171 -0.84406 -6.66791 -0.650838 -4.56105 10.2951 17.6364 -1.70904 -0.620432 0.355652 7.72628 -5.33865 24.2675 9.87623 21.9401 6.51839 2.81102 20.7596 60.3058 0.730588 1.07683 14.0196 -8.38931 -2.27778 -22.7995 -25.2635 -1.15212 -15.1843 -3.33181 -11.7438
internal_weight=159648 36586 6644 29942 92 6611 54 6557 6519 29850 21599 8251 2620 301 2319 5631 580 123062 6652 116410 32340 700 140 84070 5250 78820 2450 1050 1400 70 31640 7700 3150 76370 2823 23940 4900 560 418 4550 73547 19040 2167 306 76 1861 404 1457 1157 300 68 5051 21467 336 42 6484 1026 921 105 230 4224 616
internal_count=159648 36586 6644 29942 92 6611 54 6557 6519 29850 21599 8251 2620 301 2319 5631 580 123062 6652 116410 32340 700 140 84070 5250 78820 2450 1050 1400 70 31640 7700 3150 76370 2823 23940 4900 560 418 4550 73547 19040 2167 306 76 1861 404 1457 1157 300 68 5051 21467 336 42 6484 1026 921 105 230 4224 616
is_linear=0
shrinkage=0.05


Tree=118
num_leaves=63
num_cat=0
split_feature=14 3 3 5 0 14 3 3 3 11 13 3 10 3 15 15 10 3 3 3 3 14 3 3 14 5 14 12 0 10 0 15 3 12 11 11 15 11 3 3 15 3 0 11 3 3 3 5 13 3 3 11 0 13 3 3 3 3 3 3 14 13
split_gain=2.02062e+07 4.07564e+07 1.09073e+08 9.38647e+07 7.96145e+07 5.4531e+07 5.53495e+07 7.22122e+07 5.05542e+07 1.17006e+08 1.08836e+08 7.35028e+07 7.25102e+07 7.07474e+07 4.74816e+07 4.55426e+07 4.44469e+07 4.39284e+07 4.22538e+07 3.52645e+07 1.16035e+08 1.75391e+08 8.72968e+07 1.08367e+08 2.67455e+08 7.32377e+07 5.54372e+07 3.64556e+07 3.9816e+07 3.38235e+07 3.21771e+07 3.02865e+07 6.22382e+07 2.97488e+07 2.69283e+07 4.23856e+07 3.94113e+07 2.43987e+07 6.17389e+07 2.24286e+08 7.64004e+07 5.68976e+07 5.87848e+07 5.68571e+07 4.56125e+07 4.43036e+07 3.71508e+07 9.3946e+07 4.0499e+07 3.18448e+07 4.92262e+07 2.84815e+07 3.95407e+07 2.43001e+07 7.48573e+07 8.85075e+07 8.51284e+07 5.01005e+07 4.205e+07 3.97361e+07 3.52625e+07 2.35982e+07
threshold=8249.6408333333366 232.50000000000003 231.50000000000003 2023.5000000000002 81.500000000000014 9137.9141666666692 293.50000000000006 296.50000000000006 224.50000000000003 6149.2250000000013 2005.1732400694489 213.50000000000003 4979.9350000000004 194.50000000000003 2697.1495883321154 1156.6349250147 5499.0550000000012 203.50000000000003 124.50000000000001 294.50000000000006 292.50000000000006 10778.288500000002 295.50000000000006 296.50000000000006 10000.133666666668 2021.5000000000002 11254.016333333335 6445.6792857142864 73.500000000000014 9200.3700000000008 75.500000000000014 4172.7825912611497 256.50000000000006 10000.04642857143 4714.7450000000008 5342.8100000000004 2338.9285519878549 9999.9950000000008 146.50000000000003 144.50000000000003 2395.2355910430888 244.50000000000003 68.500000000000014 12000.005000000003 136.50000000000003 90.500000000000014 112.50000000000001 2023.5000000000002 1836.9488008518331 334.50000000000006 290.50000000000006 9789.3250000000025 77.500000000000014 2882.6451101576818 276.50000000000006 156.50000000000003 279.50000000000006 66.500000000000014 333.50000000000006 226.50000000000003 4741.4628333333339 4154.2107688728292
decision_type=2 2 2 2 2 2 2 2 2 2 2 2 2 2 2 2 2 2 2 2 2 2 2 2 2 2 2 2 2 2 2 2 2 2 2 2 2 2 2 2 2 2 2 2 2 2 2 2 2 2 2 2 2 2 2 2 2 2 2 2 2 2
left_child=37 2 8 -4 19 6 34 -8 11 10 -10 13 30 18 16 -7 -11 -15 -2 20 27 -22 25 24 -24 -21 -25 29 -29 -3 -13 32 -17 -14 36 -36 -6 51 39 40 46 43 49 -40 45 -42 48 -48 -39 50 -43 53 -53 -1 55 57 60 -55 -58 -57 -56 -44
right_child=1 4 3 -5 5 15 7 -9 9 14 -12 12 33 17 -16 31 -18 -19 -20 22 21 -23 23 26 -26 -27 -28 28 -30 -31 -32 -33 -34 -35 35 -37 -38 38 41 -41 44 42 61 -45 -46 -47 47 -49 -50 -51 -52 52 -54 54 56 59 58 -59 -60 -61 -62 -63
leaf_value=-0.022793389925342761 4.5986007504677273 36.591088834591766 117.86126721833881 -11.432436193383259 81.262417492675795 4.2911663835036933 -97.285038859049493 -8.3990220574328784 130.78412298011779 73.573829361724862 24.483938603476876 -4.8255714035034183 -24.517133637538628 26.999347290469753 -68.022868688674208 -17.134116704622123 3.7896013907681816 6.0814900865636927 -1.4921658986523818 -114.18781429290772 21.712224449393261 173.34189823608398 -23.103307997286322 -0.49336197475672883 207.34988822573706 7.4287007068452384 -34.914231890631086 -9.6870889155373323 6.4442436478443668 -30.593416470614347 75.116028087985143 -9.2194784428022167 -51.285216531848903 2.2451819697358553 -33.201450483365193 2.9092408222996209 7.9895119132458321 4.8867817041371442 6.6187075683205068 -103.29012834364369 7.7050617013768194 -4.5859630763747967 5.6840997673882603 67.038072937011734 27.762472207876353 -10.046277939660058 -57.40388088402721 -0.89468169633732286 -23.304924602460542 14.034911869256073 -23.727462404405305 2.4391793034922693 39.620076281289073 -40.831308363808532 119.01338175455732 -43.812463556980269 6.5191944354647875 3.1507016018352836 -51.031354161430812 -16.022836257551802 35.879597233952708 54.208087162604706
leaf_weight=131765 6453 133 37 22 24 202 32 75 39 24 62 21 483 464 20 406 263 547 5095 31 82 24 31 1093 20 20 130 523 1416 21 30 312 199 132 89 836 70 222 1492 61 575 877 707 39 129 901 172 128 297 128 544 216 106 71 20 231 477 642 33 293 36 25
leaf_count=131765 6453 133 37 22 24 202 32 75 39 24 62 21 483 464 20 406 263 547 5095 31 82 24 31 1093 20 20 130 523 1416 21 30 312 199 132 89 836 70 222 1492 61 575 877 707 39 129 901 172 128 297 128 544 216 106 71 20 231 477 642 33 293 36 25
internal_value=0.000680553 1.51038 2.99557 70.263 -2.01446 -9.37143 -1.59983 -35.6365 2.69932 20.0127 66.4104 2.16372 -14.0109 3.0225 4.58221 -17.1832 9.86044 15.699 1.91145 2.6737 6.55513 57.3427 -3.76808 -1.17527 69.5199 -67.2693 -4.1777 3.95683 2.09044 27.2913 42.739 -21.9132 -28.4334 -18.7787 2.00561 -0.59729 27.356 -0.208907 -3.25029 -9.38049 -6.97563 0.747332 -4.25665 8.20056 -0.631691 -3.13041 -19.392 -33.3764 -11.2598 -9.77254 -11.9254 -0.0658443 14.7636 -0.101705 -5.86542 -12.7538 9.18508 -1.28004 2.70275 -28.3337 67.1374 7.41304
internal_weight=159648 19461 13692 59 5769 2245 1126 107 13633 408 101 13225 666 12559 307 1119 287 1011 11548 3524 2199 106 1325 1274 51 51 1223 2093 1939 154 51 917 605 615 1019 925 94 140187 6297 2485 2424 3812 2281 1531 1605 1476 819 300 519 1549 1421 133890 322 133568 1803 1237 566 713 510 524 56 732
internal_count=159648 19461 13692 59 5769 2245 1126 107 13633 408 101 13225 666 12559 307 1119 287 1011 11548 3524 2199 106 1325 1274 51 51 1223 2093 1939 154 51 917 605 615 1019 925 94 140187 6297 2485 2424 3812 2281 1531 1605 1476 819 300 519 1549 1421 133890 322 133568 1803 1237 566 713 510 524 56 732
is_linear=0
shrinkage=0.05


Tree=119
num_leaves=63
num_cat=0
split_feature=14 0 13 2 0 13 14 14 13 4 11 2 13 8 8 12 14 14 4 5 2 5 0 5 5 13 13 2 13 13 11 14 11 4 14 11 7 4 13 7 12 11 4 13 14 11 11 14 2 12 4 14 11 11 2 9 8 2 5 13 4 4
split_gain=1.96677e+07 1.90009e+07 2.79853e+07 2.47369e+07 1.84275e+08 1.46912e+08 8.03293e+07 7.77944e+07 6.71059e+07 8.53129e+07 6.26267e+07 5.20173e+07 1.51374e+08 1.63754e+08 9.21329e+07 6.23499e+07 5.87434e+07 4.95841e+07 4.32529e+07 4.78734e+07 9.06207e+07 6.06809e+07 4.11226e+07 4.09813e+07 4.50712e+07 3.69346e+07 3.35786e+07 2.42943e+07 1.84745e+07 3.25107e+07 3.23503e+07 2.97815e+07 1.79594e+07 1.54557e+07 2.97198e+07 2.51938e+07 1.52227e+07 2.05515e+07 1.62919e+07 1.3339e+07 1.43802e+07 1.15271e+07 1.3427e+07 2.38761e+07 1.63228e+07 1.07342e+07 1.7497e+07 1.63296e+07 1.455e+07 1.02984e+07 9.98202e+06 8.09941e+06 7.21834e+06 5.15792e+06 5.02788e+06 1.11428e+07 7.32603e+06 6.45544e+06 8.65201e+06 5.5169e+06 4.86363e+06 4.34082e+06
threshold=2207.0181666666672 3.5000000000000004 3026.3383415523681 1.0000000180025095e-35 21.500000000000004 3716.3037709628406 7217.6943333333338 11626.133833333335 1128.2954626054732 8.5000000000000018 7200.4150000000009 1.5000000000000002 2952.9953579360567 2.5000000000000004 1.5000000000000002 13619.525 6093.8915000000006 9550.627666666669 4.5000000000000009 2023.5000000000002 3.5000000000000004 2022.5000000000002 78.500000000000014 2021.5000000000002 2022.5000000000002 1657.2877496455205 1211.300696343272 1.0000000180025095e-35 964.50953938217697 1495.1751119153453 4489.1050000000005 3278.4265000000005 6000.6850000000004 6.5000000000000009 9376.4633333333331 12000.005000000003 1.0000000180025095e-35 4.5000000000000009 263.77248178066702 1.0000000180025095e-35 3446.5314285714289 2006.9700000000003 6.5000000000000009 2339.1606151651431 9065.5350000000017 10000.005000000003 8192.8100000000031 7295.2094999999999 2.5000000000000004 1616.0550000000003 3.5000000000000004 7754.1123333333344 9999.9950000000008 3334.1100000000006 5.5000000000000009 1.0000000180025095e-35 1.5000000000000002 2.5000000000000004 2020.5000000000002 628.29413543224223 7.5000000000000009 7.5000000000000009
decision_type=2 2 2 2 2 2 2 2 2 2 2 2 2 2 2 2 2 2 2 2 2 2 2 2 2 2 2 2 2 2 2 2 2 2 2 2 2 2 2 2 2 2 2 2 2 2 2 2 2 2 2 2 2 2 2 2 2 2 2 2 2 2
left_child=49 2 27 4 5 7 -7 25 36 22 -11 12 14 15 16 -14 -5 -16 23 21 -21 -20 -10 26 -25 -3 -13 41 39 31 -31 -30 -15 34 50 -36 38 -38 -6 51 -41 -2 43 -43 -44 46 47 -35 -47 60 -4 -29 -52 54 55 -51 -56 58 -57 -59 -1 -58
right_child=1 3 33 11 8 6 -8 -9 9 10 -12 18 13 32 17 -17 -18 -19 19 20 -22 -23 -24 24 -26 -27 -28 28 29 30 -32 -33 -34 45 35 -37 37 -39 -40 40 -42 42 44 -45 -46 48 -48 -49 -50 53 52 -53 -54 -55 56 57 61 59 -60 -61 -62 -63
leaf_value=-0.7287006043052674 22.314527806418283 -4.7332783419732163 28.296164503733323 -3.1320519684040415 0.0082186732736405053 -169.63598220098586 -35.155897275117731 -95.29189402847291 18.515168397579568 10.742568614693361 -10.713154785553508 -0.49515474402952581 -47.775476665749949 44.443668602974185 0.81297647398536077 0.99918860068688042 -12.539243570223748 18.307136515294207 -0.84566172335661527 1.9686608588088708 -7.1485751133432238 2.7333310261308932 5.8810625400941792 6.131722230466095 1.3544871826686711 -19.342686560716828 -14.193525824892422 -0.39020150432081258 75.970516149347489 21.654247283792497 -0.45613573213321756 16.203909136817984 3.7699823995709965 -28.477808956570097 29.624015702943549 -37.023826036038614 -23.487022148123984 -1.1662796643956259 3.8506528534440188 0.91662021250664449 31.805553316351485 -3.6804767748835303 -10.837841429673135 45.902024559607881 -53.434380814234423 -34.843643294367297 44.723776264963931 21.601075286865239 14.886596079508463 -2.8961497102677156 44.683555035798456 6.6799666192807656 90.003585739135758 -23.650821131953489 -0.92403705381221879 -0.36718102798023278 -13.115914295748661 -0.40117924119993031 6.8726357810499001 -10.739593549018176 -12.200520498514159 -4.6693340993575827
leaf_weight=124 34 3102 29 7156 4355 20 25 24 1885 622 748 7439 437 30 10081 77 2160 421 44785 4591 6705 16100 980 7195 15732 502 475 2751 21 199 957 436 220 26 36 22 124 590 7525 78 72 366 383 25 23 28 36 40 29 4469 22 474 20 26 632 851 284 1415 800 141 363 330
leaf_count=124 34 3102 29 7156 4355 20 25 24 1885 622 748 7439 437 30 10081 77 2160 421 44785 4591 6705 16100 980 7195 15732 502 475 2751 21 199 957 436 220 26 36 22 124 590 7525 78 72 366 383 25 23 28 36 40 29 4469 22 474 20 26 632 851 284 1415 800 141 363 330
internal_value=0.000801449 0.139893 2.87135 0.0241189 1.63257 -8.51265 -97.3133 -7.38469 3.84718 9.29117 -0.971209 -0.242684 -2.53744 -24.3618 -1.69491 -40.481 -5.31431 1.51595 0.215789 -0.45389 -3.44324 0.100771 14.1971 1.78309 2.85389 -6.77302 -1.31902 2.11671 3.4355 7.8354 3.36549 19.1102 8.80847 18.0585 30.8556 4.14467 2.01593 -5.07015 2.4422 1.33098 15.8558 -5.79379 -7.01935 -0.401218 -13.3763 7.54784 17.1993 1.74236 -9.72177 -2.21343 52.3152 0.650696 67.8559 -1.82745 -1.76121 -1.28263 -4.7061 0.966034 3.14294 -1.34431 -9.28705 -8.5912
internal_weight=159648 150213 6107 144106 20502 3673 45 3628 16829 4235 1370 123604 20582 764 19818 514 9316 10502 103022 72181 11296 60885 2865 30841 22927 3604 7914 5819 4988 1613 1156 457 250 288 129 58 12594 714 11880 3375 150 831 797 391 406 159 102 66 57 9435 71 3225 42 8948 8922 7676 1246 3207 1651 1556 487 614
internal_count=159648 150213 6107 144106 20502 3673 45 3628 16829 4235 1370 123604 20582 764 19818 514 9316 10502 103022 72181 11296 60885 2865 30841 22927 3604 7914 5819 4988 1613 1156 457 250 288 129 58 12594 714 11880 3375 150 831 797 391 406 159 102 66 57 9435 71 3225 42 8948 8922 7676 1246 3207 1651 1556 487 614
is_linear=0
shrinkage=0.05


Tree=120
num_leaves=63
num_cat=0
split_feature=7 3 10 3 0 2 3 3 3 3 5 3 3 15 14 9 2 3 15 14 10 3 3 3 12 10 10 11 3 3 5 2 3 10 3 10 2 3 3 3 14 2 5 15 2 11 15 5 5 10 2 11 3 3 10 0 3 14 2 11 3 10
split_gain=1.92977e+07 3.23391e+07 9.93275e+07 6.27918e+07 3.47072e+07 4.74045e+07 5.01332e+07 2.51072e+07 4.95589e+07 4.47268e+07 4.29073e+07 9.57691e+07 4.24095e+07 3.0841e+07 3.32425e+07 2.45374e+07 2.34877e+07 3.29161e+07 2.59837e+07 2.12885e+07 3.30531e+07 3.03039e+07 9.95658e+07 1.83781e+08 1.38716e+08 9.74513e+07 9.14318e+07 8.46429e+07 5.27744e+07 1.28327e+08 1.7341e+08 1.11089e+08 8.68536e+07 7.77565e+07 5.10939e+07 1.83089e+08 1.89285e+08 1.38761e+08 1.11102e+08 6.52886e+07 1.49246e+08 1.3249e+08 7.47649e+07 6.32105e+07 6.33392e+07 5.61763e+07 6.60804e+07 5.2122e+07 4.84022e+07 4.73477e+07 2.98046e+07 2.95482e+07 3.00474e+07 1.24973e+08 1.35929e+08 8.80535e+07 7.7311e+07 4.79215e+07 3.64129e+07 2.11964e+07 1.80844e+07 1.44542e+07
threshold=1.0000000180025095e-35 88.500000000000014 11126.180000000002 90.500000000000014 31.500000000000004 3.5000000000000004 76.500000000000014 178.50000000000003 230.50000000000003 168.50000000000003 2022.5000000000002 275.50000000000006 249.50000000000003 4367.0318496902373 7522.1665000000003 1.0000000180025095e-35 5.5000000000000009 220.50000000000003 700.62643983838154 8249.6408333333366 3350.0250000000005 215.50000000000003 230.50000000000003 227.50000000000003 4175.9421428571432 10339.960000000001 4500.4050000000007 4999.6950000000006 236.50000000000003 241.50000000000003 2022.5000000000002 1.5000000000000002 261.50000000000006 4718.3100000000004 156.50000000000003 6998.2500000000009 2.5000000000000004 214.50000000000003 162.50000000000003 154.50000000000003 5193.6086666666679 1.0000000180025095e-35 2020.5000000000002 2358.0211918555856 2.5000000000000004 9999.9950000000008 2395.2355910430888 2022.5000000000002 2020.5000000000002 4998.9650000000011 1.5000000000000002 3225.8050000000007 232.50000000000003 224.50000000000003 5999.2650000000012 80.500000000000014 213.50000000000003 9137.9141666666692 1.5000000000000002 7680.0700000000006 66.500000000000014 4197.7800000000016
decision_type=2 2 2 2 2 2 2 2 2 2 2 2 2 2 2 2 2 2 2 2 2 2 2 2 2 2 2 2 2 2 2 2 2 2 2 2 2 2 2 2 2 2 2 2 2 2 2 2 2 2 2 2 2 2 2 2 2 2 2 2 2 2
left_child=19 2 4 15 5 61 -7 9 16 13 11 -10 -12 14 -5 -3 17 -9 -18 21 -21 34 23 25 48 27 -26 -23 31 30 -30 33 -31 -24 39 43 38 -38 -37 45 42 -42 -41 44 -36 50 -47 -45 -25 -33 -1 -22 53 56 -55 58 -53 -57 -54 -15 -6 -2
right_child=1 3 -4 7 60 6 -8 8 10 -11 12 -13 -14 59 -16 -17 18 -19 -20 20 51 22 28 24 26 -27 -28 -29 29 32 -32 49 -34 -35 35 36 37 -39 -40 40 41 -43 -44 47 -46 46 -48 -49 -50 -51 -52 52 55 54 -56 57 -58 -59 -60 -61 -62 -63
leaf_value=-1.6424789591717663 3.1054548772126438 51.896038619114805 -92.850702718098958 -1.2773314558301598 -7.1130309984317197 2.234461113033873 93.072421722412116 -0.10420315534805805 20.592181929875704 35.393324351753158 -40.412430689703555 -3.2980132461319358 -5.8552364113157154 -76.867604479108536 15.07775078750671 14.003292684693671 8.0857466898209012 -17.82605446215209 -37.861326894402502 -11.758623327545756 -29.916648068957858 5.7066861986100328 0.27365226081043886 -7.8250657445779126 114.59377207138959 -97.820110270182298 41.237732135710054 -15.15059517782808 23.078693488737098 -4.9981695920044888 -7.7651025579503186 -9.1296579205227264 0.8588370503803141 39.470036663150196 1.00395485523794 -39.06035854874996 -28.995192984210025 -150.83909881591796 16.529677218846714 -22.202935768631455 -45.943109404373175 81.082967849012277 14.316286943308079 -0.2354382945745046 -4.457382151319873 -19.432958650962092 -1.8368370021706739 22.495483622404095 21.092352798787999 -28.0298866371201 1.0543439810243924 3.5147981701314386 -4.7765250961044599 94.999333009961731 17.598168417263178 -0.99959973569474703 -14.276380830773656 -15.722048449432151 8.0199904987864699 -8.3472480891301082 -25.28880028974719 -26.61572801624645
leaf_weight=14437 159 64 35 1788 311 32 28 480 576 96 96 1536 1056 20 375 128 38 576 154 443 71 4041 591 192 50 23 273 552 1354 7574 686 1147 38498 160 9422 113 995 23 424 192 24 121 511 523 12160 785 1662 486 581 466 35278 11788 751 68 323 1075 643 1137 2133 25 245 54
leaf_count=14437 159 64 35 1788 311 32 28 480 576 96 96 1536 1056 20 375 128 38 576 154 443 71 4041 591 192 50 23 273 552 1354 7574 686 1147 38498 160 9422 113 995 23 424 192 24 121 511 523 12160 785 1662 486 581 466 35278 11788 751 68 323 1075 643 1137 2133 25 245 54
internal_value=0.000741687 -2.41289 -11.5342 -1.28686 -7.99333 6.59069 45.4564 -2.08292 -4.25111 2.16312 -1.0096 3.22415 -8.76756 0.702954 1.56381 26.8377 -12.7213 -9.77839 -28.7728 0.125942 1.71862 -0.0942233 0.789042 7.04523 25.4411 2.67283 52.9118 3.19724 0.0809499 0.439387 12.708 -7.21104 -0.104112 8.6658 -0.737454 -2.64385 -19.2334 -31.8934 4.78109 0.130943 13.8849 59.8873 4.32495 -1.50115 -2.0732 -0.092918 -7.48732 10.7247 13.9089 -14.604 0.271182 2.05115 2.17948 3.47023 31.2673 -1.06819 2.59347 -8.57084 4.68725 -39.8099 -15.1532 -4.51863
internal_weight=159648 7872 864 7008 829 273 60 6816 4512 2304 3264 2112 1152 2208 2163 192 1248 1056 192 151776 18432 133344 56188 5712 1096 4616 323 4593 50476 48112 2040 2364 46072 751 77156 24146 1555 1018 537 53010 848 145 703 22591 21582 52162 2447 1009 773 1613 49715 17989 17918 12822 391 5096 12431 2212 2884 45 556 213
internal_count=159648 7872 864 7008 829 273 60 6816 4512 2304 3264 2112 1152 2208 2163 192 1248 1056 192 151776 18432 133344 56188 5712 1096 4616 323 4593 50476 48112 2040 2364 46072 751 77156 24146 1555 1018 537 53010 848 145 703 22591 21582 52162 2447 1009 773 1613 49715 17989 17918 12822 391 5096 12431 2212 2884 45 556 213
is_linear=0
shrinkage=0.05


Tree=121
num_leaves=63
num_cat=0
split_feature=0 3 13 13 0 11 3 11 14 15 13 11 2 11 11 14 13 3 12 2 2 5 11 0 2 12 2 13 3 3 2 3 3 13 3 2 5 11 13 3 13 3 3 13 12 2 13 11 2 2 2 12 3 3 13 11 14 3 3 11 5 13
split_gain=1.8382e+07 4.45721e+07 6.50107e+07 4.09738e+07 4.05768e+07 2.52294e+07 6.59507e+07 3.57419e+07 2.49427e+07 2.13304e+07 3.0178e+07 2.92502e+07 6.394e+07 1.20576e+08 5.74373e+07 2.86516e+07 3.2922e+07 2.35514e+07 2.34361e+07 2.22377e+07 4.28527e+07 2.76562e+07 2.12844e+07 2.01534e+07 4.22401e+07 4.31719e+07 3.47405e+07 2.99893e+07 2.88717e+07 9.16176e+07 9.0718e+07 1.11244e+08 6.90424e+07 1.14555e+08 7.52482e+07 1.26699e+08 1.33005e+08 1.2552e+08 3.82075e+07 8.44493e+07 3.7374e+07 3.62238e+07 1.14945e+08 1.8275e+08 6.21296e+07 6.13709e+07 3.15733e+07 4.24632e+07 3.14352e+07 2.84634e+07 2.65431e+07 1.05102e+08 4.94564e+07 2.64505e+07 2.54801e+07 2.10211e+07 7.48576e+07 3.38112e+07 2.09148e+07 3.82207e+07 2.31873e+07 1.95722e+07
threshold=73.500000000000014 293.50000000000006 1.0000000180025095e-35 5336.2109027648903 79.500000000000014 17561.605000000003 294.50000000000006 12000.005000000003 12197.029 2302.9400117846303 2760.7646982802116 6500.5150000000012 1.0000000180025095e-35 4206.6250000000009 3620.6550000000002 6886.5073333333348 3118.8938789861763 223.50000000000003 7435.7485714285713 1.5000000000000002 1.0000000180025095e-35 2022.5000000000002 5800.8900000000003 5.5000000000000009 1.0000000180025095e-35 13619.525 4.5000000000000009 868.81232102687159 261.50000000000006 263.50000000000006 1.0000000180025095e-35 262.50000000000006 246.50000000000003 1495.1751119153453 239.50000000000003 3.5000000000000004 2021.5000000000002 2766.3700000000003 2760.7646982802116 116.50000000000001 477.79491966872416 285.50000000000006 276.50000000000006 682.08872422871275 15426.107142857145 2.5000000000000004 765.60933220443837 2815.3850000000007 3.5000000000000004 2.5000000000000004 1.5000000000000002 7789.2507142857148 176.50000000000003 344.50000000000006 1900.4047877835158 9789.3250000000025 7911.4553333333342 248.50000000000003 247.50000000000003 5060.8600000000015 2021.5000000000002 3026.3383415523681
decision_type=2 2 2 2 2 2 2 2 2 2 2 2 2 2 2 2 2 2 2 2 2 2 2 2 2 2 2 2 2 2 2 2 2 2 2 2 2 2 2 2 2 2 2 2 2 2 2 2 2 2 2 2 2 2 2 2 2 2 2 2 2 2
left_child=23 3 -3 9 -5 7 -7 8 -4 10 19 12 13 -11 -14 16 -13 22 -19 20 -2 -21 -12 24 -1 27 49 -26 32 30 31 -30 34 55 38 36 -36 -37 48 -40 -33 42 54 -44 53 -46 47 -32 -25 -27 51 -29 -52 -43 -31 56 -34 -57 60 -60 -35 -17
right_child=1 2 5 4 -6 6 -8 -9 -10 11 17 15 14 -15 -16 61 -18 18 -20 21 -22 -23 -24 28 25 26 -28 50 29 41 46 40 33 58 35 37 -38 -39 39 -41 -42 44 43 -45 45 -47 -48 -49 -50 -51 52 -53 -54 -55 -56 57 -58 -59 59 -61 -62 -63
leaf_value=-6.1149754274815047 2.7043086457600327 -71.682991216322961 -2.0761039971682997 84.045510200220974 12.499011972335669 29.801541674448096 -80.919630868362674 45.643171151968154 -35.298441805253951 82.067344490333838 -57.608203285704271 8.1078865629598873 -21.481552634317367 10.692872091972077 7.7074527699836963 2.1006872683329068 45.897638739365803 21.027266955299986 -24.567071247474825 0.20775867501229628 -5.6987621240799911 4.491740766530449 -15.898675175153693 0.24462183234080431 0.73454231044952323 26.228297137342963 -4.2263520247360757 33.455448037478739 9.7809263930113417 -0.74703006804219441 4.9858056279698406 68.183618880870739 -3.0532296338372844 -25.269293440993955 -20.97435954638523 -2.3922317058545306 10.917894247165691 34.34151327936538 -0.73970124330203679 -19.857692232056923 147.10436645507812 -1.4033212206932999 0.3108487986630365 25.002766156101956 -114.8774020452085 -13.716705880059136 -10.351554924382105 39.06225765661145 -1.8737781845707724 103.10595808105471 13.934096595310042 -16.175062629189462 -0.93494650092151366 2.5000807958501019 -16.436949147245159 14.317169436579164 56.770427803183502 -37.458906932157625 -53.899266540955523 -20.684042229000315 22.233545082056967 -5.9360536515661355
leaf_weight=1422 3045 33 6463 28 64 22 32 38 56 80 46 516 182 221 2137 4124 64 62 50 8547 3022 6736 91 40862 5635 25 28 333 68 4145 261 42 3918 48 544 358 816 662 1840 841 26 17410 1751 1309 22 44 143 140 30645 24 912 156 1443 5780 275 45 52 101 97 786 53 927
leaf_count=1422 3045 33 6463 28 64 22 32 38 56 80 46 516 182 221 2137 4124 64 62 50 8547 3022 6736 91 40862 5635 25 28 333 68 4145 261 42 3918 48 544 358 816 662 1840 841 26 17410 1751 1309 22 44 143 140 30645 24 912 156 1443 5780 275 45 52 101 97 786 53 927
internal_value=0.000655685 0.984627 -2.71994 1.80672 34.9437 -2.36491 -36.0892 -2.08171 -2.36686 1.70342 0.877235 3.86579 8.22918 29.8718 5.40836 1.83448 12.3496 -16.3939 0.635329 1.07942 -1.48155 2.0961 -30.2193 -0.291882 1.86208 3.18842 40.2182 2.84744 -0.481952 0.806149 18.9457 55.3183 -0.977462 -6.60989 -0.602219 8.14721 -1.84504 21.459 -0.883012 -6.74197 100.054 0.404227 3.43062 10.8782 -0.569278 -48.6483 9.76777 16.9504 -0.663252 65.1918 7.03213 17.6217 4.82672 -0.43035 -1.72671 -2.94365 -2.25555 -21.5117 -21.927 -24.3897 -0.368421 0.624836
internal_weight=159648 36586 6644 29942 92 6611 54 6557 6519 29850 21599 8251 2620 301 2319 5631 580 249 112 21350 6067 15283 137 123062 9978 8556 77 8479 113084 31416 680 136 81668 5100 76568 2380 1360 1020 74188 2681 68 30736 7480 3060 23256 66 544 401 71507 49 2844 489 2355 23190 4420 4116 3970 146 984 883 101 5051
internal_count=159648 36586 6644 29942 92 6611 54 6557 6519 29850 21599 8251 2620 301 2319 5631 580 249 112 21350 6067 15283 137 123062 9978 8556 77 8479 113084 31416 680 136 81668 5100 76568 2380 1360 1020 74188 2681 68 30736 7480 3060 23256 66 544 401 71507 49 2844 489 2355 23190 4420 4116 3970 146 984 883 101 5051
is_linear=0
shrinkage=0.05


Tree=122
num_leaves=63
num_cat=0
split_feature=2 0 13 0 11 10 10 3 11 3 3 0 0 0 3 0 15 13 2 3 10 10 3 2 3 13 11 10 3 2 7 10 3 3 3 3 3 2 0 2 15 12 12 11 3 3 11 12 0 2 3 10 3 13 0 10 15 3 3 11 0 0
split_gain=1.71903e+07 4.62779e+07 4.83945e+07 4.72205e+07 5.74409e+07 1.533e+08 5.02741e+07 4.71056e+07 3.65089e+07 6.03778e+07 4.54314e+07 2.69061e+07 3.70925e+07 3.53219e+07 2.68061e+07 2.55033e+07 3.60236e+07 4.15372e+07 7.43498e+07 7.94678e+07 1.19901e+08 4.44692e+07 6.83704e+07 4.68747e+07 4.26913e+07 3.40302e+07 3.83898e+07 6.39481e+07 6.82721e+07 4.5135e+07 5.18171e+07 3.99063e+07 3.73341e+07 3.01718e+07 4.20965e+07 1.02244e+08 7.88481e+07 3.00233e+07 6.85115e+07 6.45551e+07 5.51148e+07 3.78874e+07 2.75012e+07 2.58291e+07 2.45995e+07 2.35152e+07 2.23496e+07 1.5923e+07 1.14929e+08 1.04521e+08 9.52497e+07 1.05093e+08 7.34353e+07 6.85231e+07 6.64832e+07 5.49764e+07 1.07754e+08 4.06112e+07 3.94133e+07 3.87989e+07 8.74218e+07 3.79212e+07
threshold=5.5000000000000009 35.500000000000007 531.20812953228472 76.500000000000014 3109.9250000000006 6000.6650000000009 12000.005000000003 358.50000000000006 9200.6350000000002 265.50000000000006 182.50000000000003 65.500000000000014 74.500000000000014 46.500000000000007 26.500000000000004 63.500000000000007 2302.9400117846303 2339.1606151651431 2.5000000000000004 227.50000000000003 5800.8400000000011 4380.9300000000012 277.50000000000006 1.5000000000000002 100.50000000000001 1764.7013683292205 4300.6150000000007 7670.5500000000011 248.50000000000003 1.5000000000000002 1.0000000180025095e-35 11999.985000000002 270.50000000000006 38.500000000000007 263.50000000000006 259.50000000000006 266.50000000000006 1.0000000180025095e-35 76.500000000000014 1.5000000000000002 1392.1306226583895 10882.272857142858 10882.272857142858 8000.5550000000012 250.50000000000003 98.500000000000014 4162.1250000000009 7329.4407142857153 42.500000000000007 1.0000000180025095e-35 86.500000000000014 12000.005000000003 20.500000000000004 2040.9999757364656 23.500000000000004 11126.180000000002 2182.4332512384567 124.50000000000001 80.500000000000014 4760.7450000000008 5.5000000000000009 46.500000000000007
decision_type=2 2 2 2 2 2 2 2 2 2 2 2 2 2 2 2 2 2 2 2 2 2 2 2 2 2 2 2 2 2 2 2 2 2 2 2 2 2 2 2 2 2 2 2 2 2 2 2 2 2 2 2 2 2 2 2 2 2 2 2 2 2
left_child=15 -2 -3 6 5 -5 7 14 9 -6 -10 13 -13 -8 -4 47 17 37 21 24 -21 23 -23 -19 -20 33 27 32 -29 30 -28 -31 -27 42 35 -35 -36 38 40 41 -17 -39 43 -18 -40 -41 -9 55 50 52 51 58 -50 57 -53 -1 -57 -51 -49 60 -52 -58
right_child=1 2 3 4 8 -7 11 46 10 -11 -12 12 -14 -15 -16 16 25 18 19 20 -22 22 -24 -25 -26 26 29 28 -30 31 -32 -33 -34 34 36 -37 -38 39 44 45 -42 -43 -44 -45 -46 -47 -48 48 49 53 59 54 -54 -55 -56 56 61 -59 -60 -61 -62 -63
leaf_value=-0.10011226492384045 1.6391455267474464 -0.25504886646929376 4.8737393654896666 6.0224912549342431 -4.2174949476111605 143.13326215820311 -62.805079520089294 -4.3609312510490419 7.0356267826731616 18.830054761627849 -40.81010489751035 -85.679833867549902 -5.7201380304856739 21.258253341182588 -10.077224833919464 6.6725074355149507 -20.854098145836275 -7.532919854164124 13.256390286244846 88.662187119176835 8.0684110860735458 -31.50818795875135 11.699086236464415 58.143069318532952 -19.086165491392375 83.026302559951262 -2.9605754101514692 33.229770900798293 -30.138846521243245 11.308530577489867 29.07035192574395 0.94369339115961781 7.3999201583862302 3.2386088251867053 -54.436257208272025 52.222338480734606 -2.410488389172512 -4.2944186152623871 2.2012023178186766 4.0923898120082942 25.615717363758939 -37.378017580184064 -70.077312195084318 18.851670284977669 -7.5638830133481267 0.32122938484977398 49.144299557025619 4.8377377625624085 -60.212709546770377 2.2540290891977004 17.363487260837367 0.73447183926900239 26.49273747689675 -32.593941779167885 66.469052415562842 102.05533741486379 -22.453471879438922 -31.019192732274533 60.818228325843819 -2.2987547480972381 -39.6646830526673 56.528467828659792
leaf_weight=82175 8532 7494 324 111 1589 24 20 31 81 345 126 47 21 30 3926 1742 170 179 151 58 213 532 110 31 310 57 1950 105 70 2971 134 1351 23 2652 75 110 1748 5288 2262 5544 492 87 21 53 901 16242 51 1838 27 323 100 56 192 648 122 38 54 127 31 5312 201 20
leaf_count=82175 8532 7494 324 111 1589 24 20 31 81 345 126 47 21 30 3926 1742 170 179 151 58 213 532 110 31 310 57 1950 105 70 2971 134 1351 23 2652 75 110 1748 5288 2262 5544 492 87 21 53 901 16242 51 1838 27 323 100 56 192 648 122 38 54 127 31 5312 201 20
internal_value=0.000709919 -1.27193 -3.01857 -6.09714 -0.238785 31.271 -9.09273 -8.20986 -2.2393 -0.098508 -22.144 -41.1629 -61.4272 -12.9391 -8.93655 0.212229 1.17735 0.362338 -7.54178 4.14309 25.5798 -17.574 -24.0984 2.39169 -8.48663 3.59888 5.91547 24.9048 7.85507 5.15581 -0.888048 8.06959 61.6436 0.402865 1.31609 5.20764 -4.57955 0.747106 4.15291 0.0702297 10.854 -4.83677 -16.6929 -11.3752 -0.581952 1.28104 29.1078 -0.270339 -2.26977 -15.9078 0.0768194 9.30681 15.5779 -22.1962 45.9082 -0.0521887 34.7992 -7.18436 5.79828 -3.29032 -20.7237 -0.637842
internal_weight=159648 22752 14220 6726 2276 135 4450 4332 2141 1934 207 118 68 50 4250 136896 45632 34142 1584 732 271 852 642 210 461 11490 6661 255 175 6406 2084 4322 80 4829 4585 2762 1823 32558 5397 27161 2234 5375 244 223 3163 21786 82 91264 8977 1317 7660 2047 219 1098 178 82287 112 450 1869 5613 301 74
internal_count=159648 22752 14220 6726 2276 135 4450 4332 2141 1934 207 118 68 50 4250 136896 45632 34142 1584 732 271 852 642 210 461 11490 6661 255 175 6406 2084 4322 80 4829 4585 2762 1823 32558 5397 27161 2234 5375 244 223 3163 21786 82 91264 8977 1317 7660 2047 219 1098 178 82287 112 450 1869 5613 301 74
is_linear=0
shrinkage=0.05


Tree=123
num_leaves=63
num_cat=0
split_feature=7 9 3 13 8 3 3 13 5 15 2 14 3 2 3 12 2 2 14 13 11 14 0 3 3 3 0 9 13 2 2 9 3 11 11 2 3 3 12 8 8 0 15 15 3 3 9 13 3 15 0 0 0 11 5 0 14 3 3 12 9 2
split_gain=1.76339e+07 3.08786e+07 4.37607e+07 8.19778e+07 2.94566e+07 3.36618e+07 4.74032e+07 3.37941e+07 2.7023e+07 2.64394e+07 2.42969e+07 3.69355e+07 2.37535e+07 2.10598e+07 4.72505e+07 1.92973e+07 5.43227e+07 7.49927e+07 5.81284e+07 4.89438e+07 6.42574e+07 7.70537e+07 4.43543e+07 6.37252e+07 3.40735e+07 2.20755e+08 4.81297e+07 2.88922e+07 2.38876e+07 1.76317e+08 1.01433e+08 1.09781e+08 1.9461e+08 9.46032e+07 7.378e+07 7.9402e+07 5.51096e+07 5.38505e+07 4.34367e+07 1.04308e+08 3.59756e+07 3.31912e+07 2.70789e+07 2.41804e+07 6.91184e+07 1.02489e+08 4.24016e+07 3.36293e+07 1.05295e+08 2.38872e+07 2.22197e+07 2.14061e+07 3.84775e+07 1.76606e+07 1.65819e+07 2.06476e+07 1.61928e+07 4.12256e+07 3.89489e+07 3.11854e+07 1.60982e+07 1.59679e+07
threshold=1.0000000180025095e-35 1.5000000000000002 88.500000000000014 2882.6451101576818 2.5000000000000004 241.50000000000003 220.50000000000003 2760.7646982802116 2022.5000000000002 4367.0318496902373 2.5000000000000004 7589.3448333333345 330.50000000000006 1.0000000180025095e-35 334.50000000000006 13619.525 4.5000000000000009 3.5000000000000004 11626.133833333335 4699.4111002022109 14498.490000000002 11000.848333333335 91.500000000000014 94.500000000000014 271.50000000000006 244.50000000000003 73.500000000000014 2.5000000000000004 3422.1483359915333 1.5000000000000002 1.0000000180025095e-35 1.0000000180025095e-35 92.500000000000014 6998.3150000000014 3599.9750000000004 3.5000000000000004 335.50000000000006 300.50000000000006 12000.380714285717 2.5000000000000004 2.5000000000000004 29.500000000000004 4172.7825912611497 2395.2355910430888 247.50000000000003 236.50000000000003 2.5000000000000004 1900.4047877835158 263.50000000000006 1214.36817225342 69.500000000000014 75.500000000000014 65.500000000000014 17561.605000000003 2023.5000000000002 6.5000000000000009 5064.5160000000005 76.500000000000014 92.500000000000014 10000.04642857143 2.5000000000000004 1.5000000000000002
decision_type=2 2 2 2 2 2 2 2 2 2 2 2 2 2 2 2 2 2 2 2 2 2 2 2 2 2 2 2 2 2 2 2 2 2 2 2 2 2 2 2 2 2 2 2 2 2 2 2 2 2 2 2 2 2 2 2 2 2 2 2 2 2
left_child=15 53 3 -3 5 6 9 -8 13 -4 11 -7 -10 14 -6 28 17 22 50 20 -18 27 24 -24 25 -17 -26 -22 38 30 31 33 -33 -30 35 -31 37 -36 43 -40 41 -32 -41 47 45 -45 -46 49 -49 -1 -19 52 -21 54 56 -56 -2 59 -59 -58 -37 -15
right_child=1 2 4 -5 8 10 7 -9 12 -11 -12 -13 -14 61 -16 16 19 18 -20 51 21 -23 23 -25 26 -27 -28 -29 29 34 40 32 -34 -35 36 60 -38 -39 39 42 -42 -43 -44 44 46 -47 -48 48 -50 -51 -52 -53 -54 -55 55 -57 57 58 -60 -61 -62 -63
leaf_value=-0.19624113944334667 1.4919947409775318 -15.24105080025257 1.8445814609710283 -112.34109125259131 -61.305128921197394 15.460312974307849 -14.048373964755431 -77.590667599764743 -27.661393256505058 -49.998186474609383 3.6607788585709047 77.228387387183417 10.142881424962258 16.942859890731341 8.3395891008571699 5.8368004355036227 15.71951192818436 124.04853472391765 -10.525298479253594 30.397921324230381 -60.730140367873176 5.7395993150891478 119.86624372209822 -1.8216219537154488 -0.74762313052747387 -152.50602183024088 39.945019728257321 -134.65343389601935 -134.46657001626903 -119.42574158986412 -30.715745352341585 76.725229925625555 -21.316511366091277 -20.440575380325321 5.864824771985873 -33.31742388916016 79.294399456787119 -56.87012389646258 -105.43850760373203 45.181495953369144 -5.6742806245940081 -74.720446145170271 -21.832803532198859 2.6354176119453769 -4.7001163695869357 19.045660024853508 2.6423807967951216 -6.0719550750311129 7.1634812099273892 1.6982641423751978 57.613885986328128 47.142515376697894 -41.750436017585528 43.585343023935962 26.887240196287106 3.7376871365408557 -19.955913365921887 41.050979774962087 -5.6041772946311585 -90.443168620233962 18.704001401754525 -5.1261691354209518
leaf_weight=97477 2096 410 1512 22 48 114 459 21 288 24 288 30 48 96 48 265 50 23 21 41 46 36 20 22 168 23 127 20 28 23 64 68 189 50 1518 34 24 34 32 24 34 143 37 12943 5172 1026 3171 6702 1936 20062 34 32 32 23 112 656 52 46 929 22 25 528
leaf_count=97477 2096 410 1512 22 48 114 459 21 288 24 288 30 48 96 48 265 50 23 21 41 46 36 20 22 168 23 127 20 28 23 64 68 189 50 1518 34 24 34 32 24 34 143 37 12943 5172 1026 3171 6702 1936 20062 34 32 32 23 112 656 52 46 929 22 25 528
internal_value=0.000786246 -2.30645 -5.4374 -20.434 -3.58319 -0.570992 -3.28624 -16.9839 -10.5589 1.00253 12.0785 28.7726 -22.2467 -5.08127 -26.7557 0.120468 7.18327 14.37 60.2797 -12.4547 -30.5096 -53.1036 8.55327 57.5649 4.92989 -7.29256 16.8467 -84.8066 0.0754628 -5.05523 -28.8613 -11.0063 4.82131 -62.557 3.22757 -42.7232 5.64399 4.45474 0.152639 -33.8253 -53.5326 -61.3282 4.83687 0.174147 1.69142 3.842 -1.9094 -0.0941651 -3.10506 0.127132 86.0975 13.7231 -1.3655 0.82508 0.562669 7.14424 -1.04629 -6.11462 -3.3632 -41.8382 -11.33 -1.70925
internal_weight=159648 7872 3936 432 3504 2448 2016 480 1056 1536 432 144 336 720 96 151776 960 703 78 257 152 102 625 42 583 288 295 66 150816 2234 576 335 257 78 1658 82 1576 1552 148582 93 241 207 61 148489 22312 13969 8343 126177 8638 117539 57 105 73 3936 3913 768 3145 1049 975 74 59 624
internal_count=159648 7872 3936 432 3504 2448 2016 480 1056 1536 432 144 336 720 96 151776 960 703 78 257 152 102 625 42 583 288 295 66 150816 2234 576 335 257 78 1658 82 1576 1552 148582 93 241 207 61 148489 22312 13969 8343 126177 8638 117539 57 105 73 3936 3913 768 3145 1049 975 74 59 624
is_linear=0
shrinkage=0.05


Tree=124
num_leaves=63
num_cat=0
split_feature=14 7 3 10 3 9 3 3 3 5 15 3 9 10 12 6 3 3 13 14 14 14 13 10 3 9 13 11 3 3 9 3 12 8 10 14 15 3 13 15 14 11 3 11 15 13 10 12 13 11 10 11 3 12 12 15 10 3 3 11 6 3
split_gain=1.69038e+07 1.66076e+07 2.81891e+07 8.6249e+07 5.39376e+07 2.16679e+07 2.14245e+07 4.58607e+07 3.96577e+07 3.61406e+07 2.53705e+07 1.95443e+07 1.76483e+07 2.5028e+07 1.69286e+07 4.91791e+07 4.4373e+07 1.08875e+08 3.86067e+07 3.35543e+07 4.0687e+07 3.31743e+07 6.04696e+07 3.76437e+07 3.01347e+07 2.72838e+07 2.24974e+07 7.58918e+07 5.73809e+07 5.7795e+07 4.93789e+07 4.90451e+07 3.95541e+07 9.44596e+07 3.41417e+07 2.53925e+07 1.89708e+07 6.23814e+07 3.28265e+07 1.87181e+07 1.51634e+07 1.40248e+07 1.26264e+07 1.12869e+07 1.10029e+07 9.73834e+06 8.83656e+06 8.57095e+06 6.85374e+06 4.48571e+06 4.34528e+06 7.74001e+06 3.8498e+06 3.44011e+06 2.84203e+06 5.14617e+06 4.73695e+06 2.56074e+06 9.35119e+06 2.46717e+06 2.37237e+06 2.10583e+06
threshold=2063.9150000000004 1.0000000180025095e-35 88.500000000000014 11126.180000000002 90.500000000000014 1.0000000180025095e-35 178.50000000000003 230.50000000000003 168.50000000000003 2022.5000000000002 4367.0318496902373 198.50000000000003 1.5000000000000002 9000.0450000000019 13619.525 1.0000000180025095e-35 90.500000000000014 246.50000000000003 2816.7266775029052 9464.6668333333346 8410.2070000000003 10778.288500000002 3422.1483359915333 11126.180000000002 284.50000000000006 1.0000000180025095e-35 3422.1483359915333 3599.9750000000004 86.500000000000014 64.500000000000014 1.5000000000000002 335.50000000000006 12000.380714285717 2.5000000000000004 14498.490000000002 4466.7440000000015 2395.2355910430888 247.50000000000003 1900.4047877835158 4606.9221282247199 3615.6603333333337 3580.7700000000009 76.500000000000014 4140.2050000000008 831.339962566287 682.08872422871275 6750.0150000000012 8366.0028571428575 606.81878255574202 2298.7200000000003 2499.3750000000005 1699.5550000000001 84.500000000000014 1616.0550000000003 1616.0550000000003 448.5769474628716 1999.7550000000003 269.50000000000006 262.50000000000006 3334.1100000000006 1.0000000180025095e-35 225.50000000000003
decision_type=2 2 2 2 2 2 2 2 2 2 2 2 2 2 2 2 2 2 2 2 2 2 2 2 2 2 2 2 2 2 2 2 2 2 2 2 2 2 2 2 2 2 2 2 2 2 2 2 2 2 2 2 2 2 2 2 2 2 2 2 2 2
left_child=45 14 3 12 5 41 8 11 10 -9 -6 -8 13 40 26 19 52 25 -19 20 24 22 -21 -23 -16 -18 32 30 29 -29 35 -30 36 -34 -35 -28 38 -38 -2 -22 -3 59 48 -7 -10 50 -44 -32 -14 53 54 -52 -17 -47 56 -56 -1 58 61 -4 -57 -53
right_child=1 2 4 -5 6 43 7 9 44 -11 -12 -13 42 -15 15 16 17 18 -20 21 39 23 -24 -25 -26 -27 27 28 31 -31 47 -33 33 34 -36 -37 37 -39 -40 -41 -42 -43 46 -45 -46 49 -48 -49 -50 -51 51 57 -54 -55 55 60 -58 -59 -60 -61 -62 -63
leaf_value=-9.3491496877801463 0.24827579376231756 6.9651876232329393 16.803664630708241 -86.587433929443364 1.4459877535394459 2.9309900873038504 -26.804862333060544 3.1492337878093206 18.193537216016225 -8.0529563812102634 -36.081916260097344 -9.4244473769364987 1.5241838978384143 45.004540973531789 26.218968310922385 18.064174004916488 -38.254220612265854 -51.250334523416342 10.892172287933588 -66.942636201949355 20.287522646881815 44.732591420947642 5.1725437126159672 -1.7446284568209607 -8.2895237170628153 -114.71434986729776 -48.06041276931763 -30.657051663398747 -8.1149213089386851 20.78370198858897 -31.466553820441757 56.399546716054289 -100.32633579051856 40.773464182615285 -32.860873373708422 -127.6265297807966 3.6499778715024629 -1.8139459123812889 -2.9498042566808156 62.358557029504041 -13.764321087537494 81.404506038318985 -20.962131730242895 34.94518233585358 52.718333623976939 -20.152147282028199 -54.97319438934327 8.2762974166870134 -14.573216332204002 -28.207879324826333 17.208452503842278 -0.57502331232666071 47.52306294759115 -3.6395925377715717 -3.1276094585246348 4.2541805663608736 8.2236163725500759 -9.1301130109437754 18.978643941394356 41.987192325592048 -4.5301167664577049 -12.542668028345297
leaf_weight=308 112694 177 20 35 2149 89 192 2062 55 1105 45 1017 106 28 159 28 21 30 128 41 42 68 94 118 104 30 23 63 1670 374 33 29 32 31 30 20 13969 8343 8638 77 174 21 110 39 41 49 23 22 174 43 73 132 20 87 3652 371 43 70 58 23 96 50
leaf_count=308 112694 177 20 35 2149 89 192 2062 55 1105 45 1017 106 28 159 28 21 30 128 41 42 68 94 118 104 30 23 63 1670 374 33 29 32 31 30 20 13969 8343 8638 77 174 21 110 39 41 49 23 22 174 43 73 132 20 87 3652 371 43 70 58 23 96 50
internal_value=0.000571055 0.0933955 -2.1723 -10.8869 -1.11998 24.9383 -1.87416 -3.92441 2.0437 -0.760636 0.660182 -12.2045 -7.43657 0.358366 0.211913 6.82638 -11.8587 -21.8163 -1.15513 13.6644 23.6579 1.7352 -17.0603 15.3954 12.5933 -84.572 0.168366 -4.80954 -2.82462 13.3147 -47.6073 -6.9812 0.245767 -32.1777 4.61385 -87.1275 0.266983 1.60689 0.0205721 47.8028 -3.32087 48.4843 -14.5734 12.8806 33.33 -2.85105 -27.2101 -15.7054 -8.49545 -14.2725 -2.42693 2.67907 31.0582 -9.69268 -2.86492 -2.49564 -7.1791 -0.786679 1.67459 30.9221 2.44258 -3.91344
internal_weight=159648 154616 7685 827 6858 192 6666 4376 2290 3167 2194 1209 792 379 146931 960 257 209 158 703 382 321 135 186 263 51 145971 2234 2136 437 98 1699 143737 93 61 43 143644 22312 121332 119 351 64 413 128 96 5032 133 55 280 179 4853 383 48 136 4470 4119 351 310 240 43 467 182
internal_count=159648 154616 7685 827 6858 192 6666 4376 2290 3167 2194 1209 792 379 146931 960 257 209 158 703 382 321 135 186 263 51 145971 2234 2136 437 98 1699 143737 93 61 43 143644 22312 121332 119 351 64 413 128 96 5032 133 55 280 179 4853 383 48 136 4470 4119 351 310 240 43 467 182
is_linear=0
shrinkage=0.05


Tree=125
num_leaves=63
num_cat=0
split_feature=2 0 0 13 14 3 3 10 11 14 5 11 3 5 3 13 14 13 10 3 10 5 3 14 10 14 0 13 3 3 3 3 5 3 10 11 4 10 3 3 5 5 0 11 2 0 10 0 10 3 13 14 3 3 10 3 3 14 3 10 2 11
split_gain=1.57486e+07 4.15213e+07 4.58054e+07 5.70297e+07 7.79085e+07 4.22363e+07 4.40478e+07 3.77905e+07 3.44976e+07 3.74183e+07 3.14827e+07 2.92215e+07 1.20156e+08 1.1683e+08 1.05799e+08 6.11612e+07 6.09722e+07 7.47212e+07 6.45084e+07 4.99512e+07 4.7364e+07 4.54597e+07 3.68274e+07 2.75735e+07 2.55252e+07 2.34388e+07 3.22481e+07 3.30644e+07 4.90662e+07 5.29497e+07 3.27291e+07 8.07445e+07 1.7384e+08 5.33226e+07 5.50793e+07 4.46656e+07 4.02666e+07 4.91774e+07 3.38954e+07 3.10736e+07 3.78677e+07 4.87952e+07 3.01546e+07 2.42365e+07 1.22252e+08 1.2646e+08 9.07299e+07 3.58952e+07 3.47925e+07 4.60775e+07 3.23923e+07 2.41091e+07 2.33635e+07 7.08491e+07 1.01127e+08 6.16971e+07 3.86122e+07 4.2975e+07 2.6682e+07 2.2632e+07 2.2375e+07 2.16272e+07
threshold=5.5000000000000009 35.500000000000007 78.500000000000014 756.00537523032062 10578.665666666669 26.500000000000004 358.50000000000006 11999.985000000002 8700.3950000000023 8249.6408333333366 2023.5000000000002 5400.6800000000012 211.50000000000003 2023.5000000000002 251.50000000000003 1107.636033915825 7047.5420000000013 1937.3944255678473 9999.9950000000008 265.50000000000006 6999.9350000000004 2021.5000000000002 266.50000000000006 11000.848333333335 8700.510000000002 8249.6408333333366 3.5000000000000004 2142.6076708655869 176.50000000000003 184.50000000000003 44.500000000000007 52.500000000000007 2023.5000000000002 40.500000000000007 7200.1650000000009 7000.795000000001 2.5000000000000004 8500.3950000000023 62.500000000000007 220.50000000000003 2023.5000000000002 2022.5000000000002 71.500000000000014 14498.490000000002 4.5000000000000009 11.500000000000002 9000.0450000000019 33.500000000000007 11126.180000000002 284.50000000000006 5336.2109027648903 8739.6698333333352 209.50000000000003 242.50000000000003 3517.5500000000006 259.50000000000006 207.50000000000003 5543.2928333333339 110.50000000000001 7400.5350000000008 1.5000000000000002 9200.6350000000002
decision_type=2 2 2 2 2 2 2 2 2 2 2 2 2 2 2 2 2 2 2 2 2 2 2 2 2 2 2 2 2 2 2 2 2 2 2 2 2 2 2 2 2 2 2 2 2 2 2 2 2 2 2 2 2 2 2 2 2 2 2 2 2 2
left_child=25 -2 3 4 7 8 10 -3 9 -5 -7 16 21 15 -15 -14 17 20 22 -20 -4 -13 -18 -23 -19 43 27 28 59 60 33 32 -32 35 -35 -28 37 -33 -38 40 41 -29 -37 50 45 -45 -46 -48 -47 -50 52 -42 56 54 -54 -55 58 -58 -1 -27 -30 -61
right_child=1 2 11 5 -6 6 -8 -9 -10 -11 -12 12 13 14 -16 -17 18 24 19 -21 -22 23 -24 -25 -26 26 30 39 29 -31 31 36 -34 34 -36 42 38 -39 -40 -41 51 -43 -44 44 46 48 47 -49 49 -51 -52 -53 53 55 -56 -57 57 -59 -60 61 -62 -63
leaf_value=0.5130585165199083 1.5397589408634333 -1.9232773623921948 1.3294172083276163 3.0131888854635354 -77.528638736500469 -10.131396242812485 29.455110310316087 49.442031312518651 -48.149021860758467 47.544490049332381 -23.526990030929028 -65.501095377604173 13.559613878089962 -142.70530606656459 -25.324591055824644 -29.336532569328945 -13.249445519049964 10.195874574834649 27.735631350920752 87.276180079260541 39.195018155297568 5.8217447918268075 21.221168725026118 37.446192495172674 -50.525717195783344 57.887077823215066 -20.094169732153418 31.165637399673461 -101.94086261567617 -3.0648690395248668 27.13513068368502 49.614202257115792 -51.54318743622013 80.341437515020374 15.286873910243697 3.0784236239955045 -26.508653420642414 3.4636278340042823 0.99380879873215378 -2.5429104902479382 97.204139465332048 -35.717276588208755 18.106466432319554 95.230575928688054 0.94309789586950243 1.7706074550637494 -66.242700228691106 -163.09985748291015 11.041995109275534 -73.274644690922329 25.747283364280328 36.959889033117967 0.44597365336627476 -5.0615741073677762 9.8874225686585504 0.54594248566324965 -8.1509971453853662 -50.113832792168232 -1.4996343611641803 48.308255675724581 -28.757035840352376 7.2614570927318915
leaf_weight=31965 8532 6758 2082 180 33 2504 63 35 23 63 532 20 130 36 41 227 155 21 207 42 85 664 153 76 90 26 159 159 20 178 106 93 204 47 103 1103 112 150 13072 89 29 32 478 31 26 161 21 21 26 41 121 42 7225 5690 4668 35528 692 66 33960 34 23 395
leaf_count=31965 8532 6758 2082 180 33 2504 63 35 23 63 532 20 130 36 41 227 155 21 207 42 85 664 153 76 90 26 159 159 20 178 106 93 204 47 103 1103 112 150 13072 89 29 32 478 31 26 161 21 21 26 41 121 42 7225 5690 4668 35528 692 66 33960 34 23 395
internal_value=0.000446517 -1.21766 -2.8721 -4.65627 -2.02951 -9.98254 -11.6238 -1.65139 9.11108 14.7059 -12.4857 1.64084 -4.91787 -25.8762 -81.3299 -13.7218 4.4039 0.775086 19.2169 38.0876 2.83208 7.06872 3.88719 9.11582 -39.0493 0.202902 1.96081 10.539 4.06164 -15.2232 1.39642 0.547419 -24.6395 7.56359 36.0677 5.08702 1.13072 21.2572 0.758178 22.967 31.6093 19.8324 7.63058 -0.0405898 -13.6136 2.13393 -72.7547 -117.338 -10.8845 -40.8735 -0.003464 62.5751 -0.0296887 0.752718 4.15226 -0.228259 -0.652854 -11.866 -0.523749 13.4414 -64.3394 10.6194
internal_weight=159648 22752 14220 10191 6826 3365 3099 6793 266 243 3036 4029 1194 434 77 357 2835 2278 557 249 2167 760 308 740 111 136896 16654 1027 676 221 15627 13737 310 1890 150 1740 13427 243 13184 351 262 191 1581 120242 327 259 68 42 228 67 119915 71 119794 53111 11893 41218 66683 758 65925 455 43 429
internal_count=159648 22752 14220 10191 6826 3365 3099 6793 266 243 3036 4029 1194 434 77 357 2835 2278 557 249 2167 760 308 740 111 136896 16654 1027 676 221 15627 13737 310 1890 150 1740 13427 243 13184 351 262 191 1581 120242 327 259 68 42 228 67 119915 71 119794 53111 11893 41218 66683 758 65925 455 43 429
is_linear=0
shrinkage=0.05


Tree=126
num_leaves=63
num_cat=0
split_feature=14 3 3 13 10 12 11 14 12 0 0 2 13 2 12 11 10 3 11 3 0 3 10 15 14 15 3 13 15 11 11 12 13 2 3 13 13 15 9 10 12 10 15 10 2 3 12 2 3 2 10 3 13 3 12 13 15 10 11 11 10 2
split_gain=1.52067e+07 1.44044e+07 1.25828e+08 1.39347e+08 7.63744e+07 5.95892e+07 6.42384e+07 5.6345e+07 6.96579e+07 3.77804e+07 4.79984e+07 1.42301e+08 1.45343e+08 1.03177e+08 1.0108e+08 8.30883e+07 6.30535e+07 2.89102e+07 3.29266e+07 2.82406e+07 2.57301e+07 2.49852e+07 2.40377e+07 4.42924e+07 4.11787e+07 1.27998e+08 3.94388e+07 2.37529e+07 2.25632e+07 6.19005e+07 7.06211e+07 3.1974e+07 5.22253e+07 2.20905e+07 2.06834e+07 8.78543e+07 2.62306e+07 1.94126e+07 1.90542e+07 2.92721e+07 2.28485e+07 1.68083e+07 1.64994e+07 1.64566e+07 3.86752e+07 1.63902e+07 1.6189e+07 1.52356e+07 7.69159e+07 1.50365e+07 1.419e+07 2.62659e+07 1.6872e+07 1.13613e+07 8.689e+06 8.13563e+06 7.09353e+06 6.29624e+06 6.02969e+06 5.94098e+06 4.76844e+06 4.66734e+06
threshold=2002.1248333333335 284.50000000000006 276.50000000000006 708.82082217154914 9999.9950000000008 9996.1114285714302 6999.9450000000006 3987.8406666666674 9158.5578571428578 74.500000000000014 30.500000000000004 1.0000000180025095e-35 1188.3005829626004 1.0000000180025095e-35 8366.0028571428575 17561.605000000003 12000.005000000003 349.50000000000006 6999.9450000000006 360.50000000000006 50.500000000000007 361.50000000000006 8000.5550000000012 6037.7917475630766 5829.6191666666673 2410.9895625470608 312.50000000000006 3716.3037709628406 4606.9221282247199 10339.960000000001 17561.605000000003 13619.525 4154.2107688728292 3.5000000000000004 359.50000000000006 1350.6003130387064 2305.6550727788604 2302.9400117846303 1.0000000180025095e-35 4998.9650000000011 9371.3521428571457 7999.3850000000011 843.27621536703589 4979.9350000000004 4.5000000000000009 288.50000000000006 8009.5471428571427 1.0000000180025095e-35 278.50000000000006 5.5000000000000009 8000.5550000000012 352.50000000000006 1461.6204418392344 364.50000000000006 9158.5578571428578 690.64207978401464 1682.1295170159663 2499.3750000000005 1699.5550000000001 3719.3150000000005 4280.1150000000007 1.5000000000000002
decision_type=2 2 2 2 2 2 2 2 2 2 2 2 2 2 2 2 2 2 2 2 2 2 2 2 2 2 2 2 2 2 2 2 2 2 2 2 2 2 2 2 2 2 2 2 2 2 2 2 2 2 2 2 2 2 2 2 2 2 2 2 2 2
left_child=55 2 9 42 5 6 -5 20 -9 10 13 14 -13 16 -12 -15 -2 22 21 50 -6 34 38 24 25 -24 -26 -25 31 33 -31 37 -33 -30 36 -36 -19 -11 39 54 -41 45 47 61 -45 -40 56 48 -4 59 51 -20 -52 -48 -3 57 -21 -1 -59 -44 -49 -23
right_child=1 17 3 4 7 -7 -8 8 -10 28 11 12 -14 15 -16 -17 -18 18 19 46 -22 43 23 27 26 -27 -28 -29 29 30 -32 32 -34 -35 35 -37 -38 -39 41 40 -42 -43 49 44 -46 -47 53 60 -50 -51 52 -53 -54 -55 -56 -57 -58 58 -60 -61 -62 -63
leaf_value=-3.2618663988906462 -5.0590455131226353 -2.7138589435745994 90.516437304266574 33.583516646549761 -63.595262576953793 91.62307332064654 -0.12523499451536041 25.718761125862109 -0.96871389636126437 0.84084389514668034 3.2085280895498087 -1.1820721116189097 -8.6453036672348169 1.8627831605077625 24.512532399594292 45.792933715890953 -77.756107836405448 2.1495309671056098 10.384355445916837 -1.6754946835835776 5.4553025817871097 -8.99710217297668 11.178741341797082 -85.719142103928789 2.0983383093431018 -53.483365420095573 -16.482447520243326 -20.042954955101013 24.77025608825684 -19.711551231419602 44.399571590120836 -56.312244956575597 24.326898350869456 77.961210948399142 6.0886886844184849 78.668886856396995 -25.818379370223649 3.9322618774439535 -7.2903505260437385 -29.863651400434563 3.7449425289365976 32.220738523483277 -2.558330083518193 -33.415907617639611 13.855956326723101 0.12198275872879637 2.550338026482855 -0.17972811564069208 2.5826388689672406 15.034928753565229 37.634895840160191 58.563277771582968 6.3285106595410605 31.483975552814766 15.504890712391248 -15.628887445832056 -38.39987188216179 17.6823447118086 0.19141812825202942 -14.802244110775886 22.815840740618498 -0.93136308310190474
leaf_weight=3403 5360 8063 28 685 36 36 178 483 494 19538 7272 39299 7821 32059 602 107 29 3334 51 23 21 226 147 25 1197 158 374 31 39 134 62 57 30 41 571 44 85 6861 782 173 71 39 144 134 63 15691 198 1136 175 62 60 64 148 40 65 125 30 67 179 320 22 856
leaf_count=3403 5360 8063 28 685 36 36 178 483 494 19538 7272 39299 7821 32059 602 107 29 3334 51 23 21 226 147 25 1197 158 374 31 39 134 62 57 30 41 571 44 85 6861 782 173 71 39 144 134 63 15691 198 1136 175 62 60 64 148 40 65 125 30 67 179 320 22 856
internal_value=0.000384181 0.0763247 0.324186 9.25568 18.6873 29.3399 26.6387 9.40614 12.2376 0.0381494 -0.440303 -1.38126 -2.42098 0.937593 4.84021 2.01034 -5.46461 -0.855745 2.3042 13.257 -38.5001 1.03618 -1.55423 -6.92529 -5.60283 -22.3836 -2.33276 -50.3522 1.6927 15.8892 0.690907 1.54417 -28.5451 52.6566 2.96683 11.4007 1.44687 1.64441 -1.13696 -3.07988 -20.1087 -0.15172 -0.410664 -5.0507 -18.3049 -0.230314 1.94434 2.49628 15.0957 -7.92273 23.4114 37.4707 15.4961 7.52454 -2.56627 -3.1353 -22.7891 -2.70316 5.00753 -11.0161 0.276453 -2.62283
internal_weight=159648 155874 123131 3820 1933 899 863 1034 977 119311 92549 54994 47120 37555 7874 32166 5389 32743 5927 614 57 5313 26816 1932 1876 305 1571 56 26762 276 196 26486 87 80 4034 615 3419 26399 24884 8372 244 16512 1887 1279 197 16473 291 1361 203 526 323 115 208 238 8128 3774 53 3649 246 464 1158 1082
internal_count=159648 155874 123131 3820 1933 899 863 1034 977 119311 92549 54994 47120 37555 7874 32166 5389 32743 5927 614 57 5313 26816 1932 1876 305 1571 56 26762 276 196 26486 87 80 4034 615 3419 26399 24884 8372 244 16512 1887 1279 197 16473 291 1361 203 526 323 115 208 238 8128 3774 53 3649 246 464 1158 1082
is_linear=0
shrinkage=0.05


Tree=127
num_leaves=63
num_cat=0
split_feature=7 3 10 3 0 2 3 3 3 3 5 3 3 15 14 15 3 11 11 12 2 2 14 0 3 3 3 3 3 0 0 12 11 14 0 3 0 0 14 3 3 14 10 3 14 3 3 3 11 12 12 3 5 3 10 0 2 10 15 12 5 11
split_gain=1.47171e+07 2.39789e+07 7.95261e+07 4.89621e+07 2.68725e+07 4.02372e+07 4.50352e+07 1.9836e+07 3.9577e+07 3.59585e+07 3.29213e+07 8.64908e+07 3.86428e+07 2.26865e+07 3.01321e+07 2.05639e+07 3.83949e+07 2.29217e+07 1.86375e+07 1.60544e+07 4.47698e+07 6.22374e+07 5.09932e+07 3.88836e+07 5.80107e+07 3.77647e+07 9.92201e+07 3.13439e+07 1.87671e+08 4.05987e+07 3.07102e+07 2.66588e+07 2.90785e+07 1.89481e+07 1.71277e+07 1.52403e+07 1.47538e+07 1.99993e+07 1.42143e+07 1.35488e+07 5.84066e+07 1.14379e+08 1.23445e+08 8.04771e+07 1.78892e+08 8.54592e+07 5.41434e+07 5.25821e+07 7.59651e+07 1.56261e+08 1.02685e+08 6.6574e+07 9.42688e+07 3.4513e+07 1.20341e+07 1.16837e+07 1.16607e+07 1.0423e+07 7.60848e+06 1.46407e+07 7.56499e+06 7.48208e+06
threshold=1.0000000180025095e-35 88.500000000000014 11126.180000000002 90.500000000000014 31.500000000000004 3.5000000000000004 76.500000000000014 178.50000000000003 230.50000000000003 168.50000000000003 2022.5000000000002 275.50000000000006 249.50000000000003 4367.0318496902373 7522.1665000000003 667.87405257595265 227.50000000000003 9999.9950000000008 7680.0700000000006 13619.525 4.5000000000000009 3.5000000000000004 11254.016333333335 91.500000000000014 94.500000000000014 90.500000000000014 246.50000000000003 271.50000000000006 244.50000000000003 73.500000000000014 76.500000000000014 15426.107142857145 17561.605000000003 7754.1123333333344 69.500000000000014 66.500000000000014 83.500000000000014 28.500000000000004 2002.1248333333335 112.50000000000001 96.500000000000014 5489.619333333334 6998.2500000000009 88.500000000000014 5489.619333333334 82.500000000000014 98.500000000000014 136.50000000000003 9200.6350000000002 11882.280714285715 9824.4050000000025 138.50000000000003 2022.5000000000002 148.50000000000003 4197.7800000000016 19.500000000000004 5.5000000000000009 4979.9350000000004 2242.9259702251707 8808.0057142857167 2023.5000000000002 3334.1100000000006
decision_type=2 2 2 2 2 2 2 2 2 2 2 2 2 2 2 2 2 2 2 2 2 2 2 2 2 2 2 2 2 2 2 2 2 2 2 2 2 2 2 2 2 2 2 2 2 2 2 2 2 2 2 2 2 2 2 2 2 2 2 2 2 2
left_child=19 2 4 36 5 54 -7 9 15 13 11 -10 -12 14 -5 16 -9 -17 -15 38 21 23 34 27 -25 56 30 28 -21 -29 -27 33 -33 -28 -23 58 37 61 -1 40 43 46 -43 45 -45 -40 -42 48 50 -50 -41 52 -49 -53 -2 -11 -22 60 59 -6 -37 -3
right_child=1 3 -4 7 35 6 -8 8 10 55 12 -13 -14 18 -16 17 -18 -19 -20 20 25 22 -24 24 -26 26 31 29 -30 -31 -32 32 -34 -35 -36 57 -38 -39 39 47 41 42 -44 44 -46 -47 -48 51 49 -51 -52 53 -54 -55 -56 -57 -58 -59 -60 -61 -62 -63
leaf_value=-3.0239367303783893 2.7604850437566637 15.890354643322173 -82.721793246799052 -1.3424063097986629 -8.0937724764075707 0.91842026190324266 86.975019649637161 3.6952905749073559 19.34268471715562 65.02288618178595 -37.872363048435481 -3.360705150276345 -4.8874202619956826 -68.856407361711774 14.228719797844583 -20.609563335029581 -29.809075446697552 2.6213937590843024 -4.7554105215806235 4.770990725683987 54.264800176205853 115.53753683338996 -5.6832667243957529 113.10979811895461 -2.9414896309894067 -110.93302636504173 62.721088007146676 -0.34638913013525974 -141.22661676088967 37.029228405244645 -29.969514425368533 -43.448930651092532 10.051440406212441 4.006619320919639 55.205701386422824 -7.8282895235203016 59.696157574462895 5.5800991028923175 0.14914179643629882 -1.6952626497269596 16.842387335226793 40.050821014672671 9.0379573978499828 0.77772785922004806 -27.914286802925581 10.841918379438329 -1.9048229688588751 0.449157612500174 -19.765724933912011 4.9473493417408223 45.29032772512759 -4.1882905930643757 32.474870679753167 0.30366153535913765 -24.358938111738727 22.236563013567554 5.1683439014576109 -38.79516675567627 -32.180100277709961 23.533794769464539 -29.376770311795749 54.565833466358676
leaf_weight=3625 159 20 35 1788 245 32 28 396 576 20 96 1536 1056 20 375 616 108 128 25 265 22 22 24 20 22 31 21 168 23 127 20 49 51 37 32 112 24 110 29278 7995 436 397 1661 1675 803 1995 3244 570 1730 1014 117 4485 384 91407 54 76 26 69 24 42 64 38
leaf_count=3625 159 20 35 1788 245 32 28 396 576 20 96 1536 1056 20 375 616 108 128 25 265 22 22 24 20 22 31 21 168 23 127 20 49 51 37 32 112 24 110 29278 7995 436 397 1661 1675 803 1995 3244 570 1730 1014 117 4485 384 91407 54 76 26 69 24 42 64 38
internal_value=0.000451044 -2.10735 -9.96167 -1.13773 -6.7938 6.03841 41.8457 -1.84068 -3.76787 1.93341 -0.871149 2.83735 -7.66663 0.624171 1.36249 -11.3371 -3.52902 -16.6147 -34.1224 0.109787 6.55186 13.0761 54.8996 7.77714 53.6662 -11.2761 -20.4613 4.385 -7.33685 15.8149 -80.3696 -0.739882 -16.3343 25.9681 81.4392 -13.094 23.6973 18.2318 0.0687378 0.144924 0.937146 5.60033 15.0371 0.144216 -8.52747 0.831592 0.320285 -0.145551 -3.44515 -10.6349 -1.01209 0.224351 13.3605 0.0935253 -4.19654 31.7289 28.3192 -22.3974 -5.71672 -3.39969 -15.7858 41.7249
internal_weight=159648 7872 864 7008 829 273 60 6816 4512 2304 3264 2112 1152 2208 2163 1248 504 744 45 151776 960 703 78 625 42 257 209 583 288 295 51 158 100 58 54 556 192 168 150816 147191 39489 5738 2058 33751 2478 31273 3680 107702 10856 2744 8112 96846 954 95892 213 96 48 245 311 287 176 58
internal_count=159648 7872 864 7008 829 273 60 6816 4512 2304 3264 2112 1152 2208 2163 1248 504 744 45 151776 960 703 78 625 42 257 209 583 288 295 51 158 100 58 54 556 192 168 150816 147191 39489 5738 2058 33751 2478 31273 3680 107702 10856 2744 8112 96846 954 95892 213 96 48 245 311 287 176 58
is_linear=0
shrinkage=0.05


Tree=128
num_leaves=63
num_cat=0
split_feature=10 3 3 3 3 13 10 3 7 12 12 3 14 0 13 4 12 3 3 15 10 14 3 3 10 3 10 14 3 15 13 15 3 3 13 3 13 13 6 12 10 4 13 0 0 12 3 10 9 10 7 10 10 15 15 15 7 14 10 3 3 15
split_gain=1.37235e+07 1.29126e+07 2.22568e+07 1.21935e+07 1.11561e+08 1.42875e+08 1.07928e+08 6.23407e+07 6.75068e+07 5.59251e+07 4.50945e+07 1.31205e+08 6.33113e+07 3.19471e+07 3.70273e+07 1.02041e+08 1.07951e+08 7.58321e+07 3.59981e+07 2.64466e+07 3.38881e+07 5.10164e+07 2.87187e+07 5.14858e+07 3.58656e+07 2.26395e+07 2.4454e+07 4.23526e+07 1.08052e+08 7.86993e+07 6.03955e+07 4.56508e+07 3.73103e+07 2.24026e+07 3.19545e+07 3.29782e+07 3.29296e+07 2.76084e+07 2.20347e+07 2.32393e+07 2.26295e+07 2.17545e+07 2.15453e+07 2.06048e+07 2.06021e+07 1.89311e+07 1.7373e+07 3.712e+07 1.94551e+07 2.66792e+07 1.93634e+07 1.21877e+07 1.17974e+07 1.06773e+07 1.16402e+07 1.45695e+07 1.4382e+07 9.39599e+06 9.31737e+06 1.07997e+07 2.74174e+07 3.01332e+07
threshold=1755.7850000000001 198.50000000000003 201.50000000000003 284.50000000000006 277.50000000000006 708.82082217154914 9999.9950000000008 278.50000000000006 1.0000000180025095e-35 9824.4050000000025 9158.5578571428578 281.50000000000006 3899.0098333333335 74.500000000000014 1188.3005829626004 4.5000000000000009 10592.202142857144 96.500000000000014 209.50000000000003 4606.9221282247199 11126.180000000002 9299.2155000000021 272.50000000000006 271.50000000000006 6500.4850000000006 344.50000000000006 8000.5550000000012 5763.8896666666669 286.50000000000006 2697.1495883321154 2273.1633680189375 6037.7917475630766 288.50000000000006 361.50000000000006 371.16297041416357 359.50000000000006 2305.6550727788604 2664.1196719890286 1.0000000180025095e-35 8575.8050000000021 4341.7000000000007 7.5000000000000009 3716.3037709628406 82.500000000000014 27.500000000000004 8366.0028571428575 342.50000000000006 6998.2500000000009 1.0000000180025095e-35 4999.7050000000008 1.0000000180025095e-35 10339.960000000001 4850.7800000000016 345.24609970428645 3718.1762840000401 900.30465970799014 1.0000000180025095e-35 4951.4148333333333 1000.2250000000001 227.50000000000003 234.50000000000003 561.9534427214827
decision_type=2 2 2 2 2 2 2 2 2 2 2 2 2 2 2 2 2 2 2 2 2 2 2 2 2 2 2 2 2 2 2 2 2 2 2 2 2 2 2 2 2 2 2 2 2 2 2 2 2 2 2 2 2 2 2 2 2 2 2 2 2 2
left_child=1 53 -3 4 13 57 7 8 -7 -9 12 -12 -8 14 18 17 -17 -16 44 22 43 -22 23 -15 -24 26 46 28 29 -28 -30 32 -29 34 -27 37 -37 -36 40 -40 -35 -20 -33 -21 -2 -42 48 52 49 -5 -50 -41 -48 -1 55 -55 -56 -6 -4 -60 61 -61
right_child=3 2 58 25 5 6 10 9 -10 -11 11 -13 -14 19 15 16 -18 -19 41 20 21 -23 24 -25 -26 33 27 31 30 -31 -32 42 -34 38 35 36 -38 -39 39 51 45 -43 -44 -45 -46 -47 47 -49 50 -51 -52 -53 -54 54 56 -57 -58 -59 59 60 -62 -63
leaf_value=-4.4970029706506702 0.746265910977292 -28.59104027625358 -11.186994870181188 -2.3557243831651418 -0.23135649092587907 74.931459957667755 -39.263529272301255 21.969219049333368 -12.363914351816531 89.275357434821856 -35.588033473270187 18.339222188896063 24.14860881294284 1.4933199140452871 -0.88066068377219497 -4.9920081822364271 -45.165858590855322 10.5501183655166 8.7085860816 61.86100506111427 45.318150378444741 -10.685802809083967 -24.519769346227541 37.086736114422479 2.1666139357392469 0.07467941940972371 27.07036077369764 8.9372943113191479 -32.960421461863064 -51.590662523352584 -108.04384987180885 -81.610333791879512 -7.7159743181623917 -2.4002985503639591 6.160938396800919 16.808502277560304 70.349557579159736 -23.969075305793861 0.7659413181164908 45.416449058751269 -24.869161014556884 1.5574791440537046 -19.062040505409239 10.329939191639424 -1.2545471223974014 -1.4138156591562125 -3.3585496197054954 -58.931564657211311 0.6894091740913677 -19.196968338303115 -6.9783723013106416 -0.60648354212443045 -21.415292712416605 4.2465724897410118 -32.13676114230686 33.016268002124541 15.315899548339843 -15.425514367124357 -8.7100999924594706 -14.66439910252889 -2.6260877148024364 40.839083565442991
leaf_weight=608 20066 100 408 7317 1530 139 42 514 26 32 182 293 477 25965 6016 10287 169 1911 1130 53 56 141 237 101 267 4003 102 495 72 45 43 25 1044 815 2041 296 31 78 314 50 258 17844 31 31 35852 129 589 34 13697 242 875 20 106 701 44 46 24 108 494 35 890 77
leaf_count=608 20066 100 408 7317 1530 139 42 514 26 32 182 293 477 25965 6016 10287 169 1911 1130 53 56 141 237 101 267 4003 102 495 72 45 43 25 1044 815 2041 296 31 78 314 50 258 17844 31 31 35852 129 589 34 13697 242 875 20 106 701 44 46 24 108 494 35 890 77
internal_value=0.000494959 -3.12896 -5.71422 0.069165 0.296678 9.30474 19.4318 34.2933 61.1842 26.0699 8.77771 -2.35478 18.9513 0.0459159 -0.391574 -2.40226 -5.64559 1.87599 0.101994 1.56562 16.7972 5.38255 1.40391 1.63265 -10.406 -0.788498 -1.538 -7.05443 -25.6463 2.80454 -61.7245 -3.98631 -2.35733 1.517 2.82627 7.3275 22.0833 5.04107 -3.80516 6.6098 -7.13513 1.9838 -47.9274 43.1889 -0.536561 -17.0745 -1.08959 -8.6789 -0.839219 -2.89736 0.228537 32.4436 -6.13935 0.513291 4.25197 6.05998 -15.4094 -1.24197 -4.49832 -2.66788 0.316726 23.5179
internal_weight=159648 3427 2004 156221 123469 3343 1705 711 165 546 994 475 519 120126 93275 18383 10456 7927 74892 26851 281 197 26570 26066 504 32752 24717 1857 262 147 115 1595 1539 8035 6449 2446 327 2119 1586 384 1202 18974 56 84 55918 387 22860 729 22131 7559 14572 70 695 1423 815 747 68 1638 1904 1496 1002 112
internal_count=159648 3427 2004 156221 123469 3343 1705 711 165 546 994 475 519 120126 93275 18383 10456 7927 74892 26851 281 197 26570 26066 504 32752 24717 1857 262 147 115 1595 1539 8035 6449 2446 327 2119 1586 384 1202 18974 56 84 55918 387 22860 729 22131 7559 14572 70 695 1423 815 747 68 1638 1904 1496 1002 112
is_linear=0
shrinkage=0.05


Tree=129
num_leaves=63
num_cat=0
split_feature=2 0 10 5 3 15 10 8 14 15 14 3 3 3 15 3 11 3 3 11 3 3 3 11 3 15 5 11 5 10 10 11 3 3 10 3 11 14 5 15 2 3 15 2 3 15 11 14 3 3 3 10 2 3 14 2 11 3 10 14 10 11
split_gain=1.42524e+07 3.68477e+07 4.19881e+07 4.64158e+07 5.4876e+07 5.21386e+07 5.9574e+07 7.87394e+07 4.76134e+07 4.51973e+07 5.26372e+07 4.93877e+07 6.858e+07 4.74194e+07 4.05108e+07 3.74365e+07 3.03433e+07 3.02227e+07 4.59505e+07 4.01027e+07 2.03341e+07 7.13417e+07 1.40161e+08 9.74762e+07 6.89625e+07 1.90543e+08 9.86185e+07 1.87538e+08 1.31129e+08 5.35514e+07 4.09731e+07 1.17381e+08 3.62704e+07 1.77955e+08 9.47923e+07 8.56642e+07 4.65215e+07 8.37178e+07 5.22149e+07 3.25052e+07 2.52256e+07 2.16635e+07 4.85625e+07 2.62361e+07 7.1455e+07 8.41346e+07 3.62394e+07 8.75282e+07 5.73578e+07 2.21782e+07 4.5101e+07 3.30035e+07 2.59164e+07 2.16706e+07 4.8437e+07 8.67675e+07 5.04816e+07 3.11588e+07 4.13768e+07 2.3531e+07 1.8802e+07 1.85666e+07
threshold=5.5000000000000009 36.500000000000007 10000.005000000003 2023.5000000000002 34.500000000000007 1.0000000180025095e-35 9999.9950000000008 1.5000000000000002 9065.5350000000017 2014.7756280076267 11000.848333333335 20.500000000000004 112.50000000000001 126.50000000000001 1368.6966174043682 260.50000000000006 5400.6800000000012 188.50000000000003 166.50000000000003 9999.9950000000008 284.50000000000006 271.50000000000006 270.50000000000006 12000.005000000003 272.50000000000006 2410.9895625470608 2021.5000000000002 3992.4350000000004 2022.5000000000002 14498.490000000002 7200.1650000000009 9999.9950000000008 266.50000000000006 265.50000000000006 4499.7050000000008 261.50000000000006 5135.2000000000007 7754.1123333333344 2021.5000000000002 1791.2250409248356 3.5000000000000004 320.50000000000006 1655.0594487498508 3.5000000000000004 285.50000000000006 1627.9932808793963 17561.605000000003 11626.133833333335 294.50000000000006 360.50000000000006 359.50000000000006 8700.510000000002 2.5000000000000004 294.50000000000006 8822.9390000000003 1.0000000180025095e-35 17561.605000000003 299.50000000000006 4850.7800000000016 11254.016333333335 6490.0200000000013 7999.4350000000004
decision_type=2 2 2 2 2 2 2 2 2 2 2 2 2 2 2 2 2 2 2 2 2 2 2 2 2 2 2 2 2 2 2 2 2 2 2 2 2 2 2 2 2 2 2 2 2 2 2 2 2 2 2 2 2 2 2 2 2 2 2 2 2 2
left_child=20 -2 3 5 8 -3 15 -8 16 14 11 -11 -13 61 -4 -7 -5 18 -6 -19 21 22 32 24 25 39 27 -26 -28 -25 -24 -32 33 35 -35 -1 37 -34 -38 -23 -27 43 -43 53 45 -45 47 -46 -48 50 52 -52 -44 54 56 -56 -22 58 -55 -59 -51 -12
right_child=1 2 9 4 17 6 7 -9 -10 10 13 12 -14 -15 -16 -17 -18 19 -20 -21 41 23 30 29 26 40 28 -29 -30 -31 31 -33 36 34 -36 -37 38 -39 -40 -41 -42 42 49 44 46 -47 48 -49 -50 60 51 -53 -54 57 55 -57 -58 59 -60 -61 -62 -63
leaf_value=0.14317220634589872 1.3824688315002742 -79.25916219075522 8.1627966690063474 11.815346798119666 -9.1400340921407217 -3.4146339450986645 -17.441524329018758 25.128445857043832 57.630948768316536 29.125741965078539 80.494660341556255 -41.881738360977174 -6.4488709131674744 -25.291839440289667 -55.344435689274 3.1934424314278353 -43.039851058959968 -14.020309324410963 18.208581906597267 -51.186019920638842 1.5693741110176471 -2.8574737311113365 -20.734710535178749 92.275660823186229 2.3027811908991969 41.33250769138337 -17.582958607592396 37.039367061998576 5.039783889358783 21.941204650878909 -129.49068498399524 -13.084840512616294 6.243190757094724 -17.355039818445842 -71.527237385059223 11.369558199369077 -3.5140371070398349 -56.231543208147798 39.57170971595324 31.272705319473086 96.724752449622528 -0.53478784197474238 1.4516178515664955 -18.792138033597404 -4.6131378036108757 -123.04838879620587 -7.2252888747393076 74.78085365077429 -92.525199849446622 -37.870614540793682 98.9265631573017 14.921282251814137 18.500502280715914 -6.1923193279934114 -36.279242238818476 34.329085378608085 -49.204138293170928 -0.23500601403023744 -35.088052740723548 -33.121297580675645 2.2227572437668588 27.240325659179689
leaf_weight=98784 8769 20 33 157 1121 6761 142 453 50 61 25 199 432 33 101 3137 29 925 177 78 2342 270 294 47 1373 31 960 541 1920 64 35 55 1264 269 115 1728 106 55 207 93 77 13738 400 70 4295 26 58 34 29 32 25 22 503 1304 52 245 49 4938 136 54 256 49
leaf_count=98784 8769 20 33 157 1121 6761 142 453 50 61 25 199 432 33 101 3137 29 925 177 78 2342 270 294 47 1373 31 960 541 1920 64 35 55 1264 269 115 1728 106 55 207 93 77 13738 400 70 4295 26 58 34 29 32 25 22 503 1304 52 245 49 4938 136 54 256 49
internal_value=0.000444806 -1.15835 -2.75173 -2.0186 -8.08735 -0.553452 -0.395898 14.9567 14.8304 -12.9931 -8.45994 -13.5107 -17.672 24.0274 -39.7599 -1.32021 3.0782 -10.4433 -5.39953 -16.9587 0.193043 0.506257 0.212904 6.12078 5.13787 23.3738 3.34172 12.1354 -2.50461 52.2805 -29.8991 -59.2793 0.325974 0.206331 -33.7221 0.336287 7.71805 3.59747 25.0156 5.9485 81.3502 -0.992521 0.320205 -2.43459 -5.5527 -48.0057 -4.61914 -3.97245 -36.387 9.80078 13.4823 60.7351 10.9584 -0.891506 2.87802 21.8864 0.508709 -2.46703 -8.94382 -0.59731 -2.34767 46.0651
internal_weight=159648 22752 13983 13050 2537 10513 10493 595 236 933 799 692 631 107 134 9898 186 2301 1298 1003 136896 108288 102912 5376 5265 471 4794 1914 2880 111 384 90 102528 100896 384 100512 1632 1319 313 363 108 28608 14976 13632 4512 96 4416 4329 87 1238 950 47 903 9120 2688 297 2391 6432 1440 4992 288 74
internal_count=159648 22752 13983 13050 2537 10513 10493 595 236 933 799 692 631 107 134 9898 186 2301 1298 1003 136896 108288 102912 5376 5265 471 4794 1914 2880 111 384 90 102528 100896 384 100512 1632 1319 313 363 108 28608 14976 13632 4512 96 4416 4329 87 1238 950 47 903 9120 2688 297 2391 6432 1440 4992 288 74
is_linear=0
shrinkage=0.05


Tree=130
num_leaves=63
num_cat=0
split_feature=14 0 2 13 3 14 14 13 12 3 3 12 13 3 3 2 0 13 14 10 10 13 0 14 0 2 13 8 3 13 3 0 3 3 3 12 3 3 2 12 13 3 2 2 10 13 7 5 0 13 12 12 3 12 3 12 2 0 8 2 3 0
split_gain=1.30707e+07 1.42383e+07 2.654e+07 2.94508e+07 1.99725e+07 4.08491e+07 3.59453e+07 3.12505e+07 2.43619e+07 2.96343e+07 2.30282e+07 1.90529e+07 2.23402e+07 3.18495e+07 2.9619e+07 1.89026e+07 1.44036e+08 1.19451e+08 8.11982e+07 6.7053e+07 5.6502e+07 1.05706e+08 4.99598e+07 6.85691e+07 5.44516e+07 4.32245e+07 1.21798e+08 1.27919e+08 8.72184e+07 1.0043e+08 8.82402e+07 5.4966e+07 4.40342e+07 7.75712e+07 9.65946e+07 8.1165e+07 4.43593e+07 6.84284e+07 5.62473e+07 4.18799e+07 3.2747e+07 1.58655e+07 1.56595e+07 1.91614e+07 1.46738e+07 1.3474e+07 1.28331e+07 1.61785e+07 1.27657e+07 1.20177e+07 1.03663e+07 6.83312e+06 6.81347e+06 7.24789e+06 6.4859e+06 6.29185e+06 5.07125e+06 8.55708e+06 6.52214e+06 5.86994e+06 5.81844e+06 5.13843e+06
threshold=2222.9255000000007 4.5000000000000009 1.0000000180025095e-35 964.50953938217697 162.50000000000003 7911.4553333333342 9786.7210000000014 1495.1751119153453 7029.2021428571434 104.50000000000001 257.50000000000006 13619.525 1461.6204418392344 180.50000000000003 126.50000000000001 1.0000000180025095e-35 21.500000000000004 3716.3037709628406 11626.133833333335 8195.4400000000023 7999.3850000000011 1547.6519202099767 80.500000000000014 9376.4633333333331 67.500000000000014 1.5000000000000002 2952.9953579360567 2.5000000000000004 164.50000000000003 1141.8424241416831 170.50000000000003 29.500000000000004 100.50000000000001 94.500000000000014 88.500000000000014 5200.1157142857155 219.50000000000003 244.50000000000003 2.5000000000000004 6445.6792857142864 1657.2877496455205 267.50000000000006 4.5000000000000009 2.5000000000000004 4688.4050000000016 1141.8424241416831 1.0000000180025095e-35 2023.5000000000002 73.500000000000014 2179.1249675052636 10000.04642857143 1616.0550000000003 291.50000000000006 4669.4692857142863 273.50000000000006 3446.5314285714289 5.5000000000000009 22.500000000000004 1.5000000000000002 1.0000000180025095e-35 164.50000000000003 71.500000000000014
decision_type=2 2 2 2 2 2 2 2 2 2 2 2 2 2 2 2 2 2 2 2 2 2 2 2 2 2 2 2 2 2 2 2 2 2 2 2 2 2 2 2 2 2 2 2 2 2 2 2 2 2 2 2 2 2 2 2 2 2 2 2 2 2
left_child=51 2 4 46 5 8 7 -7 45 -10 44 12 14 -14 -5 16 17 18 40 -19 22 50 24 -24 -18 26 28 31 29 -17 -30 -28 33 34 -27 -35 38 -38 -34 -23 -3 -12 43 -13 -6 -2 52 55 -29 -46 -22 -1 -4 -54 -43 -48 57 59 -58 -53 -60 -59
right_child=1 15 3 11 10 6 -8 -9 9 -11 41 42 13 -15 -16 25 20 19 -20 -21 21 39 23 -25 -26 32 27 48 30 -31 -32 -33 36 35 -36 -37 37 -39 -40 -41 -42 54 -44 -45 49 -47 47 -49 -50 -51 -52 56 53 -55 -56 -57 58 61 60 -61 -62 -63
leaf_value=-7.4362193457404535 -2.5993953247026163 -4.2588488303475405 1.5366425081154576 -1.1187224270152243 -9.6509926563534307 18.268673581210049 0.60302430922334849 102.06052137451172 -80.159241178685988 -3.0914265670776371 30.554720365206403 18.120898663780906 13.356665280807309 -0.93357440534860303 23.576973779880941 -2.4179878254138916 2.0837754350125062 -28.267358353656274 -102.5936341164329 -154.77202927362353 -0.52144793256955546 83.707505435943617 -0.94159452717360281 -26.714136057307083 10.171262986010031 2.1969044501131836 -8.616937254030903 16.030206312061686 27.518706305755934 -15.324901989035627 0.62256145643825644 -46.208637359924325 2.2647397051745286 4.0017267222405053 -10.405002805369522 27.04016753529444 5.0850816286063107 -0.2260602557347744 -2.6673497249904323 27.428671993875401 -18.60015128477535 -31.461552911485946 2.1550737731933594 86.77060526529948 -39.025988527988567 32.205819152093703 -1.2028796913358901 51.109420803833018 -7.3655365666042094 -8.3628737593733753 10.290565503167329 -6.7705844212934601 -2.5865769587487852 -32.277264650435676 -2.5239137480104628 18.171215882723846 -0.78274338157157031 1.5368191929023709 -32.503489076365597 -1.7263121076161054 -6.8653974012876064 -3.0392807954139816
leaf_weight=500 269 2924 2989 177 180 21 43 24 21 29 35 21 614 1065 385 6674 9796 22 21 20 644 35 2562 286 2642 21054 132 156 313 1946 10581 374 7234 1031 1638 607 7389 33813 28760 456 460 20 24 20 115 30 89 24 92 45 337 689 995 20 252 78 668 3253 22 3522 655 755
leaf_count=500 269 2924 2989 177 180 21 43 24 21 29 35 21 614 1065 385 6674 9796 22 21 20 644 35 2562 286 2642 21054 132 156 313 1946 10581 374 7234 1031 1638 607 7389 33813 28760 456 460 20 24 20 115 30 89 24 92 45 337 689 995 20 252 78 668 3253 22 3522 655 755
internal_value=0.000350764 0.117705 2.22824 3.43602 -5.01158 3.24259 33.4828 64.205 -4.45631 -36.3971 -10.5831 7.97376 7.19034 4.29712 15.811 0.00495413 1.42127 -7.88551 -6.8376 -90.7062 3.33596 12.6886 2.43456 -3.53818 3.80235 -0.230015 -2.33812 -22.0431 -1.57565 -5.33322 1.39778 -36.4385 0.190853 2.04563 1.28683 12.5505 -0.393739 0.726519 -1.67607 31.6024 -6.21324 -0.64699 34.4656 52.8773 -19.5265 0.988462 0.940302 13.5677 7.3564 -30.5075 3.19946 -1.74376 0.334706 -3.20281 -4.75915 7.90037 -1.44541 -0.979366 -4.29045 -2.55306 -7.74526 0.67426
internal_weight=159648 149584 7585 6501 1084 437 88 45 349 50 647 2306 2241 1679 562 141999 20205 3447 3405 42 16758 1472 15286 2848 12438 121794 20268 754 19514 8620 10894 506 101526 24330 22692 1638 77196 41202 35994 491 3384 307 65 41 340 299 4195 191 248 160 981 10064 4004 1015 272 167 9564 8219 1345 4211 677 4008
internal_count=159648 149584 7585 6501 1084 437 88 45 349 50 647 2306 2241 1679 562 141999 20205 3447 3405 42 16758 1472 15286 2848 12438 121794 20268 754 19514 8620 10894 506 101526 24330 22692 1638 77196 41202 35994 491 3384 307 65 41 340 299 4195 191 248 160 981 10064 4004 1015 272 167 9564 8219 1345 4211 677 4008
is_linear=0
shrinkage=0.05


Tree=131
num_leaves=63
num_cat=0
split_feature=7 9 3 10 8 3 3 13 3 6 13 3 15 3 0 13 0 10 0 12 0 10 13 0 13 6 12 6 13 11 9 0 0 3 11 0 13 10 13 3 3 3 10 3 11 3 15 11 11 0 10 10 10 10 0 0 9 15 3 3 3 6
split_gain=1.268e+07 2.47366e+07 3.30132e+07 8.66019e+07 2.57372e+07 2.86944e+07 4.07119e+07 3.22345e+07 2.36967e+07 3.50432e+07 3.43067e+07 2.75862e+07 2.05747e+07 1.9265e+07 2.09294e+07 1.71604e+07 6.57293e+07 3.66619e+07 2.79933e+07 2.00855e+07 4.03993e+07 3.59641e+07 2.35905e+07 2.1564e+07 1.4657e+07 1.40573e+07 1.35729e+07 3.83927e+07 3.65973e+07 5.0621e+07 4.41602e+07 3.66841e+07 3.1438e+07 5.00576e+07 3.05179e+07 3.94016e+07 4.37371e+07 3.71879e+07 1.8437e+07 5.80488e+07 9.54432e+07 7.22142e+07 1.65759e+08 1.68186e+08 1.23457e+08 8.87399e+07 6.51291e+07 9.01037e+07 6.06863e+07 3.02567e+07 4.01725e+07 3.89591e+07 2.85708e+07 2.04307e+07 1.80194e+07 3.40441e+07 1.69487e+07 1.57773e+07 6.66049e+07 9.78693e+07 1.39213e+08 7.99969e+07
threshold=1.0000000180025095e-35 1.5000000000000002 88.500000000000014 10000.005000000003 2.5000000000000004 241.50000000000003 220.50000000000003 2760.7646982802116 310.50000000000006 1.0000000180025095e-35 2573.2905843596441 285.50000000000006 4367.0318496902373 270.50000000000006 77.500000000000014 2711.45577608555 23.500000000000004 7999.3850000000011 31.500000000000004 8009.5471428571427 6.5000000000000009 9200.3700000000008 1404.5646599278073 30.500000000000004 1836.9488008518331 1.0000000180025095e-35 13619.525 1.0000000180025095e-35 4699.4111002022109 14498.490000000002 3.5000000000000004 29.500000000000004 91.500000000000014 94.500000000000014 8500.3850000000002 24.500000000000004 2882.6451101576818 17561.605000000003 2882.6451101576818 86.500000000000014 66.500000000000014 96.500000000000014 10000.005000000003 88.500000000000014 8700.3950000000023 114.50000000000001 2619.0567282319466 4580.46 3750.6850000000004 32.500000000000007 10339.960000000001 11999.985000000002 10339.960000000001 4619.9050000000007 75.500000000000014 65.500000000000014 2.5000000000000004 2302.9400117846303 247.50000000000003 186.50000000000003 180.50000000000003 1.0000000180025095e-35
decision_type=2 2 2 2 2 2 2 2 2 2 2 2 2 2 2 2 2 2 2 2 2 2 2 2 2 2 2 2 2 2 2 2 2 2 2 2 2 2 2 2 2 2 2 2 2 2 2 2 2 2 2 2 2 2 2 2 2 2 2 2 2 2
left_child=26 15 3 -3 5 6 12 -8 9 10 -6 -11 -4 14 -7 19 -17 -18 -19 21 -21 -2 23 -22 -15 -10 38 32 29 -29 31 -31 34 -34 56 37 -37 -36 57 40 49 42 43 -41 -44 53 52 -48 -47 50 -40 -51 -42 -43 55 -30 -28 -1 59 60 -59 -61
right_child=1 2 4 -5 8 13 7 -9 25 11 -12 -13 -14 24 -16 16 17 18 -20 20 22 -23 -24 -25 -26 -27 27 28 54 30 -32 -33 33 -35 35 36 -38 -39 39 41 46 45 44 -45 -46 48 47 -49 -50 51 -52 -53 -54 -55 -56 -57 -58 58 -60 61 -62 -63
leaf_value=-0.06076198085354885 0.95238603055375215 -12.455552881915494 1.8776348806679328 -112.22792313285498 -27.625832571321837 14.443964689977811 -12.669400098754011 -74.715150188099258 10.352790961725725 15.390869842200445 4.7285468972897995 -19.056948812671546 -43.855458401489265 6.5018754105368322 54.874142417849569 -22.434072031370352 11.566810462090277 100.93519959513347 28.527655662254052 23.091719527538913 -20.54677502568563 48.657435744285586 -29.570845961680359 9.1350197900390633 -30.839696919759117 -12.981524537869337 -56.623299298095709 14.91975492814008 28.19565797351656 -39.420430329640709 -7.3007905769348147 -120.53641669921876 100.00058625488282 -3.2676371499766477 54.244180897818673 -26.225094432830812 13.102852797473796 -9.7453274609965668 -14.863736550410588 71.192761716998987 26.676654422466573 61.122483568544752 -132.00526550292969 -18.282840886715228 -34.906119128292048 -24.715386324317418 -36.694265176455183 25.050954105472275 -2.9695200545434108 -10.855675207076315 61.433739030626093 -61.398001602820642 84.257113610726819 16.016621210130698 42.812789579449287 -39.669493539983584 -1.6251988936915547 2.1988594262284087 -1.9997807478004721 15.936542903292244 -30.634296376519018 -1.1238618406607273
leaf_weight=122578 3215 410 1512 22 427 152 459 21 192 144 101 96 24 211 40 70 61 29 26 80 119 39 173 124 29 96 24 50 41 35 43 24 24 22 89 85 397 30 47 60 38 26 48 377 102 361 71 330 2825 138 26 52 53 396 32 32 32 10588 9034 2366 332 968
leaf_count=122578 3215 410 1512 22 427 152 459 21 192 144 101 96 24 211 40 70 61 29 26 80 119 39 173 124 29 96 24 50 41 35 43 24 24 22 89 85 397 30 47 60 38 26 48 377 102 361 71 330 2825 138 26 52 53 396 32 32 32 10588 9034 2366 332 968
internal_value=0.000306415 -1.95618 -4.7585 -17.784 -3.14799 -0.332464 -2.83946 -15.5336 -9.66841 -14.2502 -21.4396 1.58982 1.13498 11.3464 23.1076 0.846629 15.629 38.5936 67.8269 0.109449 -9.25277 1.53892 -15.5133 -5.42513 1.8805 2.55666 0.101794 6.02513 -10.4842 -26.0972 -46.1533 -73.8758 12.0669 51.5926 9.22526 12.524 6.12748 38.1656 0.0640497 -2.93664 9.81794 -5.23396 -21.4826 -5.86336 -66.6463 -2.58518 22.7995 14.0544 -5.44049 -14.4613 12.7736 -24.9374 60.7639 18.9336 12.1504 -1.68744 -25.7758 0.165898 1.35889 3.48757 1.19792 10.9843
internal_weight=159648 7872 3936 432 3504 2448 2016 480 1056 768 528 240 1536 432 192 3936 186 116 55 3750 496 3254 416 243 240 288 151776 960 257 152 102 59 703 46 657 601 482 119 150816 4950 755 4195 587 437 150 3608 492 401 3186 263 73 190 91 422 105 73 56 145866 23288 14254 10920 3334
internal_count=159648 7872 3936 432 3504 2448 2016 480 1056 768 528 240 1536 432 192 3936 186 116 55 3750 496 3254 416 243 240 288 151776 960 257 152 102 59 703 46 657 601 482 119 150816 4950 755 4195 587 437 150 3608 492 401 3186 263 73 190 91 422 105 73 56 145866 23288 14254 10920 3334
is_linear=0
shrinkage=0.05


Tree=132
num_leaves=63
num_cat=0
split_feature=0 2 2 0 3 3 3 3 11 3 14 14 3 15 3 3 15 3 3 3 11 14 15 11 3 15 3 15 12 2 0 12 3 12 3 7 3 3 15 12 12 0 11 2 15 3 3 15 2 12 2 11 2 0 12 0 11 12 3 12 3 14
split_gain=1.22726e+07 3.70765e+07 8.5892e+07 7.02335e+07 4.75985e+07 9.4096e+07 6.27161e+07 4.53616e+07 1.10625e+08 1.30587e+08 9.31632e+07 6.70041e+07 6.34092e+07 4.651e+07 1.20495e+08 3.97504e+07 1.00767e+08 5.77452e+07 3.92471e+07 6.98674e+07 3.92175e+07 5.55649e+07 3.94372e+07 3.84439e+07 3.71603e+07 1.12209e+08 4.01774e+07 3.0901e+07 2.90257e+07 2.8049e+07 3.34468e+07 4.95425e+07 4.08421e+07 3.05334e+07 3.96112e+07 1.17566e+08 6.61e+07 2.79933e+07 3.19832e+07 2.706e+07 3.08736e+07 2.36812e+07 1.08762e+08 4.62975e+07 4.48069e+07 4.18499e+07 1.36377e+08 5.68731e+07 5.46359e+07 5.3717e+07 3.28798e+07 4.51609e+07 3.06627e+07 8.44778e+07 8.19804e+07 5.7935e+07 8.12534e+07 4.87298e+07 7.90737e+07 1.16054e+08 6.09423e+07 4.10389e+07
threshold=61.500000000000007 1.0000000180025095e-35 1.5000000000000002 77.500000000000014 248.50000000000003 257.50000000000006 240.50000000000003 172.50000000000003 10339.960000000001 128.50000000000003 9550.627666666669 10778.288500000002 108.50000000000001 2039.4601242732031 234.50000000000003 269.50000000000006 3589.4388641006722 276.50000000000006 126.50000000000001 130.50000000000003 17561.605000000003 10377.680500000002 4172.7825912611497 6999.9450000000006 234.50000000000003 2697.1495883321154 269.50000000000006 2983.8702851461935 11411.227142857142 5.5000000000000009 78.500000000000014 5407.5071428571437 28.500000000000004 5061.3392857142871 88.500000000000014 1.0000000180025095e-35 94.500000000000014 22.500000000000004 1655.0594487498508 15426.107142857145 11547.251428571431 42.500000000000007 5959.3300000000008 4.5000000000000009 586.24315279589757 96.500000000000014 124.50000000000001 2889.2655899018523 1.5000000000000002 5657.1778571428576 4.5000000000000009 9999.9950000000008 1.0000000180025095e-35 21.500000000000004 8575.8050000000021 26.500000000000004 6548.3200000000006 4200.1671428571435 90.500000000000014 8689.9228571428594 176.50000000000003 8739.6698333333352
decision_type=2 2 2 2 2 2 2 2 2 2 2 2 2 2 2 2 2 2 2 2 2 2 2 2 2 2 2 2 2 2 2 2 2 2 2 2 2 2 2 2 2 2 2 2 2 2 2 2 2 2 2 2 2 2 2 2 2 2 2 2 2 2
left_child=41 3 7 20 6 -6 18 8 37 12 24 -11 -10 -12 -15 16 -7 -17 23 -20 21 22 -2 -5 25 -9 -26 -8 -23 33 31 -31 -33 -4 35 -35 -36 -3 -39 40 -32 52 43 -43 -45 47 -47 -44 -48 -50 -49 -52 53 57 61 -56 -57 -1 59 -59 -60 -55
right_child=1 2 29 4 5 15 27 10 9 11 13 -13 -14 14 -16 17 -18 -19 19 -21 -22 28 -24 -25 26 -27 -28 -29 -30 30 39 32 -34 34 36 -37 -38 38 -40 -41 -42 42 45 44 -46 46 48 50 49 -51 51 -53 -54 54 55 56 -58 58 60 -61 -62 -63
leaf_value=-3.4975775749698652 7.0851119894240941 6.8419820996952057 0.32928168988701489 0.061016124775933059 -53.021590267146394 3.3203223599920744 26.736630370590127 0.74337562162912185 -39.797727312215173 -52.830963780602751 1.8904066992313304 -151.82405785345262 11.819277109473644 86.408276559389549 11.334914837299394 -46.146887741455664 120.6927289109003 -4.4868718202269697 54.781360917483291 4.604030259623646 -46.458874929547314 56.238553897488501 40.433313857277675 -19.630814466157457 -16.752319971525662 86.861442422133223 -3.1184556005685398 94.858017781575541 9.6640668435449957 -0.74945005295100142 1.0658690252017919 13.124242846167215 -15.156935251082935 11.044465694205137 -22.658171537421051 -38.976554284212064 2.7073908157276136 -4.0051176655567415 -14.936131523408264 -52.486067478345802 24.885713908317243 0.58343065503955083 -14.478330762001205 -0.42022851310525855 -7.659089741641937 21.794818481389125 3.0951431325905223 -33.477085891767992 -4.8928519014026897 -34.315672873780478 -35.17928777008057 -137.61902750651043 0.6014148825487251 0.90923238137443441 -11.19046524546971 104.34944939108455 23.30376016824113 -28.761189928809515 0.019772140748150969 -146.2180369995117 -20.127783107191831 -30.290712346147611
leaf_weight=3551 3526 374 18358 1024 108 142 88 1256 149 42 187 30 98 77 171 90 20 972 72 1404 31 92 90 326 754 38 1903 20 53 2606 3867 141 1282 2626 262 122 10966 2010 1003 22 140 20923 656 4613 3983 313 262 128 242 433 24 20 61318 4372 106 33 359 138 735 24 766 107
leaf_count=3551 3526 374 18358 1024 108 142 88 1256 149 42 187 30 98 77 171 90 20 972 72 1404 31 92 90 326 754 38 1903 20 53 2606 3867 141 1282 2626 262 122 10966 2010 1003 22 140 20923 656 4613 3983 313 262 128 242 433 24 20 61318 4372 106 33 359 138 735 24 766 107
internal_value=0.000245452 0.592228 0.0702253 3.73265 -0.668509 -8.50345 2.89014 -4.63128 -8.70307 -36.8057 -1.18957 -95.5929 -19.353 20.7451 34.8974 -4.53529 18.4623 -8.05748 1.45418 7.08714 8.68283 9.14957 7.92608 -4.7052 -3.60919 3.33747 -6.9923 40.1063 39.3976 1.0122 -1.627 -4.84777 -12.3474 1.66995 3.43082 8.81036 2.11353 -6.04617 -7.6477 1.59417 1.90411 -0.324393 -1.46432 -0.685808 -3.77489 -12.5179 -6.7341 -21.2308 -16.2771 -23.7899 -46.7517 -83.7664 0.179312 -2.36024 2.29902 21.5228 30.3747 -6.80731 -13.8682 -46.9525 -10.2686 0.157293
internal_weight=159648 56542 48484 8058 4266 1332 2934 8092 3706 319 4386 72 247 435 248 1224 162 1062 2826 1476 3792 3761 3616 1350 3951 1294 2657 108 145 40392 8058 4029 1423 32334 13976 2748 11228 3387 3013 4029 4007 103106 31597 29519 8596 2078 1250 828 937 675 172 44 71509 10191 4977 498 392 5214 1663 162 1501 4479
internal_count=159648 56542 48484 8058 4266 1332 2934 8092 3706 319 4386 72 247 435 248 1224 162 1062 2826 1476 3792 3761 3616 1350 3951 1294 2657 108 145 40392 8058 4029 1423 32334 13976 2748 11228 3387 3013 4029 4007 103106 31597 29519 8596 2078 1250 828 937 675 172 44 71509 10191 4977 498 392 5214 1663 162 1501 4479
is_linear=0
shrinkage=0.05


Tree=133
num_leaves=63
num_cat=0
split_feature=10 3 3 11 0 13 3 11 10 11 3 14 10 3 3 12 3 10 3 15 2 10 0 2 2 0 13 3 14 3 3 3 10 3 14 11 3 3 13 3 11 0 10 0 13 10 0 2 13 15 12 3 12 0 2 3 3 3 14 15 10 3
split_gain=1.19557e+07 1.12833e+07 2.09423e+07 1.45969e+07 1.05711e+07 2.30853e+07 2.0624e+07 2.96848e+07 3.85388e+07 1.79002e+07 1.6932e+07 1.6848e+07 3.24545e+07 7.03065e+07 2.44893e+07 6.03543e+07 4.79908e+07 3.66287e+07 3.26004e+07 1.54482e+07 1.38137e+07 2.0658e+07 1.28212e+07 3.24677e+07 7.72368e+07 6.43622e+07 4.85865e+07 5.82598e+07 4.93305e+07 4.29604e+07 8.50179e+07 5.67712e+07 4.17844e+07 4.21543e+07 3.94241e+07 2.7224e+07 5.26476e+07 1.20452e+08 5.83174e+07 4.4553e+07 3.91759e+07 3.80538e+07 3.46533e+07 3.52675e+07 3.16605e+07 5.18835e+07 5.05522e+07 2.76966e+07 2.69511e+07 5.68776e+07 4.66001e+07 1.2681e+07 1.22872e+07 1.18799e+07 1.05325e+07 1.26524e+07 8.92658e+06 7.68389e+06 7.15423e+06 8.43162e+06 7.09362e+06 8.51737e+06
threshold=1755.7850000000001 198.50000000000003 202.50000000000003 4000.4550000000004 3.5000000000000004 3026.3383415523681 92.500000000000014 10339.960000000001 8000.5550000000012 7680.0700000000006 190.50000000000003 8325.7766666666685 10000.005000000003 240.50000000000003 214.50000000000003 7029.2021428571434 222.50000000000003 7670.5500000000011 176.50000000000003 2678.1807424756239 1.0000000180025095e-35 5959.0800000000008 61.500000000000007 1.0000000180025095e-35 1.5000000000000002 77.500000000000014 2040.9999757364656 178.50000000000003 8739.6698333333352 248.50000000000003 257.50000000000006 240.50000000000003 4248.9100000000008 28.500000000000004 9464.6668333333346 9789.3250000000025 290.50000000000006 291.50000000000006 2882.6451101576818 289.50000000000006 9000.0450000000019 33.500000000000007 12000.005000000003 56.500000000000007 3422.1483359915333 10000.005000000003 24.500000000000004 4.5000000000000009 3716.3037709628406 5574.0365680855239 12000.380714285717 264.50000000000006 4200.1671428571435 41.500000000000007 2.5000000000000004 208.50000000000003 236.50000000000003 196.50000000000003 6300.1765000000005 345.24609970428645 1000.2250000000001 227.50000000000003
decision_type=2 2 2 2 2 2 2 2 2 2 2 2 2 2 2 2 2 2 2 2 2 2 2 2 2 2 2 2 2 2 2 2 2 2 2 2 2 2 2 2 2 2 2 2 2 2 2 2 2 2 2 2 2 2 2 2 2 2 2 2 2 2
left_child=1 3 -3 57 5 11 -7 9 56 10 -8 12 20 -14 15 17 -16 -13 -17 -11 52 -22 35 25 26 32 28 -28 -25 31 -31 -27 34 -34 -24 40 39 38 -38 41 44 -37 43 -42 45 -6 -46 -39 50 -50 -26 -18 -2 -41 55 -4 -9 58 59 -1 -57 -62
right_child=4 2 54 -5 22 6 7 8 -10 19 -12 14 13 -15 16 18 51 -19 -20 -21 21 -23 23 24 48 29 27 -29 -30 30 -32 -33 33 -35 -36 36 37 47 -40 53 42 -43 -44 -45 46 -47 -48 -49 49 -51 -52 -53 -54 -55 -56 60 -58 -59 -60 -61 61 -63
leaf_value=-4.2021348223464541 -1.2180091633019039 -22.348157910812333 -15.532092222938539 41.861395478021535 -0.28297643828614111 49.200103443145757 35.599162364535864 32.977163154338974 -52.459611742231587 15.26786331876119 -8.5501434312300244 87.255022638320924 -88.010706177949913 13.526117697793083 -67.376003354828939 12.581097870614078 12.786717108119619 4.1655888294038323 -14.180391293518932 64.402624911258101 0.27424454718206664 9.5029605089747182 4.2983641929147725 -4.2245106179851497 0.91836993023659486 1.3821770329152501 -24.730746722294242 -4.6686295755243954 8.4217277157226587 -50.394832959481334 -4.3036725841210401 38.156736718963046 -9.4426704967021955 21.408388500685199 45.631540749760006 0.092694030883779144 -108.21860308159722 -0.92307662603523155 -34.468849121449701 42.46416270555769 13.787931924893307 -8.6759825461288447 60.999404878423029 -52.770361397152868 -35.42495591593952 10.985166352141064 -2.3698579059972378 -31.39470087828844 15.586648264711116 -17.28118368273196 -22.316313462411202 -13.013911697069805 -14.994807522286846 2.218662780798399 -8.2493424554269534 -5.910591077785182 -5.4660376763343814 26.280669781720196 -17.538131526629133 3.8140757150933378 -5.3557926269415974 7.2196025785131956
leaf_weight=608 511 165 124 20 84918 39 35 28 35 29 54 39 31 36 28 591 109 20 140 37 3787 721 2631 5652 39084 2826 588 940 892 108 1222 108 127 837 58 3992 44 394 70 69 389 1792 36 20 163 1033 393 91 723 160 216 83 236 25 771 245 31 26 59 710 181 518
leaf_count=608 511 165 124 20 84918 39 35 28 35 29 54 39 31 36 28 591 109 20 140 37 3787 721 2631 5652 39084 2826 588 940 892 108 1222 108 127 837 58 3992 44 394 70 69 389 1792 36 20 163 1033 393 91 723 160 216 83 236 25 771 245 31 26 59 710 181 518
internal_value=0.000152073 -2.9208 -5.33746 0.48391 0.064247 2.01933 15.8392 10.4381 -11.6539 23.8247 9.01452 1.38835 0.264269 -34.0569 7.30536 11.4112 -7.42323 59.6281 7.4434 43.3633 0.708254 1.75205 -0.0222803 0.574677 0.0877435 3.54221 -4.3751 -12.4 -2.4997 -0.630697 -8.08147 2.74838 8.41191 17.3384 5.20653 -0.381189 -3.50815 -17.6168 -63.6272 -2.06765 -0.148226 -2.62505 14.6325 10.4125 -0.224428 -0.147424 -12.1067 -6.69328 0.98433 9.61816 0.790103 1.62365 -5.58475 31.8966 -3.79989 -0.583071 13.0237 -0.135326 -0.652816 0.115772 1.39492 3.96031
internal_weight=159648 3427 2004 1423 156221 6620 288 249 94 155 89 6332 5322 67 1010 790 220 59 731 66 5255 4508 149601 56172 48255 7917 8072 1528 6544 4264 1330 2934 3653 964 2689 93429 6477 599 114 5878 86952 5784 445 409 86507 85951 556 485 40183 883 39300 192 747 94 1839 1068 59 1403 1377 1318 944 699
internal_count=159648 3427 2004 1423 156221 6620 288 249 94 155 89 6332 5322 67 1010 790 220 59 731 66 5255 4508 149601 56172 48255 7917 8072 1528 6544 4264 1330 2934 3653 964 2689 93429 6477 599 114 5878 86952 5784 445 409 86507 85951 556 485 40183 883 39300 192 747 94 1839 1068 59 1403 1377 1318 944 699
is_linear=0
shrinkage=0.05


Tree=134
num_leaves=63
num_cat=0
split_feature=7 9 3 10 3 3 3 13 3 15 1 5 13 3 11 12 2 2 1 3 3 13 11 9 15 1 11 1 1 13 2 11 10 10 3 13 12 3 3 3 9 3 3 3 5 15 3 3 3 12 3 11 3 13 3 3 3 3 2 3 5 3
split_gain=1.13006e+07 2.22307e+07 2.73529e+07 7.62613e+07 1.80026e+07 3.23168e+07 3.67048e+07 4.40633e+07 3.01605e+07 1.90363e+07 1.80287e+07 1.76837e+07 1.64588e+07 1.5826e+07 1.50156e+07 1.39135e+07 3.43831e+07 5.53846e+07 3.33385e+07 4.78801e+07 3.32079e+07 3.20514e+07 4.53169e+07 4.0528e+07 2.45682e+07 2.35017e+07 2.05794e+07 1.68046e+07 2.54637e+07 1.59402e+07 5.88752e+07 1.09482e+08 1.64092e+08 1.23433e+08 1.2211e+08 6.46653e+07 5.94125e+07 5.89956e+07 4.32024e+07 7.48974e+07 1.21798e+08 6.58117e+07 5.61838e+07 8.63599e+07 4.72327e+07 1.79368e+07 5.72837e+07 9.66849e+07 9.30819e+07 8.15708e+07 3.6279e+07 9.31335e+07 2.43576e+07 5.90176e+07 5.26577e+07 1.16373e+08 3.87687e+07 3.69212e+07 2.84166e+07 2.13525e+07 1.36943e+07 1.7761e+07
threshold=1.0000000180025095e-35 1.5000000000000002 88.500000000000014 10000.005000000003 220.50000000000003 230.50000000000003 270.50000000000006 3026.3383415523681 310.50000000000006 4367.0318496902373 18.500000000000004 2022.5000000000002 2882.6451101576818 227.50000000000003 17561.605000000003 13619.525 4.5000000000000009 3.5000000000000004 22.500000000000004 94.500000000000014 245.50000000000003 4699.4111002022109 14498.490000000002 3.5000000000000004 4023.8350823459982 14.500000000000002 7680.0700000000006 18.500000000000004 6.5000000000000009 2760.7646982802116 1.5000000000000002 10000.005000000003 12000.005000000003 4444.9650000000011 263.50000000000006 3240.2100545687676 11547.251428571431 276.50000000000006 114.50000000000001 236.50000000000003 2.5000000000000004 232.50000000000003 64.500000000000014 84.500000000000014 2022.5000000000002 2302.9400117846303 247.50000000000003 148.50000000000003 140.50000000000003 9311.9242857142872 255.50000000000003 11126.180000000002 209.50000000000003 2339.1606151651431 230.50000000000003 227.50000000000003 237.50000000000003 110.50000000000001 2.5000000000000004 320.50000000000006 2023.5000000000002 106.50000000000001
decision_type=2 2 2 2 2 2 2 2 2 2 2 2 2 2 2 2 2 2 2 2 2 2 2 2 2 2 2 2 2 2 2 2 2 2 2 2 2 2 2 2 2 2 2 2 2 2 2 2 2 2 2 2 2 2 2 2 2 2 2 2 2 2
left_child=15 14 3 -3 9 10 7 -7 -8 12 13 -12 -4 -6 60 29 17 18 24 -20 -19 22 -18 25 -17 -24 -26 28 -23 45 31 32 36 35 -34 -33 -31 -35 42 41 -41 -40 44 -44 -32 52 47 48 -47 -49 51 -48 53 57 55 -54 -56 -1 -55 -52 -2 -62
right_child=1 2 4 -5 5 6 8 -9 -10 -11 11 -13 -14 -15 -16 16 21 20 19 -21 -22 27 23 -25 26 -27 -28 -29 -30 30 38 33 34 37 -36 -37 -38 -39 39 40 -42 -43 43 -45 -46 46 50 49 -50 -51 59 -53 54 58 56 -57 -58 -59 -60 -61 61 -63
leaf_value=0.72484212482180377 -0.89399857474801248 -11.360644385170763 0.97854722882867806 -104.98445847221045 -18.858913078729618 16.486261583882779 -12.95207207467886 -52.534618969726573 2.8345058087462451 -42.256570570755009 -14.738775332951157 35.192277172851568 37.791124525993105 -46.688842499354109 40.238655818303435 -48.174281041378329 14.657565178964653 75.290963003121178 103.30683224632627 -2.1480133023469343 7.2396027242726291 35.003456007858809 -43.427233463086587 -5.9275663965398619 -33.933728135631938 -110.01575968866764 7.9859084085630876 41.260144248731216 -24.823016335031262 2.8255689604712435 -42.611496566101749 51.749874626541136 -98.016751774532693 -53.25374409532548 -1.1085895416384839 -12.808681815525013 54.595212703155255 7.1585812093349208 -9.3442555290912903 -9.214483026061739 18.063846271452974 -58.924949137190701 34.271410965421857 4.1322335193827255 1.8334178936549597 1.9782151641552337 -19.712249029571613 13.034435142723636 -15.17434344620559 -0.49979229754826626 -1.3283438873721769 20.495510710831525 2.1550025655514835 -19.844354678591799 -6.0388893651366482 20.028358579408859 0.42515582350913794 -1.575657975718961 -4.4935617040455984 8.780319251901739 -4.7152818646470545 11.668802019263035
leaf_weight=33189 3145 410 1482 22 180 312 816 24 480 24 60 24 30 72 23 21 50 50 20 22 28 28 37 43 30 22 532 32 45 916 90 49 70 319 60 172 58 46 1185 839 797 70 320 917 174 7586 691 3597 882 1612 7413 181 7183 561 2460 1042 40369 36755 652 561 240 528
leaf_count=33189 3145 410 1482 22 180 312 816 24 480 24 60 24 30 72 23 21 50 50 20 22 28 28 37 43 30 22 532 32 45 916 90 49 70 319 60 172 58 46 1185 839 797 70 320 917 174 7586 691 3597 882 1612 7413 181 7183 561 2460 1042 40369 36755 652 561 240 528
internal_value=0.000121525 -1.84689 -4.50348 -16.36 -3.03747 -6.20245 -3.28941 11.4149 -7.10751 1.01906 -20.2997 -0.22651 1.73345 -26.9635 0.810164 0.0959301 6.09311 11.8104 6.81268 49.3031 51.2632 -9.53119 -24.143 -43.1206 3.67243 -69.6767 5.6919 11.6493 -1.71289 0.0577156 -2.44966 -10.3772 -1.09923 -27.8248 -53.6398 1.67381 5.9612 -45.6414 0.602444 -2.97067 4.07745 -12.1544 7.48184 11.9503 -13.4219 0.163096 1.45964 3.48746 0.190078 8.84678 -1.67565 -11.3524 -0.075862 -0.673771 0.757476 4.42148 0.0537434 -0.484057 -11.6036 -0.61615 0.568187 6.5493
internal_weight=159648 7872 3936 432 3504 1968 1632 336 1296 1536 336 84 1512 252 3936 151776 960 703 625 42 78 257 152 102 583 59 562 105 73 150816 6082 1690 1104 586 130 221 974 365 4392 2891 1636 1255 1501 1237 264 144734 22523 13677 8468 5209 8846 872 122211 71157 51054 8225 42829 69944 1213 7974 3913 768
internal_count=159648 7872 3936 432 3504 1968 1632 336 1296 1536 336 84 1512 252 3936 151776 960 703 625 42 78 257 152 102 583 59 562 105 73 150816 6082 1690 1104 586 130 221 974 365 4392 2891 1636 1255 1501 1237 264 144734 22523 13677 8468 5209 8846 872 122211 71157 51054 8225 42829 69944 1213 7974 3913 768
is_linear=0
shrinkage=0.05


Tree=135
num_leaves=63
num_cat=0
split_feature=2 1 13 1 15 3 3 3 11 11 13 5 14 11 14 11 3 3 3 11 13 5 5 3 13 11 3 3 15 3 11 14 5 3 3 9 3 5 13 2 2 3 14 2 11 3 3 7 3 13 7 2 14 13 15 3 2 14 14 3 5 1
split_gain=1.136e+07 3.04353e+07 3.85034e+07 3.58673e+07 4.63445e+07 4.4726e+07 5.22629e+07 4.01358e+07 5.02227e+07 3.59141e+07 1.28916e+08 3.47504e+07 4.81953e+07 2.49641e+07 2.26401e+07 2.1092e+07 1.73235e+07 6.62789e+07 1.25591e+08 8.45397e+07 6.27241e+07 8.44122e+07 1.41095e+08 1.2075e+08 4.89267e+07 7.97605e+07 3.3086e+07 1.59893e+08 8.11893e+07 7.71041e+07 4.1791e+07 7.53873e+07 4.63906e+07 2.06435e+07 3.23223e+07 1.81946e+07 3.06893e+07 2.35768e+07 2.60444e+07 2.12574e+07 4.18521e+07 2.77687e+07 1.94069e+07 4.12612e+07 5.83845e+07 4.43107e+07 4.18289e+07 1.86687e+07 2.28779e+07 3.04201e+07 1.84944e+07 1.83324e+07 1.68361e+08 4.61074e+07 1.64438e+07 5.52352e+07 1.62659e+07 1.54375e+07 1.50405e+07 1.367e+08 8.85337e+07 6.61331e+07
threshold=5.5000000000000009 8.5000000000000018 434.96259423946015 18.500000000000004 3718.1762840000401 112.50000000000001 134.50000000000003 351.50000000000006 4000.4550000000004 3109.9250000000006 1067.4736116384167 2021.5000000000002 11626.133833333335 5599.8600000000015 8989.6185000000023 4580.46 284.50000000000006 271.50000000000006 270.50000000000006 12000.005000000003 591.77170635479081 2021.5000000000002 2022.5000000000002 279.50000000000006 1350.6003130387064 6548.3200000000006 266.50000000000006 265.50000000000006 1934.4945888999407 261.50000000000006 5135.2000000000007 7754.1123333333344 2021.5000000000002 277.50000000000006 280.50000000000006 1.0000000180025095e-35 288.50000000000006 2023.5000000000002 1726.5262366038748 2.5000000000000004 1.5000000000000002 286.50000000000006 7522.1665000000003 3.5000000000000004 7680.0700000000006 287.50000000000006 285.50000000000006 1.0000000180025095e-35 310.50000000000006 2760.7646982802116 1.0000000180025095e-35 4.5000000000000009 11254.016333333335 4154.2107688728292 2442.5002199309442 272.50000000000006 4.5000000000000009 7829.4418333333342 9630.3374999999996 216.50000000000003 2023.5000000000002 19.500000000000004
decision_type=2 2 2 2 2 2 2 2 2 2 2 2 2 2 2 2 2 2 2 2 2 2 2 2 2 2 2 2 2 2 2 2 2 2 2 2 2 2 2 2 2 2 2 2 2 2 2 2 2 2 2 2 2 2 2 2 2 2 2 2 2 2
left_child=16 -2 58 4 7 14 -7 15 -9 10 -5 13 -13 -11 -6 -4 17 18 26 20 54 23 -23 -22 -20 -26 27 29 -29 -1 31 -28 -32 -21 -35 42 37 39 56 40 -37 -41 -18 45 -45 46 -44 51 49 -49 -46 53 -53 -38 -19 -56 -39 -50 -3 61 -61 -60
right_child=1 2 3 9 5 6 -8 8 -10 11 -12 12 -14 -15 -16 -17 35 19 24 33 21 22 -24 -25 25 -27 30 28 -30 -31 32 -33 -34 34 -36 36 47 38 -40 41 -42 -43 43 44 50 -47 -48 48 57 -51 -52 52 -54 -55 55 -57 -58 -59 59 60 -62 -63
leaf_value=0.11106371443883296 1.3262605420310152 0.98569332885489169 -5.5334392846276534 1.9625397665913287 -33.486024987995627 55.546034428405768 -22.469728343595865 -11.600968707603746 42.81837674918382 -7.0585009142987536 99.017519683837889 0.66598834250877281 76.852358096894775 -31.896685647363736 -82.233669511748531 -14.838642368650737 -2.0390903550523078 -1.3718720544861152 -17.40656099710904 80.391548991733146 39.622467410923285 -17.462026213056117 12.793959702629405 1.7216386173873819 -117.93915707058378 -25.375564626610799 5.9506183106682515 -11.512150816621467 -57.819646335882297 10.761784615299826 -3.1527765240179044 -53.334390189307079 37.460290439833813 -18.647326341325588 53.366588836397447 2.8765633200487324 0.41445285042965729 -1.369951861863284 -56.453959816465989 16.894940379499772 -30.080578141360704 -7.1049626264096792 -17.336763626662169 -2.3648315968274645 -57.558060165955141 -7.1062475537026746 69.496191296699735 -23.094213540467493 -1.604556890977185 11.126657211866725 -14.869239127840315 3.0314010922243599 105.09993295948681 -25.93501058487665 77.193339507491501 -23.287067383357456 -36.3270760754978 38.677968334960944 -30.276158703671229 -33.31300969600678 -159.65672514415922 25.761181130711037
leaf_weight=98784 8532 6053 4003 207 63 24 152 78 91 502 40 1805 20 126 40 718 8772 2452 281 35 484 535 1370 371 35 68 1264 215 169 1728 106 55 207 21 55 192 14105 96 46 192 192 320 21 140 110 421 38 302 488 82 34 2776 40 167 26 27 50 24 78 43 20 157
leaf_count=98784 8532 6053 4003 207 63 24 152 78 91 502 40 1805 20 126 40 718 8772 2452 281 35 484 535 1370 371 35 68 1264 215 169 1728 106 55 207 21 55 192 14105 96 46 192 192 320 21 140 110 421 38 302 488 82 34 2776 40 167 26 27 50 24 78 43 20 157
internal_value=3.39552e-05 -1.03452 -2.45098 -4.78814 -7.22746 -27.014 -11.5775 -6.09325 17.7812 -0.117249 18.0159 -1.94973 1.54254 -12.0848 -53.0259 -6.95148 0.171982 0.461081 0.178329 5.87271 4.95731 10.1551 4.29217 23.1978 -28.3257 -57.6609 0.285361 0.171091 -31.9895 0.294276 7.3455 3.44 23.7401 48.8606 33.4842 -0.922302 -0.0306439 -8.18114 -24.0358 -4.76069 -13.6373 1.91038 -2.70543 -10.3434 -25.4134 -1.39271 38.8156 0.462874 -6.56824 -15.7767 -47.6508 0.831909 4.51803 0.104336 -0.771357 26.5218 -13.5073 0.355392 0.445098 -10.5021 -75.2901 7.11206
internal_weight=159648 22752 14220 7869 5169 279 176 4890 169 2700 247 2453 1825 628 103 4721 136896 108288 102912 5376 5265 2760 1905 855 384 103 102528 100896 384 100512 1632 1319 313 111 76 28608 19072 1088 192 896 384 512 9536 764 284 480 59 17984 896 384 144 17088 2816 14272 2505 53 146 512 6351 298 63 235
internal_count=159648 22752 14220 7869 5169 279 176 4890 169 2700 247 2453 1825 628 103 4721 136896 108288 102912 5376 5265 2760 1905 855 384 103 102528 100896 384 100512 1632 1319 313 111 76 28608 19072 1088 192 896 384 512 9536 764 284 480 59 17984 896 384 144 17088 2816 14272 2505 53 146 512 6351 298 63 235
is_linear=0
shrinkage=0.05


Tree=136
num_leaves=63
num_cat=0
split_feature=14 0 13 14 12 4 2 14 13 12 14 13 2 5 14 12 12 0 8 12 0 2 11 12 0 14 2 2 0 13 0 11 14 14 4 11 4 11 7 11 0 13 12 5 13 2 4 14 11 4 0 11 11 2 2 12 13 11 12 11 12 9
split_gain=1.12744e+07 1.17067e+07 2.07582e+07 1.39778e+07 2.18544e+07 5.6592e+07 3.65187e+07 1.92581e+07 3.19733e+07 1.65323e+07 2.85416e+07 3.0644e+07 2.79924e+07 3.53991e+07 1.54932e+07 1.44738e+07 1.32052e+07 1.2973e+07 2.9453e+07 6.23989e+07 1.09185e+08 2.05585e+08 4.4348e+07 3.36844e+07 3.62475e+07 5.1429e+07 2.80227e+07 7.04142e+07 5.99339e+07 4.28302e+07 4.48734e+07 3.53418e+07 4.6747e+07 3.23789e+07 2.83385e+07 5.7953e+07 4.15028e+07 2.38824e+07 3.67797e+07 1.75086e+07 3.11381e+07 1.63058e+07 1.45707e+07 3.70701e+07 2.30123e+07 1.44018e+07 1.05769e+07 2.18134e+07 1.94557e+07 1.02914e+07 1.00953e+07 8.93477e+06 1.38676e+07 1.37635e+07 1.33812e+07 8.40612e+06 6.28297e+06 5.79772e+06 4.08461e+06 5.26188e+06 5.74224e+06 3.9322e+06
threshold=2207.0181666666672 3.5000000000000004 3026.3383415523681 8325.7766666666685 9672.4771428571457 7.5000000000000009 5.5000000000000009 9464.6668333333346 74.432400213792178 5867.0600000000004 6886.5073333333348 948.9083239447807 5.5000000000000009 2021.5000000000002 7446.1845000000012 5725.2550000000001 10000.04642857143 61.500000000000007 1.0000000180025095e-35 7669.1114285714293 31.500000000000004 1.0000000180025095e-35 4403.7350000000015 7789.2507142857148 44.500000000000007 9376.4633333333331 1.0000000180025095e-35 1.5000000000000002 77.500000000000014 881.75735553504535 88.500000000000014 17561.605000000003 10578.665666666669 11626.133833333335 8.5000000000000018 6149.2250000000013 3.5000000000000004 10339.960000000001 1.0000000180025095e-35 7200.4150000000009 35.500000000000007 1797.0803171184753 4545.1621428571443 2021.5000000000002 1188.3005829626004 2.5000000000000004 6.5000000000000009 9376.4633333333331 12000.005000000003 3.5000000000000004 47.500000000000007 10000.005000000003 4070.8550000000005 1.5000000000000002 2.5000000000000004 7894.5814285714287 682.08872422871275 9999.9950000000008 1839.0292857142861 1499.825 2145.3050000000007 1.0000000180025095e-35
decision_type=2 2 2 2 2 2 2 2 2 2 2 2 2 2 2 2 2 2 2 2 2 2 2 2 2 2 2 2 2 2 2 2 2 2 2 2 2 2 2 2 2 2 2 2 2 2 2 2 2 2 2 2 2 2 2 2 2 2 2 2 2 2
left_child=56 2 3 9 5 6 -5 16 -9 10 15 -12 13 -11 -14 -2 -6 18 23 42 22 -22 -21 39 25 -25 28 29 31 33 -31 32 -19 -28 36 -36 -30 45 -39 50 -41 -26 44 -44 -20 -29 47 49 -49 -4 -3 52 -48 -54 -53 -7 58 -51 -1 60 -60 -61
right_child=1 17 46 4 7 55 -8 8 -10 12 11 -13 14 -15 -16 -17 -18 26 19 20 21 -23 -24 24 41 -27 27 37 34 30 -32 -33 -34 -35 35 -37 -38 38 -40 40 -42 -43 43 -45 -46 -47 51 48 -50 57 -52 54 53 -55 -56 -57 -58 -59 59 61 -62 -63
leaf_value=-3.5784756241338105 0.66285151301758738 1.8093993504961183 20.387434092203776 36.023498079712986 5.1083619318579752 -4.5601043759957518 -12.333772533903732 1.0370067116870718 -36.645966959257386 -48.399063560557821 1.2794330829821137 42.229918549784117 26.652814181558593 -6.1292133139930618 -11.245708538858516 32.970753972734727 34.136833976109827 7.4433206292674301 0.1342434362735262 -32.232019458604896 26.619185331261676 -24.571757456393122 -0.74996587357709099 15.034189678348264 -0.99661292637095744 -1.2600202420189386 -0.69261039050869455 2.6562130135684203 -6.7760503611347191 -11.177890135892479 3.9906819003970941 -44.284549207091338 38.69025607816635 -55.609262491861983 -0.32607932301508502 -23.404257080425527 6.2598332433297585 6.2565893851175405 -21.634255682511061 5.4551286714606819 -21.371247381226286 -36.301769225597383 -10.667412777788577 -1.0578367785061573 -6.1402125274977406 0.16010775877529101 -21.132531893593924 25.441814410235434 -33.124075851025786 39.260611738122037 -0.9380960616564068 -33.215885636559854 53.871598657678682 10.16289229342812 14.472553263346354 -38.031929168701176 -8.0544705305933313 79.763100084577289 2.4312116930500562 -2.0675992973891284 22.645267960714261 0.33677808243970708
leaf_weight=1758 3644 10371 29 242 216 130 46 235 73 52 94 88 94 766 37 34 47 3510 52706 114 229 1336 4104 1281 67 778 4559 7210 889 2730 593 31 123 26 1005 372 1944 3052 122 197 238 63 1117 9810 1502 29094 20 36 22 22 4933 28 26 56 29 21 370 20 150 4300 45 2812
leaf_count=1758 3644 10371 29 242 216 130 46 235 73 52 94 88 94 766 37 34 47 3510 52706 114 229 1336 4104 1281 67 778 4559 7210 889 2730 593 31 123 26 1005 372 1944 3052 122 197 238 63 1117 9810 1502 29094 20 36 22 22 4933 28 26 56 29 21 370 20 150 4300 45 2812
internal_value=-2.75156e-05 0.105283 2.24928 1.59939 6.94358 15.318 28.2838 0.489545 -7.98402 0.475781 1.92958 21.2023 -5.43324 -8.87211 15.9445 0.970393 10.4056 0.0144084 -0.359731 -0.817455 -5.79449 -17.069 -1.60827 1.45084 7.26081 8.87974 0.615938 0.156932 3.37788 -4.14921 -8.47062 8.05293 8.51158 -1.01608 -0.691792 -6.57317 2.1682 1.0196 5.17806 0.64237 -9.23763 -18.2526 -0.375488 -2.04105 -0.0397197 0.655896 15.3291 25.9165 3.04218 44.3007 0.923784 6.63094 15.4372 24.5039 -9.12205 -9.43474 -1.67649 59.9541 -1.4153 -0.894441 7.18776 -1.11702
internal_weight=159648 150213 6107 5819 1010 439 288 571 308 4809 3860 182 949 818 131 3678 263 144106 88846 70918 5783 1565 4218 17928 2189 2059 55260 47386 7874 7908 3323 3664 3633 4585 4210 1377 2833 39478 3174 15739 435 130 65135 10927 54208 36304 288 129 58 71 15304 159 102 82 57 151 9435 42 9065 7307 195 7112
internal_count=159648 150213 6107 5819 1010 439 288 571 308 4809 3860 182 949 818 131 3678 263 144106 88846 70918 5783 1565 4218 17928 2189 2059 55260 47386 7874 7908 3323 3664 3633 4585 4210 1377 2833 39478 3174 15739 435 130 65135 10927 54208 36304 288 129 58 71 15304 159 102 82 57 151 9435 42 9065 7307 195 7112
is_linear=0
shrinkage=0.05


Tree=137
num_leaves=63
num_cat=0
split_feature=10 5 3 10 3 3 12 5 3 3 3 3 3 10 3 10 3 3 14 3 3 3 3 3 2 5 13 12 3 3 5 3 3 3 12 14 13 10 14 2 2 9 3 12 2 13 3 13 3 3 7 3 1 3 3 2 12 3 2 3 12 3
split_gain=1.11454e+07 9.93231e+06 3.92192e+07 1.7429e+08 6.80877e+07 2.43619e+08 3.22071e+08 1.59736e+08 2.77019e+08 1.07351e+08 5.75611e+07 8.97208e+07 8.69414e+07 5.63193e+07 4.72158e+07 4.39309e+07 4.2776e+07 3.4771e+07 3.44832e+07 2.70821e+07 4.18367e+07 9.89081e+07 8.38434e+07 7.00289e+07 8.61666e+07 6.29231e+07 6.25047e+07 5.08968e+07 4.87821e+07 1.47658e+08 1.03841e+08 3.90381e+07 3.56372e+07 3.45566e+07 2.68154e+07 2.53731e+07 2.44607e+07 3.17052e+07 3.07051e+07 4.24146e+07 2.38432e+07 2.34413e+07 2.00526e+07 1.85852e+07 1.58006e+07 1.37156e+07 1.34594e+07 1.31607e+07 9.04093e+06 8.29246e+06 6.3323e+06 5.62761e+06 5.09595e+06 3.81236e+06 8.73199e+06 8.47905e+06 6.09069e+06 5.65858e+06 6.61311e+06 3.56474e+06 5.54355e+06 3.45045e+06
threshold=1000.2250000000001 2021.5000000000002 213.50000000000003 8500.3950000000023 242.50000000000003 245.50000000000003 4403.7342857142867 2020.5000000000002 237.50000000000003 231.50000000000003 294.50000000000006 259.50000000000006 295.50000000000006 4140.9450000000006 86.500000000000014 4999.7050000000008 92.500000000000014 198.50000000000003 3546.3625000000006 349.50000000000006 250.50000000000003 261.50000000000006 239.50000000000003 264.50000000000006 2.5000000000000004 2023.5000000000002 1325.4454792365093 7789.2507142857148 232.50000000000003 227.50000000000003 2023.5000000000002 251.50000000000003 266.50000000000006 248.50000000000003 4200.1671428571435 5387.5863333333336 536.86370806426828 8700.510000000002 6588.1260000000011 1.0000000180025095e-35 1.5000000000000002 3.5000000000000004 52.500000000000007 6350.3135714285718 2.5000000000000004 514.526447827163 214.50000000000003 1580.2974014087995 182.50000000000003 234.50000000000003 1.0000000180025095e-35 351.50000000000006 17.500000000000004 233.50000000000003 239.50000000000003 2.5000000000000004 2521.3971428571435 190.50000000000003 1.5000000000000002 160.50000000000003 1970.4485714285715 259.50000000000006
decision_type=2 2 2 2 2 2 2 2 2 2 2 2 2 2 2 2 2 2 2 2 2 2 2 2 2 2 2 2 2 2 2 2 2 2 2 2 2 2 2 2 2 2 2 2 2 2 2 2 2 2 2 2 2 2 2 2 2 2 2 2 2 2
left_child=48 2 3 13 7 6 45 46 9 -9 11 -7 -12 17 42 -8 -16 35 -10 20 22 26 28 24 -23 27 40 -24 29 -3 -30 -28 -25 -27 -19 -2 50 38 39 -38 -22 47 -15 -39 -45 -6 -4 -5 59 -48 51 -21 -40 56 -55 61 57 58 -50 -1 -61 -56
right_child=1 19 4 41 5 10 15 8 18 -11 12 -13 -14 14 16 -17 -18 34 -20 36 21 23 25 32 -26 33 31 -29 30 -31 -32 -33 -34 -35 -36 -37 37 43 52 -41 -42 -43 -44 44 -46 -47 49 -49 53 -51 -52 -53 -54 54 55 -57 -58 -59 -60 60 -62 -63
leaf_value=-6.3247218451292619 -0.24668378043085634 0.30971565500173237 16.410881795341322 -73.341663055419929 4.7235634742547417 -4.2365010296045948 -49.312880808125747 13.272284570413735 35.604694847183225 -11.636721220619757 -34.91639239120051 6.5706350839795462 -1.1191168616538616 -7.7545029655063864 -42.715900177181283 -91.944156419393195 -11.340986693859408 -5.4141719924096634 62.736662917409483 7.4389279855218193 -13.952533990594638 2.3671213822534223 22.16231689880847 -13.225445088224561 35.828700292300191 2.9897076601903438 -43.326288273210878 6.5765318439251876 0.53904043161215387 16.585156599557592 -24.048595142007443 -15.002628885079293 -0.61855790848776926 -20.672779013885876 -44.769279290762825 25.377121021526378 -15.333362034343541 -41.321337680816654 34.246866187414405 19.599869075118324 -0.19208234094545759 -36.881584390912735 2.0583281418475701 -9.2071687197197249 8.8755522500716353 -28.862401701983288 -5.275954394877175 -135.76448983328683 -22.634316372781431 0.93469164895154244 12.934584129424856 -0.80538861735395262 61.616650377546051 -31.280532343084161 -9.4650079965030454 -26.959250885645549 -25.297559175491333 3.6195145372629165 10.695935182117282 2.3066726545934326 36.942045625959125 5.7151784205792557
leaf_weight=22 24089 65243 87 23 286 2688 110 1728 249 576 192 6720 13534 934 116 147 1556 2749 231 241 414 576 965 576 288 802 134 1147 1344 1423 630 1271 19690 190 43 96 104 23 45 508 1304 20 1174 170 411 33 1850 20 52 757 106 1430 34 54 84 47 31 149 20 26 20 66
leaf_count=22 24089 65243 87 23 286 2688 110 1728 249 576 192 6720 13534 934 116 147 1556 2749 231 241 414 576 965 576 288 802 134 1147 1344 1423 630 1271 19690 190 43 96 104 23 45 508 1304 20 1174 170 411 33 1850 20 52 757 106 1430 34 54 84 47 31 149 20 26 20 66
internal_value=-2.46722e-05 0.0250264 -0.482609 -1.72653 0.830874 -0.329972 -32.4214 5.85442 14.2512 7.04268 0.47042 3.48276 -1.59438 -1.55496 -7.26993 -73.9592 -13.5419 -0.753942 48.7652 0.332513 0.184602 -1.61063 0.791492 -0.382887 13.5495 8.82799 -9.91465 13.705 0.427947 0.657362 -7.31628 -17.7329 -0.977506 -1.55867 -6.0361 -0.143927 4.953 10.1766 17.4831 13.6482 -3.51424 -84.1528 -2.2911 1.80261 3.57783 1.1698 -2.82491 -104.801 -6.96693 -3.47289 1.14269 0.387383 46.6493 -9.28112 -13.6353 -8.66491 -4.90749 -1.94625 -13.3562 10.0376 17.8312 -2.79208
internal_weight=159648 159077 60008 30820 29188 23710 576 5478 2784 2304 23134 9408 13726 30757 3780 257 1672 26977 480 99069 95997 24253 71744 21130 864 3104 3123 2112 68640 66666 1974 1405 20266 992 2792 24185 3072 1295 691 612 1718 63 2108 604 581 319 2694 43 571 2607 1777 1671 79 503 251 197 252 221 72 68 46 150
internal_count=159648 159077 60008 30820 29188 23710 576 5478 2784 2304 23134 9408 13726 30757 3780 257 1672 26977 480 99069 95997 24253 71744 21130 864 3104 3123 2112 68640 66666 1974 1405 20266 992 2792 24185 3072 1295 691 612 1718 63 2108 604 581 319 2694 43 571 2607 1777 1671 79 503 251 197 252 221 72 68 46 150
is_linear=0
shrinkage=0.05


Tree=138
num_leaves=63
num_cat=0
split_feature=10 14 11 4 11 0 0 12 0 15 4 12 15 11 13 11 4 15 6 10 4 0 11 13 5 12 11 0 0 13 4 13 13 8 14 12 10 11 12 13 12 14 10 13 14 4 12 4 13 14 4 12 12 12 11 4 14 11 7 6 15 0
split_gain=1.00749e+07 9.13552e+06 2.46156e+07 2.22537e+07 6.13221e+07 5.14271e+07 3.84512e+07 1.36523e+08 3.23057e+07 3.01825e+07 5.06965e+07 2.96627e+07 2.72381e+07 4.28106e+07 3.71258e+07 1.78006e+07 4.05058e+07 5.04755e+07 8.48884e+07 1.13926e+08 1.04195e+08 3.16688e+07 4.58465e+07 2.93151e+07 2.44369e+07 2.4017e+07 2.25099e+07 3.5425e+07 2.11539e+07 1.95072e+07 2.37378e+07 1.84125e+07 3.38001e+07 4.97062e+07 2.30728e+07 2.15033e+07 1.67905e+07 4.54876e+07 2.72657e+07 1.4963e+07 1.44173e+07 1.18877e+07 1.17224e+07 1.09091e+07 9.25041e+06 8.18915e+06 7.67698e+06 7.555e+06 5.18548e+06 4.87715e+06 3.23276e+06 5.02855e+06 3.09143e+06 2.80472e+06 4.8878e+06 3.93187e+06 3.51721e+06 2.36532e+06 2.22868e+06 2.66972e+06 3.22676e+06 1.80842e+06
threshold=1000.2250000000001 8249.6408333333366 3279.9250000000006 7.5000000000000009 3435.7150000000006 86.500000000000014 83.500000000000014 8465.8728571428583 3.5000000000000004 2395.2355910430888 8.5000000000000018 7435.7485714285713 2377.5716406238575 4760.7450000000008 1376.5780308459175 9999.9950000000008 5.5000000000000009 2395.2355910430888 1.0000000180025095e-35 14498.490000000002 3.5000000000000004 79.500000000000014 10339.960000000001 1836.9488008518331 2023.5000000000002 10341.104285714287 9789.3250000000025 77.500000000000014 74.500000000000014 2952.9953579360567 3.5000000000000004 5336.2109027648903 2882.6451101576818 2.5000000000000004 7217.6943333333338 10592.202142857144 8700.510000000002 12000.005000000003 9066.6392857142873 2760.7646982802116 7894.5814285714287 7295.2094999999999 5499.0550000000012 2213.3012490114766 7990.1881666666677 6.5000000000000009 7435.7485714285713 8.5000000000000018 621.05552761936246 8905.8466666666682 5.5000000000000009 1970.4485714285715 2614.4257142857145 1839.0292857142861 1999.2550000000003 7.5000000000000009 1967.5073333333337 2159.5100000000007 1.0000000180025095e-35 1.0000000180025095e-35 407.53189105648204 36.500000000000007
decision_type=2 2 2 2 2 2 2 2 2 2 2 2 2 2 2 2 2 2 2 2 2 2 2 2 2 2 2 2 2 2 2 2 2 2 2 2 2 2 2 2 2 2 2 2 2 2 2 2 2 2 2 2 2 2 2 2 2 2 2 2 2 2
left_child=45 15 42 4 40 9 8 -8 -6 11 -11 -5 13 -7 -14 26 17 23 19 -19 -20 36 44 24 -17 -24 31 29 -25 43 -31 32 41 -34 35 -33 38 -38 -18 46 -4 -2 47 -28 -23 50 -29 -3 -49 -44 -1 -52 53 54 55 -47 -56 -58 59 61 -61 -55
right_child=1 2 3 5 6 12 7 -9 -10 10 -12 -13 14 -15 -16 16 21 18 20 -21 -22 22 25 28 -26 -27 27 39 -30 30 -32 34 33 -35 -36 -37 37 -39 -40 -41 -42 -43 49 -45 -46 52 -48 48 -50 -51 51 -53 -54 58 56 -57 57 -59 -60 60 -62 -63
leaf_value=-6.022235066787057 -0.046195432368950837 -30.746206007003789 26.509082554408479 10.331241176902546 9.3888449494187736 55.714289281209318 32.564181866357792 2.827387443250565 -0.42952606158994106 23.565875998090295 2.5617474028269021 -3.9304606768119985 -0.80980992451366807 -4.9959829855608522 -24.266475661981712 -16.270001996209686 -1.0100170600788585 0.81241762466219303 19.771701455797469 96.283583245277413 -40.761928226378004 9.4820389151891078 50.680223441575698 -14.585289407526293 11.705592277728446 7.4113472293853766 4.7803934486707051 49.104597157565038 -35.099589020886185 -11.412829086667015 59.419419245038718 -1.0108870006057453 -12.829484653014246 6.2368106429309513 -26.86725819734427 39.440173196471136 -2.3426155713325825 -32.185626656706908 14.782775142157693 65.564210579395294 84.87630047137921 2.6323650045685962 -22.918119699387322 -20.689177368418378 -6.1904232704602649 10.713173838297527 13.639293249650436 -12.171557273968407 14.550873896916707 -59.336309842609232 2.1956106307771477 35.18290050688244 -24.737932084182216 -9.882595002881942 -32.854341319833487 -9.777930598413505 -24.647135452694364 -5.5842103022336964 -17.199582928248812 0.935280239868164 -24.4511057310838 3.5483555487640035
leaf_weight=22 126913 31 20 424 932 29 446 2829 8210 339 1855 2565 262 907 473 213 1464 1330 97 31 260 224 94 247 122 49 95 21 260 20 27 52 1153 485 25 88 1269 141 335 31 25 4281 20 74 161 29 54 45 29 20 26 20 28 30 34 107 26 43 27 24 25 130
leaf_count=22 126913 31 20 424 932 29 446 2829 8210 339 1855 2565 262 907 473 213 1464 1330 97 31 260 224 94 247 122 49 95 21 260 20 27 52 1153 485 25 88 1269 141 335 31 25 4281 20 74 161 29 54 45 29 20 26 20 28 30 34 107 26 43 27 24 25 130
internal_value=-0.00016318 0.0236545 1.03851 1.19305 2.45159 -1.09526 2.23793 6.88575 0.572345 1.36424 5.8164 -1.90461 -8.72023 -3.05754 -15.9175 -0.117812 -2.71536 -7.55914 -2.64038 3.0561 -24.3051 0.603973 11.9391 -17.5802 -6.07734 36.0083 0.00489559 13.1883 -25.1538 1.52672 29.6681 -0.0271218 -0.0479187 -7.18373 16.6147 24.5148 -1.26422 -5.34762 1.93741 36.7152 60.0756 0.0412282 -19.415 -6.42803 2.92903 -6.62407 24.0851 -10.4457 -1.64481 -42.1304 9.55958 16.9814 -8.82655 -7.83861 -11.6488 -5.36216 -19.8182 -13.0169 -3.94709 -2.16127 -12.2468 0.98428
internal_weight=159648 159077 19461 19316 12462 6854 12417 3275 9142 5183 2194 2989 1671 936 735 139616 6297 2560 1718 1361 357 3737 528 842 335 143 133319 322 507 216 47 132997 132832 1638 165 140 3209 1410 1799 106 45 131194 145 169 385 571 75 105 74 40 68 46 503 475 239 136 103 69 236 209 49 160
internal_count=159648 159077 19461 19316 12462 6854 12417 3275 9142 5183 2194 2989 1671 936 735 139616 6297 2560 1718 1361 357 3737 528 842 335 143 133319 322 507 216 47 132997 132832 1638 165 140 3209 1410 1799 106 45 131194 145 169 385 571 75 105 74 40 68 46 503 475 239 136 103 69 236 209 49 160
is_linear=0
shrinkage=0.05


Tree=139
num_leaves=63
num_cat=0
split_feature=3 3 13 10 5 15 14 3 3 5 10 3 12 5 10 3 3 14 12 14 12 13 15 10 15 15 3 5 13 3 3 3 5 3 3 10 10 10 3 10 3 13 3 3 10 3 12 3 14 14 15 3 10 13 3 10 3 13 5 3 10 12
split_gain=1.01514e+07 4.48541e+07 5.74939e+07 7.36367e+07 1.14205e+08 4.98362e+07 3.59155e+07 3.37202e+07 5.95714e+07 8.59687e+07 5.66633e+07 2.29663e+08 1.24044e+08 1.8878e+08 9.23061e+07 6.81947e+07 6.75049e+07 7.06135e+07 5.02944e+07 3.70346e+07 3.48774e+07 3.24148e+07 3.21203e+07 3.70361e+07 3.18444e+07 3.13139e+07 5.88114e+07 2.95001e+07 7.44614e+07 1.08309e+08 8.18332e+07 6.70175e+07 6.74245e+07 8.63349e+07 2.22338e+08 6.77977e+07 6.62322e+07 5.79605e+07 3.46252e+07 2.99453e+07 2.83961e+07 2.79432e+07 2.65448e+07 2.64647e+07 4.96168e+07 6.64887e+07 4.45373e+07 4.24588e+07 5.71496e+07 2.24127e+07 3.08294e+07 6.61852e+07 3.0644e+07 1.87519e+07 1.7651e+07 1.61855e+08 8.39296e+07 1.40618e+08 7.21769e+07 6.84033e+07 5.76284e+07 1.18838e+08
threshold=110.50000000000001 108.50000000000001 408.47940369337249 9000.0450000000019 2023.5000000000002 1235.7243972567453 5958.8993333333347 136.50000000000003 138.50000000000003 2022.5000000000002 10339.960000000001 128.50000000000003 7329.4407142857153 2023.5000000000002 6029.6250000000009 112.50000000000001 128.50000000000003 8081.3355000000001 9244.0171428571448 6300.1765000000005 11547.251428571431 1048.5099250971032 2182.4332512384567 9999.9950000000008 1880.3068859316872 331.35841011794565 126.50000000000001 2023.5000000000002 2040.9999757364656 44.500000000000007 106.50000000000001 42.500000000000007 2021.5000000000002 96.500000000000014 88.500000000000014 10000.005000000003 6300.1550000000007 6998.2500000000009 98.500000000000014 3949.7250000000004 28.500000000000004 3422.1483359915333 86.500000000000014 32.500000000000007 8500.3950000000023 100.50000000000001 6929.4142857142861 14.500000000000002 4648.3703333333342 7829.4418333333342 2544.0756084781283 130.50000000000003 3250.5150000000008 797.86000944281056 148.50000000000003 11126.180000000002 156.50000000000003 1376.5780308459175 2020.5000000000002 154.50000000000003 9999.9950000000008 8255.4107142857156
decision_type=2 2 2 2 2 2 2 2 2 2 2 2 2 2 2 2 2 2 2 2 2 2 2 2 2 2 2 2 2 2 2 2 2 2 2 2 2 2 2 2 2 2 2 2 2 2 2 2 2 2 2 2 2 2 2 2 2 2 2 2 2 2
left_child=1 27 -3 4 6 -6 -4 10 9 -9 12 21 49 14 18 -16 19 -18 -14 -15 -13 25 -11 -24 -5 -12 -27 31 43 39 36 41 37 34 -34 -35 -31 38 -33 -30 -41 -1 -39 47 46 -46 -45 -29 -49 50 52 -52 -2 -51 55 60 57 58 -56 -59 61 -10
right_child=7 2 3 24 5 -7 -8 8 54 22 11 20 13 16 15 -17 17 -19 -20 -21 -22 -23 23 -25 -26 26 -28 28 29 30 -32 32 33 35 -36 -37 -38 42 -40 40 -42 -43 -44 44 45 -47 -48 48 -50 53 51 -53 -54 -55 56 -57 -58 59 -60 -61 -62 -63
leaf_value=-1.6452464129375135 0.12771339913944887 2.0165951478970658 4.0931180179251561 -51.568552602132165 64.172985897064208 163.83743498802187 55.253981459481373 0.21689730854960004 -2.299461753208905 20.852707426012685 44.840041242716268 -127.61953845432825 -26.278308268668397 -22.146496973489896 -5.4233657218933109 -51.011096979404186 -76.190285675525658 -3.5462806750358418 11.302676093385028 20.793870413196995 -52.386123204114966 22.312392921663939 71.217533289746541 11.684668429374696 11.044045337637266 7.2213303367518638 -35.282934096943251 -3.351255922853198 64.250161391548488 -17.612569512807582 60.978387286846456 1.391121955899999 6.2510952162415467 19.368380105123197 -14.354230534001537 0.4576036498860685 -50.877464738074771 -20.716937773948494 -7.6237034242617501 18.787477860479822 -12.506035482113179 -59.373119445982439 -73.969936461015195 -1.6294045989275714 -12.915059398616364 -88.75531032685312 32.018942858886724 1.0488726995577344 20.238750228703935 -42.202786876971913 19.845943544573256 -17.896256531679409 -6.2168830479537833 -9.4150466185079207 -10.415983435009331 -97.404184543185764 -0.21240592188677773 20.125999080079321 7.1855114432602125 60.241473907241243 15.935487540578192 -49.125684574127199
leaf_weight=12076 5373 608 89 23 31 23 55 576 4214 264 48 27 223 57 99 485 43 140 147 380 40 385 81 39 131 1083 87 1273 22 417 25 5269 8832 1637 1536 667 234 85 1334 163 129 20 32 5932 438 30 99 952 654 51 431 158 2946 277 768 44 94752 540 2400 132 403 139
leaf_count=12076 5373 608 89 23 31 23 55 576 4214 264 48 27 223 57 99 485 43 140 147 380 40 385 81 39 131 1083 87 1273 22 417 25 5269 8832 1637 1536 667 234 85 1334 163 129 20 32 5932 438 30 99 952 654 51 431 158 2946 277 768 44 94752 540 2400 132 403 139
internal_value=-8.26293e-05 0.658518 11.3387 27.3893 47.4787 108.83 23.8801 -0.241447 0.0523222 12.4437 -2.69762 5.87169 -4.02188 -16.9916 -30.9396 -43.3055 4.4856 -20.937 -11.3573 15.1552 -84.135 9.68377 30.7356 52.1259 1.42041 5.67694 4.03332 0.413294 -1.89987 -14.9341 -26.1932 1.17498 2.99672 5.14358 3.19736 13.8964 -29.6292 -1.05179 -0.431016 9.31148 4.96709 -1.7456 -35.7853 -0.522447 -2.29023 -17.9555 -1.07184 3.46752 8.87116 -1.80998 -1.3365 9.70837 -2.11957 -14.6259 -0.0628512 -3.02335 0.0813111 7.32695 2.91654 28.0836 -2.12989 -3.80566
internal_weight=159648 42816 960 352 198 54 144 116832 104352 960 12480 1670 10810 1574 954 584 620 183 370 437 67 1603 384 120 154 1218 1170 41856 10368 990 676 31488 19392 12672 10368 2304 651 6720 6603 314 292 12096 117 9378 6499 468 6031 2879 1606 9236 8908 589 8319 328 103392 4800 98592 3840 3168 672 4756 4353
internal_count=159648 42816 960 352 198 54 144 116832 104352 960 12480 1670 10810 1574 954 584 620 183 370 437 67 1603 384 120 154 1218 1170 41856 10368 990 676 31488 19392 12672 10368 2304 651 6720 6603 314 292 12096 117 9378 6499 468 6031 2879 1606 9236 8908 589 8319 328 103392 4800 98592 3840 3168 672 4756 4353
is_linear=0
shrinkage=0.05


Tree=140
num_leaves=63
num_cat=0
split_feature=2 13 0 7 0 15 10 14 12 10 4 10 10 15 4 0 5 14 13 14 12 12 5 14 5 15 7 0 2 13 5 4 10 13 14 0 5 10 10 15 12 2 0 2 14 14 0 13 4 4 15 15 14 4 5 15 14 4 13 12 9 2
split_gain=1.02977e+07 2.86834e+07 4.26823e+07 5.90157e+07 3.29431e+07 3.39621e+07 2.59796e+07 2.46628e+07 3.56706e+07 3.9156e+07 2.45657e+07 3.33768e+07 2.43659e+07 6.37607e+07 4.71852e+07 3.09661e+07 2.70541e+07 4.26892e+07 3.79947e+07 2.24339e+07 2.41168e+07 2.36516e+07 2.08007e+07 1.7203e+07 1.57587e+07 1.57105e+07 1.66827e+07 2.8451e+07 3.45738e+07 5.40473e+07 3.94786e+07 3.11438e+07 5.25887e+07 3.53904e+07 3.40329e+07 3.18762e+07 2.02843e+07 3.30881e+07 1.80021e+07 1.56905e+07 1.46003e+07 2.86042e+07 5.25197e+07 4.80717e+07 4.31029e+07 3.50782e+07 2.87439e+07 1.9764e+07 1.42281e+07 1.40898e+07 1.56326e+07 1.39316e+07 1.36386e+07 1.59142e+08 1.33212e+08 3.32433e+07 3.21334e+07 3.38774e+07 2.63772e+07 1.27964e+07 1.26235e+07 5.09863e+07
threshold=5.5000000000000009 699.88923257459498 25.500000000000004 1.0000000180025095e-35 76.500000000000014 3718.1762840000401 14498.490000000002 8905.8466666666682 8366.0028571428575 8195.4400000000023 6.5000000000000009 8700.510000000002 10000.005000000003 2322.9378294089297 6.5000000000000009 79.500000000000014 2023.5000000000002 9786.7210000000014 2305.6550727788604 6662.1661666666678 10592.202142857144 10592.202142857144 2023.5000000000002 3782.1741666666671 2021.5000000000002 372.47991102063935 1.0000000180025095e-35 27.500000000000004 3.5000000000000004 430.23668778163221 2022.5000000000002 9.5000000000000018 14498.490000000002 3240.2100545687676 5336.1516666666676 75.500000000000014 2023.5000000000002 4998.9650000000011 11999.985000000002 416.64558010085057 13619.525 4.5000000000000009 68.500000000000014 3.5000000000000004 11626.133833333335 10182.287500000002 91.500000000000014 4154.2107688728292 9.5000000000000018 10.500000000000002 1655.0594487498508 3258.0889975871173 9299.2155000000021 7.5000000000000009 2023.5000000000002 661.4484321666049 8410.2070000000003 6.5000000000000009 1.0000000180025095e-35 4574.4857142857154 2.5000000000000004 1.0000000180025095e-35
decision_type=2 2 2 2 2 2 2 2 2 2 2 2 2 2 2 2 2 2 2 2 2 2 2 2 2 2 2 2 2 2 2 2 2 2 2 2 2 2 2 2 2 2 2 2 2 2 2 2 2 2 2 2 2 2 2 2 2 2 2 2 2 2
left_child=25 23 3 7 5 6 22 10 9 -9 11 -3 16 15 -15 -14 18 -18 -6 20 -7 -21 -4 39 49 -1 40 28 36 -30 -31 32 35 34 -33 -29 38 -38 -28 -2 60 43 45 46 -45 -43 -42 -44 -12 50 59 -51 56 55 -55 -54 58 -58 -26 -25 -27 -62
right_child=1 2 4 -5 12 19 -8 8 -10 -11 48 -13 13 14 -16 -17 17 -19 -20 21 -22 -23 -24 24 52 26 27 31 29 30 -32 33 -34 -35 -36 -37 37 -39 -40 -41 41 42 47 44 -46 -47 -48 -49 -50 51 -52 -53 53 54 -56 -57 57 -59 -60 -61 61 -63
leaf_value=-0.75448685723025899 0.76420581527298959 7.269785869718679 -4.4161053126880585 -37.574544290879196 2.0720782334074586 -25.664467544555663 -59.535940714297091 -15.888831294167719 7.5888509831958348 -97.195386501493914 -1.7189594283928462 31.320576241892212 -12.883254872354968 20.970532993981337 -18.250734939184344 -80.984734502393152 -12.915789489002556 48.054798751338836 24.930365580782162 -16.586637614583967 42.477949520991402 -44.76764502816949 -13.953259706412224 1.9244483775348333 -16.936528116861979 0.13770506158883267 -7.7462475883899629 -4.6034439180270974 -6.9258541378008776 49.215343970113729 8.4965365971556519 -7.5736220368284437 -76.906005806300968 17.436653120689787 -26.715017849008802 6.9781898662858399 -0.6512026357477152 36.449491910107 19.799415868172282 -3.2277460044383588 3.6164391457646681 -76.759379928455914 -6.2626702605594282 70.186481803367869 -12.869127122705633 3.2443843633478338 45.987070809297791 47.592290684836257 13.858272009508207 -4.2628292685872635 -18.704636562754054 23.80875402726323 32.977054453066415 -21.49406682070564 -148.67806036376953 1.947220263203616 5.0116941400331871 45.531670392102534 5.5034421992554918 -25.625223742326103 5.6451416178152325 0.47905232298161854
leaf_weight=34765 6425 550 3035 84 1005 25 22 52 89 20 736 195 28 131 182 42 391 30 221 199 25 120 704 345 137 61298 682 1901 152 133 108 675 22 96 354 863 205 84 64 3989 583 38 43 57 21 21 42 27 182 94 196 82 111 67 29 377 106 100 2579 47 5719 28943
leaf_count=34765 6425 550 3035 84 1005 25 22 52 89 20 736 195 28 131 182 42 391 30 221 199 25 120 704 345 137 61298 682 1901 152 133 108 675 22 96 354 863 205 84 64 3989 583 38 43 57 21 21 42 27 182 94 196 82 111 67 29 377 106 100 2579 47 5719 28943
internal_value=-0.000138898 -0.985131 -3.37998 3.15328 -5.40379 -7.96678 -6.54271 5.04847 -13.5816 -39.4961 6.85918 13.5985 -0.188068 -11.5306 -1.82092 -54.3093 2.45496 -8.4675 6.2095 -22.4245 8.57148 -27.2944 -6.21507 0.330841 3.00312 0.163572 0.47608 -2.24457 3.79402 16.3993 31.0784 -4.44982 -1.613 -11.4674 -14.1783 -0.986108 -1.00353 10.2209 -5.35973 -0.765042 0.626172 7.21721 -14.3478 11.1891 47.9454 -48.7039 6.53267 14.8876 1.38105 -3.5004 -7.21386 8.87657 4.42091 -2.5512 -61.051 9.05825 5.81478 24.8065 4.36571 -1.43549 0.568951 1.33156
internal_weight=159648 22752 8068 1908 6160 4130 3761 1824 161 72 1663 745 2030 383 313 70 1647 421 1226 369 50 319 3739 14684 4270 136896 102131 5339 1428 393 241 3911 2786 1125 1029 2764 1035 289 746 10414 96792 832 129 703 78 59 625 70 918 764 588 176 3506 584 96 488 2922 206 2716 392 95960 34662
internal_count=159648 22752 8068 1908 6160 4130 3761 1824 161 72 1663 745 2030 383 313 70 1647 421 1226 369 50 319 3739 14684 4270 136896 102131 5339 1428 393 241 3911 2786 1125 1029 2764 1035 289 746 10414 96792 832 129 703 78 59 625 70 918 764 588 176 3506 584 96 488 2922 206 2716 392 95960 34662
is_linear=0
shrinkage=0.05


Tree=141
num_leaves=63
num_cat=0
split_feature=2 10 11 12 9 0 13 5 11 0 0 15 11 4 4 10 13 15 8 15 4 10 13 0 10 5 13 13 10 11 15 0 11 2 10 11 2 12 4 4 0 2 10 15 10 11 4 5 12 2 11 5 2 11 0 0 11 4 10 11 0 13
split_gain=9.30788e+06 2.59302e+07 3.44795e+07 2.96735e+07 2.28517e+07 3.34063e+07 2.84653e+07 3.12622e+07 3.56843e+07 2.21267e+07 7.2641e+07 3.92426e+07 2.94484e+07 2.23968e+07 1.67059e+07 4.03381e+07 4.36302e+07 4.31702e+07 3.86163e+07 2.71597e+07 1.70147e+07 7.37054e+07 1.87069e+07 1.6631e+07 1.63501e+07 5.23176e+07 1.56312e+07 3.27667e+07 2.73782e+07 1.53676e+07 1.4295e+07 1.89819e+07 2.64456e+07 3.78828e+07 5.39063e+07 7.79042e+07 4.0525e+07 3.47712e+07 2.92456e+07 4.53809e+07 4.18573e+07 3.9322e+07 3.12611e+07 2.99501e+07 2.5456e+07 2.08493e+07 2.00025e+07 1.07775e+08 8.13458e+07 6.50032e+07 1.17887e+08 7.97624e+07 4.78611e+07 4.77823e+07 5.42941e+07 3.83811e+07 3.60826e+07 2.48628e+07 2.45655e+07 7.59213e+07 2.23533e+07 1.69815e+07
threshold=5.5000000000000009 12000.005000000003 12000.005000000003 10341.104285714287 1.5000000000000002 82.500000000000014 434.96259423946015 2023.5000000000002 5730.3700000000008 75.500000000000014 65.500000000000014 4172.7825912611497 6750.2150000000011 9.5000000000000018 6.5000000000000009 8000.5550000000012 2573.2905843596441 1321.6394439134019 2.5000000000000004 1.0000000180025095e-35 5.5000000000000009 4000.0750000000003 1.0000000180025095e-35 75.500000000000014 7400.5350000000008 2021.5000000000002 2760.7646982802116 2305.6550727788604 9999.9950000000008 14498.490000000002 866.24885569027003 68.500000000000014 6000.1550000000007 1.0000000180025095e-35 4300.7050000000008 4000.9050000000002 1.5000000000000002 7230.9621428571445 1.5000000000000002 6.5000000000000009 81.500000000000014 1.5000000000000002 7999.3850000000011 2182.4332512384567 5209.4000000000005 3250.0950000000007 4.5000000000000009 2022.5000000000002 7789.2507142857148 4.5000000000000009 12000.005000000003 2021.5000000000002 4.5000000000000009 4800.3550000000005 4.5000000000000009 33.500000000000007 11999.985000000002 2.5000000000000004 12000.005000000003 3580.7700000000009 5.5000000000000009 1164.8514057877398
decision_type=2 2 2 2 2 2 2 2 2 2 2 2 2 2 2 2 2 2 2 2 2 2 2 2 2 2 2 2 2 2 2 2 2 2 2 2 2 2 2 2 2 2 2 2 2 2 2 2 2 2 2 2 2 2 2 2 2 2 2 2 2 2
left_child=30 4 3 -3 14 6 -6 23 -9 10 13 -11 -13 -5 19 24 17 -17 -18 -2 22 -22 -21 -8 29 -26 27 -7 -28 -16 61 46 33 34 45 -36 44 -38 40 41 42 -40 -34 -41 -35 -33 47 49 58 51 -51 -32 57 54 -50 -54 -55 -49 60 -60 -48 -1
right_child=1 2 -4 9 5 26 7 8 -10 11 -12 12 -14 -15 15 16 18 -19 -20 20 21 -23 -24 -25 25 -27 28 -29 -30 -31 31 32 38 36 35 -37 37 -39 39 43 -42 -43 -44 -45 -46 -47 48 52 53 50 -52 -53 55 56 -56 -57 -58 -59 59 -61 -62 -63
leaf_value=-0.25649523937970475 42.898785661969868 -38.398721117564612 -69.271443498399535 -7.9719095134735101 -0.24931582588887269 4.685301844393666 -5.1855289557132407 -10.532779256816186 -46.842242345644365 -26.581673178837221 -71.91069826126099 90.086857549493971 12.840802190144856 40.835468427870012 -0.091630220107736804 -35.352734004001995 -49.495914776868986 0.8428495749893723 23.392441988858309 -12.165380621226694 -4.0442648843506905 23.366590604499279 1.9967336903503654 2.4882627422258783 76.335069785282528 -8.9009036763509126 16.449645293553669 40.506940499754513 -58.579869824218761 32.693072926203413 -2.0119708114027293 25.954763470847634 30.524471455465985 1.6845701681488732 62.507577884815355 14.221034456975957 3.1855232509185645 15.831054852632136 -9.2250936007205624 -1.1421458379789109 -22.627871536341583 -0.51770155298860498 7.2498410841188665 5.0589313146266148 -10.83500305823047 2.179800441945309 4.9943681524751256 -0.87166463031933827 18.238363194368326 1.3475321296025546 -57.647754685640336 13.995455824932286 16.515176567022451 -3.0476593313061624 -41.036419940349901 -1.8540920059347319 -13.945703383223123 -7.4164746954511065 -7.4928137170700797 109.25057541620166 -0.15573667480941833 -12.001899548008989
leaf_weight=75314 41 69 26 67 4393 1052 3528 1158 71 28 37 21 29 35 5027 101 113 428 21 246 537 450 4168 882 28 47 23 67 24 35 1041 102 202 836 107 373 4874 611 1884 3314 87 4154 502 4719 788 883 2366 2903 48 779 94 3079 552 3057 187 585 1010 2901 41 20 19175 308
leaf_count=75314 41 69 26 67 4393 1052 3528 1158 71 28 37 21 29 35 5027 101 113 428 21 246 537 450 4168 882 28 47 23 67 24 35 1041 102 202 836 107 373 4874 611 1884 3314 87 4154 502 4719 788 883 2366 2903 48 779 94 3079 552 3057 187 585 1010 2901 41 20 19175 308
internal_value=-0.000218942 -0.936677 -15.2287 -10.0915 -0.737294 -2.33591 -3.26704 -5.61751 -12.6668 -0.955725 -12.8901 20.2059 46.4145 9.00953 0.855129 -1.01182 -12.6089 -6.12149 -37.9844 2.84472 2.53277 8.46408 1.20488 -3.65055 0.487097 23.5062 5.67129 6.86437 -22.2854 0.141463 0.155425 0.723032 1.84121 4.05236 11.3709 25.0925 2.54279 4.5968 0.565395 0.0391967 9.914 -3.23569 13.9619 2.50086 -4.39312 4.66561 0.030427 1.72405 -0.749863 7.3256 -5.06345 9.95135 -2.3059 -7.02766 -28.9032 7.07064 -5.75685 -4.14366 0.500617 31.9284 0.410141 -0.304491
internal_weight=159648 22752 312 286 22440 11198 10032 5639 1229 217 139 78 50 102 11242 5800 663 529 134 5442 5401 987 4414 4410 5137 75 1166 1119 47 5062 136896 61274 23436 8574 1465 480 7109 5485 14862 14071 791 6038 704 8033 1624 985 37838 11934 25904 4993 873 4120 6941 4302 235 1137 4067 5804 21602 61 21541 75622
internal_count=159648 22752 312 286 22440 11198 10032 5639 1229 217 139 78 50 102 11242 5800 663 529 134 5442 5401 987 4414 4410 5137 75 1166 1119 47 5062 136896 61274 23436 8574 1465 480 7109 5485 14862 14071 791 6038 704 8033 1624 985 37838 11934 25904 4993 873 4120 6941 4302 235 1137 4067 5804 21602 61 21541 75622
is_linear=0
shrinkage=0.05


Tree=142
num_leaves=63
num_cat=0
split_feature=12 3 3 2 0 2 13 0 10 13 14 0 10 0 10 3 9 14 13 3 3 12 14 2 9 9 2 0 0 14 0 0 2 13 0 0 0 3 14 3 14 2 3 10 10 3 3 13 0 13 3 3 3 0 4 3 0 3 3 4 10 13
split_gain=9.12082e+06 4.16722e+07 3.48264e+07 2.37525e+07 3.62992e+07 1.09354e+08 3.16418e+07 3.65764e+07 2.95309e+07 2.78739e+07 4.25737e+07 2.87217e+07 2.38951e+07 2.17272e+07 1.47235e+07 6.5261e+07 6.65948e+07 1.23173e+08 8.84106e+07 1.04716e+08 8.01637e+07 6.71191e+07 6.53813e+07 5.70719e+07 4.76439e+07 5.41858e+07 3.63168e+07 3.09734e+07 6.16673e+07 2.13284e+07 2.08363e+07 2.64873e+07 1.97895e+07 1.58403e+07 1.25439e+07 2.49371e+07 1.04569e+07 1.62631e+07 5.00712e+07 3.73298e+07 2.74389e+08 4.4016e+07 3.46233e+07 2.74053e+07 2.63096e+07 2.61728e+07 9.14237e+07 3.88099e+07 1.47047e+07 1.32651e+07 6.32859e+07 1.54138e+08 1.11773e+08 1.76504e+08 6.86087e+07 5.98017e+07 4.89793e+07 1.09778e+07 3.05553e+07 2.64956e+07 9.13804e+07 2.18725e+07
threshold=13619.525 68.500000000000014 74.500000000000014 4.5000000000000009 14.500000000000002 1.5000000000000002 4699.4111002022109 71.500000000000014 17561.605000000003 1937.3944255678473 10000.133666666668 91.500000000000014 17561.605000000003 13.500000000000002 14498.490000000002 86.500000000000014 2.5000000000000004 9630.3374999999996 4154.2107688728292 274.50000000000006 281.50000000000006 9672.4771428571457 7990.1881666666677 5.5000000000000009 1.5000000000000002 1.0000000180025095e-35 3.5000000000000004 57.500000000000007 69.500000000000014 9841.6456666666691 23.500000000000004 77.500000000000014 4.5000000000000009 4699.4111002022109 75.500000000000014 65.500000000000014 69.500000000000014 296.50000000000006 11254.016333333335 295.50000000000006 10578.665666666669 1.0000000180025095e-35 297.50000000000006 5209.4000000000005 6535.7600000000011 262.50000000000006 263.50000000000006 3026.3383415523681 74.500000000000014 1495.1751119153453 166.50000000000003 148.50000000000003 168.50000000000003 12.500000000000002 4.5000000000000009 274.50000000000006 13.500000000000002 209.50000000000003 200.50000000000003 7.5000000000000009 3741.7850000000003 591.77170635479081
decision_type=2 2 2 2 2 2 2 2 2 2 2 2 2 2 2 2 2 2 2 2 2 2 2 2 2 2 2 2 2 2 2 2 2 2 2 2 2 2 2 2 2 2 2 2 2 2 2 2 2 2 2 2 2 2 2 2 2 2 2 2 2 2
left_child=14 -2 -3 4 5 -4 7 13 -7 10 -6 -11 -9 -5 36 23 20 18 19 -18 21 -17 -20 24 25 33 -23 -26 -29 -27 -25 -32 -22 -16 35 -8 49 39 42 45 41 -41 43 -39 -40 47 -47 -38 -44 57 51 54 53 -52 -51 -54 -53 58 -1 60 -59 -60
right_child=1 2 3 6 9 8 34 12 -10 11 -12 -13 -14 -15 15 16 17 -19 22 -21 32 26 -24 30 27 29 -28 28 -30 -31 31 -33 -34 -35 -36 -37 37 38 44 40 -42 -43 48 -45 -46 46 -48 -49 -50 50 52 56 55 -55 -56 -57 -58 59 61 -61 -62 -63
leaf_value=-0.23599448171550766 -65.128373006184901 59.1161940167745 -24.708908162324327 -28.358278427124027 -70.812633025070724 102.26073081598048 25.721095639637543 -29.325492508259227 32.394669395729352 4.1170558732864491 23.106698223295666 45.643377018398716 21.954211804433307 -93.900977226754904 35.495565849752992 -6.7058619757259592 40.391718277469764 -87.06320424860175 25.077598200556061 -87.748004275235274 -30.255966740199501 -120.06368065516153 122.01544845581054 17.438711949157717 -54.505300699869792 110.05655253887176 -51.754236440156639 78.981413403320317 -15.262926466757794 41.095252124241426 -55.035545242907965 12.321805369059245 19.875489188724096 -17.050610668945311 37.31625135941939 -32.360932434544424 0.83586573551806032 -11.025764796630838 -16.762633978257696 -59.484284306278937 193.36482153029669 13.907290086377238 4.2190997758062458 -62.779369204169825 -66.535809233665461 45.958824310375533 3.4614110171246262 -10.035259406015772 -1.5668324893961054 2.0898567133189765 62.851854893611034 16.786619216451324 -7.3300133278045552 -84.979112788374707 -11.523639314524473 2.2022108388030497 48.300511156744875 0.57002213373084865 -2.7709941679600716 0.34328685345223797 34.639269955342726 -12.362655103928809
leaf_weight=54173 20 29 45 31 28 40 41 46 26 562 20 44 43 22 33 33 30 32 66 32 34 47 23 24 20 31 37 24 56 20 50 20 44 24 32 32 30105 80 82 26 20 83 1351 37 39 130 3739 843 5847 4827 25 413 4810 92 1144 2500 176 899 2116 43273 251 826
leaf_count=54173 20 29 45 31 28 40 41 46 26 562 20 44 43 22 33 33 30 32 66 32 34 47 23 24 20 31 37 24 56 20 50 20 44 24 32 32 30105 80 82 26 20 83 1351 37 39 130 3739 843 5847 4827 25 413 4810 92 1144 2500 176 899 2116 43273 251 826
internal_value=-0.000175278 4.61805 6.01926 4.44085 8.79148 35.0959 -9.01487 -24.3322 75.6321 4.2802 -32.0065 7.2024 -4.5812 -56.7999 -0.0311017 -7.36723 -21.1882 0.499691 19.5068 -26.0879 -41.4402 -67.4384 51.2064 9.94472 24.5231 47.389 -90.9379 -0.396661 13.6363 84.3234 -22.2324 -35.888 -2.083 13.4583 11.7341 0.167165 0.000536529 0.672294 -1.45086 1.1241 27.8677 -3.98053 -0.920902 -27.7857 -33.2191 1.02421 4.90085 0.53943 -0.480429 -0.245911 -1.68943 1.88906 -4.85001 -53.1263 -0.519882 -4.07016 26.2692 -0.0470495 -0.505548 0.542444 8.02964 -5.46725
internal_weight=159648 1061 1041 1012 765 111 247 142 66 654 48 606 89 53 158587 680 378 183 151 62 195 117 89 302 208 108 84 100 80 51 94 70 78 57 105 73 157907 42382 7436 34946 129 109 7315 117 121 34817 3869 30948 7198 115525 13987 6560 7427 117 5971 7310 589 101538 57115 44423 1150 2942
internal_count=159648 1061 1041 1012 765 111 247 142 66 654 48 606 89 53 158587 680 378 183 151 62 195 117 89 302 208 108 84 100 80 51 94 70 78 57 105 73 157907 42382 7436 34946 129 109 7315 117 121 34817 3869 30948 7198 115525 13987 6560 7427 117 5971 7310 589 101538 57115 44423 1150 2942
is_linear=0
shrinkage=0.05


Tree=143
num_leaves=63
num_cat=0
split_feature=3 3 13 5 10 3 12 10 11 10 11 3 3 13 10 3 12 1 13 4 3 4 14 3 10 15 14 15 3 13 9 10 12 13 12 3 14 13 13 15 3 3 11 10 1 5 10 3 5 5 13 12 5 5 10 14 11 15 5 7 10 11
split_gain=9.02479e+06 3.02699e+07 3.11601e+07 2.0563e+07 2.53276e+07 1.84698e+07 3.00692e+07 2.40761e+07 1.57641e+07 1.53943e+07 1.68002e+07 1.4087e+07 9.07832e+07 1.11437e+08 1.00037e+08 5.77228e+07 4.34767e+07 2.372e+07 2.70243e+07 8.51279e+07 2.55013e+07 2.47168e+07 4.41717e+07 2.84904e+07 2.02003e+07 3.25473e+07 3.6528e+07 6.62371e+07 3.69325e+07 1.69149e+07 1.5751e+07 2.09217e+07 1.86244e+07 1.55496e+07 3.56575e+07 2.53981e+07 1.36138e+07 2.35938e+07 1.45787e+07 1.27773e+07 1.15047e+07 1.83524e+07 1.08604e+07 9.69948e+06 7.98882e+06 2.09717e+07 1.73172e+07 1.44498e+07 2.19017e+07 7.03317e+06 9.0564e+06 6.34236e+06 6.13025e+06 6.15132e+06 5.91657e+06 5.67297e+06 5.2859e+06 5.25521e+06 4.67049e+06 4.50353e+06 2.86777e+06 2.2852e+06
threshold=361.50000000000006 355.50000000000006 348.10169028300749 2021.5000000000002 7200.1650000000009 364.50000000000006 8575.8050000000021 10339.960000000001 3435.7150000000006 4341.7000000000007 7200.4150000000009 284.50000000000006 277.50000000000006 708.82082217154914 9999.9950000000008 278.50000000000006 9158.5578571428578 18.500000000000004 1188.3005829626004 4.5000000000000009 209.50000000000003 9.5000000000000018 7990.1881666666677 266.50000000000006 8000.5550000000012 6037.7917475630766 6300.1765000000005 2697.1495883321154 293.50000000000006 3716.3037709628406 1.0000000180025095e-35 4998.9650000000011 9371.3521428571457 4699.4111002022109 11411.227142857142 291.50000000000006 3838.8063333333334 614.25394866811268 1128.2954626054732 1600.7108531396261 356.50000000000006 357.50000000000006 3899.2450000000003 9000.0450000000019 15.500000000000002 2022.5000000000002 11126.180000000002 362.50000000000006 2022.5000000000002 2021.5000000000002 682.08872422871275 9158.5578571428578 2022.5000000000002 2021.5000000000002 4300.7050000000008 4153.0230000000001 3539.2350000000001 251.11365335723539 2022.5000000000002 1.0000000180025095e-35 4209.0500000000002 4850.545000000001
decision_type=2 2 2 2 2 2 2 2 2 2 2 2 2 2 2 2 2 2 2 2 2 2 2 2 2 2 2 2 2 2 2 2 2 2 2 2 2 2 2 2 2 2 2 2 2 2 2 2 2 2 2 2 2 2 2 2 2 2 2 2 2 2
left_child=1 11 52 4 40 9 39 -8 -5 61 43 12 17 42 15 -15 -16 18 20 -20 -1 23 -23 -19 30 26 27 -26 -28 -27 31 51 -33 34 -32 -35 37 -10 -38 55 -4 -42 54 49 47 46 -46 -12 -49 50 -11 -13 53 57 -14 -7 -54 -3 -51 -44 -55 -2
right_child=5 2 3 8 -6 6 7 -9 36 10 44 24 13 14 16 -17 -18 21 19 -21 -22 22 -24 -25 25 29 28 -29 -30 -31 33 32 -34 35 -36 -37 38 -39 -40 -41 41 -43 59 -45 45 -47 -48 48 -50 58 -52 -53 56 60 -56 -57 -58 -59 -60 -61 -62 -63
leaf_value=-0.51362611358547805 -3.467061788416971 -2.1146379226289138 28.223741048482751 -13.694186404460186 -50.036542888823021 -0.19473398430936639 69.569022481282559 -1.1946197689147222 19.182582002758981 -15.256153026301906 -27.384261581784205 -2.0511036167456136 0.37090395080297639 57.336465389872174 16.926172682785644 23.609239836087728 -3.9917646834730101 1.2088880533404824 1.7534824634963517 -4.983202879362171 1.5522454118195295 5.9299268125891693 -29.023611903688408 11.160230324548669 -4.9304026138612693 -72.88736450195313 7.0617805337394532 -45.537381600454346 -8.3945170557647568 -17.436288771629332 0.26320468088471038 -25.2679518840688 4.9583527766126725 -36.876905745847807 61.249732809066785 1.8277966663360599 6.5789345941543589 85.620527109418603 23.984470549480193 -35.98744775191598 -21.123758693337443 8.7908098019185914 -12.746954935845876 -48.675262979058658 -63.496313488300032 11.524596496744358 -5.5529972895869513 55.407547507652879 -5.411885191236224 -4.3932827840027988 -47.140432064736764 13.506753952141967 4.8041726049713374 -5.3870656634644041 27.114192350478397 16.113898657541426 27.690023657935008 6.5016475539523642 -28.862126149397632 7.0918135388692223 -19.128465109074373 9.6281623675482617
leaf_weight=58133 712 483 51 36 20 347 29 20 39 52 20 9065 1366 165 519 553 475 24520 8241 10879 20103 179 181 740 350 25 745 140 801 31 17711 177 71 73 23 99 194 20 320 22 63 257 230 33 25 46 26 25 34 80 40 65 264 206 20 62 27 278 25 32 46 34
leaf_count=58133 712 483 51 36 20 347 29 20 39 52 20 9065 1366 165 519 553 475 24520 8241 10879 20103 179 181 740 350 25 745 140 801 31 17711 177 71 73 23 99 194 20 320 22 63 257 230 33 25 46 26 25 34 80 40 65 264 206 20 62 27 278 25 32 46 34
internal_value=-0.000145681 0.0380703 5.72594 12.3612 3.40043 -3.69811 4.5357 41.2396 18.0993 -7.12983 -14.9525 -0.0461267 0.1832 8.29063 17.2206 31.4289 6.93621 -0.0383801 -0.394608 -2.07965 0.0172194 1.31525 -11.6756 1.50085 -1.03235 -5.76622 -4.7205 -16.6015 -0.946548 -43.0357 -0.669187 -2.32909 -16.6293 0.200244 0.34575 -14.7174 20.1172 42.7557 17.4406 0.277053 6.40791 2.8539 -0.990951 -23.8207 -3.2942 -12.8488 -34.6315 8.45126 20.8529 -19.4324 -29.4768 -1.93887 0.631982 -1.2068 0.776084 2.31074 7.01518 1.03736 -10.4366 -10.3061 -7.96113 -2.85813
internal_weight=159648 158016 2304 1000 391 1632 480 49 609 1152 406 155712 126336 3360 1712 718 994 122976 97356 19120 78236 25620 360 25260 29376 2092 2036 490 1546 56 27284 9378 248 17906 17734 172 573 59 514 431 371 320 1648 230 176 97 51 79 59 197 92 9130 1304 1013 1386 409 291 761 105 262 252 746
internal_count=159648 158016 2304 1000 391 1632 480 49 609 1152 406 155712 126336 3360 1712 718 994 122976 97356 19120 78236 25620 360 25260 29376 2092 2036 490 1546 56 27284 9378 248 17906 17734 172 573 59 514 431 371 320 1648 230 176 97 51 79 59 197 92 9130 1304 1013 1386 409 291 761 105 262 252 746
is_linear=0
shrinkage=0.05


Tree=144
num_leaves=63
num_cat=0
split_feature=0 12 13 3 12 5 14 3 12 11 0 10 11 10 12 7 3 10 14 3 0 13 3 0 13 10 10 3 3 14 3 3 10 10 6 14 4 13 10 0 5 3 6 13 13 3 3 3 11 3 10 5 3 6 13 0 10 10 3 10 0 7
split_gain=9.40217e+06 2.11976e+07 1.63543e+07 2.54077e+07 5.91175e+07 4.36285e+07 3.66462e+07 3.58297e+07 6.31234e+07 2.75558e+07 2.57674e+07 3.49115e+07 2.08493e+07 2.06882e+07 1.43653e+07 1.21335e+07 1.72854e+07 7.20481e+07 9.40588e+07 3.55027e+07 1.97295e+07 1.82581e+07 1.67369e+07 1.5692e+07 1.49633e+07 1.79456e+07 2.17235e+07 1.69894e+07 3.17694e+07 2.62954e+07 1.38265e+07 6.22701e+07 1.04864e+08 1.03351e+08 4.54375e+07 1.39468e+08 3.42911e+07 7.59103e+07 1.17878e+08 4.71129e+07 3.34229e+07 8.88081e+07 6.25073e+07 8.18565e+07 3.16807e+07 7.52638e+07 1.00643e+08 9.02166e+07 3.13028e+07 8.21744e+07 3.04512e+07 2.6187e+07 8.50999e+07 6.84181e+07 1.87146e+07 1.77843e+07 3.91084e+07 2.6836e+07 1.49193e+07 1.08714e+07 9.52955e+06 9.11905e+06
threshold=5.5000000000000009 15426.107142857145 964.50953938217697 176.50000000000003 5466.4407142857153 2021.5000000000002 4058.9893333333339 118.50000000000001 7230.9621428571445 3200.1150000000002 3.5000000000000004 3636.1450000000004 6000.6850000000004 4500.4050000000007 4457.8657142857146 1.0000000180025095e-35 88.500000000000014 10000.005000000003 10182.287500000002 90.500000000000014 32.500000000000007 1657.2877496455205 66.500000000000014 83.500000000000014 3240.2100545687676 12000.005000000003 8195.4400000000023 178.50000000000003 114.50000000000001 4082.4790000000003 190.50000000000003 188.50000000000003 9999.9950000000008 11126.180000000002 1.0000000180025095e-35 5193.6086666666679 4.5000000000000009 2528.2985916037264 10339.960000000001 82.500000000000014 2022.5000000000002 198.50000000000003 1.0000000180025095e-35 585.21689746163895 935.74944120153293 266.50000000000006 253.50000000000003 267.50000000000006 5959.3300000000008 234.50000000000003 9999.9950000000008 2022.5000000000002 52.500000000000007 1.0000000180025095e-35 964.50953938217697 74.500000000000014 4979.9350000000004 8700.510000000002 203.50000000000003 6998.2500000000009 28.500000000000004 1.0000000180025095e-35
decision_type=2 2 2 2 2 2 2 2 2 2 2 2 2 2 2 2 2 2 2 2 2 2 2 2 2 2 2 2 2 2 2 2 2 2 2 2 2 2 2 2 2 2 2 2 2 2 2 2 2 2 2 2 2 2 2 2 2 2 2 2 2 2
left_child=1 2 61 5 10 13 -6 12 -9 -8 11 -5 -7 -4 -12 30 17 20 -19 23 21 -17 -22 60 27 26 -26 28 -21 -29 31 36 34 -34 35 -33 51 39 -39 -38 44 55 43 -43 48 46 -46 -47 58 -50 -44 52 -2 -53 -36 56 -42 -57 -32 -24 -18 -1
right_child=15 -3 3 4 6 7 9 8 -10 -11 14 -13 -14 -15 -16 16 19 18 -20 24 22 -23 59 -25 25 -27 -28 29 -30 -31 40 32 33 -35 54 -37 37 38 -40 -41 41 42 50 -45 45 47 -48 -49 49 -51 -52 53 -54 -55 -56 57 -58 -59 -60 -61 -62 -63
leaf_value=-0.46268350809766928 -1.8873228375887174 36.932936067127052 -3.780161985669817 2.2029141543425768 -68.204758371270231 13.963415089954029 -61.292762101037169 53.231376558991727 12.719040389620739 -3.5189430401787627 15.791925456157101 32.842866047302884 -5.1308367964396115 -52.210976686219908 -7.6471135742014118 2.4557021129189471 33.470831280972099 -144.2015550925515 3.5714458257501778 -3.7733836207651019 -2.7548440324322128 51.433625989641463 -16.230758227194652 57.488449475097667 14.914386059443158 49.900218402317599 -40.944677603585383 -0.89308450851309795 8.5388586722302779 -9.1054498805952147 -3.3834297026373203 -9.3143844137260956 -136.47429491447679 -17.112007366362075 -17.620860941918998 68.031203567732618 -1.9123783907350498 -9.6291221935928615 -73.049757169087727 3.9303046955165288 13.718329115961859 -0.58270284611988898 -4.7468681814094129 6.4481915998429216 -3.3454199972046101 51.61969912974039 -20.427321275953528 1.0227799217149307 57.475489429249478 3.8700981146822464 3.0265642485310611 -2.5467226957913036 4.4136934836939927 3.8246454376382282 -49.671572527204248 51.220479426963465 -20.867043603618498 16.662663670975462 0.50295239164192207 -48.182034213158403 6.4903332181449418 8.2107513273802724
leaf_weight=6443 9180 41 55 152 22 263 20 121 459 1221 103 239 311 36 175 204 46 21 21 1251 304 20 210 24 101 27 20 2490 900 1601 2676 447 32 41 259 66 24201 1219 77 4023 1016 8380 5075 8180 4234 89 1082 4177 84 451 1675 14490 12870 5940 55 71 88 265 31847 30 110 317
leaf_count=6443 9180 41 55 152 22 263 20 121 459 1221 103 239 311 36 175 204 46 21 21 1251 304 20 210 24 101 27 20 2490 900 1601 2676 447 32 41 259 66 24201 1219 77 4023 1016 8380 5075 8180 4234 89 1082 4177 84 451 1675 14490 12870 5940 55 71 88 265 31847 30 110 317
internal_value=-0.000152993 1.48587 1.33591 4.29415 0.703459 9.86116 -5.6614 12.4939 21.2478 -4.49863 12.7102 20.9677 3.62698 -23.2989 1.06259 -0.0992303 -2.07585 -8.96288 -71.9502 -1.22553 -5.42917 7.03791 -10.5662 20.612 -1.8438 13.8163 5.42151 -2.21726 1.37975 -4.10841 0.00330271 -0.47756 -13.5407 -70.5724 -8.42728 0.749497 -0.314085 -1.62302 -13.4506 -1.07946 0.508489 1.98218 1.23746 2.89047 -0.308604 -2.85628 -6.8254 2.09022 0.387783 12.3782 -2.81774 0.595532 1.79045 -0.694158 -23.3747 14.0281 10.9451 24.0954 0.201616 -20.408 14.6087 -0.0548009
internal_weight=159648 9978 9937 3177 1932 1245 1263 1154 580 1241 669 391 574 91 278 149670 7380 810 42 6570 768 224 544 180 6390 148 121 6242 2151 4091 142290 72900 900 73 827 513 72000 29520 1296 28224 69390 24750 23310 16560 44640 9582 5316 4266 35058 535 6750 42480 22050 20430 314 1440 1104 336 34523 240 156 6760
internal_count=159648 9978 9937 3177 1932 1245 1263 1154 580 1241 669 391 574 91 278 149670 7380 810 42 6570 768 224 544 180 6390 148 121 6242 2151 4091 142290 72900 900 73 827 513 72000 29520 1296 28224 69390 24750 23310 16560 44640 9582 5316 4266 35058 535 6750 42480 22050 20430 314 1440 1104 336 34523 240 156 6760
is_linear=0
shrinkage=0.05


Tree=145
num_leaves=63
num_cat=0
split_feature=10 0 13 11 11 3 12 3 10 15 12 10 12 3 3 14 14 3 3 3 13 2 3 3 3 2 2 3 3 2 2 10 3 11 15 0 13 2 4 10 10 14 3 3 10 3 10 3 14 2 14 3 12 3 3 3 2 11 14 13 12 3
split_gain=9.12688e+06 8.61933e+06 1.85858e+07 2.62389e+07 2.27621e+07 2.19627e+07 2.423e+07 2.54743e+07 2.48856e+07 2.31309e+07 4.74743e+07 2.72072e+07 2.175e+07 3.86404e+07 1.4163e+07 2.65399e+07 2.16725e+07 8.5704e+06 3.78922e+07 7.60921e+07 6.66833e+07 7.37053e+07 1.09939e+08 1.03031e+08 5.72665e+07 1.6854e+08 6.34498e+07 4.44423e+07 5.36251e+07 4.23006e+07 4.96445e+07 4.09508e+07 3.05872e+07 4.08304e+07 7.19838e+07 2.3524e+07 3.35801e+07 8.16135e+07 2.94296e+07 1.48456e+08 2.27872e+07 2.27686e+07 2.0877e+07 1.49841e+07 9.75401e+06 7.58939e+06 5.45383e+06 6.42544e+06 5.41858e+06 2.77279e+07 5.70318e+06 8.7898e+06 7.93855e+06 4.43814e+06 3.3097e+06 9.81559e+06 6.82105e+06 5.96699e+06 5.80096e+06 5.05879e+06 4.51581e+06 2.94744e+06
threshold=1000.2250000000001 2.5000000000000004 1048.5099250971032 4339.9850000000006 3389.3400000000006 202.50000000000003 5657.1778571428576 243.50000000000003 3949.7250000000004 2582.9625619900316 8137.4192857142862 10000.005000000003 5061.3392857142871 223.50000000000003 227.50000000000003 6300.1765000000005 8410.2070000000003 209.50000000000003 246.50000000000003 257.50000000000006 3026.3383415523681 3.5000000000000004 242.50000000000003 238.50000000000003 238.50000000000003 3.5000000000000004 4.5000000000000009 283.50000000000006 277.50000000000006 3.5000000000000004 1.0000000180025095e-35 3041.9700000000007 207.50000000000003 10339.960000000001 1627.9932808793963 75.500000000000014 4154.2107688728292 2.5000000000000004 4.5000000000000009 6998.2500000000009 4500.9750000000013 8249.6408333333366 116.50000000000001 349.50000000000006 5959.0800000000008 182.50000000000003 11999.985000000002 120.50000000000001 9464.6668333333346 1.0000000180025095e-35 8081.3355000000001 214.50000000000003 4224.6857142857143 170.50000000000003 236.50000000000003 239.50000000000003 2.5000000000000004 2249.7450000000003 2253.8066666666668 439.51762562996413 2625.1914285714288 259.50000000000006
decision_type=2 2 2 2 2 2 2 2 2 2 2 2 2 2 2 2 2 2 2 2 2 2 2 2 2 2 2 2 2 2 2 2 2 2 2 2 2 2 2 2 2 2 2 2 2 2 2 2 2 2 2 2 2 2 2 2 2 2 2 2 2 2
left_child=45 2 46 4 12 9 8 -8 -7 11 -11 -5 13 -4 16 -16 -6 32 20 29 24 22 -22 -23 26 -26 -19 28 -21 30 -20 -31 35 34 44 38 41 -38 42 -40 -36 -37 -3 -29 -34 -1 48 -48 50 -50 52 -52 -2 -51 57 -56 61 59 -59 -47 -60 -57
right_child=1 17 3 5 14 6 7 -9 -10 10 -12 -13 -14 -15 15 -17 -18 18 19 27 21 23 -24 -25 25 -27 -28 43 -30 31 -32 -33 33 -35 40 36 37 -39 39 -41 -42 -43 -44 -45 -46 54 47 -49 49 53 51 -53 -54 -55 55 56 -58 58 60 -61 -62 -63
leaf_value=9.2745076973542346 0.46479183897800519 0.0061450801332338222 -21.225018713907762 5.7714163472917352 10.175888688695714 -7.8681318803238014 -24.476847746203926 0.17819857030019273 38.391836537220442 46.865507574981109 3.955295518748013 -40.925366803337553 -43.325874820152926 63.279344455884861 63.970917717673558 0.0083958951632181807 62.148343391021093 3.6745511568984273 -13.812009079539596 1.1134090753546377 -15.98097944580506 -26.309301360474258 -92.223382435783009 40.424333690686659 -1.5543230712238014 20.795685930661953 -4.0268813092784574 -1.1226230003833011 9.0253609378111896 -2.6042123414283425 1.1935845212513454 -17.20876835051736 -7.400904333230371 38.821791737874349 -19.049454841613773 0.04732544389866835 -22.281657618506483 52.258515053573923 -0.89693399197175783 -14.541978171614634 -64.195798852820147 4.0176736585958697 5.8406583815002975 1.6348491625515096 16.122787579475567 -15.83594400208572 -2.3376580920219423 20.801204731499972 -58.898964791794619 -9.8859035199264014 13.258657609881778 -12.647875088482369 -7.5202128322401407 9.356136634580551 -34.350951224038766 -8.8082782279182883 -24.318458654880526 -25.364053071386678 3.9741150064635691 7.6684389009497593 -22.288014151531716 5.2221418751887425
leaf_weight=68 2632 34736 32 377 126 55 169 273 60 105 165 33 23 22 54 23 23 9336 722 9283 213 121 60 109 1828 1565 3747 26610 2783 773 2319 1267 722 41 46 13541 58 97 29281 2138 75 4923 1603 6045 46 28 54 66 23 57 164 40 352 61 42 84 47 50 56 108 22 66
leaf_count=68 2632 34736 32 377 126 55 169 273 60 105 165 33 23 22 54 23 23 9336 722 9283 213 121 60 109 1828 1565 3747 26610 2783 773 2319 1267 722 41 46 13541 58 97 29281 2138 75 4923 1603 6045 46 28 54 66 23 57 164 40 352 61 42 84 47 50 56 108 22 66
internal_value=-0.000192631 0.0224767 2.06768 6.63284 19.795 3.3954 -3.96227 -9.28269 16.3904 9.41918 20.754 1.92245 -3.65156 13.7272 27.7644 45.1103 18.5594 -0.0437549 0.382609 -0.312826 2.42233 -15.4933 -33.013 5.35471 2.97018 8.75757 1.4687 0.345997 2.93888 -6.11046 -2.37244 -11.6788 -0.369881 -9.38429 -11.6486 -0.272718 1.30132 24.402 -0.705256 -1.82589 -47.3296 1.10609 0.263673 -0.612133 -5.97279 -6.30474 0.027971 10.4554 -0.350931 -9.90759 0.074717 8.142 -0.479341 0.0562443 -8.42511 -12.68 -7.90963 -4.53981 -12.2455 2.749 -3.62145 -2.64116
internal_weight=159648 159077 4989 1540 303 1237 557 442 115 680 270 410 77 54 226 77 149 154088 66781 49802 16979 503 273 230 16476 3393 13083 44721 12066 5081 3041 2040 87307 930 889 86377 18619 155 67758 31419 121 18464 36339 32655 768 571 3449 120 3329 141 3188 204 2984 118 503 239 197 264 128 136 78 150
internal_count=159648 159077 4989 1540 303 1237 557 442 115 680 270 410 77 54 226 77 149 154088 66781 49802 16979 503 273 230 16476 3393 13083 44721 12066 5081 3041 2040 87307 930 889 86377 18619 155 67758 31419 121 18464 36339 32655 768 571 3449 120 3329 141 3188 204 2984 118 503 239 197 264 128 136 78 150
is_linear=0
shrinkage=0.05


end of trees

feature_importances:
Column_3=2106
Column_2=1023
Column_10=962
Column_0=790
Column_12=621
Column_13=593
Column_11=565
Column_15=486
Column_14=472
Column_5=385
Column_9=264
Column_7=237
Column_4=184
Column_1=168
Column_8=105
Column_6=91

parameters:
[boosting: gbdt]
[objective: regression]
[metric: l2]
[tree_learner: serial]
[device_type: cpu]
[data_sample_strategy: bagging]
[data: ]
[valid: ]
[num_iterations: 1000]
[learning_rate: 0.05]
[num_leaves: 63]
[num_threads: 4]
[seed: 42]
[deterministic: 0]
[force_col_wise: 0]
[force_row_wise: 0]
[histogram_pool_size: -1]
[max_depth: 7]
[min_data_in_leaf: 20]
[min_sum_hessian_in_leaf: 0.001]
[bagging_fraction: 0.8]
[pos_bagging_fraction: 1]
[neg_bagging_fraction: 1]
[bagging_freq: 0]
[bagging_seed: 400]
[bagging_by_query: 0]
[feature_fraction: 0.8]
[feature_fraction_bynode: 1]
[feature_fraction_seed: 30056]
[extra_trees: 0]
[extra_seed: 12879]
[early_stopping_round: 0]
[early_stopping_min_delta: 0]
[first_metric_only: 0]
[max_delta_step: 0]
[lambda_l1: 0.1]
[lambda_l2: 1]
[linear_lambda: 0]
[min_gain_to_split: 0]
[drop_rate: 0.1]
[max_drop: 50]
[skip_drop: 0.5]
[xgboost_dart_mode: 0]
[uniform_drop: 0]
[drop_seed: 17869]
[top_rate: 0.2]
[other_rate: 0.1]
[min_data_per_group: 100]
[max_cat_threshold: 32]
[cat_l2: 10]
[cat_smooth: 10]
[max_cat_to_onehot: 4]
[top_k: 20]
[monotone_constraints: ]
[monotone_constraints_method: basic]
[monotone_penalty: 0]
[feature_contri: ]
[forcedsplits_filename: ]
[refit_decay_rate: 0.9]
[cegb_tradeoff: 1]
[cegb_penalty_split: 0]
[cegb_penalty_feature_lazy: ]
[cegb_penalty_feature_coupled: ]
[path_smooth: 0]
[interaction_constraints: ]
[verbosity: 1]
[saved_feature_importance_type: 0]
[use_quantized_grad: 0]
[num_grad_quant_bins: 4]
[quant_train_renew_leaf: 0]
[stochastic_rounding: 1]
[linear_tree: 0]
[max_bin: 255]
[max_bin_by_feature: ]
[min_data_in_bin: 3]
[bin_construct_sample_cnt: 200000]
[data_random_seed: 175]
[is_enable_sparse: 1]
[enable_bundle: 1]
[use_missing: 1]
[zero_as_missing: 0]
[feature_pre_filter: 1]
[pre_partition: 0]
[two_round: 0]
[header: 0]
[label_column: ]
[weight_column: ]
[group_column: ]
[ignore_column: ]
[categorical_feature: ]
[forcedbins_filename: ]
[precise_float_parser: 0]
[parser_config_file: ]
[objective_seed: 16083]
[num_class: 1]
[is_unbalance: 0]
[scale_pos_weight: 1]
[sigmoid: 1]
[boost_from_average: 1]
[reg_sqrt: 0]
[alpha: 0.9]
[fair_c: 1]
[poisson_max_delta_step: 0.7]
[tweedie_variance_power: 1.5]
[lambdarank_truncation_level: 30]
[lambdarank_norm: 1]
[label_gain: ]
[lambdarank_position_bias_regularization: 0]
[eval_at: ]
[multi_error_top_k: 1]
[auc_mu_weights: ]
[num_machines: 1]
[local_listen_port: 12400]
[time_out: 120]
[machine_list_filename: ]
[machines: ]
[gpu_platform_id: -1]
[gpu_device_id: -1]
[gpu_device_id_list: ]
[gpu_use_dp: 0]
[num_gpu: 1]

end of parameters

pandas_categorical:null
