tree
version=v4
num_class=1
num_tree_per_iteration=1
label_index=0
max_feature_idx=17
objective=regression
feature_names=Column_0 Column_1 Column_2 Column_3 Column_4 Column_5 Column_6 Column_7 Column_8 Column_9 Column_10 Column_11 Column_12 Column_13 Column_14 Column_15 Column_16 Column_17
feature_infos=[0:95] [0:23] [0:6] [1:366] [1:12] [2020:2024] [0:1] [0:1] [0:3] [0:4] [299.75999999999999:20000] [299.75999999999999:20000] [815.50428571428586:19571.29285714286] [0:8130.2958216402594] [1258.5816666666665:17208.232] [0:7425.3999750084022] [0.10000000000000001:47.600000000000001] [12.800000000000001:43.5]
tree_sizes=5714 5766 5731 5735 5744 5709 5737 5745 5741 5746 5720 5751 5742 5738 5709 5730 5714 5728 5738 5744 5718 5695 5699 5744 5693 5752 5698 5726 5713 5721 5704 5706 5709 5725 5712 5720 5739 5689 5714 5708 5692 5680 5681 5703 5692 5719 5702 5645 5663 5677 5666 5707 5696 5705 5710 5679 5720 5736 5693 5716 5701 5723 5705 5710 5686 5678 5618 5737 5688 5701 5708 5699 5669 5679 5690 5761 5725 5668 5702 5702 5673 5665 5664 5725 5657 5696 5712 5776 5707 5674 5720 5644 5719 5738 5687 5687 5714 5723 5730 5734 5742 5693 5743 5686 5686 5682 5793 5637 5648 5681 5662 5683 5656 5693 5765 5713 5666 5729 5712 5728 5712 5743 5672 5684 5695 5651 5693 5718 5609 5667 5687 5712 5713 5553 5637 5656 5710 5720 5787 5676 5778 5717 5713 5761 5712 5697 5670 5646 5730 5593 5710 5684 5669 5686 5664 5637 5687 5741

Tree=0
num_leaves=63
num_cat=0
split_feature=10 10 10 10 10 10 10 2 2 2 2 0 2 2 12 12 12 10 2 0 2 12 10 10 2 17 9 13 13 12 0 3 17 0 17 12 10 3 10 10 16 10 3 2 10 2 7 12 3 10 12 15 0 12 7 3 3 10 16 2 13 0
split_gain=8.70702e+11 1.10863e+11 6.25723e+10 2.51122e+10 1.77648e+10 1.76892e+10 1.48129e+10 1.08263e+10 5.899e+09 5.11587e+09 4.55246e+09 3.77305e+09 3.62644e+09 3.37755e+09 3.34511e+09 2.80891e+09 2.53595e+09 2.42453e+09 2.08374e+09 2.17359e+09 1.9705e+09 1.56984e+09 1.52661e+09 1.38413e+09 1.35492e+09 1.35483e+09 1.30603e+09 1.05581e+09 1.01456e+09 1.01369e+09 9.44557e+08 9.35301e+08 9.22118e+08 9.1244e+08 8.41239e+08 8.0885e+08 7.88775e+08 7.62096e+08 7.48902e+08 7.22245e+08 7.1231e+08 6.86925e+08 1.4794e+09 6.82747e+08 6.76851e+08 6.03267e+08 5.74161e+08 5.72421e+08 5.72406e+08 5.70555e+08 5.24949e+08 5.24662e+08 5.11475e+08 5.99257e+08 4.63753e+08 4.53121e+08 8.15468e+08 4.37647e+08 4.12902e+08 4.01621e+08 3.97395e+08 3.79499e+08
threshold=6070.9050000000007 3648.6000000000008 11194.045000000002 8000.005000000001 2800.3350000000005 4510.9300000000012 14498.490000000002 5.5000000000000009 5.5000000000000009 1.0000000180025095e-35 5.5000000000000009 37.500000000000007 5.5000000000000009 5.5000000000000009 3353.7928571428579 5452.9021428571441 2401.3914285714286 5300.0700000000006 1.0000000180025095e-35 27.500000000000004 1.0000000180025095e-35 9999.9900000000016 17561.605000000003 9999.3950000000023 5.5000000000000009 33.45000000000001 1.5000000000000002 1473.9078922695489 3363.3826892669381 4562.3414285714289 43.500000000000007 84.500000000000014 30.950000000000003 28.500000000000004 30.950000000000003 6808.1014285714291 4089.8550000000005 238.50000000000003 2097.1100000000006 9999.3950000000023 28.550000000000004 12000.005000000003 285.50000000000006 1.0000000180025095e-35 3169.3800000000006 1.0000000180025095e-35 1.0000000180025095e-35 2916.9471428571437 86.500000000000014 9500.9950000000008 5583.3442857142863 2787.8125585230523 31.500000000000004 11278.642857142859 1.0000000180025095e-35 128.50000000000003 150.50000000000003 10000.005000000003 35.750000000000007 5.5000000000000009 1326.9377969815539 31.500000000000004
decision_type=2 2 2 2 2 2 2 2 2 2 2 2 2 2 2 2 2 2 2 2 2 2 2 2 2 2 2 2 2 2 2 2 2 2 2 2 2 2 2 2 2 2 2 2 2 2 2 2 2 2 2 2 2 2 2 2 2 2 2 2 2 2
left_child=1 4 3 10 16 15 8 21 41 11 18 -7 17 22 44 24 38 -11 19 -2 33 23 31 54 36 30 49 -13 -23 59 -10 -8 48 -17 -15 -20 -3 -33 -1 -28 -35 55 -43 -30 -6 58 -37 -18 -24 -9 -19 -21 -36 -54 -5 -4 -57 -25 -31 -16 -51 -14
right_child=2 5 6 7 14 9 13 26 25 12 -12 27 61 34 29 20 47 50 35 51 -22 28 32 57 -26 -27 39 -29 43 45 -32 37 -34 40 52 46 -38 -39 -40 -41 -42 42 -44 -45 -46 -47 -48 -49 -50 60 -52 -53 53 -55 -56 56 -58 -59 -60 -61 -62 -63
leaf_value=4398.3054173284081 4612.066883482039 4501.3827766789536 4885.0915630359059 4740.6183460508955 4447.4868449945834 4571.8640781394424 5165.484572872233 4636.18683682348 4788.0724997776106 4557.9306133135588 4560.1750614579942 4636.0452856071743 4539.525714523239 4728.8522593408652 4479.058618079197 4518.8153146959976 4427.5360653087282 4587.7913549446357 4640.9478810680957 4774.492551347219 4527.5537738615067 4794.3254247479808 5155.706064287263 4773.7284779319907 4474.5952067382323 4842.5251985472096 4564.4277467613229 4733.6059144044102 5038.2492322216922 4523.9689849202241 4667.4897422272579 4893.0892623551399 5201.9512408509172 4598.3010421439094 5080.269624445491 4684.1311294481502 4522.7815868819107 5038.8688603473838 4416.8881438781909 4650.6830019084109 4696.7239171860601 4967.3920416930114 4749.0858429075361 4849.4168825182105 4463.3759219288586 4490.9322933339627 4568.2682795002847 4446.672208433266 4963.9232334841754 4751.3997923820389 4618.3633331354504 4912.9342417326407 4688.0727046181046 4940.8855655195666 4636.2690992954931 4701.0503587997473 4859.0348589753612 4817.6776367737639 4604.0347303005647 4453.3421541486305 4687.2538614989044 4500.2375471663472
leaf_weight=10488 227 11215 2897 2841 17895 984 100 283 252 7937 1177 414 918 72 13051 191 21505 3411 3454 479 1844 4247 82 5608 3259 266 334 865 62 826 471 154 324 426 48 2315 6991 278 11398 898 326 492 96 280 10769 1683 113 4812 104 467 2402 84 33 99 114 90 1525 670 199 1722 537 1856
leaf_count=10488 227 11215 2897 2841 17895 984 100 283 252 7937 1177 414 918 72 13051 191 21505 3411 3454 479 1844 4247 82 5608 3259 266 334 865 62 826 471 154 324 426 48 2315 6991 278 11398 898 326 492 96 280 10769 1683 113 4812 104 467 2402 84 33 99 114 90 1525 670 199 1722 537 1856
internal_value=4526.54 4472.13 4763.31 4724.4 4441.79 4538.63 4890.72 4759.71 4857.96 4575.05 4650.87 4645.54 4565.38 5044.51 4463.97 4510.41 4420.56 4575.91 4666.86 4743.18 4557.63 4777.09 5084.49 4765.1 4504.28 4745.8 4664.29 4702.14 4801.16 4481.21 4709.82 5022.39 5148.17 4616.38 4877.64 4656.58 4509.6 4987.87 4407.98 4627.35 4641.14 4879.66 4932.19 4885.04 4453.45 4509.34 4678.76 4431.03 5051.39 4699.55 4600.44 4795.8 4935.71 4879.37 4736.63 4872.73 4850.34 4778.46 4539.57 4476.06 4717.28 4513.24
internal_weight=168960 137387 31573 24190 94348 43039 7383 16341 6089 18787 7849 2263 16524 1294 46145 24252 48203 13750 6672 790 2787 13822 1042 9233 21465 989 2519 1279 4589 17481 723 532 510 943 252 5882 18206 432 21886 1232 752 5100 588 342 28664 2708 2428 26317 186 1287 5813 563 180 132 2955 4512 1615 6278 1025 14773 1004 2774
internal_count=168960 137387 31573 24190 94348 43039 7383 16341 6089 18787 7849 2263 16524 1294 46145 24252 48203 13750 6672 790 2787 13822 1042 9233 21465 989 2519 1279 4589 17481 723 532 510 943 252 5882 18206 432 21886 1232 752 5100 588 342 28664 2708 2428 26317 186 1287 5813 563 180 132 2955 4512 1615 6278 1025 14773 1004 2774
is_linear=0
shrinkage=1


Tree=1
num_leaves=63
num_cat=0
split_feature=10 10 10 10 10 10 10 2 2 2 2 12 12 12 2 12 2 2 2 0 12 10 2 10 17 13 0 10 0 0 13 10 12 2 10 17 17 0 10 12 2 10 2 12 17 10 7 15 7 4 7 12 10 12 7 2 2 10 12 0 2 2
split_gain=7.85903e+11 1.00094e+11 5.64992e+10 2.26643e+10 1.83454e+10 1.35354e+10 1.33927e+10 9.76961e+09 5.32205e+09 4.10998e+09 4.10911e+09 3.27115e+09 3.11972e+09 3.0657e+09 3.04475e+09 2.85563e+09 2.21251e+09 2.14127e+09 1.88254e+09 1.96251e+09 1.4174e+09 1.3784e+09 1.29084e+09 1.2491e+09 1.22394e+09 1.18478e+09 1.12818e+09 1.0172e+09 9.83078e+08 9.21322e+08 9.18235e+08 8.85306e+08 8.46847e+08 8.46632e+08 8.43351e+08 8.33129e+08 7.80898e+08 7.72641e+08 7.48517e+08 7.30087e+08 6.63198e+08 6.21047e+08 6.18724e+08 6.00077e+08 5.50529e+08 5.38709e+08 5.18037e+08 4.75028e+08 4.64055e+08 4.39278e+08 4.18151e+08 4.10116e+08 3.95366e+08 3.90769e+08 5.31899e+08 3.7482e+08 3.67823e+08 3.57522e+08 3.54382e+08 3.47148e+08 3.38027e+08 3.35436e+08
threshold=6070.9050000000007 3750.3350000000005 11194.045000000002 8000.005000000001 2898.3050000000007 4750.5750000000007 14498.490000000002 5.5000000000000009 5.5000000000000009 5.5000000000000009 5.5000000000000009 6500.8242857142868 3499.3814285714293 5452.9021428571441 5.5000000000000009 2445.0735714285715 1.0000000180025095e-35 1.0000000180025095e-35 1.0000000180025095e-35 27.500000000000004 9999.9900000000016 17561.605000000003 5.5000000000000009 9999.3950000000023 33.250000000000007 127.05395150310446 29.500000000000004 5380.0250000000005 26.500000000000004 28.500000000000004 3363.3826892669381 4240.8850000000011 4898.0664285714292 2.5000000000000004 2155.2350000000001 31.150000000000002 29.850000000000005 41.500000000000007 3250.0450000000005 6808.1014285714291 1.0000000180025095e-35 12000.005000000003 1.0000000180025095e-35 2992.7707142857148 34.650000000000013 9999.3950000000023 1.0000000180025095e-35 2787.8125585230523 1.0000000180025095e-35 3.5000000000000004 1.0000000180025095e-35 8786.0628571428588 10000.005000000003 11278.642857142859 1.0000000180025095e-35 5.5000000000000009 5.5000000000000009 6972.2100000000009 10661.440714285716 31.500000000000004 4.5000000000000009 5.5000000000000009
decision_type=2 2 2 2 2 2 2 2 2 2 2 2 2 2 2 2 2 2 2 2 2 2 2 2 2 2 2 2 2 2 2 2 2 2 2 2 2 2 2 2 2 2 2 2 2 2 2 2 2 2 2 2 2 2 2 2 2 2 2 2 2 2
left_child=1 4 3 10 15 13 8 20 41 11 18 27 38 22 21 34 29 26 19 -2 23 33 31 50 37 -9 -13 -7 -27 -15 -22 -3 55 44 -1 49 -16 -10 -6 57 59 53 -32 -17 -8 -30 -41 -21 -43 -23 -5 -31 -25 54 -4 -14 -40 -20 -38 -34 -35 -18
right_child=2 5 6 7 12 9 14 25 24 -11 -12 17 32 16 36 43 61 -19 39 47 30 35 -24 52 -26 28 -28 -29 45 51 42 -33 40 60 -36 -37 58 -39 56 46 -42 48 -44 -45 -46 -47 -48 -49 -50 -51 -52 -53 -54 -55 -56 -57 -58 -59 -60 -61 -62 -63
leaf_value=-120.50260328988352 81.270204255957367 -18.789978231757292 317.66432227287169 203.37910935915079 -71.2387439115994 34.3077596929839 419.22878975378217 193.01622483736074 246.72428972678847 -9.7826852786671097 31.955645285575624 60.341822668647765 -38.84862291199515 3.9161103774205737 132.84674779581471 -91.279973500393012 16.817339099152985 78.964873800096768 93.319886294140531 235.58165942891438 254.40022548855137 588.1309256479999 -45.252300808701143 234.83216538313133 296.63073644846992 175.18847288605355 193.93567358659189 66.268923268889651 49.532265271024102 99.654576455205685 486.53080708821619 4.8223439640226538 -42.262111658438663 570.29508875080955 -101.93042633677136 647.03030370598606 229.44705734997262 135.22778942609236 -51.056873872720594 149.71588267739367 -30.021297801820214 397.4699889948065 306.79139485654457 -72.341690453444372 168.38927471705847 113.53254056080046 39.661076893471837 367.30272811351108 210.14678092050553 427.77394439281119 104.29126380522355 182.28442073824419 276.60335471515685 343.41992672666663 188.9762080597348 -65.647910195549414 -74.904697944684344 125.74226807006346 405.46139464975101 40.060616135275133 451.40287295896616 -34.69728616735965
leaf_weight=12200 227 10976 2032 2841 17744 5763 180 589 236 2330 1177 199 11609 218 42 23340 1901 2285 1820 479 4247 100 3110 5608 282 465 789 4388 503 647 62 6218 155 192 12393 301 40 471 9876 2315 1414 549 280 5127 27 962 113 84 39 109 114 198 670 2391 89 1472 1940 1634 170 717 133 378
leaf_count=12200 227 10976 2032 2841 17744 5763 180 589 236 2330 1177 199 11609 218 42 23340 1901 2285 1820 479 4247 100 3110 5608 282 465 789 4388 503 647 62 6218 155 192 12393 301 40 471 9876 2315 1414 549 280 5127 27 962 113 84 39 109 114 198 670 2391 89 1472 1940 1634 170 717 133 378
internal_value=0.00312989 -51.6921 224.945 187.979 -78.7542 15.611 346.019 221.523 314.867 51.5133 118.122 62.1524 -55.2406 -8.30983 492.25 -98.6621 36.0588 105.617 133.316 205.853 238.033 530.211 -15.6142 226.638 208.331 130.878 167.116 48.1289 111.825 95.5906 260.905 -10.2511 -36.9626 471.201 -111.148 590.723 333.809 172.742 -64.7411 123.54 -8.88041 335.482 340.699 -87.8718 387.477 91.6072 144.612 255.851 385.423 506.935 199.593 119.209 239.333 328.89 312.356 -41.8691 -54.9783 108.69 373.181 25.3959 523.175 8.26154
internal_weight=168960 137387 31573 24190 97987 39400 7383 16341 6089 15754 7849 13424 44927 23646 1294 53060 3342 3273 6672 790 13822 1042 20304 9233 989 2519 988 10151 1930 1063 4589 17194 15367 532 24593 510 252 707 29560 5882 2286 5100 342 28467 207 1465 2428 563 588 209 2955 845 6278 4512 2121 13081 11816 3454 210 872 325 2279
internal_count=168960 137387 31573 24190 97987 39400 7383 16341 6089 15754 7849 13424 44927 23646 1294 53060 3342 3273 6672 790 13822 1042 20304 9233 989 2519 988 10151 1930 1063 4589 17194 15367 532 24593 510 252 707 29560 5882 2286 5100 342 28467 207 1465 2428 563 588 209 2955 845 6278 4512 2121 13081 11816 3454 210 872 325 2279
is_linear=0
shrinkage=0.05


Tree=2
num_leaves=63
num_cat=0
split_feature=10 10 10 10 10 10 10 2 2 2 2 1 2 2 2 10 2 10 1 10 1 13 10 2 17 9 13 13 10 10 13 3 3 1 17 10 2 9 15 2 16 2 2 10 3 3 11 10 16 11 3 13 17 14 3 3 1 11 3 16 9 13
split_gain=7.09361e+11 9.04333e+10 5.1014e+10 2.04753e+10 1.44993e+10 1.4457e+10 1.21068e+10 8.44758e+09 4.80154e+09 4.23845e+09 4.18245e+09 3.13993e+09 2.94138e+09 2.74798e+09 2.20494e+09 2.19325e+09 2.08461e+09 2.00609e+09 1.96167e+09 1.85699e+09 1.48475e+09 1.38394e+09 1.24422e+09 1.157e+09 1.10924e+09 1.10897e+09 1.03411e+09 9.76201e+08 8.90438e+08 8.84758e+08 8.62516e+08 8.31579e+08 1.1242e+09 7.75934e+08 7.53228e+08 7.53039e+08 7.35974e+08 7.31331e+08 7.19912e+08 6.6645e+08 5.8602e+08 5.77249e+08 5.76134e+08 5.61435e+08 1.31983e+09 5.5599e+08 5.51313e+08 5.24187e+08 5.17944e+08 4.78095e+08 4.7773e+08 4.52168e+08 4.24211e+08 4.09821e+08 4.01572e+08 7.41194e+08 3.91911e+08 3.87239e+08 3.71285e+08 3.5598e+08 3.46131e+08 3.43694e+08
threshold=6070.9050000000007 3648.6000000000008 11194.045000000002 8000.7650000000012 2800.3350000000005 4510.9300000000012 14498.490000000002 5.5000000000000009 5.5000000000000009 1.0000000180025095e-35 5.5000000000000009 8.5000000000000018 5.5000000000000009 5.5000000000000009 1.0000000180025095e-35 3243.0950000000007 1.0000000180025095e-35 5380.0250000000005 5.5000000000000009 2349.5650000000005 7.5000000000000009 1353.8137087174484 17561.605000000003 5.5000000000000009 33.45000000000001 1.5000000000000002 3363.3826892669381 1256.7222824155356 9999.3950000000023 7400.545000000001 1473.9078922695489 86.500000000000014 88.500000000000014 10.500000000000002 30.950000000000003 4100.7250000000013 4.5000000000000009 1.0000000180025095e-35 2787.8125585230523 1.0000000180025095e-35 28.450000000000003 1.0000000180025095e-35 5.5000000000000009 12000.005000000003 285.50000000000006 287.50000000000006 3500.6650000000004 9999.3950000000023 34.750000000000007 2855.3400000000006 86.500000000000014 1473.9078922695489 30.350000000000005 8097.1366666666672 128.50000000000003 150.50000000000003 18.500000000000004 2900.1650000000004 282.50000000000006 31.850000000000005 1.0000000180025095e-35 1643.3323292609052
decision_type=2 2 2 2 2 2 2 2 2 2 2 2 2 2 2 2 2 2 2 2 2 2 2 2 2 2 2 2 2 2 2 2 2 2 2 2 2 2 2 2 2 2 2 2 2 2 2 2 2 2 2 2 2 2 2 2 2 2 2 2 2 2
left_child=1 4 3 10 19 14 8 26 43 11 16 -7 17 22 20 46 18 -11 -2 49 -3 -22 31 35 33 51 28 42 39 61 -13 -8 -33 -10 50 -16 45 58 -20 -5 -23 48 -17 54 -45 -28 -6 -27 -29 -1 -24 -9 -39 -19 -4 -56 -54 -21 -15 -49 -14 -18
right_child=2 5 6 7 15 9 13 25 24 12 -12 30 60 37 23 27 29 53 38 57 21 40 34 -25 -26 47 36 41 -30 -31 -32 32 -34 -35 -36 -37 -38 52 -40 -41 -42 -43 -44 44 -46 -47 -48 59 -50 -51 -52 -53 56 -55 55 -57 -58 -59 -60 -61 -62 -63
leaf_value=-109.9695201977521 62.242450106123215 -19.941946056913338 324.05071280524839 263.31236189608876 -70.155468838935903 39.115999780672851 563.90510666253999 192.84749578839018 236.31838862573673 29.276744168063544 31.553959293061766 100.30052387070548 17.17294365811571 339.47727105712897 -23.214885292688539 -44.01447043824939 97.827471273292758 62.201138036443801 220.18239732537833 -90.106549232318372 21.232905382668875 62.543882694023104 569.03543986492855 -46.322572650094727 285.47004008889644 34.599144382285431 360.52802706979725 6.561974959086851 232.63849482624283 150.02841863705382 187.01354672624859 192.99343773443047 443.18022631766775 127.03424704169822 609.94864656278173 -1.8007554509008288 121.97285465637843 124.25255046438663 363.28822972615563 191.0080954283975 156.94587067143172 -26.809794750294238 -68.893466068241182 399.42083155943465 193.60361016971549 151.50633424416569 -52.296876673204203 81.328826718200446 121.83535441079871 -89.644564353813593 394.15645826357888 131.72962765516326 232.07957885928272 99.252280753012101 149.52199450817739 299.73980041763889 417.85275931396495 -75.557426406703257 582.72192101680878 144.77009771004353 -22.607309833198979 126.5224154253514
leaf_weight=17936 193 1199 2897 375 19963 956 126 569 252 8385 1255 433 748 44 10867 16246 2827 4465 568 20864 1346 333 82 3581 266 298 291 365 10069 1817 874 54 352 471 324 6598 47 46 107 2473 328 1182 2720 492 96 38 5537 476 132 3488 104 676 81 900 90 1525 49 5915 32 422 2026 1689
leaf_count=17936 193 1199 2897 375 19963 956 126 569 252 8385 1255 433 748 44 10867 16246 2827 4465 568 20864 1346 333 82 3581 266 298 291 365 10069 1817 874 54 352 471 324 6598 47 46 107 2473 328 1182 2720 492 96 38 5537 476 132 3488 104 676 81 900 90 1525 49 5915 32 422 2026 1689
internal_value=0.0058176 -49.1075 213.713 178.587 -76.5057 10.9539 328.76 212.313 299.141 43.8775 115.816 108.039 35.0844 467.793 -14.5514 -56.4703 130.495 44.559 203.215 -95.6843 24.0709 50.3613 503.857 -20.4357 197.949 126.733 228.018 -44.3511 225.594 120.497 158.385 447.792 410.46 165.399 561.35 -15.1255 310.445 317.27 243.371 200.618 109.554 -7.80369 -47.5859 318.722 366.204 336.918 -66.2799 92.2112 37.361 -106.665 473.884 159.795 258.548 68.434 312.455 291.466 304.757 -86.8959 448.134 111.27 -11.8784 108.585
internal_weight=168960 137387 31573 24190 94348 43039 7383 15734 6089 18787 8456 2263 16524 1294 24252 46145 7201 13750 868 48203 3206 2007 1042 21046 989 2441 13293 20645 12917 6333 1307 532 406 723 510 17465 376 252 675 2848 661 1679 18966 5100 588 329 25500 1196 497 21424 186 1245 176 5365 4512 1615 130 26779 76 898 2774 4516
internal_count=168960 137387 31573 24190 94348 43039 7383 15734 6089 18787 8456 2263 16524 1294 24252 46145 7201 13750 868 48203 3206 2007 1042 21046 989 2441 13293 20645 12917 6333 1307 532 406 723 510 17465 376 252 675 2848 661 1679 18966 5100 588 329 25500 1196 497 21424 186 1245 176 5365 4512 1615 130 26779 76 898 2774 4516
is_linear=0
shrinkage=0.05


Tree=3
num_leaves=63
num_cat=0
split_feature=10 10 10 10 10 10 10 2 2 2 2 2 2 0 10 2 11 13 2 0 2 10 0 10 10 9 17 10 2 10 3 3 9 11 17 13 9 15 2 0 11 7 3 3 10 10 3 11 11 13 17 13 10 5 0 3 7 3 3 3 7 3
split_gain=6.40451e+11 8.72761e+10 4.2585e+10 1.54198e+10 1.53118e+10 1.22753e+10 1.0481e+10 7.48913e+09 3.94732e+09 3.91903e+09 3.44715e+09 2.69488e+09 2.54613e+09 2.70368e+09 2.51898e+09 2.47416e+09 1.91496e+09 1.8172e+09 1.70051e+09 1.72135e+09 1.26229e+09 1.18844e+09 1.15378e+09 1.12379e+09 1.07999e+09 9.51375e+08 9.2437e+08 9.10655e+08 8.13125e+08 8.11723e+08 7.52086e+08 1.01354e+09 7.48395e+08 7.31786e+08 6.84233e+08 6.76753e+08 6.62887e+08 6.05508e+08 5.84205e+08 5.09689e+08 5.09666e+08 4.92237e+08 6.037e+08 4.86394e+08 4.70308e+08 4.54623e+08 1.19038e+09 4.53227e+08 4.2378e+08 4.20112e+08 3.83358e+08 3.80442e+08 3.71699e+08 3.60328e+08 3.54855e+08 3.36665e+08 3.21737e+08 3.13779e+08 6.84518e+08 3.12215e+08 3.0636e+08 2.94699e+08
threshold=6399.8900000000003 3774.5750000000003 11999.985000000002 8300.0150000000012 2946.4850000000001 4900.7350000000006 14498.490000000002 5.5000000000000009 5.5000000000000009 5.5000000000000009 5.5000000000000009 1.0000000180025095e-35 1.0000000180025095e-35 30.500000000000004 2469.5850000000005 5.5000000000000009 3421.9450000000002 1311.3167133231598 1.0000000180025095e-35 23.500000000000004 5.5000000000000009 4381.880000000001 28.500000000000004 17561.605000000003 5380.0250000000005 2.5000000000000004 33.45000000000001 10000.005000000003 1.0000000180025095e-35 7400.545000000001 86.500000000000014 88.500000000000014 1.5000000000000002 5010.9350000000004 31.450000000000003 1311.3167133231598 1.0000000180025095e-35 2787.8125585230523 5.5000000000000009 24.500000000000004 2106.8600000000006 1.0000000180025095e-35 285.50000000000006 86.500000000000014 3389.3250000000003 12000.005000000003 285.50000000000006 5468.9300000000012 2900.1650000000004 1.0000000180025095e-35 30.350000000000005 1530.0022630092851 3463.7200000000007 2021.5000000000002 75.500000000000014 282.50000000000006 1.0000000180025095e-35 128.50000000000003 150.50000000000003 276.50000000000006 1.0000000180025095e-35 140.50000000000003
decision_type=2 2 2 2 2 2 2 2 2 2 2 2 2 2 2 2 2 2 2 2 2 2 2 2 2 2 2 2 2 2 2 2 2 2 2 2 2 2 2 2 2 2 2 2 2 2 2 2 2 2 2 2 2 2 2 2 2 2 2 2 2 2
left_child=1 4 3 9 14 11 8 27 45 18 12 17 13 -7 40 23 38 39 19 -2 21 -13 -19 30 -14 51 32 41 33 56 -8 -32 61 -18 43 -15 55 -21 44 -3 -1 47 -43 -25 -6 57 59 -5 -16 -27 -38 -9 -30 -26 -52 -17 -20 -4 -59 -47 -31 -10
right_child=2 5 6 7 16 10 15 25 26 -11 -12 20 24 35 48 36 28 22 29 37 -22 -23 -24 34 53 49 -28 -29 52 60 31 -33 -34 -35 -36 -37 50 -39 -40 -41 -42 42 -44 -45 -46 46 -48 -49 -50 -51 54 -53 -54 -55 -56 -57 -58 58 -60 -61 -62 -63
leaf_value=-107.97743921335658 69.405484974422151 -29.124883007179449 309.43823386264199 194.76481620134166 -58.729164565218724 38.658986047691229 535.93185438261253 180.5856342508898 256.00809544110064 33.869352622700553 -5.8721651357848605 -15.070985193132481 35.633947123983653 102.14197874322294 -81.855007376070205 322.8806125496759 -27.633740305829974 -0.96363513485133212 112.25925323375382 218.9611883299801 -37.74093985459794 12.0544010043059 116.0890993024407 545.96726198570752 43.55977297862492 151.18401445491133 272.25556669995302 258.8325397745387 -49.109179565175864 151.27282982148495 183.51921097356623 421.0839878533987 115.24213367374369 24.484061060980203 588.76198991383217 189.9819909941061 118.1721060716345 352.08067990338367 -73.673685911671555 25.47740339043845 -93.70762568715638 184.28066195004007 4.6106709411908993 388.19732610887104 -41.185733669143239 351.11322900744926 184.02322220084596 221.70974844005286 -68.865068810929159 72.347658221197349 220.61711141446744 126.20737965626161 -33.39788231619147 73.135263645626296 397.3779571289063 554.46873609138265 38.091357107593169 138.97586636565453 287.74922707881717 446.48928567526218 58.24449556170012 144.08685978396909
leaf_weight=9785 188 599 2772 1970 13650 676 126 612 201 1169 2185 11743 4925 308 19172 44 2937 277 3476 497 3723 6153 876 106 1308 211 265 1333 7827 2166 54 352 386 873 281 798 46 107 4611 1485 17726 467 52 123 5322 350 96 9272 9414 863 81 711 7277 4943 49 32 154 85 1344 142 94 90
leaf_count=9785 188 599 2772 1970 13650 676 126 612 201 1169 2185 11743 4925 308 19172 44 2937 277 3476 497 3723 6153 876 106 1308 211 265 1333 7827 2166 54 352 386 873 281 798 46 107 4611 1485 17726 467 52 123 5322 350 96 9272 9414 863 81 711 7277 4943 49 32 154 85 1344 142 94 90
internal_value=0.00836864 -45.559 207.97 175.473 -70.8312 16.7349 315.906 204.408 286.781 118.363 52.2204 -4.8852 62.0158 117.515 -87.9816 444.576 -48.1908 37.655 133.137 201.999 -11.2562 -5.74459 87.9915 478.797 53.1568 123.068 192.836 219.287 -36.3355 123.845 425.515 390.015 161.393 -15.6885 533.436 165.635 301.742 243.087 -57.697 9.77673 -98.7868 214.784 166.323 463.282 -53.8103 305.216 347.944 217.006 -77.5797 87.9622 245.84 151.479 -41.5423 66.9547 289.767 426.326 109.124 299.154 279.003 379.49 147.431 222.005
internal_weight=168960 138593 30367 23342 98594 39999 7025 15491 5731 7851 15143 24856 12958 1782 56097 1294 42497 3237 6682 792 21619 17896 1153 1042 11176 2397 942 13094 18914 5890 532 406 677 3810 510 1106 252 604 23583 2084 27511 11761 519 229 18972 4789 588 11242 28586 1074 176 1323 15104 6251 130 76 3630 4201 1429 492 2260 291
internal_count=168960 138593 30367 23342 98594 39999 7025 15491 5731 7851 15143 24856 12958 1782 56097 1294 42497 3237 6682 792 21619 17896 1153 1042 11176 2397 942 13094 18914 5890 532 406 677 3810 510 1106 252 604 23583 2084 27511 11761 519 229 18972 4789 588 11242 28586 1074 176 1323 15104 6251 130 76 3630 4201 1429 492 2260 291
is_linear=0
shrinkage=0.05


Tree=4
num_leaves=63
num_cat=0
split_feature=10 10 10 10 12 10 10 2 2 2 2 0 10 2 2 12 12 12 10 2 12 2 13 10 10 10 10 0 0 2 13 13 2 11 9 17 12 9 12 10 2 17 10 17 12 12 9 10 0 12 10 17 12 2 0 2 0 4 12 0 10 17
split_gain=5.782e+11 7.13083e+10 4.31715e+10 1.7568e+10 1.1956e+10 1.10992e+10 1.05495e+10 6.50476e+09 4.61212e+09 3.50044e+09 3.1923e+09 2.59328e+09 2.24971e+09 2.23093e+09 2.22763e+09 2.10393e+09 2.04402e+09 1.60786e+09 1.42079e+09 1.39306e+09 1.17737e+09 1.15784e+09 1.08452e+09 1.01507e+09 1.01096e+09 8.81143e+08 7.88967e+08 7.76572e+08 7.42962e+08 6.90358e+08 6.88986e+08 6.74747e+08 6.54985e+08 6.95502e+08 6.47952e+08 6.19355e+08 6.07398e+08 6.00848e+08 5.42919e+08 5.28817e+08 5.25025e+08 4.99725e+08 4.93945e+08 4.66056e+08 4.59464e+08 4.1841e+08 4.1228e+08 4.05053e+08 3.82946e+08 3.71883e+08 3.56543e+08 3.46439e+08 3.45294e+08 3.33588e+08 3.3257e+08 3.31004e+08 3.10593e+08 3.05273e+08 2.74808e+08 2.72094e+08 2.70117e+08 2.68564e+08
threshold=6000.8350000000009 3648.6000000000008 10421.575000000003 8000.005000000001 2862.6807142857147 4510.9300000000012 14498.490000000002 5.5000000000000009 5.5000000000000009 1.0000000180025095e-35 5.5000000000000009 37.500000000000007 2398.5400000000004 5.5000000000000009 5.5000000000000009 3658.9464285714289 4661.4157142857157 6912.5542857142864 5175.6800000000012 1.0000000180025095e-35 9999.9900000000016 1.0000000180025095e-35 1283.9562196133832 17561.605000000003 9999.3950000000023 8866.5700000000015 3099.9650000000006 26.500000000000004 30.500000000000004 5.5000000000000009 3363.3826892669381 1473.9078922695489 2.5000000000000004 12000.005000000003 2.5000000000000004 31.050000000000004 8786.0628571428588 1.0000000180025095e-35 6210.8935714285735 12000.005000000003 1.0000000180025095e-35 32.250000000000007 2721.6950000000002 34.650000000000013 5583.3442857142863 11472.934285714287 2.5000000000000004 4007.8100000000009 26.500000000000004 2068.388571428572 6972.2100000000009 30.350000000000005 11278.642857142859 5.5000000000000009 80.500000000000014 5.5000000000000009 31.500000000000004 9.5000000000000018 5032.6292857142871 26.500000000000004 5013.1600000000008 36.45000000000001
decision_type=2 2 2 2 2 2 2 2 2 2 2 2 2 2 2 2 2 2 2 2 2 2 2 2 2 2 2 2 2 2 2 2 2 2 2 2 2 2 2 2 2 2 2 2 2 2 2 2 2 2 2 2 2 2 2 2 2 2 2 2 2 2
left_child=1 4 3 10 12 16 8 20 39 11 17 59 49 18 23 26 29 50 58 28 25 27 -10 32 48 -5 -6 -19 -18 47 -22 -13 43 -34 -26 -25 -30 57 -17 45 -32 -24 -14 -8 -20 -4 -40 -3 -9 -1 -2 -39 -53 -21 -36 -28 -15 -16 -11 -7 -33 -41
right_child=2 5 6 7 15 9 14 24 22 13 -12 31 42 56 37 38 19 21 44 53 30 -23 41 35 34 -27 55 -29 36 -31 40 60 33 -35 54 -37 -38 51 46 61 -42 -43 -44 -45 -46 -47 -48 -49 -50 -51 -52 52 -54 -55 -56 -57 -58 -59 -60 -61 -62 -63
leaf_value=-106.56243963425908 78.912138154922388 -24.157810589464901 266.01139109545892 158.73985119264003 -64.008943784811919 18.741627988704035 360.01730659084427 127.53721090866746 242.30709273479897 15.95662160170434 26.155711823923561 91.489572571998693 -81.670662410334728 12.882360188920224 307.09533163113065 -33.57123876495983 -8.2575029691825765 75.702377976190476 45.293603979720103 3.8802483225508917 218.60849195816482 124.20129460648467 106.90782289086692 430.84607037539411 161.10018955218322 199.44576039119573 -45.546012345327256 226.51824972465636 58.25545827026022 -43.494121382412366 438.21263994637184 137.48781508768718 500.46563131510413 334.18089948467184 75.260587795130661 552.87629202924461 163.88454210026251 112.38921702608148 -17.49328276677025 339.47796684961855 262.93891403555284 198.22109977380327 -68.34471478091487 130.79441267830984 73.181771628089962 296.28515723591698 53.96874925718339 -7.9329156965942778 39.224147321106187 -92.811268877012935 108.68398902591487 110.9159964976992 317.18055813789374 -35.025456711164871 141.84037835422731 -64.542418427876072 -23.235595111421652 527.58540275804933 36.564442885745287 77.832505082453011 195.4561923962041 189.45368818128432
leaf_weight=7770 2339 8762 2862 1660 15789 690 180 162 356 4524 1268 409 17972 890 44 9416 378 104 3823 3468 4151 2438 496 196 961 7257 14588 511 1048 2927 58 374 224 101 510 314 156 46 581 552 202 218 11429 27 2416 2144 308 6859 504 13766 1792 27 103 654 301 2729 1793 32 2520 271 474 36
leaf_count=7770 2339 8762 2862 1660 15789 690 180 162 356 4524 1268 409 17972 890 44 9416 378 104 3823 3468 4151 2438 496 196 961 7257 14588 511 1048 2927 58 374 224 101 510 314 156 46 581 552 202 218 11429 27 2416 2144 308 6859 504 13766 1792 27 103 654 301 2729 1793 32 2520 271 474 36
internal_value=0.0106576 -44.8502 190.715 157.503 -69.0616 8.97929 291.753 188.686 266.303 38.5092 99.3221 97.3552 -85.4937 30.3288 422.512 -49.7793 -13.1628 112.231 38.7282 13.0112 202.426 139.769 170.912 454.985 113.517 191.887 -55.9209 201.179 52.8808 -21.2122 223.684 144.603 404.346 449.973 133.261 506.913 72.0663 286.974 -30.0451 284.515 303.568 135.026 -76.493 330.891 56.1031 279.034 7.29803 -17.0346 60.8647 -97.7773 91.8501 233.756 275.515 -2.29956 100.116 -48.5432 -11.2543 405.579 23.3332 35.4687 170.082 330.63
internal_weight=168960 136784 32176 24218 94348 42436 7958 15766 6664 18184 8452 2218 50937 15966 1294 43411 24252 7184 13283 5704 13328 3053 1070 1042 2438 8917 33106 615 1582 18548 4411 1257 532 325 1772 510 1204 252 10305 5594 260 714 29401 207 6239 5006 889 15621 666 21536 4131 176 130 4122 811 17317 2683 76 7044 961 848 588
internal_count=168960 136784 32176 24218 94348 42436 7958 15766 6664 18184 8452 2218 50937 15966 1294 43411 24252 7184 13283 5704 13328 3053 1070 1042 2438 8917 33106 615 1582 18548 4411 1257 532 325 1772 510 1204 252 10305 5594 260 714 29401 207 6239 5006 889 15621 666 21536 4131 176 130 4122 811 17317 2683 76 7044 961 848 588
is_linear=0
shrinkage=0.05


Tree=5
num_leaves=63
num_cat=0
split_feature=10 10 10 12 10 10 10 2 2 2 2 12 10 0 12 2 2 2 12 2 2 12 10 10 12 9 9 10 3 17 13 0 10 17 2 12 0 17 12 7 17 7 3 13 16 3 16 0 12 10 5 13 3 10 3 3 16 16 13 0 3 12
split_gain=5.21995e+11 7.11205e+10 3.48103e+10 1.26129e+10 1.25213e+10 1.0025e+10 8.54527e+09 6.10323e+09 3.20142e+09 3.194e+09 2.82207e+09 2.48054e+09 2.27898e+09 2.21609e+09 2.15319e+09 2.07271e+09 2.00621e+09 1.44675e+09 1.43581e+09 1.25396e+09 9.59763e+08 9.1873e+08 9.15493e+08 8.68975e+08 8.21254e+08 8.10772e+08 7.85423e+08 7.75386e+08 6.50351e+08 6.50379e+08 6.29304e+08 6.20882e+08 6.05114e+08 5.64585e+08 5.58699e+08 5.58635e+08 5.4524e+08 5.44982e+08 5.40157e+08 5.36839e+08 5.34338e+08 5.11603e+08 5.07941e+08 5.07876e+08 4.78135e+08 4.44684e+08 4.37062e+08 4.04282e+08 4.42032e+08 3.95843e+08 3.84242e+08 3.72719e+08 3.71686e+08 3.68817e+08 1.06327e+09 3.5908e+08 3.48277e+08 3.47588e+08 3.3713e+08 3.31026e+08 3.229e+08 3.10622e+08
threshold=6399.8900000000003 3774.5750000000003 11999.985000000002 2905.4657142857145 8300.0150000000012 4900.7350000000006 14498.490000000002 5.5000000000000009 5.5000000000000009 5.5000000000000009 1.0000000180025095e-35 5801.874285714287 2500.2250000000004 27.500000000000004 3658.9464285714289 5.5000000000000009 5.5000000000000009 1.0000000180025095e-35 7122.073571428572 1.0000000180025095e-35 5.5000000000000009 5583.3442857142863 17561.605000000003 4381.880000000001 10956.976428571432 1.5000000000000002 1.5000000000000002 3225.7600000000007 84.500000000000014 30.850000000000005 1311.3167133231598 19.500000000000004 9999.3950000000023 31.450000000000003 1.0000000180025095e-35 7821.4828571428579 28.500000000000004 30.950000000000003 2177.888571428572 1.0000000180025095e-35 33.850000000000001 1.0000000180025095e-35 287.50000000000006 2532.1218247354968 27.750000000000004 86.500000000000014 32.650000000000013 31.500000000000004 11278.642857142859 5469.5600000000004 2022.5000000000002 1530.0022630092851 80.500000000000014 12000.005000000003 285.50000000000006 291.50000000000006 32.850000000000001 33.050000000000004 1.0000000180025095e-35 34.500000000000007 126.50000000000001 4300.2342857142867
decision_type=2 2 2 2 2 2 2 2 2 2 2 2 2 2 2 2 2 2 2 2 2 2 2 2 2 2 2 2 2 2 2 2 2 2 2 2 2 2 2 2 2 2 2 2 2 2 2 2 2 2 2 2 2 2 2 2 2 2 2 2 2 2
left_child=1 3 4 12 9 11 8 24 53 18 13 20 38 -7 27 21 22 36 -2 31 23 49 28 61 32 46 51 -5 52 -30 -15 -20 41 45 35 59 -13 -18 -1 -21 -27 -6 43 -26 -38 -24 -10 -39 -49 -12 -34 -9 -8 -4 56 -44 -55 -37 -28 -16 -42 -3
right_child=2 5 6 14 7 10 16 26 25 -11 15 17 -14 30 34 -17 37 -19 19 39 -22 -23 33 -25 42 40 58 -29 29 -31 -32 -33 50 -35 -36 57 44 47 -40 -41 60 -43 55 -45 -46 -47 -48 48 -50 -51 -52 -53 -54 54 -56 -57 -58 -59 -60 -61 -62 -63
leaf_value=-98.354526894530466 99.869705031527445 -18.457444818467668 270.18974864203892 -58.2684745177867 176.82924985873265 28.14002847939582 381.58765374690933 168.04658111375969 240.81276042791137 30.636641046635106 26.417888317061706 11.007180315231793 -69.29382592653738 89.200628788409745 -41.036599570819767 -5.2489239607690017 153.39979094309351 13.152722759319335 68.454832297062524 135.57890568736474 -34.833472247477843 66.917792144121279 496.4996066113053 10.119131804889264 222.07503285920384 103.08185659377182 136.90763393498756 -42.69104905187681 248.42768043087241 392.80772341465951 169.71930958917699 230.29624842709259 232.40669047395278 531.88252078225423 -33.715368884058272 15.296065665535307 66.0999026010888 446.62303402024872 -84.306007382402228 25.858112337769583 258.27418111175865 63.560850657881979 -14.346348700687802 325.17217091229804 142.20615198010682 346.88652524886595 44.130600986480715 107.58592148444232 323.02240902156836 50.158566678593807 197.3515646573361 112.53940640341943 597.33075337357957 369.83153604617183 159.50998927165554 230.35147682189941 267.98072935681012 163.0922844405913 68.133018641745792 -5.8877486309508189 52.61567304687501 -1.5273431321148498
leaf_weight=11543 3777 8703 4201 17842 2175 602 46 582 388 1169 3900 195 24965 348 896 2185 72 1976 68 2196 3367 4076 106 5850 254 394 221 14499 113 319 832 523 891 281 8993 91 419 48 17048 118 105 106 28 250 412 123 31 33 99 3200 9359 655 54 364 96 31 128 70 939 2647 24 3934
leaf_count=11543 3777 8703 4201 17842 2175 602 46 582 388 1169 3900 195 24965 348 896 2185 72 1976 68 2196 3367 4076 106 5850 254 394 221 14499 113 319 832 523 891 281 8993 91 419 48 17048 118 105 106 28 250 412 123 31 33 99 3200 9359 655 54 364 96 31 128 70 939 2647 24 3934
internal_value=0.0125079 -41.1256 187.759 -63.9392 158.379 15.1079 285.347 184.452 259.048 106.915 47.1764 -4.43023 -80.3392 106.268 -44.436 39.2878 401.529 38.1796 120.253 146.711 -10.2849 47.9948 432.346 -5.81224 197.885 174.441 111.024 -51.2864 384.253 355.703 146.069 211.822 195.188 481.664 -26.9846 -10.638 86.3199 272.897 -89.981 129.997 132.461 171.596 257.451 273.757 103.958 417.997 226.401 319.584 270.377 37.1235 200.421 138.77 502.85 275.651 314.143 115.92 343.931 80.1654 81.3424 -14.7857 220.711 -13.1875
internal_weight=168960 138593 30367 98594 23342 39999 7025 15491 5731 7851 15143 24856 53556 1782 45038 13361 1294 3002 6682 2905 21854 11176 1042 18487 13094 942 2397 32341 532 432 1180 591 12531 510 12697 3704 1026 252 28591 2314 523 2281 563 504 831 229 419 180 132 7100 10250 1237 100 4789 588 59 492 161 1160 3543 129 12637
internal_count=168960 138593 30367 98594 23342 39999 7025 15491 5731 7851 15143 24856 53556 1782 45038 13361 1294 3002 6682 2905 21854 11176 1042 18487 13094 942 2397 32341 532 432 1180 591 12531 510 12697 3704 1026 252 28591 2314 523 2281 563 504 831 229 419 180 132 7100 10250 1237 100 4789 588 59 492 161 1160 3543 129 12637
is_linear=0
shrinkage=0.05


Tree=6
num_leaves=63
num_cat=0
split_feature=10 10 10 10 10 10 10 2 2 2 2 0 2 2 2 10 11 2 0 10 11 10 10 17 10 2 0 2 17 7 16 0 3 9 2 10 9 17 14 10 2 11 10 10 7 17 10 3 14 3 16 0 7 0 7 9 3 3 3 3 16 11
split_gain=4.7129e+11 5.82746e+10 3.52167e+10 1.49655e+10 1.07513e+10 8.36402e+09 8.07689e+09 5.86619e+09 3.18049e+09 3.03196e+09 2.58998e+09 2.21139e+09 1.92318e+09 1.80907e+09 1.45752e+09 1.41197e+09 1.4107e+09 1.13715e+09 1.33826e+09 1.02436e+09 1.00147e+09 8.25849e+08 8.17615e+08 7.89363e+08 7.68148e+08 7.79292e+08 7.97236e+08 7.53388e+08 6.07995e+08 5.47141e+08 5.46568e+08 5.46406e+08 5.31392e+08 5.29234e+08 5.238e+08 5.20552e+08 5.1371e+08 5.12023e+08 5.1004e+08 4.88218e+08 4.7192e+08 4.58017e+08 4.37671e+08 4.12157e+08 3.9851e+08 7.91964e+08 4.92046e+08 4.7254e+08 3.91445e+08 3.6501e+08 3.58794e+08 3.57365e+08 3.42655e+08 3.32362e+08 3.1958e+08 3.11726e+08 3.09324e+08 3.90531e+08 3.03886e+08 3.03815e+08 2.951e+08 2.9306e+08
threshold=6000.8350000000009 3547.0850000000005 11194.045000000002 8000.005000000001 4492.9550000000008 2721.6950000000002 14498.490000000002 5.5000000000000009 5.5000000000000009 1.0000000180025095e-35 5.5000000000000009 37.500000000000007 5.5000000000000009 5.5000000000000009 1.0000000180025095e-35 5013.1600000000008 3279.6450000000004 1.0000000180025095e-35 27.500000000000004 2155.2350000000001 5379.545000000001 17561.605000000003 9999.3950000000023 33.45000000000001 8866.5700000000015 1.0000000180025095e-35 20.500000000000004 5.5000000000000009 34.250000000000007 1.0000000180025095e-35 32.350000000000001 43.500000000000007 287.50000000000006 2.5000000000000004 1.0000000180025095e-35 6972.2100000000009 1.0000000180025095e-35 30.950000000000003 10202.382333333337 4007.8100000000009 5.5000000000000009 5010.9350000000004 5013.1600000000008 3075.2850000000003 1.0000000180025095e-35 29.250000000000004 12000.005000000003 285.50000000000006 8097.1366666666672 86.500000000000014 36.650000000000013 32.500000000000007 1.0000000180025095e-35 26.500000000000004 1.0000000180025095e-35 1.5000000000000002 289.50000000000006 240.50000000000003 274.50000000000006 128.50000000000003 31.450000000000003 2885.0050000000006
decision_type=2 2 2 2 2 2 2 2 2 2 2 2 2 2 2 2 2 2 2 2 2 2 2 2 2 2 2 2 2 2 2 2 2 2 2 2 2 2 2 2 2 2 2 2 2 2 2 2 2 2 2 2 2 2 2 2 2 2 2 2 2 2
left_child=1 5 3 10 14 19 8 24 44 11 17 -6 15 21 20 -11 40 18 -2 61 51 28 53 31 25 26 -5 39 32 35 -22 -10 -8 60 41 -19 -15 49 52 -16 43 -18 -13 -7 46 -46 59 -48 -17 -23 -43 -3 -26 -9 -27 -14 57 -38 -47 -4 -24 -1
right_child=2 4 6 7 9 16 13 22 23 12 -12 42 55 36 27 48 34 29 -20 -21 30 37 33 -25 38 54 -28 -29 -30 -31 -32 -33 -34 -35 -36 -37 56 -39 -40 -41 -42 50 -44 -45 45 58 47 -49 -50 -51 -52 -53 -54 -55 -56 -57 -58 -59 -60 -61 -62 -63
leaf_value=-93.07603802292067 57.592591784172434 -23.369300979005466 268.24485404706269 64.935675330623496 29.456386165922339 -58.848772308722943 394.71366326094716 115.804444486934 193.54895449069181 17.526360306583189 23.697266730307785 100.15757891565025 4.9204830292853829 369.02140051507331 -22.474322968206401 43.775514194489233 -30.341287942989272 82.459922036864299 196.88159383673758 -73.992348607326278 34.729662406167925 468.14834001288358 122.39823565071048 235.30115386770458 189.51759898102347 146.93530082414404 267.51347715618107 -40.500022094149877 200.31141575761274 27.261154332952984 119.71532985093103 101.8847048952822 129.62333521062678 88.86943137588456 -42.891419367581612 111.88214638727935 160.41010288238527 497.72988374774644 258.03165861766718 -5.915462031177225 -70.224399836904453 -1.4718013347230943 156.59897490272431 -44.860303649232442 9.6820418051014769 251.67027603560228 328.33952746556974 190.98256571950796 77.044367467126776 316.8950460263207 95.474141108529608 14.353206360276136 146.16960088652948 33.546886184654618 38.689965981261373 -27.603515665304702 23.867273000081383 323.00447931998121 65.976205045259917 239.32567408119408 179.52385471263199 -74.225407803277108
leaf_weight=12856 245 1158 2649 61 1044 13246 457 162 252 7484 1268 777 1452 76 12205 6098 3202 3021 590 28603 765 82 654 266 11016 1655 253 3915 54 294 251 471 21 840 15162 3034 87 324 270 7008 5064 586 630 8779 45 259 471 78 1036 104 113 1369 495 504 72 1494 20 69 25 1573 359 2487
leaf_count=12856 245 1158 2649 61 1044 13246 457 162 252 7484 1268 777 1452 76 12205 6098 3202 3021 590 28603 765 82 654 266 11016 1655 253 3915 54 294 251 471 21 840 15162 3034 87 324 270 7008 5064 586 630 8779 45 259 471 78 1036 104 113 1369 495 504 72 1494 20 69 25 1573 359 2487
internal_value=0.0144457 -40.4872 172.188 143.632 4.85009 -63.9794 268.049 171.572 243.857 32.5473 89.6007 84.6323 25.2746 381.608 -15.9355 32.7017 -49.1118 101.228 156.13 -79.592 13.925 410.873 101.332 161.498 184.364 155.79 228.49 -20.5102 365.193 93.984 55.8222 134.057 383.362 118.414 -38.6868 97.2187 259.456 457.715 189.301 -16.4351 -56.4463 -22.338 125.523 -53.2754 259.793 204.833 263.54 309.207 48.6169 385.724 14.3144 -2.93557 187.666 53.6991 142.447 -11.5771 210.326 233.926 235.613 257.53 142.8 -90.0255
internal_weight=168960 136784 32176 24793 46686 90098 7383 16341 6089 20015 8452 2451 17564 1294 26671 14618 46152 7184 835 43946 3543 1042 2519 989 13822 2041 314 23128 532 6349 1016 723 478 1853 19063 6055 252 510 11781 19213 27089 3901 1407 22025 5100 329 4771 549 7134 186 699 2527 11511 666 1727 2946 176 156 284 4222 1013 15343
internal_count=168960 136784 32176 24793 46686 90098 7383 16341 6089 20015 8452 2451 17564 1294 26671 14618 46152 7184 835 43946 3543 1042 2519 989 13822 2041 314 23128 532 6349 1016 723 478 1853 19063 6055 252 510 11781 19213 27089 3901 1407 22025 5100 329 4771 549 7134 186 699 2527 11511 666 1727 2946 176 156 284 4222 1013 15343
is_linear=0
shrinkage=0.05


Tree=7
num_leaves=63
num_cat=0
split_feature=10 10 10 10 10 10 10 6 11 6 6 10 13 11 11 3 3 6 11 13 10 10 3 1 16 1 10 10 11 7 13 7 1 15 3 14 11 13 11 16 10 3 3 13 13 3 3 3 17 10 11 15 10 14 13 6 1 11 15 10 6 1
split_gain=4.25436e+11 5.80361e+10 2.8406e+10 1.06489e+10 1.01716e+10 7.96673e+09 6.97605e+09 2.93934e+09 2.10796e+09 2.0822e+09 1.81754e+09 1.67447e+09 1.5345e+09 1.39475e+09 1.27484e+09 1.10117e+09 1.54015e+09 1.09266e+09 1.43308e+09 9.51258e+08 8.4452e+08 7.76724e+08 7.54525e+08 7.8311e+08 6.4561e+08 6.07498e+08 5.49352e+08 5.18808e+08 5.00008e+08 4.90987e+08 5.13991e+08 4.8942e+08 4.8541e+08 4.69818e+08 4.66338e+08 4.47978e+08 4.05816e+08 4.02865e+08 3.90984e+08 3.75454e+08 3.64249e+08 8.78998e+08 3.75616e+08 3.6035e+08 3.56538e+08 5.08076e+08 5.3322e+08 3.48605e+08 3.34895e+08 3.3097e+08 3.18058e+08 3.05247e+08 3.02397e+08 2.8374e+08 3.06756e+08 2.81049e+08 2.75294e+08 2.67856e+08 2.56787e+08 2.49941e+08 2.44657e+08 2.41963e+08
threshold=6399.8900000000003 3798.7750000000005 11999.985000000002 2946.4850000000001 8300.0150000000012 5000.2350000000006 14498.490000000002 1.0000000180025095e-35 5379.545000000001 1.0000000180025095e-35 1.0000000180025095e-35 2360.8350000000005 1473.9078922695489 3750.2250000000004 6069.5750000000016 288.50000000000006 276.50000000000006 1.0000000180025095e-35 6999.6950000000006 3195.6338760967196 7500.6450000000013 4381.880000000001 86.500000000000014 15.500000000000002 29.550000000000004 16.500000000000004 3389.3250000000003 10421.575000000003 4510.5650000000014 1.0000000180025095e-35 1795.4748732935288 1.0000000180025095e-35 16.500000000000004 5104.3834205448529 287.50000000000006 2789.3850000000007 3996.0750000000003 1835.8318880717813 12000.005000000003 32.350000000000001 12000.005000000003 285.50000000000006 86.500000000000014 3633.0448536059257 1256.7222824155356 112.50000000000001 100.50000000000001 286.50000000000006 31.850000000000005 9999.3950000000023 2722.5550000000007 4112.6125525443886 5570.2750000000005 8610.5075000000015 2199.2229209012817 1.0000000180025095e-35 7.5000000000000009 14498.490000000002 3403.9999007376414 1999.7850000000001 1.0000000180025095e-35 7.5000000000000009
decision_type=2 2 2 2 2 2 2 2 2 2 2 2 2 2 2 2 2 2 2 2 2 2 2 2 2 2 2 2 2 2 2 2 2 2 2 2 2 2 2 2 2 2 2 2 2 2 2 2 2 2 2 2 2 2 2 2 2 2 2 2 2 2
left_child=1 3 4 11 9 8 17 19 21 20 12 50 52 26 47 16 22 40 48 27 29 60 24 -24 -8 -10 -5 31 56 30 -2 -6 -14 -17 51 -13 -12 -27 -16 -39 -4 42 -42 -22 -15 46 -46 49 -19 -9 59 -21 -7 54 -18 -23 -11 -38 -50 -1 -3 -43
right_child=2 5 6 13 7 10 15 14 25 28 36 35 32 44 38 33 53 18 -20 34 43 55 23 -25 -26 37 -28 -29 -30 -31 -32 -33 -34 -35 -36 -37 57 39 -40 -41 41 61 -44 -45 45 -47 -48 -49 58 -51 -52 -53 -54 -55 -56 -57 -58 -59 -60 -61 -62 -63
leaf_value=-92.456872843163737 89.51711684389025 -11.839758177274128 243.18709172275467 -49.365907377495027 177.9613697359631 33.150919702794667 402.56464245383336 70.253682076817611 11.330139116397206 69.726890376243986 -5.1275929054085365 -69.329959919785935 64.525801709701383 -28.947966768219665 156.91295257944245 258.04219740108567 242.25278491719564 95.937248113235384 229.14286443944627 215.32900324702265 136.79359267365814 10.401477608016808 142.41804115378338 316.09053221136452 213.89125058930495 22.70022281912717 -35.443862048903149 224.95727315550482 74.447017781923606 18.741624410381423 128.54089201032897 124.63075924150371 103.87461978748243 -11.511822354125975 93.804038064956671 -57.439120039880471 27.601270202600155 43.224013206921391 46.818000783583699 100.34298095759999 397.4920580062867 229.20105966928841 287.29276786015828 231.05346753936635 15.387046277538728 -19.129687109975372 160.15401078713907 44.385182066395451 118.5209296792287 122.97518346065834 -70.757378431929325 318.74299191456214 56.33401846302695 503.04533367109889 427.31255889099913 -9.868487527829501 7.5592648516237437 173.27602764129639 228.90096607790156 -80.350415487989196 -26.667232342001917 53.145733744881376
leaf_weight=7704 2237 8738 3330 20032 9289 3140 327 409 3697 255 1275 21424 1393 9446 2918 48 29 297 1387 127 1575 5071 91 250 57 1227 10987 573 1540 176 1372 462 1815 24 39 12641 2503 844 84 438 119 36 299 110 455 2111 73 242 103 1145 4530 203 2558 161 307 2579 586 31 117 9798 4083 43
leaf_count=7704 2237 8738 3330 20032 9289 3140 327 409 3697 255 1275 21424 1393 9446 2918 48 29 297 1387 127 1575 5071 91 250 57 1227 10987 573 1540 176 1372 462 1815 24 39 12641 2503 844 84 438 119 36 299 110 455 2111 73 242 103 1145 4530 203 2558 161 307 2579 586 31 117 9798 4083 43
internal_value=0.0157963 -37.123 169.511 -57.5118 142.97 14.2222 257.665 166.47 -1.30188 96.5852 46.7904 -71.872 59.1525 -38.8217 133.888 362.639 373.885 233.904 202.612 181.076 113.576 -9.04069 326.292 270.296 375.187 24.2226 -44.436 178.217 57.519 100.408 104.384 175.448 86.8137 169.264 260.373 -64.9193 17.8781 43.2075 153.849 62.8019 249.415 290.574 319.539 143.08 -24.4089 -8.15682 35.6671 100.456 131.131 109.153 -82.6186 279.715 43.5666 442.516 412.106 3.56758 26.4696 29.4511 177.993 -85.6844 -16.5635 135.236
internal_weight=168960 138593 30367 99201 23342 39392 7025 15491 26677 7851 12715 56097 8906 43104 4798 1294 1222 5731 1904 10693 5470 20471 725 341 384 6206 31019 10324 2381 3785 3609 9751 3208 72 369 34065 3809 2509 3002 1282 3827 497 418 1685 12085 2639 528 1796 517 1554 22032 330 5698 497 336 7650 841 2534 220 17502 12821 79
internal_count=168960 138593 30367 99201 23342 39392 7025 15491 26677 7851 12715 56097 8906 43104 4798 1294 1222 5731 1904 10693 5470 20471 725 341 384 6206 31019 10324 2381 3785 3609 9751 3208 72 369 34065 3809 2509 3002 1282 3827 497 418 1685 12085 2639 528 1796 517 1554 22032 330 5698 497 336 7650 841 2534 220 17502 12821 79
is_linear=0
shrinkage=0.05


Tree=8
num_leaves=63
num_cat=0
split_feature=10 12 10 10 10 10 10 2 12 2 2 2 2 2 12 10 12 12 12 2 10 2 12 10 13 2 4 0 0 13 13 0 15 4 2 16 10 2 17 11 5 2 2 7 17 5 10 0 4 0 12 7 17 15 10 2 10 16 10 16 12 7
split_gain=3.84089e+11 4.76719e+10 2.87072e+10 1.25031e+10 8.82463e+09 7.24109e+09 6.30413e+09 5.2419e+09 2.61455e+09 2.44395e+09 2.18467e+09 1.63645e+09 1.63189e+09 1.36531e+09 1.32598e+09 1.3156e+09 1.19836e+09 1.17701e+09 9.26633e+08 8.07102e+08 7.86525e+08 7.46556e+08 7.44257e+08 7.42969e+08 7.14974e+08 7.12751e+08 1.67523e+09 6.5531e+08 6.32544e+08 6.30753e+08 5.57127e+08 5.5411e+08 5.32013e+08 6.36939e+08 5.31625e+08 5.03628e+08 4.70119e+08 4.66298e+08 4.53895e+08 4.25186e+08 4.22391e+08 3.89987e+08 3.8287e+08 3.74876e+08 3.64829e+08 3.62966e+08 3.61234e+08 3.57386e+08 3.41126e+08 3.39562e+08 3.96589e+08 3.28029e+08 6.50925e+08 4.01756e+08 3.74107e+08 3.08897e+08 2.95738e+08 2.83282e+08 2.70813e+08 2.64084e+08 2.50716e+08 2.4956e+08
threshold=6000.8350000000009 3658.9464285714289 11999.985000000002 8000.005000000001 4492.9550000000008 2817.2350000000006 14498.490000000002 5.5000000000000009 6808.1014285714291 5.5000000000000009 5.5000000000000009 5.5000000000000009 1.0000000180025095e-35 5.5000000000000009 8317.7064285714314 3399.8400000000006 2355.2900000000004 6808.1014285714291 9999.9900000000016 1.0000000180025095e-35 5175.6800000000012 5.5000000000000009 4736.1514285714293 9999.3950000000023 1.0000000180025095e-35 1.5000000000000002 9.5000000000000018 25.500000000000004 26.500000000000004 1283.9562196133832 1876.0978418501741 29.500000000000004 4296.4042702189172 3.5000000000000004 1.0000000180025095e-35 32.650000000000013 3499.2950000000005 4.5000000000000009 30.950000000000003 6962.6800000000012 2022.5000000000002 1.0000000180025095e-35 5.5000000000000009 1.0000000180025095e-35 32.250000000000007 2022.5000000000002 1999.7850000000001 74.500000000000014 3.5000000000000004 31.500000000000004 10661.440714285716 1.0000000180025095e-35 29.250000000000004 4822.9514807727619 12000.005000000003 5.5000000000000009 9999.3950000000023 33.350000000000001 4007.8100000000009 25.650000000000002 2673.3635714285724 1.0000000180025095e-35
decision_type=2 2 2 2 2 2 2 2 2 2 2 2 2 2 2 2 2 2 2 2 2 2 2 2 2 2 2 2 2 2 2 2 2 2 2 2 2 2 2 2 2 2 2 2 2 2 2 2 2 2 2 2 2 2 2 2 2 2 2 2 2 2
left_child=1 5 3 10 14 16 9 18 13 51 17 25 31 20 21 42 46 -2 23 28 -6 22 36 45 57 26 39 -26 -19 -11 47 -10 -20 -34 35 48 -3 -14 -13 -8 -25 -24 -7 -21 -31 -5 -1 -27 -16 -40 -51 54 -53 -54 -4 58 -29 -9 -17 -32 -18 -33
right_child=2 4 6 7 8 15 11 24 12 29 -12 38 37 -15 34 55 60 19 32 43 -22 -23 41 40 27 30 -28 56 -30 44 59 61 33 -35 -36 -37 -38 -39 49 -41 -42 -43 -44 -45 -46 -47 -48 -49 -50 50 -52 52 53 -55 -56 -57 -58 -59 -60 -61 -62 -63
leaf_value=-88.996546399382851 73.552315563075311 -30.749072139256516 234.6167209444599 152.81728545463696 18.209541797800444 -46.315431173980414 -8.2018136096822811 116.48983614419224 47.502714671384723 202.26075749898922 20.384512674245808 120.08317901297792 60.957945851657939 -11.980835565073628 197.17381213468664 -30.032612805773983 -68.129360179959562 56.588809841459835 181.40912598721539 105.99628623289003 42.975497766250527 -37.893759487289756 21.256061872813465 202.85959413787646 127.86558683051979 77.973242136637381 421.69139179724772 28.809543385607327 188.20313076274181 88.510479098425975 444.25953428268434 144.596279467936 344.06052576854313 187.92230469726937 8.5952976138522654 180.89103364358738 -12.328385797723421 12.669261083712504 386.90088149713011 212.69434515884245 163.10696673208275 -6.0681639998928576 -62.971177333848281 15.674484741648691 171.56330754566665 117.07551699041758 -74.961578510864285 346.22237323629446 23.050434502750992 30.989851508762527 264.89361406206012 2.1953026066269987 233.59058555642275 22.154068415715145 279.98122600472192 -46.668567005270042 75.380178059312613 195.56081297321086 -9.3196226292007722 377.02060223398843 -58.624662240401165 20.526052912148565
leaf_weight=7497 4011 4791 3931 1682 7867 23699 28 412 209 345 1268 72 1717 2498 33 10002 17459 112 4425 2420 5413 3230 1981 779 460 23 130 515 520 395 330 825 115 163 275 126 12506 706 48 96 5696 3827 4049 121 202 1273 12018 28 165 22 110 42 242 25 549 2334 1018 161 1875 407 11639 43
leaf_count=7497 4011 4791 3931 1682 7867 23699 28 412 209 345 1268 72 1717 2498 33 10002 17459 112 4425 2420 5413 3230 1981 779 460 23 130 515 520 395 330 825 115 163 275 126 12506 706 48 96 5696 3827 4049 121 202 1273 12018 28 165 22 110 42 242 25 549 2334 1018 161 1875 407 11639 43
internal_value=0.0170766 -36.5462 155.448 130.479 4.7779 -57.6305 244.813 155.56 30.6033 222.225 80.9106 344.603 69.6939 21.928 -13.707 -42.4113 -70.7654 91.5894 167.5 114.36 28.3068 -15.381 -12.2323 158.392 89.7606 372.408 296.608 75.5387 165.005 148.314 396.434 120.886 185.724 253.514 59.7929 103.088 -17.4321 46.8989 228.617 163.148 167.92 3.25367 -48.748 101.703 116.852 137.465 -80.3576 229.073 52.916 271.128 226.436 236.73 185.268 213.95 240.237 -30.036 59.7641 139.009 -26.7638 407.689 -64.3297 138.481
internal_weight=168960 136784 32176 25151 46212 90572 7025 16699 19278 5731 8452 1294 3500 15778 26934 41959 48613 7184 14133 3173 13280 26335 23105 9430 2566 1042 254 1993 632 942 788 1077 4703 278 599 324 17297 2423 252 124 6475 5808 27748 2541 597 2955 19515 51 198 180 132 4789 309 267 4480 14211 1533 573 11877 737 29098 868
internal_count=168960 136784 32176 25151 46212 90572 7025 16699 19278 5731 8452 1294 3500 15778 26934 41959 48613 7184 14133 3173 13280 26335 23105 9430 2566 1042 254 1993 632 942 788 1077 4703 278 599 324 17297 2423 252 124 6475 5808 27748 2541 597 2955 19515 51 198 180 132 4789 309 267 4480 14211 1533 573 11877 737 29098 868
is_linear=0
shrinkage=0.05


Tree=9
num_leaves=63
num_cat=0
split_feature=10 10 10 10 10 10 10 2 2 2 2 2 0 2 0 10 11 2 2 0 13 2 10 10 15 3 17 2 13 0 3 3 10 2 15 2 0 17 11 7 3 13 14 17 10 11 10 17 3 10 7 17 15 10 3 10 3 0 3 14 14 3
split_gain=3.46821e+11 4.75082e+10 2.31294e+10 9.66732e+09 8.27516e+09 5.69857e+09 5.59154e+09 4.2079e+09 2.20479e+09 2.19896e+09 1.87824e+09 1.77107e+09 1.49377e+09 1.47533e+09 1.40801e+09 1.397e+09 1.34633e+09 1.29244e+09 1.03628e+09 1.15893e+09 8.53665e+08 7.53519e+08 7.12462e+08 6.85724e+08 5.91563e+08 6.12321e+08 5.89054e+08 5.50153e+08 5.49405e+08 5.66893e+08 5.44496e+08 7.23008e+08 5.12006e+08 5.09192e+08 5.01571e+08 4.85484e+08 4.55818e+08 4.47096e+08 4.27984e+08 4.20073e+08 6.39702e+08 4.17558e+08 4.15509e+08 4.10248e+08 3.72986e+08 3.43737e+08 3.24361e+08 3.18538e+08 3.25848e+08 2.98591e+08 2.95611e+08 5.95569e+08 3.78099e+08 3.38004e+08 3.81782e+08 2.7301e+08 2.69224e+08 2.66587e+08 2.65026e+08 2.45381e+08 2.34282e+08 2.32208e+08
threshold=6399.8900000000003 3899.6550000000002 11999.985000000002 2946.4850000000001 8300.0150000000012 14498.490000000002 5000.2350000000006 5.5000000000000009 5.5000000000000009 5.5000000000000009 1.0000000180025095e-35 1.0000000180025095e-35 27.500000000000004 5.5000000000000009 31.500000000000004 2469.5850000000005 3500.1650000000004 5.5000000000000009 1.0000000180025095e-35 21.500000000000004 1018.9714043618463 5.5000000000000009 4492.9550000000008 17561.605000000003 4296.4042702189172 287.50000000000006 33.45000000000001 1.0000000180025095e-35 1.0000000180025095e-35 26.500000000000004 86.500000000000014 88.500000000000014 7400.545000000001 1.0000000180025095e-35 2787.8125585230523 5.5000000000000009 43.500000000000007 31.550000000000004 5000.2150000000011 1.0000000180025095e-35 277.50000000000006 1283.9562196133832 8097.1366666666672 30.950000000000003 3297.6400000000008 6389.3550000000005 1999.3050000000001 32.750000000000007 282.50000000000006 5800.9650000000011 1.0000000180025095e-35 29.950000000000003 4822.9514807727619 12000.005000000003 285.50000000000006 3499.2950000000005 248.50000000000003 74.500000000000014 86.500000000000014 2892.0996666666674 6595.5581666666667 128.50000000000003
decision_type=2 2 2 2 2 2 2 2 2 2 2 2 2 2 2 2 2 2 2 2 2 2 2 2 2 2 2 2 2 2 2 2 2 2 2 2 2 2 2 2 2 2 2 2 2 2 2 2 2 2 2 2 2 2 2 2 2 2 2 2 2 2
left_child=1 3 4 15 9 8 11 24 50 18 12 14 -8 23 -3 46 35 42 19 -2 -16 22 -13 30 39 33 36 38 -9 -30 -7 -32 -20 -26 -21 44 -10 58 -18 45 -41 -14 49 -15 -5 -6 -1 -45 -49 -12 53 -52 -53 61 -55 -29 -40 -38 -25 -17 -28 -4
right_child=2 6 5 16 7 13 10 28 26 -11 17 21 41 43 20 59 27 -19 32 34 -22 -23 -24 37 25 -27 60 55 29 -31 31 -33 -34 -35 -36 -37 57 -39 56 40 -42 -43 -44 47 -46 -47 -48 48 -50 -51 51 52 -54 54 -56 -57 -58 -59 -60 -61 -62 -63
leaf_value=-81.507544741837577 39.47257175935713 -7.3784573663838602 232.26374465151994 -43.718731916681897 147.13981660859719 405.41640825887367 24.217363022515062 132.08571977033017 172.15398351103573 23.977525608474377 31.878999047411398 -7.8396895532248712 76.379183515410389 114.16126852706687 26.108653169424191 -60.455858029007459 -17.42997257447524 -2.9894809869586125 79.398578670163261 162.86951928378568 92.87008951221226 -25.069784913821721 13.170882258663841 406.45970714903717 433.33832801818858 75.387245864868163 41.738974637118261 -35.032838321584812 125.04747873935612 59.973945722424688 109.66435015452993 308.81097900217719 109.8059091417682 230.59619582060111 281.83842789177424 -55.008817969330011 23.196644356689454 445.72204433785231 37.239603018027594 133.63571851676329 -52.847010921403481 150.68534521807911 67.957381126206855 302.82798308349612 -30.516973009498994 166.66778527309046 -69.489837710664375 35.613233411153161 276.16571961539131 52.699649541610476 19.465687875014087 226.55400194151787 21.088967848557694 283.17089363326716 160.09519397542448 -21.663228115767897 -15.369616014288297 109.81321820695574 295.61445350858907 -50.605832059555027 218.01326549421037 205.84331842677548
leaf_weight=7946 178 1145 2528 12262 3117 126 492 573 235 1169 5485 10458 261 72 878 19047 2797 1839 3630 504 1055 3545 6568 113 37 55 21 7431 443 1381 54 352 2260 229 110 5168 124 254 721 511 50 720 1402 124 9516 9095 19565 29 27 2516 51 233 25 471 78 7871 366 318 143 9539 244 1403
leaf_count=7946 178 1145 2528 12262 3117 126 492 573 235 1169 5485 10458 261 72 878 19047 2797 1839 3630 504 1055 3545 6568 113 37 55 21 7431 443 1381 54 352 2260 229 110 5168 124 254 721 511 50 720 1402 124 9516 9095 19565 29 27 2516 51 233 25 471 78 7871 366 318 143 9539 244 1403
internal_value=0.0181333 -33.5142 153.054 -50.9736 129.104 232.6 15.5689 150.301 211.125 87.2669 42.3067 1.19202 95.3831 327.476 36.5588 -64.9171 -34.0171 35.3444 98.334 152.079 62.5751 -4.10136 0.265708 353.877 161.454 228.962 140.922 -23.8922 89.3337 75.8384 312.438 282.658 91.0826 260.315 184.607 -41.2251 115.868 396.407 -7.08435 159.74 116.951 131.014 42.8411 217.345 -37.9518 161.696 -72.9637 257.76 154.404 38.432 224.901 176.046 206.803 228.231 266.008 -28.1577 19.5279 85.6208 345.933 -57.1708 204.254 222.889
internal_weight=168960 138593 30367 102229 23342 7025 36364 15491 5731 7851 12715 23649 1473 1294 3078 56097 46132 11242 6682 792 1933 20571 17026 1042 13094 321 942 19186 2397 1824 532 406 5890 266 614 26946 677 510 3884 12773 561 981 9403 252 21778 12212 27511 180 56 8001 4789 309 258 4480 549 15302 1087 442 256 28586 265 3931
internal_count=168960 138593 30367 102229 23342 7025 36364 15491 5731 7851 12715 23649 1473 1294 3078 56097 46132 11242 6682 792 1933 20571 17026 1042 13094 321 942 19186 2397 1824 532 406 5890 266 614 26946 677 510 3884 12773 561 981 9403 252 21778 12212 27511 180 56 8001 4789 309 258 4480 549 15302 1087 442 256 28586 265 3931
is_linear=0
shrinkage=0.05


Tree=10
num_leaves=63
num_cat=0
split_feature=10 12 10 10 10 10 10 2 2 2 2 0 12 2 2 12 10 12 0 10 2 10 12 10 10 10 3 15 3 3 3 0 2 16 0 2 3 3 10 3 2 16 12 7 0 0 3 0 10 12 2 7 16 10 3 3 10 12 0 10 0 3
split_gain=3.13044e+11 4.29756e+10 2.08856e+10 7.61659e+09 7.47837e+09 6.63719e+09 5.1513e+09 4.09837e+09 1.98892e+09 1.95259e+09 1.6833e+09 1.62245e+09 1.54432e+09 1.37715e+09 1.33042e+09 1.22701e+09 1.15746e+09 8.70787e+08 8.46525e+08 8.14128e+08 7.47127e+08 7.0086e+08 6.83182e+08 6.19424e+08 5.09539e+08 4.94684e+08 4.92904e+08 4.83819e+08 5.62364e+08 4.78806e+08 4.74823e+08 4.53652e+08 4.23081e+08 4.47509e+08 4.17656e+08 4.01874e+08 3.85521e+08 5.48682e+08 3.64612e+08 3.62096e+08 3.57433e+08 3.51725e+08 3.46599e+08 3.42738e+08 3.26826e+08 3.19913e+08 3.19414e+08 3.11454e+08 3.05174e+08 2.95638e+08 2.77594e+08 2.66405e+08 4.27498e+08 3.05597e+08 3.60527e+08 2.90353e+08 2.64402e+08 2.60352e+08 2.52145e+08 2.45524e+08 2.43527e+08 2.42076e+08
threshold=6399.8900000000003 3748.0300000000007 11999.985000000002 4750.5750000000007 8000.7650000000012 2900.1250000000005 14498.490000000002 5.5000000000000009 5.5000000000000009 1.0000000180025095e-35 5.5000000000000009 30.500000000000004 6302.4107142857147 5.5000000000000009 5.5000000000000009 2413.2271428571435 3500.1650000000004 7122.073571428572 59.500000000000007 4129.9250000000011 1.0000000180025095e-35 5380.0250000000005 9999.9900000000016 17561.605000000003 10000.005000000003 9999.3950000000023 84.500000000000014 4112.6125525443886 90.500000000000014 238.50000000000003 112.50000000000001 36.500000000000007 5.5000000000000009 31.250000000000004 22.500000000000004 5.5000000000000009 289.50000000000006 282.50000000000006 1999.7850000000001 80.500000000000014 5.5000000000000009 31.750000000000004 8916.9357142857152 1.0000000180025095e-35 68.500000000000014 74.500000000000014 86.500000000000014 43.500000000000007 9999.3950000000023 5801.874285714287 5.5000000000000009 1.0000000180025095e-35 21.150000000000002 12000.005000000003 86.500000000000014 277.50000000000006 3389.3250000000003 10661.440714285716 25.500000000000004 4007.8100000000009 26.500000000000004 205.50000000000003
decision_type=2 2 2 2 2 2 2 2 2 2 2 2 2 2 2 2 2 2 2 2 2 2 2 2 2 2 2 2 2 2 2 2 2 2 2 2 2 2 2 2 2 2 2 2 2 2 2 2 2 2 2 2 2 2 2 2 2 2 2 2 2 2
left_child=1 5 4 12 10 15 8 22 51 11 17 -5 19 21 23 38 40 -2 30 35 34 -11 24 26 48 60 39 -24 -29 -28 -14 -10 33 -20 -19 56 37 45 -1 -8 -7 47 -13 -22 46 -16 -25 -27 -6 -23 -21 53 -53 -4 -55 -54 -3 -33 -15 -18 -9 -44
right_child=2 3 6 9 7 16 14 25 31 13 -12 42 18 58 36 -17 59 20 32 50 43 49 27 44 -26 41 29 28 -30 -31 -32 57 -34 -35 -36 -37 -38 -39 -40 -41 -42 -43 61 -45 -46 -47 -48 -49 -50 -51 -52 52 55 54 -56 -57 -58 -59 -60 -61 -62 -63
leaf_value=-80.36021042339604 74.253403468389891 -26.559933518300451 211.74999767696386 22.721930528353624 125.83325277426421 -39.322618599453612 284.93744815907581 100.84142437969683 185.96567290684948 23.581741512582866 22.79771109010731 97.642350549311871 55.569763824059379 23.729669640474025 114.11288549728393 -56.157378492224325 -27.376973635502498 49.290244621821813 38.482876899683525 5.0729928448589305 103.48729579221695 39.105563547699319 164.12037224675692 402.84122404057933 181.071932380768 106.85349523363476 199.091087537704 318.5550985196985 169.1869697766555 312.03188611758651 -12.460000622397351 73.667699311033218 -29.824936882433036 99.630646787181661 181.91280305516744 -39.062962211451371 -3.8539781993911384 340.67604577170482 -66.984869262804963 489.75145294744317 -55.22542627543104 121.3854519319284 189.14230029612781 12.704490748353908 415.35183527782988 260.57635535845685 275.73820618773539 54.013994971988261 147.01446236872437 61.637015307263567 -20.114015930294542 -14.988643478393554 200.22062224581782 326.48290821032424 228.68160227071155 2.4237170228504001 -11.01868623930423 137.99822409421608 -14.125073805018284 -11.046031734358898 24.651097376657113 110.36288421318983
leaf_weight=7783 3531 3609 3931 743 2531 23992 46 136 291 5803 1078 873 325 575 99 30007 9868 69 679 7357 1994 3786 4333 93 867 500 154 114 151 278 1202 281 128 537 468 1922 20 71 14992 54 4152 761 223 110 279 62 138 639 5608 2376 1284 29 260 132 417 20 11328 370 1861 3004 452 184
leaf_count=7783 3531 3609 3931 743 2531 23992 46 136 291 5803 1078 873 325 575 99 30007 9868 69 679 7357 1994 3786 4333 93 867 500 154 114 151 278 1202 281 128 537 468 1922 20 71 14992 54 4152 761 223 110 279 62 138 639 5608 2376 1284 29 260 132 417 20 11328 370 1861 3004 452 184
internal_value=0.0191833 -31.8385 145.412 8.45094 122.654 -51.0794 221.002 141.652 200.583 35.5476 80.4712 81.5363 -7.23604 29.0821 311.207 -62.8043 -35.9898 90.5391 27.5239 -11.1505 112.277 36.0582 152.446 336.278 144.375 82.5956 296.894 168.221 234.399 272.323 2.04605 133.906 56.4478 65.5461 164.995 -17.5463 206.622 224.705 -71.559 399.291 -41.6706 95.0017 115.632 98.7493 376.699 171.775 328.425 77.2829 140.444 47.802 1.32846 213.668 167.287 216.829 252.748 186.151 -14.7752 110.386 -5.18367 -23.5669 42.4146 153.885
internal_weight=168960 138593 30367 44795 23342 93798 7025 16092 5731 16424 7250 2023 28371 14401 1294 52782 41016 6172 2871 25500 2641 11965 13604 1042 9006 2488 532 4598 265 432 1527 942 1344 1216 537 16859 252 232 22775 100 28144 1900 1280 2104 510 161 231 1139 8139 6162 8641 4789 309 4480 549 280 14937 651 2436 12872 588 407
internal_count=168960 138593 30367 44795 23342 93798 7025 16092 5731 16424 7250 2023 28371 14401 1294 52782 41016 6172 2871 25500 2641 11965 13604 1042 9006 2488 532 4598 265 432 1527 942 1344 1216 537 16859 252 232 22775 100 28144 1900 1280 2104 510 161 231 1139 8139 6162 8641 4789 309 4480 549 280 14937 651 2436 12872 588 407
is_linear=0
shrinkage=0.05


Tree=11
num_leaves=63
num_cat=0
split_feature=10 10 10 10 10 10 10 2 2 2 2 0 2 2 2 10 10 0 2 0 10 9 13 13 10 2 0 2 3 3 2 15 2 13 15 16 16 7 9 10 13 7 2 10 2 17 10 17 11 13 3 3 17 13 16 10 2 2 15 16 0 9
split_gain=2.82669e+11 3.4117e+10 2.19028e+10 9.3781e+09 6.05015e+09 5.19519e+09 5.07139e+09 3.35843e+09 2.40849e+09 2.0196e+09 1.56975e+09 1.48263e+09 1.20014e+09 1.10616e+09 1.01024e+09 8.88948e+08 8.84222e+08 7.74059e+08 7.64234e+08 8.04213e+08 7.43095e+08 6.94484e+08 6.94354e+08 6.5112e+08 6.43969e+08 6.2629e+08 7.63411e+08 5.91927e+08 1.4497e+09 6.18018e+08 4.901e+08 4.89936e+08 4.79783e+08 4.48351e+08 4.33987e+08 4.28224e+08 4.06344e+08 3.95964e+08 3.9215e+08 3.7179e+08 3.60256e+08 3.4133e+08 3.38549e+08 3.26332e+08 3.17105e+08 3.12131e+08 3.02507e+08 2.98955e+08 2.97975e+08 2.96448e+08 2.93688e+08 5.95718e+08 7.20412e+08 2.77166e+08 2.7298e+08 2.67594e+08 4.84194e+08 2.66626e+08 2.64392e+08 2.59557e+08 2.55608e+08 2.47239e+08
threshold=6000.2650000000012 3547.0850000000005 10421.575000000003 7500.6450000000013 4492.9550000000008 14498.490000000002 2721.6950000000002 5.5000000000000009 5.5000000000000009 1.0000000180025095e-35 5.5000000000000009 37.500000000000007 5.5000000000000009 5.5000000000000009 1.0000000180025095e-35 8866.5700000000015 3200.1050000000005 31.500000000000004 1.0000000180025095e-35 20.500000000000004 5000.2350000000006 1.5000000000000002 2083.7374764770962 1156.481535066634 2155.2350000000001 1.0000000180025095e-35 27.500000000000004 1.5000000000000002 241.50000000000003 288.50000000000006 5.5000000000000009 4296.4042702189172 1.0000000180025095e-35 1311.3167133231598 3286.8340494294148 32.750000000000007 30.450000000000003 1.0000000180025095e-35 1.0000000180025095e-35 9999.3950000000023 3363.3826892669381 1.0000000180025095e-35 1.0000000180025095e-35 17561.605000000003 5.5000000000000009 31.450000000000003 4007.8100000000009 32.250000000000007 3980.2600000000007 1566.3462133229566 128.50000000000003 138.50000000000003 30.950000000000003 2532.1218247354968 31.850000000000005 12000.005000000003 2.5000000000000004 5.5000000000000009 1239.5702256759334 34.150000000000013 77.500000000000014 1.5000000000000002
decision_type=2 2 2 2 2 2 2 2 2 2 2 2 2 2 2 2 2 2 2 2 2 2 2 2 2 2 2 2 2 2 2 2 2 2 2 2 2 2 2 2 2 2 2 2 2 2 2 2 2 2 2 2 2 2 2 2 2 2 2 2 2 2
left_child=1 6 3 10 14 8 24 15 50 11 25 -6 27 20 17 18 44 -3 19 -5 -11 48 -19 -10 -1 26 -2 28 -7 43 46 60 34 -13 -18 -36 -24 -20 -14 -23 -31 49 -33 -29 -8 -30 -16 -25 -9 -27 55 -52 -53 -28 -41 -4 -57 -34 -22 -32 -17 -15
right_child=2 4 5 7 9 12 16 21 23 13 -12 33 38 61 30 31 32 22 37 -21 58 39 36 47 -26 41 53 29 45 40 59 42 57 -35 35 -37 -38 -39 -40 54 -42 -43 -44 -45 -46 -47 -48 -49 -50 -51 51 52 -54 -55 -56 56 -58 -59 -60 -61 -62 -63
leaf_value=-70.039589818275715 40.255393242296563 -17.44906374277986 204.98572904529692 28.416404412587486 21.860947767750194 88.225223058344241 -41.486474492256981 41.040917752216316 175.41302390476605 11.873055610204011 10.277017255186658 59.029673101862642 291.68017578521335 4.8876257421566098 -17.446425816817879 137.36064037287289 -15.149035187767138 16.885650339107805 108.91358771939963 206.4713201722349 24.641019699949048 12.431510353587923 43.227117165371595 69.606181964726133 -57.327892493439663 60.943507324910314 132.08604686379431 318.21702407677969 204.43505965795271 29.624317533052889 -26.048721001180162 416.22056681546303 -29.912308048876003 120.42699826132899 -5.3858213702340922 151.56615337276457 140.26104397151207 13.902888169946344 153.88574131394512 42.937776012374151 296.77430767352763 11.506967179447642 200.64641008149155 389.5606778957067 -56.947040287267072 377.58223834127898 -4.4120640228546284 139.07277979075116 111.88861249536122 84.484825227439046 37.402423483063195 154.33777267129574 213.47274279796136 227.86040547609332 99.283196690674274 140.09530799615578 310.78871761443514 -47.643203314433293 43.428191154562391 -59.541050919002657 152.87729186478711 -24.507051547241442
leaf_weight=15343 229 1330 3139 77 1031 90 24082 172 332 6568 1178 438 76 1420 12205 6195 2471 1776 2509 368 3448 419 240 514 28603 3490 415 383 38 25 3209 21 13033 947 95 79 197 115 176 454 25 261 158 355 3856 126 7008 224 1157 2190 67 887 1285 95 412 60 156 2536 4113 706 4913 1440
leaf_count=15343 229 1330 3139 77 1031 90 24082 172 332 6568 1178 438 76 1420 12205 6195 2471 1776 2509 368 3448 419 240 514 28603 3490 415 383 38 25 3209 21 13033 947 95 79 197 115 176 454 25 261 158 355 3856 126 7008 224 1157 2190 67 887 1285 95 412 60 156 2536 4113 706 4913 1440
internal_value=0.0202005 -31.7132 131.819 108.674 3.28359 204.006 -49.6104 129.586 186.147 24.5241 63.5033 67.2898 295.766 18.4388 -12.1707 139.08 -38.0333 12.6892 115.111 175.795 24.1787 77.4107 30.8018 117.228 -61.7675 72.8867 116.326 319.578 250.802 341.401 -15.9794 145.587 -29.4586 101.067 -9.76575 66.3328 87.1905 104.757 196.431 51.1368 166.399 67.4646 228.109 353.016 -43.6223 338.945 -12.6926 90.8506 102.757 70.0335 199.306 184.876 189.405 150.337 69.8277 208.878 264.238 -32.8033 34.8652 -32.1021 144.237 -9.91588
internal_weight=168960 136174 32786 24828 46076 7958 90098 16970 6664 19405 7858 2416 1294 16989 26671 14356 46152 3543 3069 445 14129 2614 2213 1070 43946 6680 739 1042 254 788 23128 11287 18214 1385 2645 174 437 2624 252 1285 50 5941 179 738 27938 164 19213 738 1329 5680 5594 2239 2172 510 866 3355 216 15569 7561 3915 11108 2860
internal_count=168960 136174 32786 24828 46076 7958 90098 16970 6664 19405 7858 2416 1294 16989 26671 14356 46152 3543 3069 445 14129 2614 2213 1070 43946 6680 739 1042 254 788 23128 11287 18214 1385 2645 174 437 2624 252 1285 50 5941 179 738 27938 164 19213 738 1329 5680 5594 2239 2172 510 866 3355 216 15569 7561 3915 11108 2860
is_linear=0
shrinkage=0.05


Tree=12
num_leaves=63
num_cat=0
split_feature=10 10 10 10 10 10 10 2 2 2 2 11 10 0 2 2 2 2 0 11 15 2 3 3 9 9 10 2 2 2 15 16 15 2 9 10 14 9 13 13 16 16 16 17 14 10 3 15 17 10 0 0 17 8 10 3 14 0 5 8 5 2
split_gain=2.55197e+11 3.50744e+10 1.70726e+10 7.16256e+09 6.08405e+09 4.19713e+09 4.12996e+09 2.93312e+09 1.81787e+09 1.61199e+09 1.42642e+09 1.37083e+09 1.34976e+09 1.13312e+09 1.08299e+09 1.02147e+09 9.37133e+08 9.24484e+08 1.09833e+09 9.02153e+08 5.44998e+08 5.3332e+08 1.30976e+09 5.55905e+08 5.32051e+08 4.96121e+08 4.74095e+08 4.67174e+08 4.39474e+08 4.27846e+08 4.16911e+08 4.11797e+08 4.93733e+08 3.96889e+08 3.54723e+08 3.46282e+08 3.44023e+08 3.37688e+08 3.28518e+08 3.27786e+08 3.27243e+08 3.22562e+08 3.22157e+08 3.19577e+08 2.98231e+08 2.94635e+08 2.83957e+08 2.83575e+08 2.83374e+08 2.76366e+08 2.49649e+08 2.48924e+08 2.47898e+08 5.81599e+08 3.24979e+08 6.51094e+08 2.66737e+08 2.46754e+08 3.06446e+08 2.57956e+08 2.46287e+08 2.39888e+08
threshold=6399.8900000000003 3899.6550000000002 11999.985000000002 3000.3950000000004 8520.1650000000027 14498.490000000002 5000.2350000000006 5.5000000000000009 5.5000000000000009 5.5000000000000009 1.0000000180025095e-35 5379.545000000001 2500.7650000000008 27.500000000000004 5.5000000000000009 1.0000000180025095e-35 5.5000000000000009 1.0000000180025095e-35 20.500000000000004 3774.2000000000003 4296.4042702189172 1.5000000000000002 241.50000000000003 288.50000000000006 1.5000000000000002 2.5000000000000004 7400.545000000001 1.0000000180025095e-35 5.5000000000000009 1.0000000180025095e-35 2787.8125585230523 34.95000000000001 2709.2219680679241 5.5000000000000009 1.0000000180025095e-35 4381.880000000001 8273.4223333333339 2.5000000000000004 2991.7333866594622 1283.9562196133832 27.650000000000002 34.550000000000004 32.650000000000013 33.850000000000001 2312.9353333333343 17561.605000000003 126.50000000000001 2930.1120394584545 31.550000000000004 3389.3250000000003 29.500000000000004 81.500000000000014 30.950000000000003 1.5000000000000002 12000.005000000003 285.50000000000006 5095.1058333333349 77.500000000000014 2022.5000000000002 1.0000000180025095e-35 2022.5000000000002 5.5000000000000009
decision_type=2 2 2 2 2 2 2 2 2 2 2 2 2 2 2 2 2 2 2 2 2 2 2 2 2 2 2 2 2 2 2 2 2 2 2 2 2 2 2 2 2 2 2 2 2 2 2 2 2 2 2 2 2 2 2 2 2 2 2 2 2 2
left_child=1 3 4 12 8 9 11 20 17 52 13 28 44 -8 21 37 36 18 -2 33 57 22 -7 45 42 47 -19 -22 35 31 -20 -21 -33 49 -16 -3 60 -13 -25 -15 -39 -35 -11 -26 -1 -23 -45 -9 -24 -5 -10 -27 53 -4 -54 -56 -55 59 -59 -6 -12 -14
right_child=2 6 5 19 7 14 10 25 50 24 16 15 61 39 34 -17 -18 26 30 29 27 23 48 38 43 51 -28 -29 -30 -31 -32 32 -34 41 -36 -37 -38 40 -40 -41 -42 -43 -44 46 -46 -47 -48 -49 -50 -51 -52 -53 54 56 55 -57 -58 58 -60 -61 -62 -63
leaf_value=-67.562788384959546 28.60245833917153 -8.6438536694874681 195.92849361322146 -34.519001450237489 146.99589803497335 83.862436985393146 20.682363158185751 104.87864562574865 55.345233406567957 175.56956406943902 25.459872073193043 34.495964359514829 -45.232115961998907 65.307872862788571 277.28557052017811 11.284860695872901 -2.299644519013555 67.891964715809848 145.25384554547267 -6.6331513566722542 369.54710541553993 302.34760753539081 201.97335138365281 12.136435016134511 64.6058914705349 36.058707241144447 95.697118733914735 181.15455421926791 -22.643912318934564 -21.34116338048408 248.89078830337527 21.082777448648478 165.77476836952005 -38.164623186237101 146.23492475455765 6.860194650186374 60.921704124716463 54.953449894552364 268.93889471646014 131.12206022884249 125.89543200073626 -67.713666881838222 7.8266106224060055 190.57601105600034 -57.656611388534884 370.13735538498736 0.10867475585937501 2.0182953294118247 361.57611973708242 -23.553703899168244 6.5464334063347351 88.892801192268962 196.38919551115538 -38.597330766157675 286.60473025832061 106.15667790809044 141.49693711052376 179.00463122578296 141.53932836065505 125.46386983227988 43.079927971791875 -58.331055030916673
leaf_weight=13378 194 8537 1407 13494 1992 90 492 1202 373 388 4683 575 25727 261 76 4487 1839 3630 582 2342 38 383 42 22 394 719 2677 270 3161 9973 119 292 73 3850 176 6228 1271 364 28 720 297 1218 31 105 17792 355 24 71 122 10029 877 324 2515 21 257 64 525 638 4596 5040 3449 4061
leaf_count=13378 194 8537 1407 13494 1992 90 492 1202 373 388 4683 575 25727 261 76 4487 1839 3630 582 2342 38 383 42 22 394 719 2677 270 3161 9973 119 292 73 3850 176 6228 1271 364 28 720 297 1218 31 105 17792 355 24 71 122 10029 877 324 2515 21 257 64 525 638 4596 5040 3449 4061
internal_value=0.0209365 -28.7431 131.295 -43.7447 110.719 199.637 13.4307 129.954 76.8209 181.206 36.4098 1.07492 -54.6347 82.6636 281.061 22.3779 30.3425 86.4806 134.071 -27.6591 139.481 303.681 238.393 324.396 121.177 78.1902 79.7071 205.519 -5.72707 -16.5566 163.176 1.07205 50.3951 -32.5823 186.698 -2.10409 36.7261 62.6067 158.399 113.696 86.9711 -45.2781 163.207 87.2578 -61.9103 335.413 155.414 99.1478 322.174 -29.8452 21.1406 52.5406 192.986 178.836 202.665 251.069 134.512 137.806 146.139 131.583 32.9374 -47.0198
internal_weight=168960 138593 30367 102229 23342 7025 36364 14890 8452 5731 12715 23649 60958 1473 1294 5723 11242 7202 895 41271 12574 1042 254 788 942 2316 6307 308 17926 12680 701 2707 365 28591 252 14765 9403 1236 50 981 661 5068 419 523 31170 738 129 1273 164 23523 1250 1043 4789 1953 2836 321 546 12266 5234 7032 8132 29788
internal_count=168960 138593 30367 102229 23342 7025 36364 14890 8452 5731 12715 23649 60958 1473 1294 5723 11242 7202 895 41271 12574 1042 254 788 942 2316 6307 308 17926 12680 701 2707 365 28591 252 14765 9403 1236 50 981 661 5068 419 523 31170 738 129 1273 164 23523 1250 1043 4789 1953 2836 321 546 12266 5234 7032 8132 29788
is_linear=0
shrinkage=0.05


Tree=13
num_leaves=63
num_cat=0
split_feature=10 12 10 10 10 12 10 2 2 10 12 2 2 12 2 10 2 2 10 7 12 9 13 12 5 2 4 9 13 10 2 2 9 9 9 16 2 9 14 17 9 2 16 17 12 9 13 4 12 14 7 17 10 12 16 15 2 4 17 2 16 10
split_gain=2.30464e+11 2.83071e+10 1.78984e+10 7.79627e+09 4.96304e+09 4.31832e+09 3.3649e+09 2.50308e+09 1.98104e+09 1.80095e+09 1.74555e+09 1.45422e+09 9.77252e+08 9.55252e+08 9.19419e+08 8.69417e+08 8.52446e+08 7.70749e+08 7.64521e+08 6.44041e+08 6.11369e+08 6.10596e+08 5.87663e+08 5.54976e+08 5.43661e+08 4.80466e+08 1.16704e+09 4.8014e+08 4.61102e+08 4.26236e+08 4.20637e+08 4.20311e+08 4.16378e+08 3.98961e+08 3.74695e+08 4.77447e+08 3.45443e+08 3.61826e+08 3.4153e+08 3.32459e+08 3.25876e+08 3.23914e+08 2.90783e+08 2.88857e+08 2.8529e+08 2.73038e+08 2.67551e+08 2.6127e+08 2.5977e+08 4.23528e+08 2.43067e+08 4.88613e+08 2.46059e+08 2.4244e+08 2.38334e+08 2.27905e+08 2.20583e+08 2.16767e+08 2.45892e+08 2.08423e+08 2.00489e+08 2.0002e+08
threshold=6000.2650000000012 3643.2900000000004 9500.9950000000008 14498.490000000002 4492.9550000000008 2752.590714285715 11999.985000000002 5.5000000000000009 5.5000000000000009 7500.6450000000013 6912.5542857142864 5.5000000000000009 5.5000000000000009 8317.7064285714314 1.0000000180025095e-35 3300.4550000000004 1.0000000180025095e-35 5.5000000000000009 2210.4100000000003 1.0000000180025095e-35 6808.1014285714291 1.0000000180025095e-35 3195.6338760967196 4300.2342857142867 2022.5000000000002 1.5000000000000002 9.5000000000000018 1.5000000000000002 1876.0978418501741 5300.0700000000006 1.0000000180025095e-35 4.5000000000000009 2.5000000000000004 3.5000000000000004 2.5000000000000004 36.150000000000013 1.0000000180025095e-35 1.0000000180025095e-35 10202.382333333337 29.850000000000005 1.0000000180025095e-35 4.5000000000000009 32.650000000000013 33.850000000000001 9318.6050000000014 1.0000000180025095e-35 1682.9250682454488 3.5000000000000004 10661.440714285716 8970.7866666666687 1.0000000180025095e-35 29.250000000000004 12000.005000000003 12000.380714285717 25.650000000000002 1215.8622315484358 5.5000000000000009 8.5000000000000018 32.750000000000007 5.5000000000000009 31.450000000000003 2600.1550000000002
decision_type=2 2 2 2 2 2 2 2 2 2 2 2 2 2 2 2 2 2 2 2 2 2 2 2 2 2 2 2 2 2 2 2 2 2 2 2 2 2 2 2 2 2 2 2 2 2 2 2 2 2 2 2 2 2 2 2 2 2 2 2 2 2
left_child=1 5 7 6 13 18 8 9 24 20 17 50 25 23 57 56 21 29 -1 46 -2 -11 -23 -3 31 26 33 42 38 55 45 -4 60 -5 -15 -36 37 -25 -27 -14 -9 -16 -13 -29 -26 -22 -18 -43 -41 -50 52 -52 -8 -32 -30 -6 -7 -12 -59 -17 -10 -20
right_child=2 4 3 12 10 15 11 40 32 16 14 27 39 34 41 59 19 -19 61 -21 30 22 -24 36 44 28 -28 43 54 -31 53 -33 -34 -35 35 -37 -38 -39 -40 48 -42 47 -44 -45 -46 -47 -48 -49 49 -51 51 -53 -54 -55 -56 -57 -58 58 -60 -61 -62 -63
leaf_value=-64.987589759870431 53.569066032872847 -17.767374295277492 175.36784890690524 45.477278899935229 7.4924561988895437 -37.718142826354715 181.80602718874738 48.973210974277457 85.131791737087156 87.951893692775229 112.06993792152649 166.81365651145384 47.664048767533416 17.208180669753599 51.02026210163968 -22.638316805838162 87.633326329539685 -9.6401420133353728 -54.516404664877705 1.9200133234698598 70.163567621379556 177.44915295111167 368.90509359877166 -21.962005904076108 120.45967633070944 50.862568960189826 330.90808197720366 61.383775197149845 352.06326357740653 33.975306627046209 71.026669408498208 101.17992506809725 55.019724319924308 230.66800199508668 62.593018654164815 231.19379824368457 -8.6066168301539179 20.052730278720151 314.06491024925595 85.547520817082102 5.3956332301461689 78.794642420566845 7.4475092983245847 147.71634779064473 137.93898050152487 147.98198294808148 116.29898554030572 -5.3838090036853279 285.29692214567768 114.52384735107421 -18.821072430277979 164.17570933697831 218.50557699605767 159.62872422795238 290.30166990691544 23.638740007270471 -50.816412307927884 45.92380611218384 178.60861584472656 -37.777722397125331 130.56453715003167 -45.979391079554233
leaf_weight=15510 4020 15788 1197 78 4911 24749 3931 644 711 175 686 388 42 338 1518 14106 1477 2448 17937 163 166 332 46 650 4330 31 130 394 330 4232 2043 233 904 46 209 52 8090 2408 20 40 1282 110 31 129 5331 371 1877 543 114 56 42 267 549 80 407 3939 3705 288 39 2713 379 11205
leaf_count=15510 4020 15788 1197 78 4911 24749 3931 644 711 175 686 388 42 338 1518 14106 1477 2448 17937 163 166 332 46 650 4330 31 130 394 330 4232 2043 233 904 46 209 52 8090 2408 20 40 1282 110 31 129 5331 371 1877 543 114 56 42 267 549 80 407 3939 3705 288 39 2713 379 11205
internal_value=0.0215728 -28.6321 119.029 148.36 3.15567 -44.9805 140.182 72.4889 126.165 81.893 23.0229 172.158 267.086 -10.3473 56.7427 -34.0977 108.12 16.1064 -56.0138 98.9899 65.8998 165.9 201.66 -11.7368 134.418 288.573 226.6 115.142 308.237 20.9246 84.5077 163.359 80.2111 115.473 52.0523 96.9382 -3.19548 11.1179 158.134 177.447 19.9846 38.3597 155.069 82.9193 130.118 124.102 103.705 8.89512 203.054 230.041 183.346 139.322 186.351 74.439 318.396 14.6808 -39.4254 96.0635 62.2449 -25.0825 101.034 -51.2356
internal_weight=168960 136174 32786 20110 46249 89925 18816 12676 13085 10750 18714 5731 1294 27535 3184 45273 4070 15530 44652 3517 6680 553 378 26936 11091 1042 254 942 788 13082 2660 1430 1994 124 599 261 11148 3058 51 252 1926 2171 419 523 9661 537 3354 653 210 170 4789 309 4480 2123 737 8850 28454 1013 327 16819 1090 29142
internal_count=168960 136174 32786 20110 46249 89925 18816 12676 13085 10750 18714 5731 1294 27535 3184 45273 4070 15530 44652 3517 6680 553 378 26936 11091 1042 254 942 788 13082 2660 1430 1994 124 599 261 11148 3058 51 252 1926 2171 419 523 9661 537 3354 653 210 170 4789 309 4480 2123 737 8850 28454 1013 327 16819 1090 29142
is_linear=0
shrinkage=0.05


Tree=14
num_leaves=63
num_cat=0
split_feature=10 12 10 10 12 10 10 6 12 6 12 10 10 12 3 3 5 6 10 11 6 11 3 0 16 6 11 12 3 11 12 15 3 0 3 3 10 11 6 10 12 3 17 0 3 10 3 17 12 5 12 17 8 12 0 15 0 10 5 11 16 3
split_gain=2.08123e+11 2.9879e+10 1.33216e+10 5.17666e+09 4.59939e+09 4.38559e+09 3.42911e+09 1.41061e+09 1.38305e+09 1.19884e+09 1.1043e+09 8.72288e+08 8.68985e+08 8.09696e+08 7.78587e+08 1.0405e+09 7.43362e+08 7.32334e+08 6.93246e+08 6.45353e+08 6.99279e+08 6.11805e+08 5.48194e+08 6.42474e+08 5.14963e+08 4.49993e+08 4.27324e+08 4.02234e+08 4.15204e+08 3.86916e+08 3.82367e+08 3.78412e+08 3.75315e+08 3.77484e+08 3.65594e+08 6.02278e+08 3.5357e+08 3.39491e+08 3.37291e+08 3.35191e+08 3.0734e+08 2.94067e+08 2.60792e+08 2.57207e+08 2.52325e+08 2.45597e+08 5.9856e+08 3.30675e+08 2.35048e+08 2.32833e+08 2.32255e+08 2.28471e+08 2.26642e+08 2.26266e+08 2.26139e+08 2.81e+08 2.15962e+08 2.14361e+08 2.13239e+08 2.09086e+08 2.07437e+08 2.03901e+08
threshold=6500.0950000000012 3767.1378571428577 11999.985000000002 4750.5750000000007 2862.6807142857147 8866.5700000000015 14498.490000000002 1.0000000180025095e-35 6912.5542857142864 1.0000000180025095e-35 8317.7064285714314 2324.3250000000003 3500.1650000000004 7122.073571428572 288.50000000000006 276.50000000000006 2022.5000000000002 1.0000000180025095e-35 4129.9250000000011 6999.6950000000006 1.0000000180025095e-35 6069.5750000000016 86.500000000000014 73.500000000000014 29.550000000000004 1.0000000180025095e-35 4510.5650000000014 10956.976428571432 94.500000000000014 12000.005000000003 9247.2178571428594 5104.3834205448529 237.50000000000003 59.500000000000007 285.50000000000006 277.50000000000006 9999.3950000000023 4129.6800000000012 1.0000000180025095e-35 5380.0250000000005 5801.874285714287 281.50000000000006 30.150000000000002 31.500000000000004 88.500000000000014 12000.005000000003 287.50000000000006 34.050000000000004 5125.8128571428579 2021.5000000000002 9318.6050000000014 31.650000000000002 1.0000000180025095e-35 11472.934285714287 72.500000000000014 3641.6052346765182 70.500000000000014 2624.4650000000006 2022.5000000000002 14498.490000000002 36.650000000000013 290.50000000000006
decision_type=2 2 2 2 2 2 2 2 2 2 2 2 2 2 2 2 2 2 2 2 2 2 2 2 2 2 2 2 2 2 2 2 2 2 2 2 2 2 2 2 2 2 2 2 2 2 2 2 2 2 2 2 2 2 2 2 2 2 2 2 2 2
left_child=1 4 5 10 11 9 19 16 25 13 18 -1 -6 -2 15 22 34 30 38 20 -4 41 24 -24 -8 39 43 -15 -29 -23 -10 -16 33 44 35 -7 -18 -27 48 -5 -20 58 -22 -11 -12 53 47 -47 -3 -41 -38 -31 -32 -21 -17 -56 -48 -13 -9 -19 -35 -36
right_child=2 3 6 8 12 7 14 21 17 26 32 57 -14 27 31 54 36 59 40 45 42 29 23 -25 -26 37 -28 28 -30 51 52 -33 -34 60 61 -37 50 -39 -40 49 -42 -43 -44 -45 -46 46 56 -49 -50 -51 -52 -53 -54 -55 55 -57 -58 -59 -60 -61 -62 -63
leaf_value=-60.134739225412105 67.209474358235397 -12.424759569828517 166.1167356422373 19.187564338626903 -34.216944870179958 158.25048243174788 289.94996430676156 35.68773523146681 57.324943461685216 58.051159681265361 136.33835743339716 -50.606788401078148 -18.740373156375064 96.159447752340583 172.26375939349739 289.25187605144168 83.942690335782032 6.0354462251285002 0.49937709226749916 154.85319996062688 42.326657084629737 112.02681216796212 85.937959849039714 229.26189839508129 123.96676004870186 -5.9335267337821609 58.726766794806451 205.19690566098626 106.87638815455169 52.576375306986144 153.47489502003319 -67.853973599243176 11.128386972600763 103.94300202713015 -12.049402531517877 273.65244147225036 115.20253428313987 21.989397911253604 -25.941617042214645 16.238471168723162 27.331064129458685 16.904809349674647 115.12105141731409 -2.2065376617622223 8.4577377678455843 246.57498353220933 -77.929508777965211 72.77360778808594 3.9095587983135744 44.414537853457531 133.0873574935124 -133.20503372607024 84.94925238633455 178.72036849521533 191.4532592437744 386.89591585897983 137.13679716949463 -42.377824052265794 87.733222884149015 119.66259858597158 230.54817535209656 119.17382213515621
leaf_weight=19292 3035 11067 593 4544 30388 1341 327 240 2097 249 48 16530 12935 2412 48 301 560 695 8109 1877 206 2748 125 216 57 2009 1695 186 264 58 151 24 318 199 35 125 3267 2374 3831 929 1228 224 311 607 182 325 21 31 2749 3506 4340 22 636 2343 24 172 24 15300 1144 42 39 185
leaf_count=19292 3035 11067 593 4544 30388 1341 327 240 2097 249 48 16530 12935 2412 48 301 560 695 8109 1877 206 2748 125 216 57 2009 1695 186 264 58 151 24 318 199 35 125 3267 2374 3831 929 1228 224 311 607 182 325 21 31 2749 3506 4340 22 636 2343 24 172 24 15300 1144 42 39 185
internal_value=0.0221998 -25.6377 120.032 8.01445 -41.5838 101.429 180.217 118.317 29.7588 72.8544 -5.28413 -51.7416 -29.5966 85.245 253.814 263.242 128.871 57.1659 -6.98664 163.558 129.03 94.8521 224.341 177.129 265.698 22.328 44.1896 104.34 147.88 108.872 68.5298 92.3914 53.0989 81.5328 159.209 168.27 122.589 9.19216 -12.8159 28.7384 4.03082 70.1422 86.2537 15.369 35.6206 171.822 210.015 231.687 -9.17464 38.5175 125.422 0.472659 98.2752 168.144 319.425 364.058 37.2601 -46.6528 78.7403 12.6642 125.567 98.3373
internal_weight=168960 139198 29762 44753 94445 22737 7025 14289 16983 8448 27770 51122 43323 5897 1294 1222 9853 3621 26984 5731 1110 4436 725 341 384 13362 2551 2862 450 2828 2884 72 786 468 1686 1466 8167 4383 17647 8979 9337 1608 517 856 230 4621 401 356 13816 4435 7607 80 787 4220 497 196 45 31830 1384 737 238 220
internal_count=168960 139198 29762 44753 94445 22737 7025 14289 16983 8448 27770 51122 43323 5897 1294 1222 9853 3621 26984 5731 1110 4436 725 341 384 13362 2551 2862 450 2828 2884 72 786 468 1686 1466 8167 4383 17647 8979 9337 1608 517 856 230 4621 401 356 13816 4435 7607 80 787 4220 497 196 45 31830 1384 737 238 220
is_linear=0
shrinkage=0.05


Tree=15
num_leaves=63
num_cat=0
split_feature=10 10 10 12 12 2 10 10 10 2 2 10 0 2 12 2 10 2 2 12 7 15 10 9 10 2 11 15 4 10 12 8 10 0 12 9 9 2 2 0 12 2 10 7 0 16 0 15 15 4 0 4 2 7 12 7 13 12 16 0 10 11
split_gain=1.8797e+11 2.97369e+10 1.04442e+10 5.9e+09 4.02022e+09 3.14475e+09 3.09887e+09 2.03769e+09 1.52047e+09 1.24463e+09 1.17895e+09 1.12594e+09 1.03603e+09 8.84333e+08 8.76393e+08 6.92423e+08 6.35502e+08 6.24948e+08 5.76008e+08 4.90293e+08 4.88025e+08 4.57325e+08 4.39715e+08 4.17559e+08 4.02802e+08 3.9505e+08 4.46619e+08 3.63677e+08 4.45723e+08 3.49965e+08 3.4518e+08 3.54139e+08 3.3293e+08 3.31135e+08 3.04934e+08 3.00869e+08 2.95345e+08 2.93248e+08 2.85686e+08 3.68899e+08 3.12672e+08 2.85433e+08 2.80649e+08 2.71678e+08 2.6907e+08 2.54101e+08 2.50867e+08 2.4191e+08 2.40598e+08 2.39051e+08 2.36298e+08 2.3152e+08 2.30321e+08 2.20296e+08 2.17999e+08 2.15717e+08 3.75283e+08 2.14712e+08 2.12306e+08 2.10642e+08 2.0211e+08 2.00509e+08
threshold=6972.2100000000009 3950.4500000000003 11999.985000000002 3036.5435714285722 5801.874285714287 5.5000000000000009 14498.490000000002 8000.7650000000012 4750.5750000000007 5.5000000000000009 1.0000000180025095e-35 2510.5850000000005 27.500000000000004 5.5000000000000009 3986.6021428571435 5.5000000000000009 9999.3950000000023 5.5000000000000009 1.0000000180025095e-35 9999.9900000000016 1.0000000180025095e-35 2761.226270890947 17561.605000000003 1.5000000000000002 5380.0250000000005 2.5000000000000004 12000.005000000003 4112.6125525443886 3.5000000000000004 5570.2750000000005 9157.1885714285727 1.5000000000000002 10000.005000000003 27.500000000000004 2124.5321428571438 2.5000000000000004 1.0000000180025095e-35 5.5000000000000009 1.0000000180025095e-35 33.500000000000007 8916.9357142857152 5.5000000000000009 3358.2400000000002 1.0000000180025095e-35 68.500000000000014 32.650000000000013 27.500000000000004 4112.6125525443886 4112.6125525443886 8.5000000000000018 81.500000000000014 9.5000000000000018 1.5000000000000002 1.0000000180025095e-35 10661.440714285716 1.0000000180025095e-35 934.77785964058296 4502.5578571428587 31.450000000000003 33.500000000000007 12000.005000000003 3737.1000000000008
decision_type=2 2 2 2 2 2 2 2 2 2 2 2 2 2 2 2 2 2 2 2 2 2 2 2 2 2 2 2 2 2 2 2 2 2 2 2 2 2 2 2 2 2 2 2 2 2 2 2 2 2 2 2 2 2 2 2 2 2 2 2 2 2
left_child=1 3 5 11 8 7 9 18 37 55 12 34 -6 22 41 20 33 29 21 32 24 46 25 45 -12 49 -27 -21 -29 -10 47 -32 43 -7 -1 58 51 57 39 -16 -41 42 -5 -9 52 -11 -2 -14 53 -8 -37 -15 -24 -20 -38 60 -57 -3 61 -19 -4 -18
right_child=2 4 6 14 10 16 13 19 17 23 15 -13 30 36 38 -17 35 59 48 27 -22 -23 44 -25 -26 26 -28 28 -30 -31 31 -33 -34 -35 -36 50 54 -39 -40 40 -42 -43 -44 -45 -46 -47 -48 -49 -50 -51 -52 -53 -54 -55 -56 56 -58 -59 -60 -61 -62 -63
leaf_value=-61.273679726496702 37.757834994202362 -6.1252846926851454 164.44617974305083 -29.45304239564776 8.2945305601822703 71.124690711447542 113.80518659007792 110.0894375351595 16.546880651353273 150.85282997464765 27.959305315127018 -40.481450139508304 73.245144151705205 158.18781382921009 -28.290845209155425 -2.8799860304824496 -22.405241880798343 14.338020937751663 70.558012551410599 128.12266271002568 -14.816874155490428 221.81071112999552 161.57539865235151 72.622223388275117 55.057278391101697 303.17233297992283 173.19241105921131 263.66453760827108 131.13616428074087 35.861443165411544 166.11218985837206 85.401726380429352 141.13089259057548 12.972199536407988 -50.556305129833248 33.559456014746139 -16.89279441540058 -20.953860369585581 -15.282156715089409 9.5905832860383082 103.74777768508248 -38.437509573845638 -19.437208608532671 60.872713354213822 330.00506568438664 2.0413408493995671 126.84707177088931 215.34996410246819 123.26383627514613 223.59678481587423 90.071679232727561 340.81162568063451 282.03607496239675 7.3134003979255429 141.80254242746454 170.57219627045015 58.179545214157692 7.7443943553029202 122.17586216154308 -19.141824552926042 197.70374308658947 82.224721134216324
leaf_weight=9871 108 9604 3931 15382 474 328 97 7844 6489 388 2409 30914 1233 44 692 1137 49 740 3268 4333 384 103 58 523 3195 224 101 114 151 3675 265 287 867 959 20491 590 25 2431 6506 2129 91 4518 12845 295 279 31 305 30 209 110 270 32 173 144 151 181 128 3932 367 1283 549 624
leaf_count=9871 108 9604 3931 15382 474 328 97 7844 6489 388 2409 30914 1233 44 692 1137 49 740 3268 4333 384 103 58 523 3195 224 101 114 151 3675 265 287 867 959 20491 590 25 2431 6506 2129 91 4518 12845 295 279 31 305 30 209 110 270 32 173 144 151 181 128 3932 367 1283 549 624
internal_value=0.0226183 -23.4586 118.468 -37.2962 14.6417 100.752 171.225 108.968 5.18302 155.389 42.9256 -47.2017 74.1405 241.189 -22.8996 32.8884 54.996 18.4823 78.2018 118.317 39.6795 127.658 261.611 102.652 43.4157 228.615 263.434 131.667 188.925 23.5333 91.3226 124.379 111.488 27.8364 -54.0425 73.3687 156.047 -4.96834 -9.45682 3.55894 13.4952 -26.7656 -24.8961 108.313 295.516 139.874 103.698 76.7883 71.1209 172.943 51.3857 238.51 252.617 67.8918 119.292 165.739 124.353 -2.09608 91.4802 -6.89408 168.565 74.5848
internal_weight=168960 141007 27953 103439 37568 20928 7025 17741 28154 5731 9414 61276 2289 1294 42163 7125 3187 12187 4137 13604 5988 516 1042 942 5604 532 325 4598 265 10164 1815 552 9006 1287 30362 1900 252 15967 9418 2912 2220 32745 28227 8139 510 419 413 1263 3621 207 860 76 231 3412 176 4789 309 13536 1040 2023 4480 673
internal_count=168960 141007 27953 103439 37568 20928 7025 17741 28154 5731 9414 61276 2289 1294 42163 7125 3187 12187 4137 13604 5988 516 1042 942 5604 532 325 4598 265 10164 1815 552 9006 1287 30362 1900 252 15967 9418 2912 2220 32745 28227 8139 510 419 413 1263 3621 207 860 76 231 3412 176 4789 309 13536 1040 2023 4480 673
is_linear=0
shrinkage=0.05


Tree=16
num_leaves=63
num_cat=0
split_feature=10 12 10 10 10 12 2 10 2 2 10 0 2 2 2 0 10 12 10 13 13 10 12 13 12 2 10 17 12 17 2 0 0 17 17 15 16 4 14 12 17 0 16 17 12 14 14 15 12 12 2 17 8 10 11 0 11 0 0 16 0 2
split_gain=1.69699e+11 2.09056e+10 1.31784e+10 5.74352e+09 4.30369e+09 2.70621e+09 2.53329e+09 2.4172e+09 1.89233e+09 1.6447e+09 1.35019e+09 1.33912e+09 7.97324e+08 7.41077e+08 7.05084e+08 7.6135e+08 6.33377e+08 6.18313e+08 6.02169e+08 5.77349e+08 5.28767e+08 4.79096e+08 4.58456e+08 4.44712e+08 4.30351e+08 3.9795e+08 3.96819e+08 4.185e+08 3.72222e+08 3.51963e+08 3.14409e+08 3.0389e+08 2.99078e+08 2.88649e+08 2.79557e+08 2.71333e+08 2.56051e+08 2.83314e+08 2.76074e+08 2.52706e+08 2.49635e+08 2.37355e+08 2.29986e+08 2.24083e+08 2.19538e+08 4.1674e+08 2.18225e+08 2.16628e+08 2.09386e+08 2.0366e+08 1.93902e+08 1.90393e+08 5.7352e+08 2.99909e+08 1.86454e+08 1.82245e+08 1.74584e+08 1.70599e+08 1.70103e+08 1.67715e+08 1.66026e+08 1.64924e+08
threshold=6000.2650000000012 3530.1735714285719 9500.9950000000008 14498.490000000002 4279.2650000000012 2673.3635714285724 5.5000000000000009 10421.575000000003 5.5000000000000009 1.0000000180025095e-35 7500.6450000000013 30.500000000000004 5.5000000000000009 5.5000000000000009 1.0000000180025095e-35 18.500000000000004 5000.2350000000006 8317.7064285714314 3169.3800000000006 1508.2885063353694 3195.6338760967196 2063.4450000000002 6400.612857142859 1438.7219988110621 12000.380714285717 5.5000000000000009 17561.605000000003 34.250000000000007 4198.3592857142867 31.550000000000004 1.0000000180025095e-35 30.500000000000004 25.500000000000004 29.850000000000005 32.250000000000007 3521.684421886674 36.150000000000013 3.5000000000000004 9381.2628333333359 5513.0407142857157 37.350000000000001 27.500000000000004 31.850000000000005 30.850000000000005 11278.642857142859 8970.7866666666687 8792.7155000000039 2930.1120394584545 4562.3414285714289 12000.380714285717 5.5000000000000009 30.950000000000003 1.5000000000000002 12000.005000000003 4129.6800000000012 33.500000000000007 4492.0100000000011 76.500000000000014 36.500000000000007 33.750000000000007 68.500000000000014 5.5000000000000009
decision_type=2 2 2 2 2 2 2 2 2 2 2 2 2 2 2 2 2 2 2 2 2 2 2 2 2 2 2 2 2 2 2 2 2 2 2 2 2 2 2 2 2 2 2 2 2 2 2 2 2 2 2 2 2 2 2 2 2 2 2 2 2 2
left_child=1 5 8 6 17 21 7 24 10 11 22 -6 26 16 15 -12 -11 25 50 47 -17 -1 -2 -13 57 28 27 43 -3 42 32 -10 -24 -14 54 -29 37 -19 -38 -18 48 -15 -28 -5 -35 -46 -36 58 -16 -32 -7 52 -9 -53 -21 -30 -33 -4 -8 -27 -31 -20
right_child=2 4 3 12 9 18 19 51 31 13 14 23 33 41 40 20 39 36 61 34 -22 -23 30 -25 -26 59 29 35 55 60 49 56 -34 44 46 -37 38 -39 -40 -41 -42 -43 -44 -45 45 -47 -48 -49 -50 -51 -52 53 -54 -55 -56 -57 -58 -59 -60 -61 -62 -63
leaf_value=-57.809172283685022 44.276660639818076 -15.797945211988424 106.48182046781879 188.08829231716811 7.4847948221353962 -34.389660670006002 124.52605294646354 159.92412719631139 47.042173240000992 7.3971684129590898 9.7121684715964598 49.263280446261092 27.932287875330729 12.284437861192899 -31.167826530054999 152.6114769899817 20.152422201428621 147.39681499523587 -22.222791737201167 8.8670308370020852 331.37238361115158 -45.679879689801439 28.297739295959474 100.18724495759569 225.15665150258735 -23.649613702004213 253.15430791830087 219.33718179876155 -11.696813151833132 260.73831738268393 60.277619818895509 -14.662959691606071 120.77194712907327 84.219989046369278 65.329306217964003 -7.1460786039688999 53.177532723166728 14.874814138266878 261.23542968750002 39.197736894704221 -24.594279335462133 -17.783771894813285 91.593585272894984 261.03198964195383 263.23464568789649 89.876547844409941 136.07779727241208 161.03903665036572 87.687493339591413 141.17246758637606 -46.968397716557291 157.57049208173203 106.50843185288332 209.3564326503114 56.168696013868157 2.3022860429592322 21.238523293934009 119.61422042042946 81.891616658094762 -52.003866190741377 355.32638319506617 -35.22817448806245
leaf_weight=11391 3567 14768 5294 192 1022 23449 352 1678 573 8748 87 731 42 905 37 420 4700 44 15400 267 46 28732 108 1048 86 2808 230 21 3832 88 2450 664 475 55 306 33 43 392 25 2771 51 2382 26 286 100 55 172 146 3429 80 3534 2864 731 321 954 5908 689 4906 739 641 166 2900
leaf_count=11391 3567 14768 5294 192 1022 23449 352 1678 573 8748 87 731 42 905 37 420 4700 44 15400 267 46 28732 108 1048 86 2808 230 21 3832 88 2450 664 475 55 306 33 43 392 25 2771 51 2382 26 286 100 55 172 146 3429 80 3534 2864 731 321 954 5908 689 4906 739 641 166 2900
internal_value=0.0230594 -24.5646 102.144 127.312 0.845366 -39.6689 120.292 128.184 62.2084 17.2887 70.3851 53.11 229.215 12.1424 93.0934 145.629 16.5296 -12.0426 -31.2897 77.5776 170.929 -49.1248 56.5374 79.3018 113.77 -13.0327 248.607 217.26 -10.794 280.816 70.5675 16.5573 103.719 148.368 58.5971 83.3172 42.7933 28.5553 132.347 27.2206 84.7939 -9.50396 237.166 232.186 172.209 202.691 91.0179 103.579 86.4101 62.8903 -36.0388 154.661 143.766 162.854 45.8408 -3.206 3.62165 112.809 95.7486 -28.9328 323.707 -24.2856
internal_weight=168960 136174 32786 20110 50768 85406 18816 15880 12676 22307 10750 2801 1294 19506 4070 553 16219 28461 45283 2936 466 40123 6680 1779 10286 27957 1042 532 24508 510 3113 1926 583 252 1699 54 504 436 68 7471 3517 3287 256 478 210 155 478 1237 3466 2530 26983 5594 2409 3185 1221 9740 1353 10200 1091 3449 254 18300
internal_count=168960 136174 32786 20110 50768 85406 18816 15880 12676 22307 10750 2801 1294 19506 4070 553 16219 28461 45283 2936 466 40123 6680 1779 10286 27957 1042 532 24508 510 3113 1926 583 252 1699 54 504 436 68 7471 3517 3287 256 478 210 155 478 1237 3466 2530 26983 5594 2409 3185 1221 9740 1353 10200 1091 3449 254 18300
is_linear=0
shrinkage=0.05


Tree=17
num_leaves=63
num_cat=0
split_feature=10 10 10 12 12 2 10 10 10 2 2 10 12 2 2 9 2 9 2 7 9 15 13 2 3 3 17 3 15 10 7 7 3 10 13 3 3 12 9 15 12 2 2 12 3 10 2 12 3 13 9 12 17 7 3 17 8 14 10 3 16 16
split_gain=1.53304e+11 2.43138e+10 8.52562e+09 4.81935e+09 3.29729e+09 2.55862e+09 2.52693e+09 1.66769e+09 1.23348e+09 1.00663e+09 9.63249e+08 8.92114e+08 7.36969e+08 7.1935e+08 6.44539e+08 5.89764e+08 5.71307e+08 5.38983e+08 5.1062e+08 4.36208e+08 4.25108e+08 4.04768e+08 3.97349e+08 3.91772e+08 9.29862e+08 4.39921e+08 3.86567e+08 3.66626e+08 3.40622e+08 3.18168e+08 2.9933e+08 2.94821e+08 6.04824e+08 2.85786e+08 2.76995e+08 2.72791e+08 4.04905e+08 2.71071e+08 2.70317e+08 2.68703e+08 2.59185e+08 2.477e+08 2.44917e+08 2.85997e+08 2.70491e+08 2.44416e+08 2.3838e+08 2.34783e+08 2.71653e+08 2.33018e+08 2.22779e+08 2.20593e+08 2.19842e+08 2.15391e+08 2.05772e+08 2.01105e+08 4.6073e+08 2.52312e+08 2.30108e+08 5.73049e+08 1.94252e+08 1.88509e+08
threshold=6972.2100000000009 3950.4500000000003 11999.985000000002 3013.9657142857145 5801.874285714287 5.5000000000000009 14498.490000000002 8520.1650000000027 4750.5750000000007 5.5000000000000009 1.0000000180025095e-35 2549.6550000000002 3986.6021428571435 5.5000000000000009 1.0000000180025095e-35 1.5000000000000002 5.5000000000000009 1.0000000180025095e-35 5.5000000000000009 1.0000000180025095e-35 1.0000000180025095e-35 4296.4042702189172 1.0000000180025095e-35 1.5000000000000002 241.50000000000003 288.50000000000006 33.45000000000001 88.500000000000014 2761.226270890947 5380.0250000000005 1.0000000180025095e-35 1.0000000180025095e-35 277.50000000000006 5570.2750000000005 3363.3826892669381 289.50000000000006 282.50000000000006 2028.7628571428575 2.5000000000000004 2733.5861067464816 5957.3464285714299 5.5000000000000009 1.0000000180025095e-35 8916.9357142857152 234.50000000000003 3358.2400000000002 5.5000000000000009 8317.7064285714314 290.50000000000006 1643.3323292609052 1.5000000000000002 10956.976428571432 31.550000000000004 1.0000000180025095e-35 88.500000000000014 30.950000000000003 1.5000000000000002 5095.1058333333349 12000.005000000003 285.50000000000006 34.45000000000001 32.350000000000001
decision_type=2 2 2 2 2 2 2 2 2 2 2 2 2 2 2 2 2 2 2 2 2 2 2 2 2 2 2 2 2 2 2 2 2 2 2 2 2 2 2 2 2 2 2 2 2 2 2 2 2 2 2 2 2 2 2 2 2 2 2 2 2 2
left_child=1 3 5 11 8 7 9 14 46 55 15 37 41 23 20 47 19 39 33 29 -2 31 -19 24 -8 54 38 -23 -22 -12 49 40 -33 -10 -27 36 51 -1 61 -7 -9 45 43 50 -45 -5 -3 -6 -49 -16 -14 -15 -26 -17 -25 56 -4 -58 -57 -60 -43 -11
right_child=2 4 6 12 10 17 13 21 18 26 16 -13 42 35 30 53 -18 22 -20 -21 28 27 -24 25 52 34 -28 -29 -30 -31 -32 32 -34 -35 -36 -37 -38 -39 -40 -41 -42 60 -44 44 -46 -47 -48 48 -50 -51 -52 -53 -54 -55 -56 58 57 -59 59 -61 -62 -63
leaf_value=-57.362404381402627 65.205576118245787 -1.8506729630963563 152.19919455682691 -26.810004228631875 19.533573189713945 84.633161389183414 50.722396877519373 76.168874210446035 14.93378631569963 121.59958071284922 25.774560667478443 -36.36325695285548 -17.845289503672827 -1.9228917672293528 59.305485249285965 94.147276410212086 -2.678568709740949 87.710957325713281 -6.2565463043063172 -15.53922870170296 125.03068120094343 280.77414002535642 24.553819943231478 303.02040719935769 146.96023994090945 -10.928148193359375 144.13862708070226 138.34279103908614 232.57829090277357 49.859122300314368 5.8962518562517676 85.392778885378931 -114.73726699456937 32.387684196445974 221.75118840731108 -34.600761891319642 255.43463113996719 -46.161651898988325 43.129068181396846 8.4073100994197478 110.1832477343452 -29.918822020884171 -14.021406986001123 140.29271005334988 -27.295336138751061 -17.618844682710854 -18.852984693219252 84.146780213421181 -69.157422825172546 82.75699370281238 11.256394137553894 141.29876021608712 285.59050831306274 6.7768054220786214 243.45383959362039 153.06283913921666 -69.631378673206683 104.50106285714378 232.19044630183731 63.807084719144385 -55.130747015466333 6.4819790935516357
leaf_weight=6916 238 13536 1407 16287 632 1061 90 600 6489 273 2409 28045 1050 34 2297 1230 1137 291 2023 384 353 56 1705 246 42 25 265 252 95 3195 189 496 40 3675 25 20 71 25053 363 130 11130 3727 6506 70 36 13030 2431 321 31 1995 1756 127 122 75 492 2515 21 525 257 64 963 41
leaf_count=6916 238 13536 1407 16287 632 1061 90 600 6489 273 2409 28045 1050 34 2297 1230 1137 291 2023 384 353 56 1705 246 42 25 265 252 95 3195 189 496 40 3675 25 20 71 25053 363 130 11130 3727 6506 70 36 13030 2431 321 31 1995 1756 127 122 75 492 2515 21 525 257 64 963 41
internal_value=0.023425 -21.1823 106.991 -33.6946 13.269 90.9843 154.657 98.3952 4.70293 140.356 38.884 -42.8752 -21.0063 217.835 74.4504 67.0993 29.8113 49.7121 16.6815 35.9799 119.611 108.228 33.8009 236.254 180.638 253.929 92.9273 165.064 148.304 39.5123 67.5117 106.788 70.2718 21.2472 107.478 141.042 156.267 -48.5865 72.6984 76.327 108.45 -24.4341 -8.62771 3.4236 83.6528 -22.7257 -4.44032 37.8142 70.4879 70.2229 0.364118 111.228 251.194 89.135 263.693 149.664 137.017 97.6886 158.322 198.921 -35.1062 106.637
internal_weight=168960 141007 27953 103439 37568 20928 7025 17741 28154 5731 9414 60014 43425 1294 5167 2289 7125 3187 12187 5988 686 12574 1996 1042 254 788 942 308 448 5604 4481 12266 536 10164 50 252 232 31969 677 1191 11730 34007 9418 2912 106 29317 15967 984 352 4292 2806 161 164 1305 738 4789 1953 546 2836 321 4690 314
internal_count=168960 141007 27953 103439 37568 20928 7025 17741 28154 5731 9414 60014 43425 1294 5167 2289 7125 3187 12187 5988 686 12574 1996 1042 254 788 942 308 448 5604 4481 12266 536 10164 50 252 232 31969 677 1191 11730 34007 9418 2912 106 29317 15967 984 352 4292 2806 161 164 1305 738 4789 1953 546 2836 321 4690 314
is_linear=0
shrinkage=0.05


Tree=18
num_leaves=63
num_cat=0
split_feature=10 10 10 10 10 10 2 10 2 10 2 0 2 2 0 9 7 2 2 0 2 0 15 10 13 2 10 3 17 10 10 15 3 16 13 17 13 2 0 3 3 17 13 7 13 0 14 3 16 0 3 17 5 13 16 17 14 16 13 14 5 0
split_gain=1.38435e+11 1.55617e+10 1.27787e+10 4.68187e+09 2.74772e+09 2.20127e+09 2.03753e+09 1.98047e+09 1.68617e+09 1.34113e+09 1.20626e+09 1.11764e+09 6.49031e+08 6.30249e+08 6.72198e+08 5.62836e+08 5.36196e+08 5.13799e+08 4.95503e+08 4.46525e+08 4.37459e+08 5.22904e+08 4.09187e+08 4.01354e+08 3.81381e+08 3.78531e+08 3.55957e+08 3.73862e+08 3.67888e+08 3.41007e+08 3.36521e+08 3.27536e+08 3.24091e+08 3.10592e+08 3.32553e+08 3.10132e+08 2.98351e+08 2.76076e+08 2.71921e+08 2.69159e+08 3.12678e+08 2.5655e+08 2.52645e+08 2.5018e+08 2.43885e+08 2.38189e+08 2.31585e+08 2.25041e+08 2.19246e+08 2.14944e+08 2.14113e+08 3.72562e+08 2.29362e+08 2.10411e+08 2.07305e+08 2.04579e+08 1.89218e+08 1.84665e+08 1.83001e+08 1.75276e+08 1.67663e+08 1.55447e+08
threshold=5800.9650000000011 3499.2950000000005 9500.9950000000008 14498.490000000002 4279.2650000000012 2707.1950000000002 5.5000000000000009 10421.575000000003 5.5000000000000009 7400.545000000001 1.0000000180025095e-35 26.500000000000004 5.5000000000000009 1.0000000180025095e-35 10.500000000000002 2.5000000000000004 1.0000000180025095e-35 5.5000000000000009 1.0000000180025095e-35 26.500000000000004 1.0000000180025095e-35 23.500000000000004 3169.6990120833548 4999.7350000000006 1566.3462133229566 5.5000000000000009 17561.605000000003 84.500000000000014 30.850000000000005 2063.4450000000002 3035.2250000000004 4822.9514807727619 80.500000000000014 31.650000000000002 1326.9377969815539 31.550000000000004 1602.2398703389533 5.5000000000000009 31.500000000000004 84.500000000000014 289.50000000000006 32.750000000000007 1682.9250682454488 1.0000000180025095e-35 1380.7477411264063 32.500000000000007 6440.3581666666678 112.50000000000001 33.95000000000001 27.500000000000004 126.50000000000001 33.95000000000001 2022.5000000000002 2532.1218247354968 31.850000000000005 33.550000000000004 8097.1366666666672 32.850000000000001 1602.2398703389533 4712.0173333333341 2022.5000000000002 77.500000000000014
decision_type=2 2 2 2 2 2 2 2 2 2 2 2 2 2 2 2 2 2 2 2 2 2 2 2 2 2 2 2 2 2 2 2 2 2 2 2 2 2 2 2 2 2 2 2 2 2 2 2 2 2 2 2 2 2 2 2 2 2 2 2 2 2
left_child=1 5 8 6 18 29 7 31 9 20 11 -6 26 14 -11 36 42 23 19 -3 21 -2 -16 -12 -13 30 27 32 -29 -1 -7 -4 -5 -21 -35 54 60 59 -10 -14 41 -41 -15 58 -32 -18 -17 -46 -39 -19 52 -52 -9 -23 -28 -48 -25 -27 -22 -20 -8 -40
right_child=2 4 3 12 10 25 15 50 38 13 17 24 39 16 22 46 45 49 37 33 43 53 -24 56 -26 57 35 28 -30 -31 44 -33 -34 34 -36 -37 -38 48 61 40 -42 -43 -44 -45 47 -47 55 -49 -50 -51 51 -53 -54 -55 -56 -57 -58 -59 -60 -61 -62 -63
leaf_value=-50.383307426329253 18.120000167858034 -21.267900629228837 101.99619386713719 179.10797074338223 -3.9658961661596721 -30.849326891203575 148.69690077925154 157.17264841001446 38.860231887362474 -20.293033672731315 5.5877264550360612 43.062239913680493 0.87589377571554738 64.85865668106247 128.11937143094937 -12.969747193676154 83.537015402221684 11.730716256516041 -13.865202691600286 7.6871839540522018 39.184801344270262 88.315597901248964 245.26458360340285 18.693257365333835 89.416883998469189 -33.643059546304571 229.23961336342288 95.141975841354906 201.4477246747017 -40.67586390572967 -22.633973603418955 219.9121557993889 366.45099174360803 17.95353339785132 91.728166242422063 295.10524368106616 67.935201241206627 -19.588409406776261 -12.460276018416806 208.39273213757411 -32.953106172652468 80.195058727599019 90.811893301508448 -1.0462019963469049 48.537015612858994 -44.615360774921648 44.318933392946356 -9.3295958863751149 -49.037643534828227 -17.720225707610378 133.60058303790365 57.6488752076867 128.27272216623024 157.89149036030977 76.507280986220749 98.64164746166972 44.402765590962275 -53.057763391776646 56.73484631126221 -3.0592499140897953 97.36325587432124 20.203251274687847
leaf_weight=12915 251 1034 10227 46 794 17272 225 2241 695 66 8797 852 33 1764 441 145 49 853 14005 1940 4145 546 91 5920 933 4177 230 113 319 30424 18840 59 54 376 257 254 761 3162 880 143 20 56 2042 302 207 131 1001 873 790 2257 2132 177 1044 138 26 210 814 1740 2330 5127 594 620
leaf_count=12915 251 1034 10227 46 794 17272 225 2241 695 66 8797 852 33 1764 441 145 49 853 14005 1940 4145 546 91 5920 933 4177 230 113 319 30424 18840 59 54 376 257 254 761 3162 880 143 20 56 2042 302 207 131 1001 873 790 2257 2132 177 1044 138 26 210 814 1740 2330 5127 594 620
internal_value=0.02342 -22.9441 89.2066 115 -0.0867358 -35.6119 108.662 115.74 53.4057 60.6115 13.3421 45.3855 207.005 82.0339 129.939 70.3543 74.8161 8.90664 -10.7631 6.46976 47.869 79.9378 148.58 12.6212 67.3278 -27.6108 224.501 194.901 173.925 -43.5698 -25.7405 102.694 282.9 17.6205 48.0037 254.935 90.6409 -13.456 13.0307 134.061 154.035 172.898 78.8033 43.4335 -21.3094 -9.46062 46.6672 1.79614 -25.4862 -9.64135 139.706 127.806 148.03 102.563 214.086 53.8127 21.8071 -39.3603 45.5079 -10.9697 111.63 1.04511
internal_weight=168960 134359 34601 20110 47911 86448 18816 15880 14491 12296 21220 2579 1294 4584 598 2936 3986 18641 26691 3607 7712 935 532 15531 1785 43109 1042 532 432 43339 37192 10286 100 2573 633 510 1580 23084 2195 252 219 199 3806 6777 19920 180 1356 1080 3952 3110 5594 2309 3285 684 256 1211 6734 5917 6475 19132 819 1500
internal_count=168960 134359 34601 20110 47911 86448 18816 15880 14491 12296 21220 2579 1294 4584 598 2936 3986 18641 26691 3607 7712 935 532 15531 1785 43109 1042 532 432 43339 37192 10286 100 2573 633 510 1580 23084 2195 252 219 199 3806 6777 19920 180 1356 1080 3952 3110 5594 2309 3285 684 256 1211 6734 5917 6475 19132 819 1500
is_linear=0
shrinkage=0.05


Tree=19
num_leaves=63
num_cat=0
split_feature=10 10 10 12 12 10 10 10 6 0 12 6 12 3 3 7 7 12 12 0 15 3 0 16 6 3 15 12 3 7 13 10 6 12 10 0 6 3 3 3 3 12 10 10 13 13 6 0 12 17 17 14 13 14 12 12 7 3 0 0 7 17
split_gain=1.25054e+11 1.98433e+10 6.97068e+09 3.8136e+09 2.84875e+09 2.05586e+09 1.63647e+09 9.5766e+08 9.06791e+08 8.24325e+08 7.10098e+08 6.53881e+08 5.95267e+08 5.82525e+08 7.57563e+08 5.4717e+08 4.98826e+08 4.96082e+08 4.94833e+08 5.62495e+08 4.70578e+08 4.36544e+08 5.32254e+08 4.49387e+08 3.46187e+08 3.43078e+08 3.3194e+08 3.31627e+08 3.9646e+08 3.35313e+08 3.27845e+08 3.0017e+08 2.67676e+08 2.51539e+08 2.50004e+08 2.49037e+08 2.44948e+08 2.3832e+08 4.61781e+08 2.28896e+08 2.10948e+08 2.54498e+08 2.07689e+08 2.01009e+08 1.9217e+08 1.91295e+08 1.91285e+08 2.00145e+08 2.0882e+08 1.8115e+08 1.80229e+08 1.72265e+08 2.2564e+08 1.71042e+08 1.58052e+08 1.57637e+08 1.51998e+08 3.1879e+08 1.72012e+08 1.27562e+08 1.35023e+08 1.15885e+08
threshold=6972.2100000000009 3899.6550000000002 11999.985000000002 2992.7707142857148 5513.0407142857157 14498.490000000002 8866.5700000000015 4750.5750000000007 1.0000000180025095e-35 69.500000000000014 2482.7335714285718 1.0000000180025095e-35 3986.6021428571435 288.50000000000006 276.50000000000006 1.0000000180025095e-35 1.0000000180025095e-35 10000.04642857143 9157.1885714285727 79.500000000000014 3403.9999007376414 86.500000000000014 73.500000000000014 29.550000000000004 1.0000000180025095e-35 90.500000000000014 5104.3834205448529 11472.934285714287 287.50000000000006 1.0000000180025095e-35 3079.2856815687096 5380.0250000000005 1.0000000180025095e-35 4469.5407142857157 1999.6350000000004 19.500000000000004 1.0000000180025095e-35 287.50000000000006 271.50000000000006 271.50000000000006 112.50000000000001 8317.7064285714314 12000.005000000003 3243.0950000000007 2485.9273282151657 1508.2885063353694 1.0000000180025095e-35 56.500000000000007 7704.1435714285717 36.850000000000001 33.350000000000001 8610.5075000000015 2199.2229209012817 9131.4756666666672 7704.1435714285717 4327.8207142857145 1.0000000180025095e-35 277.50000000000006 19.500000000000004 7.5000000000000009 1.0000000180025095e-35 34.750000000000007
decision_type=2 2 2 2 2 2 2 2 2 2 2 2 2 2 2 2 2 2 2 2 2 2 2 2 2 2 2 2 2 2 2 2 2 2 2 2 2 2 2 2 2 2 2 2 2 2 2 2 2 2 2 2 2 2 2 2 2 2 2 2 2 2
left_child=1 3 6 10 7 27 11 55 20 31 34 16 43 14 21 18 17 33 24 -20 56 23 -23 -7 -11 -19 -15 29 39 32 45 40 42 -2 -1 -9 49 38 -22 -29 41 -6 -4 -5 -41 -10 47 -14 -49 -37 -13 52 -16 -32 -34 -3 58 -58 -8 -33 -61 -18
right_child=2 4 5 12 9 13 8 35 30 15 -12 50 46 26 51 -17 61 25 19 -21 37 22 -24 -25 -26 -27 -28 28 -30 -31 53 59 54 -35 -36 36 -38 -39 -40 44 -42 -43 -44 -45 -46 -47 -48 48 -50 -51 -52 -53 -54 -55 -56 -57 57 -59 -60 60 -62 -63
leaf_value=-52.562436420408119 -20.12855495887467 -8.4719120431092296 123.7565005497563 -26.697382144610767 17.300844023877925 231.11223453928784 84.304551339875673 31.148663566728477 87.818941809040297 52.695446651567515 -33.772958495776848 42.745745279121394 -11.584736442167237 132.56372714373529 92.803280598958338 -13.915223671704792 13.298498410504275 159.46898275053906 135.70661498660658 48.963613463076157 144.95233693803701 47.233378088814874 177.24688258685276 77.244090013175182 17.800518677826826 85.752007620741907 -91.773232039260876 139.83551153250968 -10.166115268143741 37.116598724921545 -33.059696517909337 55.403834676151568 35.06131948598226 70.377423686560775 -41.889366139298176 15.320868414952571 -0.34489670657203142 31.077861526489261 339.41533612419579 134.72958758303994 -0.070649693621916212 86.767748787619865 171.80614954644631 -19.024094842210477 293.63481785226378 66.314666709788312 -24.049345900598382 1.8951015641548477 57.535983849211107 69.264305750846859 -6.2107462567514728 297.60920010861054 243.03905901326763 85.700617352440247 105.03337307178613 1.7729948758011318 79.380419042267079 -98.501048629195608 102.4434515834279 29.293934964942373 -32.178361128940381 -92.15446752929688
leaf_weight=7555 78 10811 1625 15334 923 327 1634 1795 1811 3110 30898 1774 4273 48 29 340 197 266 346 409 380 125 216 57 923 400 24 2468 43 131 108 471 89 3685 20270 5834 3214 39 33 37 2054 153 270 19289 46 2476 1521 2911 178 159 210 161 307 41 1022 5752 410 26 7331 2392 92 29
leaf_count=7555 78 10811 1625 15334 923 327 1634 1795 1811 3110 30898 1774 4273 48 29 340 197 266 346 409 380 125 216 57 923 400 24 2468 43 131 108 471 89 3685 20270 5834 3214 39 33 37 2054 153 270 19289 46 2476 1521 2911 178 159 210 161 307 41 1022 5752 410 26 7331 2392 92 29
internal_value=0.0234047 -19.1291 96.6339 -30.6811 11.3252 139.734 82.1603 2.6814 91.6945 32.5722 -38.9935 61.6291 -19.4607 196.721 204.867 47.3393 71.8759 75.5724 51.6911 88.843 100.155 171.762 129.865 208.532 44.7157 115.389 57.5519 126.835 140.165 115.772 72.8838 20.1218 119.186 68.4966 -44.7891 14.1156 10.7918 150.133 161.273 142.702 9.32706 27.25 130.69 -22.4232 225.245 75.4173 -7.91297 -4.57635 5.11893 16.7634 37.5633 252.717 230.386 -0.0271733 99.4646 -4.91417 97.7366 68.5717 99.1471 31.5489 27.0051 -0.579411
internal_weight=168960 141007 27953 102229 38778 7025 20928 27565 14289 11213 58723 6639 43506 1294 1222 5128 4655 4429 4788 755 9853 725 341 384 4033 666 72 5731 2594 3137 4436 6085 3006 3763 27825 11002 9207 452 413 2551 3130 1076 1895 34623 83 4287 8883 7362 3089 5993 1984 497 336 149 1111 16563 9401 436 8965 2955 2484 226
internal_count=168960 141007 27953 102229 38778 7025 20928 27565 14289 11213 58723 6639 43506 1294 1222 5128 4655 4429 4788 755 9853 725 341 384 4033 666 72 5731 2594 3137 4436 6085 3006 3763 27825 11002 9207 452 413 2551 3130 1076 1895 34623 83 4287 8883 7362 3089 5993 1984 497 336 149 1111 16563 9401 436 8965 2955 2484 226
is_linear=0
shrinkage=0.05


Tree=20
num_leaves=63
num_cat=0
split_feature=12 12 12 12 12 12 2 3 3 12 2 3 0 3 2 16 12 2 13 16 5 16 9 3 0 5 3 3 12 3 0 2 3 2 16 12 12 14 0 3 2 16 9 16 2 2 3 0 2 0 3 16 3 13 0 12 2 16 13 2 5 16
split_gain=1.08057e+11 1.27577e+10 1.02397e+10 2.65632e+09 2.23771e+09 1.62481e+09 1.54326e+09 1.50854e+09 2.11345e+09 1.08716e+09 9.50909e+08 7.91068e+08 6.53391e+08 5.31791e+08 4.18558e+08 3.98171e+08 3.69738e+08 3.69532e+08 4.45152e+08 4.20921e+08 4.26382e+08 3.97167e+08 3.43738e+08 3.31029e+08 4.94083e+08 3.50984e+08 5.40582e+08 2.85951e+08 2.79905e+08 2.79691e+08 2.71649e+08 2.65301e+08 3.04411e+08 2.64059e+08 2.55026e+08 2.51562e+08 2.49912e+08 2.2242e+08 2.05598e+08 2.04357e+08 1.79769e+08 1.6045e+08 1.68865e+08 1.68148e+08 1.58996e+08 1.51408e+08 1.47297e+08 1.42344e+08 1.32568e+08 1.30565e+08 1.30035e+08 1.19357e+08 3.95564e+08 1.16686e+08 1.12986e+08 1.11872e+08 1.09512e+08 1.16988e+08 1.07382e+08 1.00518e+08 1.05408e+08 9.81484e+07
threshold=5878.3035714285734 3455.0100000000007 9157.1885714285727 11472.934285714287 4531.7578571428576 2607.5578571428573 5.5000000000000009 288.50000000000006 271.50000000000006 6912.5542857142864 5.5000000000000009 292.50000000000006 71.500000000000014 284.50000000000006 5.5000000000000009 24.650000000000002 3965.7478571428578 1.5000000000000002 3633.0448536059257 38.050000000000004 2022.5000000000002 32.050000000000004 1.0000000180025095e-35 124.50000000000001 65.500000000000014 2022.5000000000002 86.500000000000014 132.50000000000003 3131.7514285714292 180.50000000000003 27.500000000000004 5.5000000000000009 86.500000000000014 5.5000000000000009 28.850000000000005 2177.888571428572 5125.8128571428579 10202.382333333337 71.500000000000014 60.500000000000007 5.5000000000000009 35.95000000000001 1.5000000000000002 39.050000000000004 1.5000000000000002 2.5000000000000004 106.50000000000001 78.500000000000014 5.5000000000000009 52.500000000000007 28.500000000000004 32.150000000000013 274.50000000000006 3633.0448536059257 30.500000000000004 9491.5792857142878 5.5000000000000009 36.650000000000013 3079.2856815687096 5.5000000000000009 2023.5000000000002 28.250000000000004
decision_type=2 2 2 2 2 2 2 2 2 2 2 2 2 2 2 2 2 2 2 2 2 2 2 2 2 2 2 2 2 2 2 2 2 2 2 2 2 2 2 2 2 2 2 2 2 2 2 2 2 2 2 2 2 2 2 2 2 2 2 2 2 2
left_child=1 5 6 10 16 35 9 8 31 44 23 34 13 -10 36 45 48 18 21 20 -19 -11 29 25 27 26 -4 -25 40 -8 -16 32 -5 -14 58 -1 -6 -26 -21 -27 -7 42 55 -43 53 -13 -33 49 -3 -24 -44 -38 -53 -2 -42 -12 -18 -58 -9 -37 -61 -31
right_child=2 4 3 7 14 28 22 11 12 17 41 15 33 -15 30 -17 56 19 -20 38 -22 -23 47 24 37 39 -28 -29 -30 61 -32 46 -34 -35 -36 59 51 -39 -40 -41 54 43 50 -45 -46 -47 -48 -49 -50 -51 -52 52 -54 -55 -56 -57 57 -59 -60 60 -62 -63
leaf_value=-46.782569733958695 30.791811384507771 -11.680111059471677 213.79038728713991 171.1118923189307 10.708500751705449 -28.030856773250111 71.119234318174165 -141.01843776448567 274.01398998260498 44.131256778405316 34.743643782891724 12.215961484772819 314.08144842946058 136.78782027346912 18.866126381683355 322.63709708862302 -0.8884933891557053 91.790954680279711 -30.431163599141442 -16.816852298304031 65.972392987200308 79.036883829181122 13.911070907538054 14.685569135401238 103.5872982633224 110.35716495781139 118.36193305797222 77.045147331658342 -21.33822830453343 -44.520428827921556 -16.839547760792325 64.004937170600883 129.66012918222646 153.09345861261542 84.274623785251521 -36.646466935921175 19.910962997794883 68.280637437641857 104.68728012084961 79.319226912656347 -26.48207680662253 126.97725378159997 85.560945084511289 -26.875843462262836 46.372151102557694 169.6154214491163 119.18885966957163 28.531505098170864 -23.777844181006564 -16.986992452489574 30.287156432074017 30.481786282968592 157.39179449558259 -64.121864698005453 -44.318371836775178 80.753948460412403 -9.7165487535714608 -52.463259025137774 -35.626385731552588 -43.192416560099701 -74.394728075365563 24.045512171535208
leaf_weight=12300 2048 16128 187 557 8303 26115 434 29 111 2109 170 34 226 204 774 24 12173 2630 149 182 4133 1334 609 208 4761 1969 753 1617 15530 59 1703 199 2432 32 40 20526 5068 501 42 745 1264 138 125 20 4006 27 326 465 2635 777 704 1559 63 32 3032 629 1887 174 131 3117 298 403
leaf_count=12300 2048 16128 187 557 8303 26115 434 29 111 2109 170 34 226 204 774 24 12173 2630 149 182 4133 1334 609 208 4761 1969 753 1617 15530 59 1703 199 2432 32 40 20526 5068 501 42 745 1264 138 125 20 4006 27 326 465 2635 777 704 1559 63 32 3032 629 1887 174 131 3117 298 403
internal_value=0.0233404 -20.8972 76.4474 104.905 -1.10973 -33.0483 51.6694 138.478 146.233 57.393 93.1782 27.1495 235.33 185.858 13.3595 153.985 -8.77051 67.0815 54.0124 73.7916 76.0248 57.6746 16.938 98.7992 92.4503 111.084 137.553 69.9498 -26.8028 42.3412 -5.67931 131.641 137.439 294.782 -27.2536 -40.9644 16.5051 100.239 6.32917 101.87 -29.5926 59.3367 54.6036 107.456 40.5437 83.4967 98.433 4.62503 -13.3802 -3.41033 38.7146 23.6965 35.505 29.3015 -39.0778 71.0202 -2.69353 -13.3491 -55.486 -37.9734 -45.9362 15.212
internal_weight=168960 132649 36311 16899 50467 82182 19412 4372 4087 16665 12527 285 573 315 17470 85 32997 10579 3592 6987 6763 3443 2747 10741 7087 3654 940 1825 45941 896 2477 3514 2989 258 200 36241 14993 5262 224 2714 30411 1786 1628 158 6086 61 525 1851 18763 1386 829 6690 1622 2080 4296 799 14234 2061 160 23941 3415 462
internal_count=168960 132649 36311 16899 50467 82182 19412 4372 4087 16665 12527 285 573 315 17470 85 32997 10579 3592 6987 6763 3443 2747 10741 7087 3654 940 1825 45941 896 2477 3514 2989 258 200 36241 14993 5262 224 2714 30411 1786 1628 158 6086 61 525 1851 18763 1386 829 6690 1622 2080 4296 799 14234 2061 160 23941 3415 462
is_linear=0
shrinkage=0.05


Tree=21
num_leaves=63
num_cat=0
split_feature=10 10 10 12 10 10 10 2 12 2 2 0 2 2 12 12 2 10 2 3 13 2 9 12 15 9 9 15 14 3 3 10 15 3 12 2 0 2 0 12 11 2 0 11 12 12 3 3 3 13 0 5 2 2 11 3 5 3 15 3 3 2
split_gain=1.03143e+11 1.47555e+10 6.6088e+09 2.48442e+09 2.2809e+09 2.20192e+09 1.71772e+09 1.44632e+09 7.69677e+08 7.52928e+08 7.11226e+08 6.72499e+08 5.71621e+08 5.41786e+08 5.0224e+08 4.71908e+08 4.33351e+08 4.14241e+08 3.53365e+08 7.46399e+08 3.64171e+08 3.05298e+08 3.31086e+08 3.01329e+08 2.99087e+08 3.00578e+08 2.85046e+08 2.70389e+08 2.5735e+08 2.42204e+08 2.52999e+08 2.37198e+08 2.35361e+08 3.51812e+08 2.28602e+08 2.26155e+08 2.74965e+08 2.15159e+08 1.99871e+08 1.94851e+08 1.94015e+08 1.93194e+08 1.92814e+08 1.89485e+08 1.85629e+08 1.8438e+08 1.83135e+08 1.74295e+08 1.73958e+08 1.56168e+08 1.92516e+08 1.55885e+08 1.53935e+08 1.46493e+08 1.4575e+08 1.43639e+08 1.81126e+08 1.42762e+08 1.62802e+08 1.41757e+08 6.19542e+08 1.83439e+08
threshold=6500.0950000000012 3718.2650000000008 11999.985000000002 2798.2085714285722 5000.2350000000006 8000.7650000000012 14498.490000000002 5.5000000000000009 8540.0042857142889 1.0000000180025095e-35 5.5000000000000009 27.500000000000004 3.5000000000000004 5.5000000000000009 3353.7928571428579 4661.4157142857157 5.5000000000000009 2210.4100000000003 1.5000000000000002 241.50000000000003 1876.0978418501741 1.0000000180025095e-35 2.5000000000000004 9999.9900000000016 2989.7896357602681 2.5000000000000004 1.5000000000000002 2405.9404774336272 10202.382333333337 84.500000000000014 289.50000000000006 10000.005000000003 4112.6125525443886 88.500000000000014 11278.642857142859 1.0000000180025095e-35 34.500000000000007 4.5000000000000009 10.500000000000002 14389.699285714289 4510.5650000000014 5.5000000000000009 80.500000000000014 3996.0750000000003 5279.4557142857157 5583.3442857142863 218.50000000000003 88.500000000000014 224.50000000000003 1311.3167133231598 77.500000000000014 2021.5000000000002 5.5000000000000009 5.5000000000000009 6962.6800000000012 266.50000000000006 2021.5000000000002 190.50000000000003 2311.248312449437 128.50000000000003 150.50000000000003 1.0000000180025095e-35
decision_type=2 2 2 2 2 2 2 2 2 2 2 2 2 2 2 2 2 2 2 2 2 2 2 2 2 2 2 2 2 2 2 2 2 2 2 2 2 2 2 2 2 2 2 2 2 2 2 2 2 2 2 2 2 2 2 2 2 2 2 2 2 2
left_child=1 3 5 17 8 12 10 23 15 11 59 -6 27 18 -5 41 38 -1 19 54 28 22 -17 31 25 -9 57 55 -20 -15 34 -7 -25 -34 -31 36 -16 -10 51 -21 46 -3 -27 -29 -38 -40 -14 -22 -48 -13 -51 -11 -23 -19 -8 56 -2 58 -12 -4 -61 -62
right_child=2 4 6 14 9 7 13 24 37 16 26 49 40 29 35 21 -18 53 20 39 47 52 -24 32 -26 42 -28 43 -30 30 -32 -33 33 -35 -36 -37 44 -39 45 -41 -42 -43 -44 -45 -46 -47 48 -49 -50 50 -52 -53 -54 -55 -56 -57 -58 -59 -60 60 61 -63
leaf_value=-43.681257348946041 6.0700205966818928 -4.588272036568565 129.72383018230985 -25.300555419014927 9.5294154060353513 79.792416010472436 -71.651626315646709 66.591878856557457 66.096698087175994 -6.0527740053867731 66.140810546181427 47.10136433037195 -3.2434249613369399 -13.487859779806698 -25.271621670234669 6.3211734871621275 -2.2456989206637554 -32.298132985184623 -10.812843117713928 141.50997873667126 256.45487396116681 5.6373963448401785 48.802396805097715 95.430504221198873 -26.460040289750737 14.672107433670593 50.473591863326448 8.2615385577895424 215.55497256324404 59.097787800181997 -36.530944330124633 107.44554277759545 247.15658098936083 111.1361084459803 180.97346636772158 -18.076287621618423 -3.6847048256247676 -4.9691445885843306 15.577655445279317 255.10234285769258 39.731921679683751 -18.008385407816721 59.171465429776596 84.835173339616489 27.422658248860785 30.339887242656175 160.3779274881297 202.18364480883125 31.600871059437665 117.79020140412091 66.980456243608941 53.690502095098708 -15.229077211179472 -41.9037407322717 66.68563754844665 77.372912507774771 50.962536443761309 34.573702632534889 140.36946351984025 -19.953903663102974 196.77789687483281 114.55593867396584
leaf_weight=15685 262 16786 2988 28740 510 8139 26 1296 531 126 109 274 621 33 1357 1029 1936 26776 31 73 246 5557 827 4333 133 680 523 87 20 54 20 867 63 202 145 15774 3203 133 5445 91 2187 3191 379 1174 563 3463 28 491 286 363 395 808 1050 4676 64 411 1589 61 249 85 72 1644
leaf_count=15685 262 16786 2988 28740 510 8139 26 1296 531 126 109 274 621 33 1357 1029 1936 26776 31 73 246 5557 827 4333 133 680 523 87 20 54 20 867 63 202 145 15774 3203 133 5445 91 2187 3191 379 1174 563 3463 28 491 286 363 395 808 1050 4676 64 411 1589 61 249 85 72 1644
internal_value=0.0230966 -18.0409 84.507 -28.8193 6.54591 71.4046 126.898 81.4049 -1.29745 23.6824 115.108 56.5277 47.1786 178.986 -21.0116 -2.5407 19.3777 -37.0405 194.957 142.514 211.66 7.35422 25.2661 87.8168 46.3242 50.4442 75.2488 60.9855 80.3969 112.438 131.388 82.4662 98.2767 144.281 148.363 -15.1121 -5.98327 51.876 23.631 205.704 31.5839 -6.73271 30.6386 79.5629 0.971749 21.3193 12.5032 220.622 43.5569 79.722 91.436 45.6331 2.31944 -33.7275 26.3733 50.5985 44.6149 105.98 118.016 122.931 111.594 118.118
internal_weight=168960 139198 29762 96774 42424 22737 7025 16092 29104 13320 5731 1542 6645 1294 49637 28440 11778 47137 1042 254 788 8463 1856 13604 2488 2355 942 3523 51 252 219 9006 4598 265 199 20897 5123 664 9842 164 3122 19977 1059 1261 3766 8908 935 737 314 1032 758 934 6607 31452 90 2262 1851 419 358 4789 1801 1716
internal_count=168960 139198 29762 96774 42424 22737 7025 16092 29104 13320 5731 1542 6645 1294 49637 28440 11778 47137 1042 254 788 8463 1856 13604 2488 2355 942 3523 51 252 219 9006 4598 265 199 20897 5123 664 9842 164 3122 19977 1059 1261 3766 8908 935 737 314 1032 758 934 6607 31452 90 2262 1851 419 358 4789 1801 1716
is_linear=0
shrinkage=0.05


Tree=22
num_leaves=63
num_cat=0
split_feature=10 10 10 10 12 10 10 10 12 0 12 11 3 3 11 7 3 0 16 11 8 3 7 3 17 12 0 7 3 15 12 3 17 12 12 16 10 3 3 8 3 16 16 15 15 13 0 7 16 11 11 17 11 3 11 7 0 3 16 12 10 16
split_gain=9.31656e+10 1.46838e+10 5.18054e+09 3.14881e+09 1.72168e+09 1.55238e+09 1.23147e+09 6.69642e+08 6.39368e+08 5.9214e+08 5.13822e+08 4.78118e+08 4.65997e+08 6.0679e+08 4.62504e+08 4.20068e+08 3.6704e+08 4.56581e+08 3.95564e+08 3.47019e+08 3.32174e+08 5.07786e+08 3.32139e+08 3.24023e+08 3.66026e+08 2.99028e+08 4.2082e+08 2.85029e+08 3.49052e+08 2.78462e+08 2.58834e+08 3.17318e+08 2.39329e+08 2.2932e+08 2.14709e+08 2.14243e+08 2.09354e+08 1.99037e+08 2.1697e+08 1.96625e+08 1.95491e+08 1.91822e+08 1.74793e+08 1.72215e+08 1.67501e+08 1.63915e+08 1.6278e+08 1.59243e+08 1.58515e+08 1.51804e+08 1.46092e+08 1.45548e+08 1.37844e+08 1.52937e+08 1.33529e+08 2.05087e+08 1.97614e+08 1.33006e+08 4.35618e+08 1.3001e+08 1.28882e+08 1.28575e+08
threshold=6972.2100000000009 4000.2050000000004 11999.985000000002 3021.0950000000007 5728.1678571428574 14498.490000000002 8866.5700000000015 5175.6800000000012 2509.863571428572 67.500000000000014 3986.6021428571435 5565.9600000000009 288.50000000000006 276.50000000000006 5010.9350000000004 1.0000000180025095e-35 86.500000000000014 73.500000000000014 29.550000000000004 6999.6950000000006 2.5000000000000004 286.50000000000006 1.0000000180025095e-35 247.50000000000003 29.250000000000004 9157.1885714285727 79.500000000000014 1.0000000180025095e-35 277.50000000000006 5104.3834205448529 12000.380714285717 92.500000000000014 31.850000000000005 8916.9357142857152 14389.699285714289 36.150000000000013 1772.575 242.50000000000003 302.50000000000006 2.5000000000000004 4.5000000000000009 29.150000000000002 38.150000000000013 3790.914559449348 2290.2210092361161 523.31083581926202 17.500000000000004 1.0000000180025095e-35 23.650000000000002 4380.380000000001 3798.4150000000004 30.050000000000004 3980.2600000000007 196.50000000000003 4836.795000000001 1.0000000180025095e-35 42.500000000000007 110.50000000000001 36.750000000000007 3270.4350000000004 5380.0250000000005 32.650000000000013
decision_type=2 2 2 2 2 2 2 2 2 2 2 2 2 2 2 2 2 2 2 2 2 2 2 2 2 2 2 2 2 2 2 2 2 2 2 2 2 2 2 2 2 2 2 2 2 2 2 2 2 2 2 2 2 2 2 2 2 2 2 2 2 2
left_child=1 3 6 8 7 19 11 49 36 37 47 39 13 16 20 25 18 -18 -7 32 23 -22 30 24 -8 45 -27 34 51 -14 42 -32 54 57 -16 -35 -1 43 -39 52 -21 -41 -13 60 -42 -11 -9 59 -30 -3 -25 -29 53 -2 56 -56 -4 58 -12 -5 -6 -46
right_child=2 4 5 10 9 12 14 46 -10 15 33 22 29 -15 27 -17 17 -19 -20 40 21 -23 -24 50 -26 26 -28 28 48 -31 31 -33 -34 35 -36 -37 -38 38 -40 41 44 -43 -44 -45 61 -47 -48 -49 -50 -51 -52 -53 -54 -55 55 -57 -58 -59 -60 -61 -62 -63
leaf_value=-50.892618451033975 -12.7058400976731 -3.7129185313478525 100.88285717773437 -21.100781872469383 11.05058635402095 202.6080451102373 13.116043981131629 36.242494973400277 -28.22429022732122 176.44756339333276 -0.11065292500426108 65.739705097651637 114.48684550538356 220.16855910182477 84.38779056668983 -14.207255089729063 33.004297567700583 153.29179221065363 58.623937348990609 -15.774196359042463 119.51460643442113 -3.8256842070079986 -4.3392259427206863 -58.57290199416957 70.898034059611788 112.56141410799512 38.221251847349656 14.552290629725304 39.492856285458522 -90.886143414306645 197.29298978640713 41.589081716035544 112.56656533813478 22.144204284708309 164.69059232734233 150.58234930576421 -36.91340249349981 -10.991764813304783 34.515724881521415 25.153292546705771 99.958251486163775 123.01876836077375 6.2793049860000609 73.160012585645674 129.29724941606619 39.290695994012623 14.719203676630109 -33.829677278438346 -134.45764055040146 5.6362702072190629 22.20538450606664 78.602075759013758 38.591014706575571 37.929115455935218 82.985680360848889 -33.777758154520178 -39.585287917478766 -10.419063003817117 148.75858603515624 -14.675809147928426 31.030430391448633 108.43593151270193
leaf_weight=2990 325 11653 39 14280 1614 327 346 1028 33475 21 2857 3784 48 497 11197 309 125 216 57 28 420 104 174 72 1327 372 392 123 20 24 80 56 444 197 84 38 26320 998 354 87 1208 119 128 166 2193 3666 6036 1578 35 6919 239 322 1612 274 521 40 66 6493 49 17585 1617 1192
leaf_count=2990 325 11653 39 14280 1614 327 346 1028 33475 21 2857 3784 48 497 11197 309 125 216 57 28 420 104 174 72 1327 372 392 123 20 24 80 56 444 197 84 38 26320 998 354 87 1208 119 128 166 2193 3666 6036 1578 35 6919 239 322 1612 274 521 40 66 6493 49 17585 1617 1192
internal_value=0.0229546 -16.5082 83.4109 -25.8049 11.4947 120.567 70.9334 4.7543 -32.9477 29.6642 -15.3937 53.1232 170.085 177.369 79.2041 42.1262 147.767 109.424 181.443 109.359 59.6538 95.0742 63.2789 50.2556 58.9629 46.0394 74.5181 83.3606 46.2711 45.7219 66.1858 133.951 84.0764 -5.21873 85.0003 43.463 -38.3412 17.1672 0.940358 35.3645 115.412 82.0084 63.7963 23.6232 116.215 40.1195 17.8561 -18.3245 -71.6271 -0.229761 3.37649 60.9708 30.9836 10.4807 64.9426 74.615 13.0481 -6.44039 2.44984 -17.5557 21.0563 121.985
internal_weight=168960 141007 27953 105862 35145 7025 20928 25636 62785 9509 43077 6639 1294 1222 14289 4760 725 341 384 5731 2508 524 4222 1984 1673 4451 764 11781 500 72 4048 136 1110 9634 11281 235 29310 4749 1352 2417 4621 206 3912 3397 4593 3687 7064 33443 55 18572 311 445 2211 599 666 561 105 9399 2906 31865 3231 3385
internal_count=168960 141007 27953 105862 35145 7025 20928 25636 62785 9509 43077 6639 1294 1222 14289 4760 725 341 384 5731 2508 524 4222 1984 1673 4451 764 11781 500 72 4048 136 1110 9634 11281 235 29310 4749 1352 2417 4621 206 3912 3397 4593 3687 7064 33443 55 18572 311 445 2211 599 666 561 105 9399 2906 31865 3231 3385
is_linear=0
shrinkage=0.05


Tree=23
num_leaves=63
num_cat=0
split_feature=10 10 10 10 12 2 5 12 2 12 2 0 2 10 3 3 2 0 9 17 13 17 12 2 3 2 3 2 11 8 3 8 3 5 10 2 11 10 3 10 0 0 10 3 17 13 10 2 12 0 9 12 5 0 2 0 0 17 2 17 3 12
split_gain=8.41401e+10 9.40406e+09 7.78567e+09 2.86113e+09 1.99282e+09 1.37877e+09 1.33307e+09 1.20766e+09 1.20391e+09 8.44559e+08 7.40248e+08 8.05814e+08 6.90981e+08 5.41919e+08 5.36714e+08 1.1031e+09 4.92036e+08 4.74401e+08 4.15027e+08 3.61589e+08 3.56259e+08 3.46987e+08 3.41135e+08 3.35604e+08 3.28792e+08 3.25952e+08 6.29061e+08 3.08807e+08 8.14202e+08 3.06187e+08 3.60589e+08 3.01322e+08 6.94026e+08 2.9971e+08 2.93095e+08 2.8297e+08 2.4351e+08 2.33791e+08 2.24331e+08 2.23455e+08 2.2176e+08 2.19461e+08 2.19314e+08 2.1411e+08 2.27552e+08 2.04091e+08 2.02089e+08 1.94865e+08 1.91862e+08 1.8204e+08 1.77272e+08 1.60322e+08 1.59719e+08 1.55518e+08 1.4538e+08 1.58636e+08 1.43062e+08 1.41376e+08 1.40384e+08 1.28848e+08 1.24451e+08 1.21992e+08
threshold=5800.9650000000011 3409.9950000000003 9500.9950000000008 14498.490000000002 4661.4157142857157 5.5000000000000009 2022.5000000000002 2575.616428571429 5.5000000000000009 7016.8400000000011 1.0000000180025095e-35 25.500000000000004 1.0000000180025095e-35 4129.9250000000011 86.500000000000014 82.500000000000014 5.5000000000000009 26.500000000000004 2.5000000000000004 32.850000000000001 3633.0448536059257 30.950000000000003 8916.9357142857152 5.5000000000000009 233.50000000000003 2.5000000000000004 264.50000000000006 4.5000000000000009 14498.490000000002 1.0000000180025095e-35 72.500000000000014 2.5000000000000004 283.50000000000006 2021.5000000000002 4659.3750000000009 5.5000000000000009 6962.6800000000012 3009.4850000000001 84.500000000000014 7190.6650000000009 69.500000000000014 31.500000000000004 1999.7850000000001 289.50000000000006 32.750000000000007 1602.2398703389533 4240.8850000000011 5.5000000000000009 8662.6621428571452 7.5000000000000009 1.0000000180025095e-35 14389.699285714289 2023.5000000000002 29.500000000000004 1.0000000180025095e-35 29.500000000000004 83.500000000000014 31.250000000000004 5.5000000000000009 31.450000000000003 254.50000000000003 12000.380714285717
decision_type=2 2 2 2 2 2 2 2 2 2 2 2 2 2 2 2 2 2 2 2 2 2 2 2 2 2 2 2 2 2 2 2 2 2 2 2 2 2 2 2 2 2 2 2 2 2 2 2 2 2 2 2 2 2 2 2 2 2 2 2 2 2
left_child=1 7 8 5 13 6 14 42 9 31 11 -6 17 47 15 -4 25 60 45 39 -19 -16 46 34 -24 26 36 51 -29 52 -31 33 -33 -2 -12 37 -5 54 -18 -14 -28 -10 -1 44 -40 -7 -13 -3 59 -35 -15 -27 -8 -37 55 -9 -50 -25 -52 -20 -11 -36
right_child=2 4 3 16 10 18 29 35 41 12 23 22 19 50 21 -17 38 20 48 -21 -22 -23 24 57 -26 27 40 28 -30 30 -32 32 -34 49 61 53 -38 -39 43 -41 -42 -43 -44 -45 -46 -47 -48 -49 56 -51 58 -53 -54 -55 -56 -57 -58 -59 -60 -61 -62 -63
leaf_value=-42.625562361485549 10.956349838826576 -10.322934469834486 110.36399794708396 -67.58585353597006 -15.195142777250902 87.988879094495999 107.87400792359986 -33.544195733906868 30.696992803983306 47.173113275550939 1.5928405525101439 21.583368726089816 45.564125449208682 11.037806340128061 86.461543671442485 314.1856383529975 -22.665750215193807 102.49077064721124 -27.56659180651484 23.425259238559207 210.10901166250542 115.58669402496645 112.62953472425635 -0.99343751264599212 30.373146100574072 198.16953280939123 145.31817450026836 224.12593236370819 53.308284000065015 5.9249658403240275 77.142198324108747 139.27448853603434 23.668340733842836 70.696503026716172 17.711677965543554 -21.112253197092457 91.167913558483122 -17.270032464862449 165.45406780156827 71.385647191110891 249.26388786621098 -3.2726663374297225 -33.314305497871224 -37.798213337489535 45.636046749583471 51.871790996336244 50.524789426904817 -22.855330875723798 34.443933287588855 35.633611244652357 -0.059243093214701129 268.64062309217155 82.231845745751343 -38.548888023954952 -27.105087553834519 -14.222443464806606 81.267399331429161 -28.216948659672312 -17.052638813966023 32.022591240057785 -51.198666542053225 102.27712120056152
leaf_weight=8406 1236 20101 212 29 698 819 1301 1350 695 165 4630 1162 1468 3111 1467 97 33 837 184 820 85 3521 320 1292 197 213 120 182 114 182 7913 223 310 402 5991 1827 127 16792 143 1979 99 1500 25762 20 56 761 1259 3668 789 4732 7483 158 1187 4296 18777 4990 206 755 1450 177 39 42
leaf_count=8406 1236 20101 212 29 698 819 1301 1350 695 165 4630 1162 1468 3111 1467 97 33 837 184 820 85 3521 320 1292 197 213 120 182 114 182 7913 223 310 402 5991 1827 127 16792 143 1979 99 1500 25762 20 56 761 1259 3668 789 4732 7483 158 1187 4296 18777 4990 206 755 1450 177 39 42
internal_value=0.0226457 -17.8831 69.5509 89.6844 -1.27702 84.7298 90.5516 -28.4202 41.6062 47.695 13.1887 33.0793 62.523 -7.87974 111.046 175.154 161.607 97.3731 53.2211 53.3059 112.629 107.04 44.5494 7.49636 81.4053 176.816 138.702 198.005 158.739 80.2845 75.542 36.1031 72.2066 33.0714 11.0561 -23.3076 61.4135 -21.8396 98.2697 60.4052 193.227 7.49218 -35.6062 116.513 132.133 70.6371 36.6485 -12.2578 32.8911 38.3923 0.760721 228.823 95.6783 -33.3504 -24.8938 -18.3413 44.2099 -11.0432 -2.8192 1.658 28.2087 18.3173
internal_weight=168960 134359 34601 20110 52159 18816 15880 82200 14491 12296 16346 3636 5393 35813 5297 309 1294 1126 2936 4267 922 4988 2938 12710 517 1042 375 667 296 10583 8095 6903 533 6370 10663 48032 156 41909 252 3447 219 2195 34168 219 199 1580 2421 23769 1356 5134 12044 371 2488 6123 25117 6340 995 2047 8933 361 204 6033
internal_count=168960 134359 34601 20110 52159 18816 15880 82200 14491 12296 16346 3636 5393 35813 5297 309 1294 1126 2936 4267 922 4988 2938 12710 517 1042 375 667 296 10583 8095 6903 533 6370 10663 48032 156 41909 252 3447 219 2195 34168 219 199 1580 2421 23769 1356 5134 12044 371 2488 6123 25117 6340 995 2047 8933 361 204 6033
is_linear=0
shrinkage=0.05


Tree=24
num_leaves=63
num_cat=0
split_feature=10 10 10 12 12 10 6 10 10 10 6 10 13 0 3 3 12 3 0 16 3 3 17 15 5 3 5 15 12 17 3 3 12 16 5 3 3 3 10 5 15 12 6 12 3 14 16 3 16 12 0 17 3 12 12 0 3 9 3 6 3 10
split_gain=7.60611e+10 1.1956e+10 4.24661e+09 2.58368e+09 1.40855e+09 1.25757e+09 1.03437e+09 6.77984e+08 5.89488e+08 5.7487e+08 5.58674e+08 5.23148e+08 4.20991e+08 3.98646e+08 3.90675e+08 5.08265e+08 3.81301e+08 3.15497e+08 3.89809e+08 3.58819e+08 2.49806e+08 5.53322e+08 4.0156e+08 3.95415e+08 3.84138e+08 3.0871e+08 2.8731e+08 2.48904e+08 2.43318e+08 2.41669e+08 2.41421e+08 2.99978e+08 2.38261e+08 2.21453e+08 2.09364e+08 2.00531e+08 5.26706e+08 3.01967e+08 2.00061e+08 1.93493e+08 2.11254e+08 1.82018e+08 1.78609e+08 2.12427e+08 2.97484e+08 1.74925e+08 1.81279e+08 1.73952e+08 4.68028e+08 1.70822e+08 1.48602e+08 1.47431e+08 1.46861e+08 1.44252e+08 1.40676e+08 2.05303e+08 1.60905e+08 1.39052e+08 1.34902e+08 2.92267e+08 1.30233e+08 1.27442e+08
threshold=6972.2100000000009 4000.2050000000004 11999.985000000002 3036.5435714285722 5801.874285714287 14498.490000000002 1.0000000180025095e-35 8000.005000000001 9999.3950000000023 5175.6800000000012 1.0000000180025095e-35 2567.0350000000003 3195.6338760967196 66.500000000000014 288.50000000000006 276.50000000000006 3944.5700000000002 86.500000000000014 73.500000000000014 29.550000000000004 126.50000000000001 150.50000000000003 30.950000000000003 1308.4461125079388 2022.5000000000002 60.500000000000007 2021.5000000000002 5104.3834205448529 12000.380714285717 36.850000000000001 287.50000000000006 266.50000000000006 11278.642857142859 32.45000000000001 2022.5000000000002 84.500000000000014 82.500000000000014 88.500000000000014 10421.575000000003 2021.5000000000002 3169.6990120833548 9318.6050000000014 1.0000000180025095e-35 8786.0628571428588 238.50000000000003 4368.0566666666682 33.750000000000007 84.500000000000014 29.950000000000003 1909.7442857142862 27.500000000000004 31.650000000000002 4.5000000000000009 4469.5407142857157 9157.1885714285727 79.500000000000014 180.50000000000003 2.5000000000000004 211.50000000000003 1.0000000180025095e-35 80.500000000000014 4492.9550000000008
decision_type=2 2 2 2 2 2 2 2 2 2 2 2 2 2 2 2 2 2 2 2 2 2 2 2 2 2 2 2 2 2 2 2 2 2 2 2 2 2 2 2 2 2 2 2 2 2 2 2 2 2 2 2 2 2 2 2 2 2 2 2 2 2
left_child=1 3 6 11 9 20 7 28 33 61 13 49 38 39 15 17 -5 19 -19 -7 24 23 26 -22 35 52 -23 -16 53 -24 31 -14 45 -8 -11 36 -4 -37 41 50 -41 -9 43 57 -45 -10 -47 48 -12 -1 -6 -34 -26 -2 56 -56 -15 -18 -36 -60 -55 -3
right_child=2 4 5 16 10 14 8 12 32 34 47 -13 30 54 27 -17 42 18 -20 -21 21 22 29 -25 25 -27 -28 -29 -30 -31 -32 -33 51 -35 58 37 -38 -39 -40 40 -42 -43 -44 44 -46 46 -48 -49 -50 -51 -52 -53 -54 60 55 -57 -58 -59 59 -61 -62 -63
leaf_value=-44.17754593938816 -25.001457728485565 -4.123903695568079 96.424288466004114 -16.862546504582941 -81.525674283287742 184.51838681441981 38.081842787569478 67.084436763243573 -1.0919663058194249 9.7176786244963722 19.859164579198403 -24.934667645524407 120.94222727558829 27.801332880306589 104.7926981462751 199.40912102909931 -9.0523123765003213 27.065573304191471 138.17111633008525 47.594895631198227 67.509891802379059 -6.2636081273802402 115.99387202638232 -63.06316349453396 -16.408454843336536 5.0594292316102143 79.029615928699513 -89.330229286956794 136.8780687527717 -36.880323781613953 23.560998667964231 254.63892969248246 18.150554490217143 5.6035653352033377 20.151882101271937 -52.495096606501832 292.21990333686443 117.22943242463883 103.91392781413806 20.58224823079167 70.922732934400784 80.332576313974002 -19.112266595988721 98.214091287612916 -20.039092520078025 56.650518673082608 82.132317885086024 -3.4641690368234723 255.67856120716442 -32.913001147626048 9.4832816443619912 -130.10920982837678 95.340438432797043 32.052444480840045 89.924007001660542 37.799628000259403 51.13070999985289 3.8465739513025152 67.384889527606219 4.318634015037115 56.109241068974086 4.1314925294428964
leaf_weight=3811 66 9843 86 33050 76 327 1784 5482 109 4517 490 28097 351 1389 48 497 5812 125 216 57 139 115 1176 98 30 113 691 24 78 26 53 48 55 744 1967 26 58 2161 573 2868 224 5029 2194 119 95 2761 944 1595 21 29423 107 23 1012 783 387 373 1591 3261 507 288 2045 8902
leaf_count=3811 66 9843 86 33050 76 327 1784 5482 109 4517 490 28097 351 1389 48 497 5812 125 216 57 139 115 1176 98 30 113 691 24 78 26 53 48 55 744 1967 26 58 2161 573 2868 224 5029 2194 119 95 2761 944 1595 21 29423 107 23 1012 783 387 373 1591 3261 507 288 2045 8902
internal_value=0.0224767 -14.9143 75.3678 -23.3031 10.354 109.008 64.0709 71.4682 47.3459 4.42766 27.2608 -29.9591 76.958 34.0402 153.578 160.247 -14.1356 133.162 97.6415 164.37 98.92 85.7966 94.321 13.4795 107.345 83.6055 66.8673 39.7477 50.1402 112.659 124.33 137.622 59.5575 28.5294 16.3521 119.066 176.758 115.189 75.0152 21.2927 24.2509 73.4301 -6.28489 -3.25276 45.8695 61.3273 63.1635 4.67345 30.0308 -34.206 -28.5504 -26.6606 92.1104 47.756 45.1942 64.4252 40.2697 -4.41631 27.1945 44.5724 49.4622 -0.203405
internal_weight=168960 141007 27953 105862 35145 7025 20928 14508 6420 26024 9121 61331 11536 7015 1294 1222 44531 725 341 384 5731 2245 2008 237 3486 1155 806 72 2972 1202 452 399 3892 2528 7279 2331 144 2187 11084 3275 3092 10511 11481 9287 214 3814 3705 2106 511 33234 183 78 1042 2894 3740 760 2980 9073 2762 795 2828 18745
internal_count=168960 141007 27953 105862 35145 7025 20928 14508 6420 26024 9121 61331 11536 7015 1294 1222 44531 725 341 384 5731 2245 2008 237 3486 1155 806 72 2972 1202 452 399 3892 2528 7279 2331 144 2187 11084 3275 3092 10511 11481 9287 214 3814 3705 2106 511 33234 183 78 1042 2894 3740 760 2980 9073 2762 795 2828 18745
is_linear=0
shrinkage=0.05


Tree=25
num_leaves=63
num_cat=0
split_feature=10 10 10 10 10 10 2 11 2 0 2 15 2 2 0 7 3 17 0 3 10 11 2 0 11 0 2 2 13 0 9 2 5 0 9 11 2 7 10 3 10 3 5 13 14 17 14 15 10 13 0 14 14 3 9 10 9 14 0 0 17 2
split_gain=6.86991e+10 8.47352e+09 5.33655e+09 2.29796e+09 1.43747e+09 1.30108e+09 1.03818e+09 9.51389e+08 7.52041e+08 1.03458e+09 6.85017e+08 6.41146e+08 6.38293e+08 6.16954e+08 6.20594e+08 5.59337e+08 5.17277e+08 1.08903e+09 6.57728e+08 5.86534e+08 4.37e+08 4.32736e+08 3.97704e+08 4.26905e+08 3.49631e+08 3.13996e+08 3.01422e+08 2.78381e+08 2.72374e+08 2.55301e+08 2.44742e+08 2.3367e+08 2.27276e+08 2.23979e+08 2.23379e+08 2.16824e+08 2.15134e+08 2.14658e+08 2.16784e+08 2.1326e+08 2.12371e+08 2.00928e+08 2.00266e+08 2.0008e+08 1.85046e+08 1.80172e+08 1.75808e+08 1.74555e+08 1.66014e+08 1.65935e+08 1.52126e+08 1.51266e+08 1.4838e+08 1.482e+08 1.44652e+08 1.42739e+08 1.4048e+08 1.40404e+08 1.36278e+08 1.35723e+08 1.33052e+08 1.30862e+08
threshold=6000.2650000000012 3547.0850000000005 9999.3950000000023 12000.005000000003 4510.9300000000012 2757.6150000000002 5.5000000000000009 10000.005000000003 1.0000000180025095e-35 23.500000000000004 5.5000000000000009 3169.6990120833548 5.5000000000000009 1.0000000180025095e-35 26.500000000000004 1.0000000180025095e-35 86.500000000000014 30.950000000000003 63.500000000000007 80.500000000000014 7500.6450000000013 6500.0550000000012 1.0000000180025095e-35 30.500000000000004 17561.605000000003 30.500000000000004 5.5000000000000009 5.5000000000000009 600.81939697900782 31.500000000000004 1.0000000180025095e-35 5.5000000000000009 2023.5000000000002 28.500000000000004 2.5000000000000004 1617.8150000000003 5.5000000000000009 1.0000000180025095e-35 10000.005000000003 285.50000000000006 3200.1050000000005 282.50000000000006 2021.5000000000002 1682.9250682454488 2505.4965000000007 32.750000000000007 6440.3581666666678 4822.9514807727619 8300.0150000000012 1326.9377969815539 79.500000000000014 8273.4223333333339 4230.1380000000008 4.5000000000000009 1.0000000180025095e-35 4240.8850000000011 1.0000000180025095e-35 4485.2130000000006 18.500000000000004 58.500000000000007 31.150000000000002 4.5000000000000009
decision_type=2 2 2 2 2 2 2 2 2 2 2 2 2 2 2 2 2 2 2 2 2 2 2 2 2 2 2 2 2 2 2 2 2 2 2 2 2 2 2 2 2 2 2 2 2 2 2 2 2 2 2 2 2 2 2 2 2 2 2 2 2 2
left_child=1 5 6 7 22 31 8 12 9 42 16 48 37 14 -6 20 19 21 -19 25 -10 -18 23 -3 -13 -5 51 40 -25 -17 41 44 45 -8 52 -33 57 38 -4 -39 -7 -12 -2 -22 -1 -16 -36 50 -11 -42 -32 58 -14 -9 -28 -30 -29 -24 -15 -31 -51 -21
right_child=2 4 3 10 13 27 33 53 15 11 30 24 34 26 32 29 17 18 -20 61 43 -23 36 28 -26 -27 54 56 55 59 47 35 -34 -35 46 -37 -38 39 -40 -41 49 -43 -44 -45 -46 -47 -48 -49 -50 60 -52 -53 -54 -55 -56 -57 -58 -59 -60 -61 -62 -63
leaf_value=-32.151846207748314 -95.013842508947675 -12.704543116245329 72.86893701949397 201.95277389747514 -1.7854280967968732 -19.959318138767003 34.58423730945983 -30.62969378264054 35.447884264236301 77.379267264760969 71.826741212885437 233.15153974938582 -53.393916304452084 23.245850733830785 37.873906599742334 50.237368724428372 -66.950265154674128 110.77249715692254 199.96586620861069 277.55800318400065 43.962298892188642 81.653601097009201 -8.3788741093307433 1.2080052526493017 7.8370942760649189 60.202762607006314 13.288229569651314 -17.018256260243316 26.994787184165588 -81.365212113813925 -11.374122130400945 -67.303574852122324 96.540347476925177 -2.7085360250476271 -24.288779108487645 -36.350968733813744 -17.765564028332602 50.386909624497974 91.706935748678475 -87.474540873209648 -13.801327645190282 235.91866489525998 18.683438162220465 67.307571009858449 -25.282884158369395 89.454476969183673 37.43653217953284 108.1699973860654 128.76750859675798 -8.8474374173027517 106.8088037075716 28.572827935748236 63.594420527078036 98.285549714214284 -13.208612717668817 63.282461586480736 -33.442591321812671 0.26434642893164506 8.4298534915131924 -13.003077537682323 26.052322569547723 195.8160563077632
leaf_weight=21752 44 1337 8841 68 678 22552 554 22 5680 685 46 126 27 1851 1023 115 57 371 481 143 1605 321 13276 933 20 93 707 1890 1151 109 136 632 279 1466 129 5476 4178 454 1869 29 14567 32 277 2174 17909 203 1043 65 208 631 33 1341 1227 3925 1890 355 4209 7272 9602 215 480 96
leaf_count=21752 44 1337 8841 68 678 22552 554 22 5680 685 46 126 27 1851 1023 115 57 371 481 143 1605 321 13276 933 20 93 707 1890 1151 109 136 632 279 1466 129 5476 4178 454 1869 29 14567 32 277 2174 17909 203 1043 65 208 631 33 1341 1227 3925 1890 355 4209 7272 9602 215 480 96
internal_value=0.0221697 -15.622 64.9976 81.6403 1.81911 -24.5413 40.5418 75.9259 46.4636 81.3283 133.263 105.548 69.6495 13.0657 37.9353 41.6654 146.264 129.976 161.302 195.901 44.2259 59.1275 -5.1156 9.99633 202.55 120.949 9.53603 -18.4353 22.4405 -13.4802 65.0915 -30.4547 55.8187 7.53133 46.3639 -39.5642 -7.42371 74.6919 76.1646 41.9459 -16.8518 141.281 2.85207 57.4067 -29.0509 46.4805 30.6276 39.202 89.4794 -12.3808 12.1955 12.6884 61.035 97.5594 -5.99285 35.585 -28.3565 -5.32015 10.8262 -36.1811 6.24063 245.677
internal_weight=168960 136174 32786 19508 46076 90098 13278 17566 11258 1360 1942 1039 13619 17574 2183 9898 1630 1230 852 400 9459 378 28502 3776 146 161 15391 44329 2439 439 312 45769 1505 2020 2426 6108 24726 11193 10710 483 38230 78 321 3779 39661 1226 1172 234 893 15678 169 12794 1254 3947 2597 1506 6099 20548 11453 324 1111 239
internal_count=168960 136174 32786 19508 46076 90098 13278 17566 11258 1360 1942 1039 13619 17574 2183 9898 1630 1230 852 400 9459 378 28502 3776 146 161 15391 44329 2439 439 312 45769 1505 2020 2426 6108 24726 11193 10710 483 38230 78 321 3779 39661 1226 1172 234 893 15678 169 12794 1254 3947 2597 1506 6099 20548 11453 324 1111 239
is_linear=0
shrinkage=0.05


Tree=26
num_leaves=63
num_cat=0
split_feature=10 10 10 12 12 10 11 10 8 3 7 7 0 10 11 3 3 10 3 0 3 17 11 7 12 13 5 15 5 3 12 12 3 10 17 10 13 13 9 12 3 10 11 3 3 13 15 12 17 17 5 5 17 3 3 3 11 15 17 7 17 3
split_gain=6.20435e+10 9.77778e+09 3.46869e+09 2.27938e+09 1.08587e+09 1.03683e+09 8.89807e+08 5.48636e+08 4.82771e+08 6.72416e+08 4.4221e+08 4.24911e+08 4.60648e+08 3.98429e+08 3.80054e+08 3.30773e+08 4.49682e+08 3.07918e+08 2.74392e+08 3.39492e+08 3.12509e+08 2.68841e+08 2.63533e+08 2.62005e+08 3.4018e+08 2.38274e+08 2.29694e+08 2.27602e+08 2.11365e+08 3.32687e+08 2.01324e+08 2.0018e+08 3.65344e+08 1.9134e+08 1.8994e+08 1.74217e+08 1.70281e+08 1.61715e+08 2.02164e+08 1.61087e+08 1.60481e+08 1.59427e+08 1.55293e+08 1.55158e+08 1.54709e+08 1.51685e+08 1.49137e+08 1.45513e+08 1.42647e+08 1.39562e+08 1.38819e+08 1.37174e+08 1.31333e+08 1.28324e+08 1.89848e+08 1.25884e+08 1.24724e+08 1.19465e+08 1.82092e+08 1.18557e+08 1.15898e+08 1.13233e+08
threshold=6972.2100000000009 4023.2800000000002 11999.985000000002 3180.7142857142867 5728.1678571428574 14498.490000000002 6069.5750000000016 2589.6350000000007 2.5000000000000004 286.50000000000006 1.0000000180025095e-35 1.0000000180025095e-35 67.500000000000014 5469.5600000000004 3980.2600000000007 288.50000000000006 276.50000000000006 8000.005000000001 86.500000000000014 73.500000000000014 80.500000000000014 30.150000000000002 6999.6950000000006 1.0000000180025095e-35 8786.0628571428588 1473.9078922695489 2022.5000000000002 5104.3834205448529 2022.5000000000002 90.500000000000014 3944.5700000000002 9157.1885714285727 78.500000000000014 9500.9950000000008 31.850000000000005 9999.3950000000023 2779.7940897281446 3633.0448536059257 2.5000000000000004 2177.888571428572 112.50000000000001 9999.3950000000023 4407.7200000000012 274.50000000000006 247.50000000000003 541.26084229925539 2290.2210092361161 12000.380714285717 35.45000000000001 35.250000000000007 2021.5000000000002 2023.5000000000002 37.250000000000007 211.50000000000003 213.50000000000003 156.50000000000003 3250.0250000000005 3954.265515905809 34.650000000000013 1.0000000180025095e-35 33.150000000000013 76.500000000000014
decision_type=2 2 2 2 2 2 2 2 2 2 2 2 2 2 2 2 2 2 2 2 2 2 2 2 2 2 2 2 2 2 2 2 2 2 2 2 2 2 2 2 2 2 2 2 2 2 2 2 2 2 2 2 2 2 2 2 2 2 2 2 2 2
left_child=1 3 6 7 13 22 8 39 14 43 17 12 50 42 21 16 18 47 20 -20 -7 36 34 24 30 -12 -15 -17 29 -19 -5 45 -33 55 -4 -30 -2 38 -26 -1 -32 -23 -3 -10 -35 -14 -24 -8 -11 61 60 -45 -52 -28 -55 -16 -36 -18 -59 -9 -6 -27
right_child=2 4 5 23 11 15 10 59 9 48 25 -13 31 26 33 27 57 28 19 -21 -22 41 46 -25 37 49 53 -29 35 -31 40 32 -34 44 56 -37 -38 -39 -40 -41 -42 -43 -44 51 -46 -47 -48 -49 -50 -51 52 -53 -54 54 -56 -57 -58 58 -60 -61 -62 -63
leaf_value=-35.413467344921699 -5.6939593370123349 -2.4661151436504745 50.282207817216332 -13.0229995287156 -25.816262470324546 83.17988211053563 46.815170518285122 -21.110210268594706 -33.786342017764142 24.368940537470692 52.392468522319973 -18.628119620627231 154.37677058880146 8.4692736297517399 44.679975759996459 96.481024954659603 133.87805729688799 125.4796103028077 20.713207083808054 124.35115059145038 180.27326449683275 11.189927848492514 79.422269752228189 -28.110340695534788 13.459986193730282 -74.930000143716512 21.618261830571914 -89.105749222087866 46.153537433226823 75.093315979207361 4.204406996279225 134.52468758112948 45.439213642244759 61.217969401401312 4.6314071334035773 69.11858391364801 -91.151185961829299 10.912567985508893 145.029416721731 -28.220166075080602 -8.8153421584619096 55.361733278635704 6.9720279925401059 111.12682275043781 26.336396979476618 32.990164779402264 100.01943893450014 114.1832296135312 -72.770147446342136 -134.8516900344122 19.6304497866962 4.8880418812144892 -40.190557778338167 197.10982689267112 43.688154272892611 22.088479535673311 100.63255828179565 207.59613248448036 93.985972744254184 -35.723121317271612 93.475368132157769 13.883665559127037
leaf_weight=11784 307 11567 666 24868 276 126 2050 32679 20 211 318 533 25 3388 1423 48 112 397 125 216 258 518 1223 2133 51 42 1456 24 930 1943 3345 141 620 1815 37 8030 71 147 68 23076 8088 337 6992 638 388 3604 3398 83 45 20 4002 32 93 20 579 1094 407 343 42 1451 21 216
leaf_count=11784 307 11567 666 24868 276 126 2050 32679 20 211 318 533 25 3388 1423 48 112 397 125 216 258 518 1223 2133 51 42 1456 24 930 1943 3345 141 620 1815 37 8030 71 147 68 23076 8088 337 6992 638 388 3604 3398 83 45 20 4002 32 93 20 579 1094 407 343 42 1451 21 216
internal_value=0.0217725 -13.4686 68.0711 -20.792 10.2026 98.4746 57.8611 -26.2402 43.1466 76.3259 65.0937 24.6913 27.3223 4.57884 37.8621 138.943 145.079 66.9638 119.626 86.5324 148.713 13.1306 89.3146 -11.0791 -10.0849 22.9013 16.4729 34.2455 70.2577 83.6917 -10.4983 38.7756 62.1001 44.3186 67.3018 66.7404 -21.9436 46.1499 89.2246 -30.6527 -5.00607 28.6447 1.08984 101.971 55.0892 33.8687 94.5865 49.4889 7.07698 -10.9001 15.868 106.068 18.2624 29.6577 49.1307 34.8734 92.6609 181.893 195.478 -21.7325 -17.0961 -0.807836
internal_weight=168960 141007 27953 107690 33317 7025 20928 68990 6899 946 14029 9315 8782 24002 5953 1294 1222 13433 725 341 384 1233 5731 38700 36567 596 5443 72 11300 2340 36301 4390 761 4720 1110 8960 378 266 119 34860 11433 855 18559 690 2203 3629 4621 2133 256 278 4392 670 4095 2055 599 2517 444 497 385 34130 297 258
internal_count=168960 141007 27953 107690 33317 7025 20928 68990 6899 946 14029 9315 8782 24002 5953 1294 1222 13433 725 341 384 1233 5731 38700 36567 596 5443 72 11300 2340 36301 4390 761 4720 1110 8960 378 266 119 34860 11433 855 18559 690 2203 3629 4621 2133 256 278 4392 670 4095 2055 599 2517 444 497 385 34130 297 258
is_linear=0
shrinkage=0.05


Tree=27
num_leaves=63
num_cat=0
split_feature=10 10 12 10 10 2 2 12 10 0 2 2 2 0 3 17 3 3 11 7 10 7 9 0 15 5 2 3 12 12 16 17 3 17 17 14 3 3 0 2 7 7 3 2 5 16 2 5 9 5 16 14 16 15 2 0 9 7 16 3 9 15
split_gain=5.60602e+10 5.92092e+09 5.7757e+09 2.02243e+09 1.15765e+09 1.02503e+09 7.85773e+08 7.80076e+08 7.79618e+08 6.88669e+08 6.28322e+08 5.61864e+08 5.57014e+08 6.62366e+08 4.61212e+08 9.45481e+08 6.20859e+08 4.99682e+08 3.78435e+08 3.69585e+08 3.58964e+08 3.42164e+08 3.34908e+08 3.25025e+08 3.18407e+08 3.1728e+08 2.8082e+08 2.66396e+08 2.5707e+08 2.47246e+08 2.23343e+08 2.21373e+08 3.23841e+08 2.19825e+08 3.20147e+08 2.09982e+08 2.08077e+08 2.98757e+08 2.05561e+08 2.03203e+08 2.02609e+08 1.98286e+08 1.93106e+08 1.9181e+08 1.79261e+08 1.75698e+08 1.71744e+08 2.13623e+08 1.71374e+08 1.70072e+08 1.79549e+08 1.6866e+08 1.60819e+08 1.5795e+08 1.55609e+08 1.55226e+08 1.55175e+08 1.98582e+08 1.43926e+08 1.41765e+08 1.41676e+08 1.39051e+08
threshold=5570.2750000000005 8866.5700000000015 3411.7485714285717 12000.005000000003 4240.8850000000011 5.5000000000000009 1.0000000180025095e-35 10956.976428571432 2600.1550000000002 20.500000000000004 5.5000000000000009 5.5000000000000009 1.0000000180025095e-35 25.500000000000004 86.500000000000014 30.950000000000003 237.50000000000003 82.500000000000014 6962.6800000000012 1.0000000180025095e-35 7190.6650000000009 1.0000000180025095e-35 2.5000000000000004 30.500000000000004 2787.8125585230523 2022.5000000000002 5.5000000000000009 277.50000000000006 8317.7064285714314 12000.380714285717 26.050000000000004 33.050000000000004 248.50000000000003 31.350000000000005 32.750000000000007 8970.7866666666687 182.50000000000003 194.50000000000003 32.500000000000007 5.5000000000000009 1.0000000180025095e-35 1.0000000180025095e-35 98.500000000000014 5.5000000000000009 2021.5000000000002 32.850000000000001 5.5000000000000009 2023.5000000000002 1.5000000000000002 2023.5000000000002 36.45000000000001 6291.3758333333344 38.050000000000004 2330.7717459665523 4.5000000000000009 26.500000000000004 1.0000000180025095e-35 1.0000000180025095e-35 20.150000000000002 283.50000000000006 2.5000000000000004 3286.8340494294148
decision_type=2 2 2 2 2 2 2 2 2 2 2 2 2 2 2 2 2 2 2 2 2 2 2 2 2 2 2 2 2 2 2 2 2 2 2 2 2 2 2 2 2 2 2 2 2 2 2 2 2 2 2 2 2 2 2 2 2 2 2 2 2 2
left_child=2 6 8 5 28 7 9 21 46 44 14 19 13 -6 17 18 -17 23 -16 20 29 25 36 -5 -11 -3 56 -23 39 -8 58 32 -26 -12 35 -35 42 -38 -21 40 60 49 -7 -10 -2 -45 -1 -48 61 50 -30 -24 -22 -46 -19 -28 59 -58 -15 -14 -4 -13
right_child=1 3 4 10 12 22 11 -9 43 24 33 48 26 30 15 16 -18 54 -20 38 52 27 51 -25 31 -27 55 -29 41 -31 -32 -33 -34 34 -36 -37 37 -39 -40 -41 -42 -43 -44 45 53 -47 47 -49 -50 -51 -52 -53 -54 -55 -56 -57 57 -59 -60 -61 -62 -63
leaf_value=-27.480438928524599 -86.199630775453599 83.894908689995191 -8.563261570156941 195.3910106597076 -12.251920256500231 40.229915394485808 26.422191731652102 94.580179203855721 -17.514819563662307 70.279504609789157 2.5366485980299651 22.295179518993685 18.313222970576881 43.366916033521022 -59.494036361500619 36.759719368588605 163.44912770501676 266.34062963867189 74.022304765242566 37.729172248714853 49.430363992564388 38.297755004502839 -26.579021748696604 56.908588679045153 150.48467001967546 64.327713823926402 9.8768639513932097 -89.984965695467864 10.332979588629325 115.41234111930751 66.741910496307767 242.01257906232559 -12.36271578905059 175.22280625384789 9.5727969489953448 6.0450142669677742 -97.742378912204643 41.985755307821385 -32.161153887154761 -18.909049724569325 -24.804195812182645 -66.442973211669923 85.473378770578478 -21.23486956146894 -10.822907353754577 -38.883347472641383 -34.213757608811576 -70.509797259507835 -9.6166132424178432 110.85453681005947 106.10679698681008 28.71686162265183 -3.6734460463205973 60.544266643151644 177.20545026956148 -16.888338688784412 5.6032910441377197 -25.088492032946551 2.8887834995186594 -18.505961031212028 -0.89840896060469611 -46.399144850139379
leaf_weight=32217 47 2632 17552 73 676 368 7236 3115 36555 1042 121 1105 3618 700 63 112 740 129 315 151 3235 511 154 102 126 9992 727 43 315 78 745 41 40 91 77 23 40 583 341 4051 1501 49 671 4465 196 2065 4480 446 1109 68 57 1263 149 127 96 2118 9800 556 320 281 9183 78
leaf_count=32217 47 2632 17552 73 676 368 7236 3115 36555 1042 121 1105 3618 700 63 112 740 129 315 151 3235 511 154 102 126 9992 727 43 315 78 745 41 40 91 77 23 40 583 341 4051 1501 49 671 4465 196 2065 4480 446 1109 68 57 1263 149 127 96 2118 9800 556 320 281 9183 78
internal_value=0.0213799 54.9679 -15.0748 71.9383 -2.14963 67.055 31.0122 72.0562 -23.5031 63.9202 120.591 27.0559 7.4827 29.8208 133.039 117.671 146.858 179.885 51.6713 31.6751 33.6238 66.7252 40.5758 115.458 81.6566 68.4136 4.2924 28.1966 -7.89246 27.3869 45.9326 138.314 111.405 55.341 88.6056 141.44 55.7999 32.8722 -10.678 -8.43773 -6.9348 28.0535 69.5028 -18.9259 3.98911 -26.821 -28.812 -37.5136 4.49999 38.7038 25.2531 22.6928 47.0918 17.3381 229.262 -10.0478 7.15491 3.95323 30.6832 15.6556 -5.93065 17.7305
internal_weight=168960 36415 132545 21314 52317 19372 15101 16293 80228 1619 1942 13482 19541 2441 1630 1230 852 400 378 11190 10698 13178 3079 175 1249 12624 17100 554 32776 7314 1765 207 166 312 191 114 1662 623 492 32287 28236 489 1039 43085 370 6530 37143 4926 2292 440 372 1417 3384 323 225 2845 14255 10356 1020 3899 26735 1183
internal_count=168960 36415 132545 21314 52317 19372 15101 16293 80228 1619 1942 13482 19541 2441 1630 1230 852 400 378 11190 10698 13178 3079 175 1249 12624 17100 554 32776 7314 1765 207 166 312 191 114 1662 623 492 32287 28236 489 1039 43085 370 6530 37143 4926 2292 440 372 1417 3384 323 225 2845 14255 10356 1020 3899 26735 1183
is_linear=0
shrinkage=0.05


Tree=28
num_leaves=63
num_cat=0
split_feature=12 12 12 7 2 12 12 3 3 12 12 11 0 0 17 0 3 3 15 2 11 2 11 17 11 5 13 2 17 3 17 7 11 0 7 3 12 12 11 2 0 2 7 17 3 8 3 7 14 0 0 12 11 2 3 3 17 3 3 14 2 15
split_gain=4.83122e+10 6.0444e+09 4.46596e+09 1.17598e+09 1.28081e+09 1.02805e+09 8.64462e+08 9.63247e+08 1.5357e+09 8.59858e+08 7.73772e+08 4.61443e+08 5.04055e+08 4.57972e+08 3.57455e+08 3.43752e+08 3.37842e+08 4.09135e+08 2.93664e+08 2.89252e+08 2.99524e+08 2.76504e+08 2.62462e+08 2.43644e+08 4.16758e+08 2.99877e+08 2.40104e+08 3.40476e+08 2.23469e+08 4.41349e+08 2.18309e+08 2.15646e+08 3.8358e+08 2.09219e+08 1.91918e+08 1.79577e+08 1.74662e+08 1.73235e+08 1.69018e+08 1.67969e+08 1.60409e+08 1.6e+08 1.5439e+08 1.46681e+08 1.44242e+08 1.78335e+08 1.35227e+08 1.30265e+08 1.24276e+08 1.23064e+08 1.20158e+08 1.19429e+08 1.13685e+08 1.12568e+08 1.38167e+08 1.11824e+08 1.07421e+08 1.54809e+08 1.0533e+08 9.98766e+07 9.93285e+07 1.15428e+08
threshold=6037.4585714285722 3530.1735714285719 9999.9900000000016 1.0000000180025095e-35 5.5000000000000009 4661.4157142857157 11999.977142857146 287.50000000000006 271.50000000000006 2673.3635714285724 7704.1435714285717 9999.3950000000023 65.500000000000014 72.500000000000014 34.050000000000004 23.500000000000004 292.50000000000006 296.50000000000006 2887.8850950412339 5.5000000000000009 9999.3950000000023 5.5000000000000009 3357.9000000000001 31.350000000000005 4300.4050000000007 2021.5000000000002 3195.6338760967196 3.5000000000000004 28.850000000000005 68.500000000000014 34.350000000000001 1.0000000180025095e-35 11194.045000000002 77.500000000000014 1.0000000180025095e-35 364.50000000000006 2028.7628571428575 3965.7478571428578 12000.005000000003 5.5000000000000009 27.500000000000004 5.5000000000000009 1.0000000180025095e-35 33.850000000000001 88.500000000000014 1.5000000000000002 246.50000000000003 1.0000000180025095e-35 8357.4101666666666 30.500000000000004 69.500000000000014 3180.7142857142867 11194.045000000002 3.5000000000000004 106.50000000000001 232.50000000000003 32.350000000000001 98.500000000000014 88.500000000000014 9642.7850000000035 5.5000000000000009 554.2868863320939
decision_type=2 2 2 2 2 2 2 2 2 2 2 2 2 2 2 2 2 2 2 2 2 2 2 2 2 2 2 2 2 2 2 2 2 2 2 2 2 2 2 2 2 2 2 2 2 2 2 2 2 2 2 2 2 2 2 2 2 2 2 2 2 2
left_child=1 9 3 4 10 37 19 8 28 36 23 18 -13 14 -10 46 34 -18 -12 20 26 22 30 25 -25 -2 -4 -28 29 -8 -7 43 -33 35 -9 -17 -1 -3 -30 47 -23 -15 50 -22 -5 53 -6 51 -36 -41 -24 -11 56 54 -46 -35 59 -58 -44 -21 -38 -62
right_child=2 5 6 44 15 21 7 16 13 39 11 12 -14 41 -16 33 17 -19 -20 52 31 40 42 24 -26 -27 27 -29 38 -31 -32 32 -34 55 48 -37 60 -39 -40 49 -42 -43 58 -45 45 -47 -48 -49 -50 -51 -52 -53 -54 -55 -56 -57 57 -59 -60 -61 61 -63
leaf_value=-34.09047789705442 -4.081977744924437 -8.5120720295975509 82.280620796561237 -51.131190024994233 56.529377947761283 33.110347002837472 79.934912014495566 -46.119819847659059 181.69494492626697 -17.1777406013186 63.099811242136028 26.494574588744275 57.49578903873185 267.39696549498279 45.682654564700911 -9.9024557533900648 257.16060532972728 6.1616335999338254 100.08868617801909 55.563645766742688 73.795825675438309 14.226101195968992 10.119637651819509 99.872206364132126 40.662499181623225 33.631888733959919 89.032447636555418 202.58009852176957 91.690148664428435 177.89751308359419 120.31038116703863 62.814985091339999 -55.868839068362583 32.345221709357695 -33.448132290310333 108.0405972775546 -24.325460476979213 -1.188449699067061 53.356560252925334 -13.52890869617945 -14.435426676674858 128.95866980961389 -49.90200325932063 50.935489342183672 -44.506706071641709 -18.603601412519811 -4.6804479730779471 -29.19521498967222 81.766597519481877 -28.812923244553119 20.59417828730686 -11.253304307867731 -7.3073525179700658 56.22289444443674 45.217673642693498 -2.8616553082319411 -36.775214679323398 85.15456364282511 -1.0331717465662158 19.041404959310185 -28.913732453742007 -51.024280951023535
leaf_weight=7124 590 15528 639 181 519 333 261 151 188 23942 3853 1991 3855 172 66 1473 28 37 627 438 5279 710 8878 335 2621 4926 155 118 1780 209 91 240 94 740 35 32 28261 16822 349 1852 1557 27 140 821 89 609 109 1708 67 4583 3961 13209 93 164 81 324 28 294 506 329 4045 693
leaf_count=7124 590 15528 639 181 519 333 261 151 188 23942 3853 1991 3855 172 66 1473 28 37 627 438 5279 710 8878 335 2621 4926 155 118 1780 209 91 240 94 740 35 32 28261 16822 349 1852 1557 27 140 821 89 609 109 1708 67 4583 3961 13209 93 164 81 324 28 294 506 329 4045 693
internal_value=0.0208769 -13.6497 52.311 39.4983 42.0475 0.442247 77.202 98.6608 107.287 -21.6554 47.0232 56.2141 46.9439 192.228 146.671 12.7853 15.7918 116.542 68.2978 68.7116 72.4102 10.7336 13.3727 35.8157 47.4042 29.5979 99.2943 138.672 92.414 123.782 52.0645 68.5846 29.3459 4.67194 -10.4497 -7.32462 -26.9858 -4.70394 85.4343 -16.9331 -5.45663 249.353 12.1523 70.7279 -10.3778 -2.50971 45.9148 -15.6932 42.2912 -24.417 13.3525 -15.0717 45.6833 26.8031 -1.74122 21.6317 50.2112 74.4709 -11.6847 39.9429 -25.451 -32.1578
internal_weight=168960 133943 35017 23119 21995 48526 11898 3370 3052 85417 18798 10326 5846 453 254 3197 318 65 4480 8528 7346 16176 13909 8472 2956 5516 912 273 2599 470 424 6434 334 2569 253 1505 40123 32350 2129 45294 2267 199 13485 6100 1124 943 628 38859 102 6435 12839 37151 1182 334 170 1064 1089 322 646 767 32999 4738
internal_count=168960 133943 35017 23119 21995 48526 11898 3370 3052 85417 18798 10326 5846 453 254 3197 318 65 4480 8528 7346 16176 13909 8472 2956 5516 912 273 2599 470 424 6434 334 2569 253 1505 40123 32350 2129 45294 2267 199 13485 6100 1124 943 628 38859 102 6435 12839 37151 1182 334 170 1064 1089 322 646 767 32999 4738
is_linear=0
shrinkage=0.05


Tree=29
num_leaves=63
num_cat=0
split_feature=10 10 10 10 2 12 10 10 2 2 12 15 9 2 9 2 2 9 2 12 7 3 9 2 7 17 3 10 3 9 17 14 10 7 12 16 10 9 12 15 16 5 17 14 11 14 12 12 3 10 16 14 11 12 11 2 3 15 2 7 10 12
split_gain=4.62372e+10 6.64053e+09 2.95465e+09 1.22116e+09 1.07991e+09 9.65722e+08 8.54122e+08 7.87372e+08 4.62934e+08 4.24124e+08 4.08885e+08 3.44807e+08 3.31357e+08 2.95555e+08 2.90459e+08 2.82172e+08 2.80909e+08 2.53036e+08 2.51711e+08 5.4215e+08 2.85587e+08 3.69981e+08 2.56451e+08 2.45979e+08 2.42194e+08 4.12486e+08 2.85136e+08 2.58203e+08 5.5218e+08 2.3291e+08 2.23167e+08 2.13073e+08 2.1044e+08 2.03026e+08 2.37581e+08 1.89792e+08 1.89439e+08 1.7274e+08 1.72164e+08 1.65622e+08 1.65246e+08 1.63494e+08 1.6073e+08 1.60538e+08 2.23926e+08 1.57998e+08 1.55421e+08 1.53697e+08 1.49752e+08 1.49645e+08 2.28641e+08 1.39025e+08 1.33184e+08 1.25205e+08 1.36775e+08 1.23403e+08 1.33903e+08 1.21185e+08 1.1791e+08 1.37538e+08 1.12369e+08 1.11072e+08
threshold=6500.0950000000012 3600.8150000000005 11999.985000000002 4900.7350000000006 5.5000000000000009 2741.9414285714288 8000.005000000001 17561.605000000003 5.5000000000000009 1.0000000180025095e-35 8786.0628571428588 2989.7896357602681 1.5000000000000002 5.5000000000000009 1.5000000000000002 5.5000000000000009 1.0000000180025095e-35 1.0000000180025095e-35 1.0000000180025095e-35 12000.380714285717 1.0000000180025095e-35 277.50000000000006 1.0000000180025095e-35 5.5000000000000009 1.0000000180025095e-35 29.950000000000003 274.50000000000006 12000.005000000003 84.500000000000014 1.5000000000000002 32.250000000000007 9642.7850000000035 2210.4100000000003 1.0000000180025095e-35 4300.2342857142867 37.050000000000004 3048.7250000000004 3.5000000000000004 10358.928571428574 4822.9514807727619 29.150000000000002 2022.5000000000002 31.550000000000004 11156.860000000002 17561.605000000003 9298.9300000000021 8062.363571428572 14389.699285714289 349.50000000000006 9999.3950000000023 31.850000000000005 9298.9300000000021 4600.1450000000013 9247.2178571428594 10421.575000000003 2.5000000000000004 80.500000000000014 2439.7967236193613 4.5000000000000009 1.0000000180025095e-35 7190.6650000000009 8916.9357142857152
decision_type=2 2 2 2 2 2 2 2 2 2 2 2 2 2 2 2 2 2 2 2 2 2 2 2 2 2 2 2 2 2 2 2 2 2 2 2 2 2 2 2 2 2 2 2 2 2 2 2 2 2 2 2 2 2 2 2 2 2 2 2 2 2
left_child=1 5 4 10 6 32 37 8 24 12 23 14 53 42 60 41 29 -15 19 22 45 -22 -8 33 27 -26 -27 -4 -29 -7 47 -21 -1 34 -3 -25 -18 55 57 -19 -32 52 43 44 -9 -20 -31 -10 -43 -16 -51 -48 -11 -5 -55 56 -2 -39 59 -12 -6 -42
right_child=2 3 7 9 11 16 18 13 30 15 58 -13 -14 17 49 -17 36 39 20 31 21 -23 -24 35 25 26 -28 28 -30 46 40 -33 -34 -35 -36 -37 -38 38 -40 -41 61 48 -44 -45 -46 -47 51 -49 -50 50 -52 -53 -54 54 -56 -57 -58 -59 -60 -61 -62 -63
leaf_value=-29.903690291656211 16.302369944134806 -4.223115181931675 82.376781905320755 11.470188391229865 10.675854614017574 -16.651966514192814 50.207628000887105 124.22214651653643 34.419727104954099 0.96395952621367942 65.829644078954445 -37.044961648277614 61.053529654767715 208.99587561713327 -6.630843196852239 -4.4331274408938794 -20.961455137575321 -20.553144516702428 54.743272937926797 322.17017177327477 35.437324588802774 -96.108137428283698 92.132832990309765 -10.6237469733016 -72.618563533906013 86.917085757371865 -87.797291635366605 179.49460043288116 91.291525449810052 -1.592911518591954 115.60019818044846 123.17994969861262 -22.651936598666843 -20.104243766197232 5.8262900582586532 -45.944884556580988 -13.910483685212052 33.144466778882929 100.87505352738788 100.83778175636574 -23.223776856377015 20.584364573202649 183.72122543753832 187.78064928958293 -24.520626304457267 68.012359448604201 25.582362971219155 -103.36075833275204 92.292404086138745 0.97604570950247305 51.903351188627028 172.9882500159222 15.4228527411624 88.679066789106898 -26.69782301734476 21.065662157185429 49.064874498808415 64.848307610391529 -11.572042941043254 -50.029208548409599 46.443091655514962 65.542358173812417
leaf_weight=15461 437 14828 3931 898 261 3826 707 151 597 2647 337 229 811 26 686 2282 16258 58 9038 29 491 59 764 4137 61 245 25 227 832 5431 167 28 28438 1356 9746 418 23036 921 145 53 41 4897 254 75 30 3017 54 20 73 478 408 22 3998 109 33 2081 1100 451 75 27 1407 232
leaf_count=15461 437 14828 3931 898 261 3826 707 151 597 2647 337 229 811 26 686 2282 16258 58 9038 29 491 59 764 4137 61 245 25 227 832 5431 167 28 28438 1356 9746 418 23036 921 145 53 41 4897 254 75 30 3017 54 20 73 478 408 22 3998 109 33 2081 1100 451 75 27 1407 232
internal_value=0.020538 -12.0741 56.5859 3.30244 47.8251 -19.8302 52.4489 84.9302 79.5739 14.6355 -2.46917 22.1352 37.1135 137.527 26.3282 11.6391 -14.9762 71.5615 58.7958 78.0026 56.4616 21.1773 72.0303 -3.15978 85.583 43.9654 70.4755 88.3342 110.35 -7.17742 49.2715 228.23 -25.2066 -1.27713 -0.237466 -13.8744 -16.8283 34.9724 49.1426 37.7911 76.4553 14.7969 155.072 126.043 99.5694 58.0695 -0.593124 29.7936 21.656 10.8968 24.46 69.945 9.66424 18.4041 61.8669 29.019 39.7665 43.6057 45.3866 57.1222 40.8562 52.1751
internal_weight=168960 139198 29762 46672 22737 92526 19268 7025 6378 15748 30924 3469 1851 647 3240 13897 48627 137 14133 1528 12605 550 1471 30485 5321 331 270 4990 1059 9333 1057 57 43899 25930 24574 4555 39294 5135 1517 111 440 11615 510 256 181 12055 5507 617 4970 1572 886 76 6645 1040 142 3618 1537 1372 439 364 1668 273
internal_count=168960 139198 29762 46672 22737 92526 19268 7025 6378 15748 30924 3469 1851 647 3240 13897 48627 137 14133 1528 12605 550 1471 30485 5321 331 270 4990 1059 9333 1057 57 43899 25930 24574 4555 39294 5135 1517 111 440 11615 510 256 181 12055 5507 617 4970 1572 886 76 6645 1040 142 3618 1537 1372 439 364 1668 273
is_linear=0
shrinkage=0.05


Tree=30
num_leaves=63
num_cat=0
split_feature=10 10 10 10 2 12 1 2 12 10 2 2 1 15 7 10 16 15 2 11 2 3 1 10 2 11 16 17 13 13 3 12 16 12 2 2 1 3 17 13 3 1 11 1 10 17 1 10 7 16 12 14 10 3 15 2 11 11 2 16 1 2
split_gain=4.17989e+10 4.40378e+09 4.30165e+09 1.41494e+09 8.50413e+08 8.22241e+08 8.03485e+08 7.41354e+08 6.0465e+08 5.9477e+08 5.22781e+08 4.36189e+08 5.2546e+08 3.91126e+08 3.90027e+08 4.00865e+08 3.69916e+08 3.66469e+08 3.0032e+08 2.92704e+08 2.84749e+08 4.08407e+08 2.676e+08 2.46519e+08 2.35463e+08 5.84683e+08 3.00787e+08 2.34377e+08 2.52156e+08 2.23813e+08 2.09455e+08 2.47654e+08 2.08143e+08 2.03391e+08 1.97971e+08 1.93621e+08 2.14454e+08 1.89179e+08 1.87381e+08 1.78328e+08 1.7502e+08 1.74972e+08 1.73853e+08 1.62919e+08 1.61162e+08 1.5177e+08 1.82431e+08 1.50362e+08 1.49103e+08 3.1633e+08 1.45205e+08 2.11612e+08 1.41138e+08 1.32205e+08 1.73945e+08 1.23631e+08 1.21714e+08 1.17275e+08 1.15578e+08 1.46792e+08 1.11077e+08 1.35695e+08
threshold=5570.2750000000005 9999.3950000000023 3409.9950000000003 14498.490000000002 1.0000000180025095e-35 4773.9864285714293 6.5000000000000009 5.5000000000000009 2565.5750000000003 10421.575000000003 5.5000000000000009 1.0000000180025095e-35 5.5000000000000009 3169.6990120833548 1.0000000180025095e-35 7190.6650000000009 32.650000000000013 3954.265515905809 5.5000000000000009 17561.605000000003 2.5000000000000004 264.50000000000006 7.5000000000000009 4050.8850000000007 4.5000000000000009 14498.490000000002 24.850000000000005 32.250000000000007 2266.0225290727917 1682.9250682454488 124.50000000000001 8317.7064285714314 34.650000000000013 12000.380714285717 5.5000000000000009 1.0000000180025095e-35 6.5000000000000009 138.50000000000003 34.650000000000013 2448.9558273429943 84.500000000000014 8.5000000000000018 6962.6800000000012 17.500000000000004 1772.575 31.050000000000004 19.500000000000004 4240.8850000000011 1.0000000180025095e-35 21.150000000000002 10661.440714285716 8970.7866666666687 2960.4150000000004 290.50000000000006 2761.226270890947 3.5000000000000004 14498.490000000002 3279.6450000000004 5.5000000000000009 35.050000000000004 6.5000000000000009 1.0000000180025095e-35
decision_type=2 2 2 2 2 2 2 2 2 2 2 2 2 2 2 2 2 2 2 2 2 2 2 2 2 2 2 2 2 2 2 2 2 2 2 2 2 2 2 2 2 2 2 2 2 2 2 2 2 2 2 2 2 2 2 2 2 2 2 2 2 2
left_child=2 4 8 7 6 23 53 9 44 56 14 12 -7 45 15 33 47 -18 20 39 21 42 55 58 26 -26 -22 28 32 -17 31 -29 -9 -6 43 36 -10 -32 -23 -15 -20 -12 -5 -13 -1 46 -8 -14 57 -50 -42 -52 -37 54 -2 -16 -3 -11 -4 -60 -25 -62
right_child=1 3 5 18 10 11 13 27 35 48 41 34 16 19 22 29 17 -19 40 -21 24 38 -24 60 25 -27 -28 30 -30 -31 37 -33 -34 -35 -36 52 -38 -39 -40 -41 50 -43 -44 -45 -46 -47 -48 -49 49 -51 51 -53 -54 -55 -56 -57 -58 -59 59 -61 61 -63
leaf_value=-36.162214516895823 2.8843253202350052 56.474468698420345 -7.0903858899979326 -79.976581176757819 22.866095501419462 -21.94501305427822 75.910666271889198 31.069637856994827 -24.278052803909283 -7.7971782664763625 21.796904801997506 2.2594803542635442 8.0249785190575604 77.204014675742712 0.51413587668846394 30.706822941033376 56.962650658300049 215.45366184332431 -41.537186278174914 -26.145315784272693 225.13996227384365 154.03042686544003 -34.180453698252904 7.1989394528631854 167.10627394670999 22.627327601557194 132.57358173085152 -61.210662536621101 0.78610894057964043 52.724457590240654 -17.395948753694519 108.03335836852965 89.050903319891006 103.5748388401466 -11.98196211542384 -21.141992873660953 -6.0154326579055271 53.764426894265959 23.99062209185432 205.83128208368768 -1.4434110710837627 -5.2779529029529737 53.877377979606393 16.935964891673418 -24.129768782105394 97.903031899449672 21.422067055577816 34.935001167998621 -99.682165548941668 60.984902480023472 140.62791544256541 25.110632870581846 -15.14426133931749 -99.322939165555525 78.626428121276533 87.44823574066163 124.96646649216162 80.164628978170285 -12.093820761671159 -38.57198638077287 24.501604839942424 -4.0667406990394239
leaf_weight=3067 431 9713 19281 29 7236 505 472 1090 2061 38 931 5891 911 37 86 2159 607 38 33 20 158 186 392 3744 182 114 213 23 636 2495 112 252 180 78 1637 18999 7298 549 33 118 43 1658 127 2784 30461 372 229 1208 33 317 115 61 20314 25 91 77 65 5206 2826 642 433 9838
leaf_count=3067 431 9713 19281 29 7236 505 472 1090 2061 38 931 5891 911 37 86 2159 607 38 33 20 158 186 392 3744 182 114 213 23 636 2495 112 252 180 78 1637 18999 7298 549 33 118 43 1658 127 2784 30461 372 229 1208 33 317 115 61 20314 25 91 77 65 5206 2826 642 433 9838
internal_value=0.0202249 47.4657 -13.0151 63.6528 28.7857 -1.50532 61.3177 60.0572 -20.0643 64.3959 24.9178 9.00752 24.9196 83.4502 29.146 31.0461 33.4869 66.6192 114.178 152.719 126.047 90.7351 -11.8115 -5.38901 145.734 111.726 172.495 36.5755 26.4897 42.5192 57.063 93.7079 39.3511 23.7409 3.96132 -16.5045 -10.0393 41.6989 134.634 175.818 64.7981 4.46277 28.6433 6.9709 -25.2315 72.0211 58.1664 23.3751 77.4115 45.5954 80.9372 100.959 -18.0433 10.7614 16.2135 41.864 56.9425 79.5259 -8.60254 -17.0052 -0.172583 -2.8601
internal_weight=168960 36415 132545 19508 16907 50345 1795 18214 82200 15372 15112 13581 3269 1248 12523 11968 2764 645 1294 175 1042 375 555 36764 667 296 371 2842 1906 4654 936 275 1270 7314 10312 48672 9359 661 219 155 252 2589 156 8675 33528 1073 701 2119 5594 350 219 176 39313 547 522 163 9778 5244 22749 3468 14015 10271
internal_count=168960 36415 132545 19508 16907 50345 1795 18214 82200 15372 15112 13581 3269 1248 12523 11968 2764 645 1294 175 1042 375 555 36764 667 296 371 2842 1906 4654 936 275 1270 7314 10312 48672 9359 661 219 155 252 2589 156 8675 33528 1073 701 2119 5594 350 219 176 39313 547 522 163 9778 5244 22749 3468 14015 10271
is_linear=0
shrinkage=0.05


Tree=31
num_leaves=63
num_cat=0
split_feature=10 10 10 10 10 10 6 12 5 3 10 3 6 12 3 3 3 3 12 15 11 17 6 17 12 17 5 7 6 5 3 9 11 5 7 10 0 0 3 3 3 3 15 3 3 15 7 7 9 5 7 0 17 3 17 11 3 3 3 14 3 3
split_gain=3.77547e+10 5.92085e+09 2.09437e+09 1.42019e+09 6.65071e+08 6.461e+08 5.99769e+08 4.10838e+08 3.79333e+08 4.6949e+08 3.51879e+08 3.18091e+08 3.15444e+08 2.78595e+08 2.75139e+08 3.15769e+08 2.73849e+08 5.20282e+08 2.65842e+08 2.64093e+08 2.51658e+08 2.42673e+08 2.29579e+08 2.25516e+08 2.21606e+08 2.20185e+08 4.71079e+08 3.07331e+08 2.80576e+08 2.6004e+08 6.03654e+08 7.87328e+08 5.50662e+08 2.09375e+08 3.09948e+08 2.68371e+08 2.00186e+08 2.69426e+08 2.09868e+08 1.99984e+08 5.4149e+08 1.98328e+08 1.91913e+08 1.89797e+08 1.87477e+08 1.78534e+08 1.70079e+08 1.51172e+08 1.46029e+08 1.3841e+08 1.35752e+08 1.33812e+08 1.33795e+08 1.72751e+08 1.32139e+08 1.24278e+08 1.22807e+08 1.22399e+08 1.18977e+08 1.13896e+08 1.1388e+08 2.03634e+08
threshold=6972.2100000000009 4023.2800000000002 11999.985000000002 3021.0950000000007 17561.605000000003 5175.6800000000012 1.0000000180025095e-35 12000.380714285717 2022.5000000000002 134.50000000000003 8000.005000000001 287.50000000000006 1.0000000180025095e-35 2304.1128571428576 250.50000000000003 245.50000000000003 271.50000000000006 94.500000000000014 8540.0042857142889 1768.1874357325451 4279.005000000001 34.95000000000001 1.0000000180025095e-35 30.150000000000002 8786.0628571428588 30.850000000000005 2021.5000000000002 1.0000000180025095e-35 1.0000000180025095e-35 2021.5000000000002 285.50000000000006 1.0000000180025095e-35 3980.2600000000007 2022.5000000000002 1.0000000180025095e-35 9999.3950000000023 73.500000000000014 6.5000000000000009 278.50000000000006 126.50000000000001 150.50000000000003 82.500000000000014 2733.5861067464816 266.50000000000006 88.500000000000014 753.86541954421261 1.0000000180025095e-35 1.0000000180025095e-35 1.0000000180025095e-35 2023.5000000000002 1.0000000180025095e-35 12.500000000000002 36.250000000000007 279.50000000000006 24.150000000000002 4450.1600000000008 266.50000000000006 162.50000000000003 264.50000000000006 6364.6003333333347 318.50000000000006 293.50000000000006
decision_type=2 2 2 2 2 2 2 2 2 2 2 2 2 2 2 2 2 2 2 2 2 2 2 2 2 2 2 2 2 2 2 2 2 2 2 2 2 2 2 2 2 2 2 2 2 2 2 2 2 2 2 2 2 2 2 2 2 2 2 2 2 2
left_child=1 3 6 13 25 18 7 10 9 54 50 16 19 -1 15 20 17 -9 55 52 -10 43 24 -6 45 26 48 28 -28 30 32 -32 -27 34 -12 -35 37 -25 -39 41 -41 -31 57 -16 -29 -5 -26 -47 -4 59 56 -14 -7 -54 -8 -3 -2 -11 -50 -20 61 -21
right_child=2 5 4 22 23 12 8 11 14 42 33 -13 51 -15 21 -17 -18 -19 49 60 -22 -23 -24 36 46 29 27 44 -30 39 31 -33 -34 35 -36 -37 -38 38 -40 40 -42 -43 -44 -45 -46 47 -48 -49 58 -51 -52 -53 53 -55 -56 -57 -58 -59 -60 -61 -62 -63
leaf_value=-26.449907919123081 31.803971070298772 -2.083969743484519 -104.76569019406341 -10.610923435798082 70.37503318123818 12.474807733107282 31.511931090138177 142.56394581563546 7.3235583024288546 82.112396197352382 70.248275883645633 -19.213315773985606 30.550080335772442 -18.999444740426608 -10.470434101985052 136.3483375030203 260.56658011941352 -43.301364032664203 88.699891020059582 32.297342211477094 49.768333165303659 -51.456888060698638 -15.187478360412289 218.21712630208333 61.715297450330524 25.698019184230532 82.368155849498535 -141.12753328959147 45.151693275081399 -24.253827000107879 188.65053620147705 -83.037048195838935 159.37879832064596 27.36505305220572 -9.530948079427084 53.259993757018599 171.96697568208438 23.192903914451602 127.64886575681356 -10.543674027699383 74.132456939684886 84.981843849465392 -9.7172511022377037 39.089730100902933 17.814446029663088 -1.6884382544906253 -75.409330056997462 -24.330367277465307 -43.563865901210853 77.559792385631141 -13.117456524347606 1.3829251322063874 34.190296117423941 173.04770350864953 -35.276136696857833 5.8513390435606034 60.660092639912286 32.301607868256113 63.896919354377907 12.819861355016839 70.773862963649208 -16.428416644146566
leaf_weight=17348 2309 11103 42 19123 149 4634 87 197 397 142 2404 43 444 45437 259 96 33 46 55 3706 2924 110 12442 44 179 96 1461 23 782 42 39 79 398 1156 128 7607 259 87 108 237 923 2073 249 755 81 12353 25 783 56 143 145 3381 116 27 472 8879 440 929 46 428 174 227
leaf_count=17348 2309 11103 42 19123 149 4634 87 197 397 142 2404 43 444 45437 259 96 33 46 55 3706 2924 110 12442 44 179 96 1461 23 782 42 39 79 398 1156 128 7607 259 87 108 237 923 2073 249 755 81 12353 25 783 56 143 145 3381 116 27 472 8879 440 929 46 428 174 227
internal_value=0.019835 -10.5037 53.1035 -16.2025 76.7283 7.91642 45.17 50.8023 32.436 13.5323 49.5338 106.895 16.7824 -21.0585 40.2534 47.3122 126.541 107.346 2.4482 21.9507 44.6981 18.7714 -9.41271 125.065 -7.19903 71.8061 60.1384 65.5237 69.4189 79.266 109.279 7.58868 133.505 53.5217 66.213 49.8475 141.254 107.394 81.4016 73.6259 56.8381 82.8022 29.7905 26.433 -18.3454 -7.52812 44.6249 -3.03981 -27.4821 34.5064 33.9562 4.7757 13.9528 61.4278 -24.8439 1.4422 36.443 38.9763 5.04864 21.6259 31.2478 29.4816
internal_weight=168960 141007 27953 107690 7025 33317 20928 14508 6420 1879 14189 319 12709 62785 4541 3417 276 243 20608 8884 3321 1124 44905 647 32463 6378 2491 2347 2243 3887 612 118 494 11295 2532 8763 498 239 195 3275 1160 2115 1320 1014 104 32259 204 13136 144 626 2894 3825 4777 143 559 19982 2749 1071 102 483 4107 3933
internal_count=168960 141007 27953 107690 7025 33317 20928 14508 6420 1879 14189 319 12709 62785 4541 3417 276 243 20608 8884 3321 1124 44905 647 32463 6378 2491 2347 2243 3887 612 118 494 11295 2532 8763 498 239 195 3275 1160 2115 1320 1014 104 32259 204 13136 144 626 2894 3825 4777 143 559 19982 2749 1071 102 483 4107 3933
is_linear=0
shrinkage=0.05


Tree=32
num_leaves=63
num_cat=0
split_feature=12 12 12 7 12 12 3 3 12 12 0 17 3 3 16 17 11 16 16 3 3 16 3 5 3 3 3 11 15 7 12 7 3 3 8 7 11 7 12 9 17 17 17 15 0 15 17 12 17 5 3 16 3 3 8 5 0 3 17 7 3 7
split_gain=3.23239e+10 4.05171e+09 3.07658e+09 9.17514e+08 7.7693e+08 6.17616e+08 7.25757e+08 1.14901e+09 5.61261e+08 4.75e+08 3.81271e+08 2.88782e+08 2.70335e+08 3.49303e+08 2.24072e+08 4.22902e+08 3.36008e+08 2.1831e+08 2.20268e+08 2.02732e+08 2.46087e+08 2.67864e+08 1.9864e+08 1.71974e+08 1.69976e+08 8.72587e+08 3.94174e+08 1.67583e+08 2.61368e+08 2.10221e+08 1.57034e+08 1.51533e+08 1.37168e+08 1.24476e+08 1.49882e+08 1.23704e+08 2.02199e+08 1.2327e+08 1.14369e+08 1.10663e+08 1.03259e+08 8.84669e+07 8.814e+07 1.52507e+08 1.07423e+08 8.47416e+07 8.629e+07 8.26013e+07 8.23334e+07 1.13132e+08 8.18212e+07 8.00917e+07 9.73644e+07 7.38831e+07 6.96488e+07 7.15409e+07 6.70939e+07 6.70612e+07 6.70109e+07 6.19422e+07 5.80148e+07 5.62674e+07
threshold=6037.4585714285722 3411.7485714285717 9999.9900000000016 1.0000000180025095e-35 4661.4157142857157 11999.977142857146 287.50000000000006 271.50000000000006 8191.7185714285724 2565.5750000000003 72.500000000000014 34.050000000000004 292.50000000000006 296.50000000000006 33.050000000000004 31.250000000000004 17561.605000000003 22.150000000000002 25.050000000000004 352.50000000000006 112.50000000000001 24.050000000000004 80.500000000000014 2023.5000000000002 286.50000000000006 277.50000000000006 295.50000000000006 12000.005000000003 3169.6990120833548 1.0000000180025095e-35 3965.7478571428578 1.0000000180025095e-35 88.500000000000014 88.500000000000014 1.5000000000000002 1.0000000180025095e-35 10000.005000000003 1.0000000180025095e-35 1875.1842857142858 3.5000000000000004 33.850000000000001 35.650000000000013 30.950000000000003 1215.8622315484358 75.500000000000014 4822.9514807727619 36.45000000000001 2981.3364285714292 33.750000000000007 2023.5000000000002 88.500000000000014 26.250000000000004 102.50000000000001 104.50000000000001 1.5000000000000002 2021.5000000000002 32.500000000000007 30.500000000000004 31.850000000000005 1.0000000180025095e-35 166.50000000000003 1.0000000180025095e-35
decision_type=2 2 2 2 2 2 2 2 2 2 2 2 2 2 2 2 2 2 2 2 2 2 2 2 2 2 2 2 2 2 2 2 2 2 2 2 2 2 2 2 2 2 2 2 2 2 2 2 2 2 2 2 2 2 2 2 2 2 2 2 2 2
left_child=1 9 3 8 30 27 7 14 23 38 11 -9 17 -14 16 -16 -7 -8 -19 20 22 -22 -10 24 25 -2 -26 28 35 32 59 42 -29 56 51 40 -37 47 -1 -34 -4 57 54 60 -45 46 -30 -11 49 -36 -33 52 -35 -53 55 -6 -5 -25 -12 -3 -44 -32
right_child=2 4 5 33 31 6 12 10 19 37 58 -13 13 -15 15 -17 -18 18 -20 -21 21 -23 -24 41 26 -27 -28 29 45 -31 61 50 39 34 48 36 -38 -39 -40 -41 -42 -43 43 44 -46 -47 -48 -49 -50 -51 -52 53 -54 -55 -56 -57 -58 -59 -60 -61 -62 -63
leaf_value=-31.739644108633016 29.141200374448751 -6.7435623709007864 57.549886952853697 9.1157166877159703 1.3816204028267043 77.516088753368649 106.28017518939394 152.55534175701243 45.854622790152924 -16.479146302648374 278.86862629461291 30.528215714639693 229.72926499991581 -1.9801452014320777 -70.632319212956219 63.907882885994724 150.79670761668407 -102.72860021617315 3.2655606239318851 81.773465361909246 8.8055160791774991 40.572077999329167 76.1201932243671 45.271302731243765 -35.884273035192329 101.68391575768557 27.160934999268417 137.51532792453108 89.82315584762361 -102.73203967678933 -0.20195068630211754 -47.333436487887766 0.62044755121179529 -14.02961606308266 -25.454155281978622 40.871475023542132 -71.305583219528202 -26.720392115929709 -21.850287250547041 67.785682649405103 37.734520191712811 84.700887478915135 -3.5737994887586151 16.357720166658144 38.057163599493194 31.12639324631802 51.381834278422822 -12.159181916598234 -83.689618954865821 29.767188969799594 -5.2528438693470676 -60.037090967351745 65.386492640131664 17.602208177830914 1.386103530116489 13.782435255331823 -65.355286159250468 10.57060786082409 197.26794304889182 -18.861326292396129 13.699477029990767 -12.998841795293771
leaf_weight=3240 8141 19590 6013 38 1638 1900 32 188 1737 23473 39 66 28 37 66 462 171 72 149 333 746 6055 794 149 306 436 1289 28 899 30 15915 140 184 53 448 223 48 2143 30413 91 747 43 1224 3294 690 85 180 20972 45 116 641 43 138 100 3732 4012 143 1966 160 1114 805 907
leaf_count=3240 8141 19590 6013 38 1638 1900 32 188 1737 23473 39 66 28 37 66 462 171 72 149 333 746 6055 794 149 306 436 1289 28 899 30 15915 140 184 53 448 223 48 2143 30413 91 747 43 1224 3294 690 85 180 20972 45 116 641 43 138 100 3732 4012 143 1966 160 1114 805 907
internal_value=0.0194911 -11.1626 42.7908 32.1564 -0.532545 63.4502 81.5871 89.0748 34.4081 -18.2767 162.54 121.092 9.6702 99.8015 76.2123 46.9886 83.6366 -13.7878 -31.5736 43.4311 42.0543 37.0894 55.3756 27.3323 30.0526 32.8402 15.0508 56.2743 57.6878 21.4201 -4.48106 8.62715 34.0099 -11.8971 -4.58534 54.0375 20.8134 -15.0064 -22.8033 23.0111 55.3661 14.5021 9.71732 14.443 20.1245 79.672 83.4638 -14.441 -19.3375 -14.064 -12.847 22.2905 43.3912 -5.99864 6.68738 10.1882 -49.7563 13.0355 214.574 -7.39645 3.28269 -0.892659
internal_weight=168960 133943 35017 23119 53702 11898 3370 3052 21995 80241 453 254 318 65 2599 528 2071 253 221 9665 9332 6801 2531 12330 10172 8577 1595 8528 8195 333 37526 16176 303 1124 943 7031 271 46588 33653 275 6760 2158 15395 6013 3984 1164 1079 44445 609 564 781 334 191 143 9382 5650 181 2115 199 20704 2029 16822
internal_count=168960 133943 35017 23119 53702 11898 3370 3052 21995 80241 453 254 318 65 2599 528 2071 253 221 9665 9332 6801 2531 12330 10172 8577 1595 8528 8195 333 37526 16176 303 1124 943 7031 271 46588 33653 275 6760 2158 15395 6013 3984 1164 1079 44445 609 564 781 334 191 143 9382 5650 181 2115 199 20704 2029 16822
is_linear=0
shrinkage=0.05


Tree=33
num_leaves=63
num_cat=0
split_feature=10 10 10 10 10 2 0 10 2 2 2 13 3 17 0 3 10 2 0 0 16 7 2 16 14 17 13 16 2 7 13 14 0 0 16 7 17 17 3 3 0 13 16 10 2 16 2 16 7 17 3 2 0 14 3 2 2 14 13 7 14 7
split_gain=3.10841e+10 3.8298e+09 2.38554e+09 1.06363e+09 7.32874e+08 5.95952e+08 7.13742e+08 5.29516e+08 5.03848e+08 4.38141e+08 4.35143e+08 4.13536e+08 3.99237e+08 6.66099e+08 5.01704e+08 4.2898e+08 3.29388e+08 3.16417e+08 3.85768e+08 3.11964e+08 3.03291e+08 2.83791e+08 2.82833e+08 2.44635e+08 2.23339e+08 2.23152e+08 1.99027e+08 2.01893e+08 1.96783e+08 1.89391e+08 1.86392e+08 1.81845e+08 1.78355e+08 1.75025e+08 2.14183e+08 1.74356e+08 1.73167e+08 2.78713e+08 1.6501e+08 1.61784e+08 1.55551e+08 1.47088e+08 2.60514e+08 1.46985e+08 1.46938e+08 1.91482e+08 1.42242e+08 1.41318e+08 1.38937e+08 2.88526e+08 1.38879e+08 1.35045e+08 2.60652e+08 1.34625e+08 1.30921e+08 1.28295e+08 1.2425e+08 1.14178e+08 1.14065e+08 1.13568e+08 1.1318e+08 1.07044e+08
threshold=6000.2650000000012 3500.1650000000004 9999.3950000000023 12000.005000000003 4659.3750000000009 1.0000000180025095e-35 22.500000000000004 2624.4650000000006 5.5000000000000009 5.5000000000000009 5.5000000000000009 2915.8092967524067 86.500000000000014 30.950000000000003 63.500000000000007 80.500000000000014 10000.005000000003 1.0000000180025095e-35 26.500000000000004 6.5000000000000009 28.550000000000004 1.0000000180025095e-35 3.5000000000000004 25.650000000000002 5283.9656666666679 33.050000000000004 1643.3323292609052 38.050000000000004 5.5000000000000009 1.0000000180025095e-35 1326.9377969815539 9381.2628333333359 31.500000000000004 44.500000000000007 34.650000000000013 1.0000000180025095e-35 31.350000000000005 32.750000000000007 246.50000000000003 280.50000000000006 24.500000000000004 4054.8412523223624 28.650000000000002 8000.005000000001 5.5000000000000009 37.050000000000004 5.5000000000000009 32.850000000000001 1.0000000180025095e-35 29.250000000000004 112.50000000000001 1.0000000180025095e-35 30.500000000000004 8970.7866666666687 275.50000000000006 1.0000000180025095e-35 4.5000000000000009 6595.5581666666667 328.40275748306232 1.0000000180025095e-35 4230.1380000000008 1.0000000180025095e-35
decision_type=2 2 2 2 2 2 2 2 2 2 2 2 2 2 2 2 2 2 2 2 2 2 2 2 2 2 2 2 2 2 2 2 2 2 2 2 2 2 2 2 2 2 2 2 2 2 2 2 2 2 2 2 2 2 2 2 2 2 2 2 2 2
left_child=1 7 5 8 17 6 -2 46 16 12 21 43 15 19 -15 23 -4 18 -3 -14 -20 26 24 -5 -6 33 -7 -28 35 55 -22 -13 -23 60 -35 51 -11 53 50 -40 54 -24 -43 61 -19 -46 -1 -30 57 -50 -27 52 -9 -38 59 -26 -17 -18 -48 -12 -10 -8
right_child=2 4 3 9 22 10 11 28 25 36 40 31 13 14 -16 56 48 44 20 -21 30 32 41 -25 29 38 27 -29 47 -31 -32 -33 -34 34 -36 -37 37 -39 39 -41 -42 42 -44 -45 45 -47 58 -49 49 -51 -52 -53 -54 -55 -56 -57 -58 -59 -60 -61 -62 -63
leaf_value=-19.946574886165905 -8.060085496656356 -14.19883220613516 48.852787679948108 111.72809950351717 7.7641852051829323 23.256149965816654 56.887532826522786 -19.636687222758667 -57.304991051810134 -11.220624385270916 26.445235565675599 214.15526392008465 142.06694361933955 66.642674630995728 144.30911571004083 216.62237263997395 44.042766942597893 -3.8286349716696666 7.1643202211527104 12.238054738147127 21.068792271737326 42.086626379818753 1.5253212496354065 -38.216871063232425 39.950378413637488 -42.503298143659322 40.338900388051705 -8.4750767409588619 -16.567129892009721 -16.66362042893304 63.051870799141312 81.310526442416872 -30.144056754537729 1.7741651372909548 52.518592182012711 -26.425805315586558 141.41662876626719 -8.4456541001185386 -90.384098263908839 38.66784474002614 -4.8218744124060651 -52.59594727834066 157.75725054423015 94.17746208248893 -10.023732929485792 -42.917160266525144 -24.368696654330336 -32.629395754416628 -82.337415563705122 51.569857246723586 72.378731104890591 -12.605051753011308 1.6699919398091561 5.9066487121582041 118.61003057170558 20.519162393761597 139.44704045494811 68.779034159315913 -41.220098421464314 -90.34703127774327 45.360713031554099 -45.473000544795291
leaf_weight=33941 309 1277 9250 127 4394 5127 581 2066 27 121 396 74 53 371 481 143 526 24055 2056 325 589 115 7087 34 1242 27 4109 223 4652 269 481 42 324 1039 259 1994 91 77 33 84 1567 23 38 328 4407 491 3771 1943 46 281 550 32627 4697 23 36 2701 96 4681 1373 21 763 26
leaf_count=33941 309 1277 9250 127 4394 5127 581 2066 27 121 396 74 53 371 481 143 526 24055 2056 325 589 115 7087 34 1242 27 4109 223 4652 269 481 42 324 1039 259 1994 91 77 33 84 1567 23 38 328 4407 491 3771 1943 46 281 550 32627 4697 23 36 2701 96 4681 1373 21 763 26
internal_value=0.0190272 -10.5041 43.7252 54.8525 0.660508 27.3741 58.7249 -16.8017 50.9648 89.9729 23.7919 78.349 100.364 86.1164 110.607 143.849 54.6394 -3.53716 8.94925 30.7684 18.407 28.1076 9.5479 80.0222 15.653 31.4248 29.9315 37.8247 -13.2818 23.8789 39.9828 167.162 -11.1699 23.2413 11.9322 -12.0029 35.5412 65.0694 55.9774 1.81104 2.64176 2.19635 78.8746 67.1636 -5.43626 -13.3292 -21.1222 -21.3036 64.3011 32.5391 66.9387 -11.2721 -4.84083 114.366 28.4134 26.6484 186.333 66.2892 -28.8737 20.3615 41.7839 52.4355
internal_weight=168960 136174 32786 19508 49110 13278 1360 87064 17566 1942 11918 1051 1630 1230 852 400 14784 33356 4403 378 3126 9898 15754 161 8606 2782 9459 4332 47979 4212 1070 116 439 2088 1298 41384 312 191 694 117 2020 7148 61 935 28953 4898 39085 6595 5534 327 577 39390 6763 114 453 3943 239 5207 5144 417 790 607
internal_count=168960 136174 32786 19508 49110 13278 1360 87064 17566 1942 11918 1051 1630 1230 852 400 14784 33356 4403 378 3126 9898 15754 161 8606 2782 9459 4332 47979 4212 1070 116 439 2088 1298 41384 312 191 694 117 2020 7148 61 935 28953 4898 39085 6595 5534 327 577 39390 6763 114 453 3943 239 5207 5144 417 790 607
is_linear=0
shrinkage=0.05


Tree=34
num_leaves=63
num_cat=0
split_feature=10 10 10 10 10 6 10 12 15 10 3 6 3 3 12 11 15 12 3 3 16 0 6 17 16 12 6 11 11 3 3 0 0 3 16 11 7 16 3 16 14 14 3 3 15 3 17 17 3 13 3 7 3 7 6 15 12 7 14 3 3 11
split_gain=2.81079e+10 4.39589e+09 1.53502e+09 1.05273e+09 5.15376e+08 4.93439e+08 4.80995e+08 3.30992e+08 3.05055e+08 2.6618e+08 2.62356e+08 2.5779e+08 2.3803e+08 4.56331e+08 2.23343e+08 2.20695e+08 2.0134e+08 2.00162e+08 1.88021e+08 5.10071e+08 4.87214e+08 2.18315e+08 1.84213e+08 1.80582e+08 1.79081e+08 1.7584e+08 1.74358e+08 6.05294e+08 3.91848e+08 1.71373e+08 2.31998e+08 1.61633e+08 2.34688e+08 1.8593e+08 1.60772e+08 1.57324e+08 1.48388e+08 1.47109e+08 1.42225e+08 1.403e+08 1.38192e+08 2.07115e+08 1.36727e+08 1.48359e+08 1.33953e+08 1.2599e+08 1.24352e+08 1.23951e+08 1.56028e+08 1.19959e+08 2.28821e+08 1.08552e+08 1.06833e+08 1.06557e+08 1.24382e+08 1.76263e+08 1.0591e+08 1.0607e+08 1.03342e+08 1.03062e+08 1.81358e+08 1.02546e+08
threshold=6972.2100000000009 4023.2800000000002 11999.985000000002 3048.7250000000004 17561.605000000003 1.0000000180025095e-35 5175.6800000000012 12000.380714285717 2989.7896357602681 8000.005000000001 287.50000000000006 1.0000000180025095e-35 271.50000000000006 94.500000000000014 2289.8978571428574 4407.7200000000012 1768.1874357325451 8540.0042857142889 285.50000000000006 280.50000000000006 27.950000000000003 57.500000000000007 1.0000000180025095e-35 30.150000000000002 30.950000000000003 8786.0628571428588 1.0000000180025095e-35 14498.490000000002 17561.605000000003 78.500000000000014 92.500000000000014 73.500000000000014 6.5000000000000009 278.50000000000006 37.050000000000004 6389.3550000000005 1.0000000180025095e-35 23.250000000000004 88.500000000000014 34.650000000000013 4426.2576666666673 6673.8870000000015 349.50000000000006 293.50000000000006 827.27923016957141 286.50000000000006 28.850000000000005 36.250000000000007 279.50000000000006 3079.2856815687096 232.50000000000003 1.0000000180025095e-35 277.50000000000006 1.0000000180025095e-35 1.0000000180025095e-35 1799.1617463318751 4469.5407142857157 1.0000000180025095e-35 6364.6003333333347 316.50000000000006 293.50000000000006 12000.005000000003
decision_type=2 2 2 2 2 2 2 2 2 2 2 2 2 2 2 2 2 2 2 2 2 2 2 2 2 2 2 2 2 2 2 2 2 2 2 2 2 2 2 2 2 2 2 2 2 2 2 2 2 2 2 2 2 2 2 2 2 2 2 2 2 2
left_child=1 3 5 14 18 7 17 9 15 56 12 16 13 -9 -1 38 47 53 19 26 35 24 25 37 -21 44 28 -28 -4 -10 -31 32 -25 -34 49 -20 61 -6 -7 -24 52 -42 43 -17 -5 -40 -37 -8 -49 -13 -51 -46 -11 54 55 -3 -2 -58 -19 60 -18 -27
right_child=2 6 4 22 23 8 11 10 29 40 -12 34 -14 -15 -16 42 59 58 20 21 -22 -23 39 31 -26 36 27 -29 -30 30 -32 -33 33 -35 -36 46 -38 -39 45 -41 41 -43 -44 -45 51 -47 -48 48 -50 50 -52 -53 -54 -55 -56 -57 57 -59 -60 -61 -62 -63
leaf_value=-23.023141437070006 -32.793538596309837 0.92540340895462192 64.891027942983925 -8.8209803752424278 93.673190807548224 -25.074742089644722 10.726521379591386 127.45818124453228 92.391612887912331 52.114264288952484 -19.996299078681254 5.0959627365551556 237.16496955422795 -46.520740597450988 -16.298787347642968 35.425995795893115 28.19663850418705 87.692754025666602 -25.097637707692275 138.68870303202485 -92.856051861306895 213.27169337941643 -10.509782787859862 196.02871152072484 25.965903266026427 83.556376808942389 52.98879043195118 -126.98330323537192 186.26565900017235 -132.76440851847332 -8.7626868523030108 150.64755527687075 13.813064780777152 112.00889722596615 -31.921287339747359 37.944816582865187 -71.762209449181199 -12.242478645480411 27.670163142470557 -23.879550474985678 33.713454087596268 49.447959879579138 72.96845012225937 -0.63607260974793656 -0.86889170174909158 -26.301040157079697 107.55545862458332 31.961759741856497 163.91651846749443 195.95011896769205 14.26412353396416 -20.993865191595418 100.96481973991395 -13.93772643502829 -3.9306063289461441 13.512071687499327 33.140609492941508 -11.132417317503817 22.723686759557197 64.509522833020512 -18.068641088358561 3.6490116491625386
leaf_weight=16727 66 8969 3791 19546 101 229 4634 197 35 265 43 3446 33 46 47270 4385 3706 68 52 117 68 66 9643 44 51 117 1858 47 67 41 372 259 87 108 293 143 25 48 701 2464 2848 7983 225 305 11125 127 118 116 27 23 63 712 199 1095 5887 4031 2686 142 558 177 224 61
leaf_count=16727 66 8969 3791 19546 101 229 4634 197 35 265 43 3446 33 46 47270 4385 3706 68 52 117 68 66 9643 44 51 117 1858 47 67 41 372 259 87 108 293 143 25 48 701 2464 2848 7983 225 305 11125 127 118 116 27 23 63 712 199 1095 5887 4031 2686 142 558 177 224 61
internal_value=0.0185407 -9.06153 45.821 -13.9719 66.0466 39.029 6.81017 44.1375 27.4797 42.9991 94.4813 14.4599 112.324 94.4682 -18.0567 30.4647 19.1321 2.09208 61.7141 63.8794 27.5547 136.19 -7.98872 108.594 104.825 -5.97839 60.9202 48.4842 67.0466 -12.2906 -21.3637 123.075 92.6909 68.4925 3.60602 53.9267 40.2945 59.6985 9.72658 -13.2325 46.4676 45.3141 34.9216 33.0812 -6.27898 19.3702 69.7067 12.1487 57.8416 6.56142 64.5484 -2.08109 73.2373 1.21916 2.09859 4.82898 29.4507 30.9144 29.9096 27.2498 25.5557 56.3458
internal_weight=168960 141007 27953 107690 7025 20928 33317 14508 6420 14189 319 12709 276 243 63997 5972 8884 20608 6378 5997 381 234 43693 647 168 31586 5763 1905 3858 448 413 498 239 195 3825 313 203 149 1057 12107 11295 10831 4915 4690 31383 828 261 4777 143 3532 86 11837 464 19982 18887 13000 2894 2828 626 4107 3930 178
internal_count=168960 141007 27953 107690 7025 20928 33317 14508 6420 14189 319 12709 276 243 63997 5972 8884 20608 6378 5997 381 234 43693 647 168 31586 5763 1905 3858 448 413 498 239 195 3825 313 203 149 1057 12107 11295 10831 4915 4690 31383 828 261 4777 143 3532 86 11837 464 19982 18887 13000 2894 2828 626 4107 3930 178
is_linear=0
shrinkage=0.05


Tree=35
num_leaves=63
num_cat=0
split_feature=10 10 10 10 2 10 2 10 14 2 5 2 0 15 10 15 16 15 2 2 11 2 13 10 0 2 0 0 0 5 16 16 13 0 7 4 2 0 16 0 2 15 14 7 2 2 16 0 16 7 11 15 7 2 4 0 2 15 0 2 16 0
split_gain=2.53785e+10 4.10222e+09 1.31312e+09 1.03018e+09 5.95981e+08 4.65927e+08 4.48366e+08 4.01534e+08 3.19595e+08 2.95517e+08 2.31601e+08 2.29553e+08 3.02065e+08 2.22657e+08 2.2239e+08 2.20113e+08 2.11894e+08 3.86048e+08 2.09414e+08 2.01717e+08 1.99866e+08 1.80895e+08 2.96488e+08 1.95645e+08 1.79534e+08 1.79183e+08 3.23492e+08 1.92392e+08 1.91186e+08 1.81863e+08 1.77281e+08 1.73929e+08 1.7288e+08 1.72506e+08 1.69709e+08 3.50996e+08 1.68275e+08 3.91733e+08 1.7162e+08 1.67384e+08 2.07476e+08 1.64393e+08 1.64352e+08 1.57958e+08 1.57716e+08 1.48199e+08 2.06371e+08 1.43213e+08 1.43761e+08 1.42235e+08 1.3939e+08 1.38708e+08 1.22283e+08 1.1685e+08 2.85471e+08 1.57562e+08 1.12978e+08 1.10111e+08 1.09276e+08 1.14841e+08 1.01251e+08 9.67232e+07
threshold=6999.7450000000008 4129.9250000000011 11999.985000000002 3035.2250000000004 5.5000000000000009 17561.605000000003 5.5000000000000009 5249.1650000000009 7345.4328333333351 5.5000000000000009 2023.5000000000002 1.0000000180025095e-35 27.500000000000004 2989.7896357602681 8520.1650000000027 4296.4042702189172 32.650000000000013 3790.914559449348 5.5000000000000009 5.5000000000000009 1833.3850000000002 1.0000000180025095e-35 2915.8092967524067 9999.3950000000023 25.500000000000004 1.0000000180025095e-35 28.500000000000004 9.5000000000000018 78.500000000000014 2021.5000000000002 33.550000000000004 38.95000000000001 5307.9257483933907 32.500000000000007 1.0000000180025095e-35 3.5000000000000004 1.0000000180025095e-35 25.500000000000004 26.050000000000004 26.500000000000004 3.5000000000000004 4112.6125525443886 2554.7525000000005 1.0000000180025095e-35 2.5000000000000004 5.5000000000000009 33.95000000000001 23.500000000000004 30.750000000000004 1.0000000180025095e-35 4279.005000000001 1950.4798305056713 1.0000000180025095e-35 1.5000000000000002 7.5000000000000009 25.500000000000004 4.5000000000000009 579.62080087303264 7.5000000000000009 1.0000000180025095e-35 35.95000000000001 75.500000000000014
decision_type=2 2 2 2 2 2 2 2 2 2 2 2 2 2 2 2 2 2 2 2 2 2 2 2 2 2 2 2 2 2 2 2 2 2 2 2 2 2 2 2 2 2 2 2 2 2 2 2 2 2 2 2 2 2 2 2 2 2 2 2 2 2
left_child=1 3 4 19 8 9 7 36 10 32 14 12 -5 24 -2 21 52 -18 53 42 57 22 -10 -23 -6 26 -9 29 -28 -27 50 -32 34 -8 44 -36 37 -3 -39 40 -12 -20 -1 -41 -4 -13 -47 48 -11 -29 -26 -16 -14 54 -7 56 -55 -21 -17 -60 -35 -49
right_child=2 6 5 11 13 18 33 25 15 47 39 45 16 -15 51 58 17 -19 41 20 -22 23 -24 -25 30 27 28 49 -30 -31 31 -33 -34 60 35 -37 -38 38 -40 43 -42 -43 -44 -45 -46 46 -48 61 -50 -51 -52 -53 -54 55 -56 -57 -58 -59 59 -61 -62 -63
leaf_value=-18.999967885542038 25.909213297724627 -15.524388176327443 54.699807695525095 -16.090471091099637 43.777748978454902 -61.326546590169279 6.6683232893656097 1.5951553840428652 59.341256981380617 89.327478215385895 16.208347805239629 -7.4849528213434713 3.9648519700799372 -35.133959806255568 60.887243781266903 -18.483877986027647 18.29514569627943 134.50808926030209 -74.954555474986208 -28.513651500725132 -21.07445945124088 29.661236592986558 198.30169079589845 47.388218722443419 -22.844047451005224 -19.612063359578453 72.592675564596732 13.950413869514671 26.797644905769769 46.91721976616256 45.001250499034754 -61.917612971794313 174.69339181954521 -9.7649076961849897 -141.70823678697857 43.374263433312123 2.7686609933554713 17.086393043397099 49.769824640080451 33.954978740383602 -52.62508845153468 71.776987111321816 -13.515362170637133 -63.894897225119848 72.798233902537291 -10.750556787954809 -31.499360598062044 10.306354605938527 -42.369792760213222 -17.834680086814839 13.092998672357044 39.026810825889115 -33.157833767818801 130.27441677093506 117.19395029172793 147.39827946980796 11.647570214379918 -57.500403429481509 158.65326664851261 77.971148333820437 -34.360973388090407 43.871826985428861
leaf_weight=25750 2533 654 2140 1824 661 29 1557 502 1101 169 281 33480 3265 188 1022 25 1209 75 22 697 7193 2077 39 6295 338 119 495 8160 425 728 550 40 34 2602 27 303 13714 1014 666 679 178 115 29127 43 2817 5062 1570 469 23 367 1322 2547 237 37 90 311 43 624 51 351 498 396
leaf_count=25750 2533 654 2140 1824 661 29 1557 502 1101 169 281 33480 3265 188 1022 25 1209 75 22 697 7193 2077 39 6295 338 119 495 8160 425 728 550 40 34 2602 27 303 13714 1014 666 679 178 115 29127 43 2817 5062 1570 469 23 367 1322 2547 237 37 90 311 43 624 51 351 498 396
internal_value=0.0182581 -8.49722 44.1152 -13.0488 37.6695 62.7524 7.4131 9.89765 41.302 58.633 33.3348 -7.41534 1.21801 17.476 37.2574 47.1362 7.81646 25.1827 103.207 -17.2008 -24.3629 45.5501 64.2648 42.9944 20.8846 17.3529 33.8891 14.8411 51.4894 37.558 14.1426 37.66 63.4329 -6.90746 62.6845 27.8488 4.88148 17.2894 30.0649 13.0532 -10.5416 47.8418 -16.0892 28.047 64.9975 -8.83801 -15.6665 34.4328 73.4134 12.5805 5.76635 45.302 1.4438 117.957 73.5404 131.253 67.4435 -42.2392 82.2786 88.5752 -13.726 25.7057
internal_weight=168960 141614 27346 110113 20321 7025 31501 26844 17222 6378 7283 46722 6610 3099 6102 9939 4786 1284 647 63391 8514 9512 1140 8372 2911 10796 1422 9374 920 847 2250 590 5321 4657 5287 330 16048 2334 1680 1181 459 137 54877 722 4957 40112 6632 1057 192 8527 1660 3569 3502 510 119 391 80 1321 427 402 3100 865
internal_count=168960 141614 27346 110113 20321 7025 31501 26844 17222 6378 7283 46722 6610 3099 6102 9939 4786 1284 647 63391 8514 9512 1140 8372 2911 10796 1422 9374 920 847 2250 590 5321 4657 5287 330 16048 2334 1680 1181 459 137 54877 722 4957 40112 6632 1057 192 8527 1660 3569 3502 510 119 391 80 1321 427 402 3100 865
is_linear=0
shrinkage=0.05


Tree=36
num_leaves=63
num_cat=0
split_feature=10 10 10 10 12 12 3 17 3 3 3 12 6 0 16 7 17 12 16 10 17 3 3 16 7 12 7 15 16 0 16 5 6 12 16 10 3 10 17 7 0 15 0 17 6 15 6 0 15 0 7 3 3 17 16 16 15 0 14 3 17 12
split_gain=2.29344e+10 2.40649e+09 2.39104e+09 8.5695e+08 4.50779e+08 4.21492e+08 3.60645e+08 3.46191e+08 3.2619e+08 4.09454e+08 3.88678e+08 3.24306e+08 3.16062e+08 3.08544e+08 2.97906e+08 2.94706e+08 2.77789e+08 2.55669e+08 2.51234e+08 2.22451e+08 2.20624e+08 2.84519e+08 1.99371e+08 2.28158e+08 1.96856e+08 1.93168e+08 1.90536e+08 2.01322e+08 1.88395e+08 1.73395e+08 1.65977e+08 1.63759e+08 1.63284e+08 1.61382e+08 1.42001e+08 1.36937e+08 1.34936e+08 1.22787e+08 1.12042e+08 1.11103e+08 1.10859e+08 1.09339e+08 1.07124e+08 1.13287e+08 1.05876e+08 1.05009e+08 1.04905e+08 1.03698e+08 1.00085e+08 9.81048e+07 9.05825e+07 8.85315e+07 8.96877e+07 8.84209e+07 8.52631e+07 8.01098e+07 7.83189e+07 7.52437e+07 6.98976e+07 6.56352e+07 1.02891e+08 8.31544e+07
threshold=5570.2750000000005 8866.5700000000015 3389.3250000000003 12000.005000000003 4773.9864285714293 10956.976428571432 287.50000000000006 27.950000000000003 276.50000000000006 86.500000000000014 80.500000000000014 2509.863571428572 1.0000000180025095e-35 68.500000000000014 20.750000000000004 1.0000000180025095e-35 37.350000000000001 6912.5542857142864 36.750000000000007 17561.605000000003 31.850000000000005 242.50000000000003 112.50000000000001 30.250000000000004 1.0000000180025095e-35 6912.5542857142864 1.0000000180025095e-35 2887.8850950412339 38.050000000000004 56.500000000000007 40.750000000000007 2021.5000000000002 1.0000000180025095e-35 8317.7064285714314 26.450000000000003 4409.2850000000008 100.50000000000001 1772.575 32.850000000000001 1.0000000180025095e-35 32.500000000000007 2006.0296603777417 11.500000000000002 33.650000000000013 1.0000000180025095e-35 5523.3036322078469 1.0000000180025095e-35 66.500000000000014 2082.8843726246064 19.500000000000004 1.0000000180025095e-35 274.50000000000006 168.50000000000003 31.250000000000004 19.150000000000002 36.350000000000001 489.01799815626839 54.500000000000007 11520.822833333337 126.50000000000001 32.95000000000001 11472.934285714287
decision_type=2 2 2 2 2 2 2 2 2 2 2 2 2 2 2 2 2 2 2 2 2 2 2 2 2 2 2 2 2 2 2 2 2 2 2 2 2 2 2 2 2 2 2 2 2 2 2 2 2 2 2 2 2 2 2 2 2 2 2 2 2 2
left_child=2 12 11 5 35 26 8 -8 9 10 -5 37 15 22 -11 17 29 20 42 34 31 -22 23 33 25 -15 30 48 45 -10 32 -2 -3 -6 -9 50 -25 -1 -30 44 -17 59 51 58 56 -19 -24 -29 -28 -37 -4 52 -14 -48 -27 -46 -13 -58 -44 61 -61 -7
right_child=1 3 4 6 13 41 7 19 16 14 -12 39 18 24 -16 40 -18 28 -20 -21 21 -23 46 36 -26 54 27 47 38 -31 -32 -33 -34 -35 -36 49 -38 -39 -40 -41 -42 -43 43 -45 55 -47 53 -49 -50 -51 -52 -53 -54 -55 -56 -57 57 -59 -60 60 -62 -63
leaf_value=-28.767815160243078 -5.8590926770405334 44.233226185398713 -5.0061519239343362 44.09510393455917 3.4280767971892825 6.0259758551326801 -176.81991668701173 31.193175417582196 91.667437590196741 -127.64368797889122 132.12706550986468 -12.666087247696693 50.280058586628144 11.719136993988718 45.768157931671425 22.352981228858802 -53.056696728515625 38.822782436347417 -31.098374740501242 96.827636782900498 23.083070776584478 70.8379828155647 -1.0281053766466031 32.833035320111158 -18.585483566886762 61.611455786528893 40.692372966877464 -132.37103550630457 51.739445870865225 144.42851271686911 -86.106899860088646 18.58466657669457 33.134053970478014 53.954765455352486 -104.88831642627716 13.713047435134436 112.16003914540609 -18.078278422604544 -42.58718219693435 -22.759222238119378 -28.251840663454939 62.209012741102278 11.014872884851279 -26.497336642500287 -14.451585467898918 -28.546896212303036 -5.9447429327651555 0.26792021574797453 -1.2687242246757853 -0.81598432170493551 -17.644383641184575 109.5584307861328 6.9599176691900873 -31.549006204331711 28.179438648743616 -26.180985103735431 -10.622595579941878 -3.3202532665551496 102.54025985717774 58.18854082366795 -6.5013586675107877 62.795198685234119
leaf_weight=2990 879 10100 27870 203 2439 80 21 47 319 25 333 21152 232 3322 543 156 24 4069 359 74 1282 412 4100 193 382 221 308 33 42 322 25 3100 4960 168 31 1387 74 26694 117 2552 348 2986 3540 206 10677 58 783 26 263 7131 1493 35 246 592 1402 1687 9686 5550 20 102 152 337
leaf_count=2990 879 10100 27870 203 2439 80 21 47 319 25 333 21152 232 3322 543 156 24 4069 359 74 1282 412 4100 193 382 221 308 33 42 322 25 3100 4960 168 31 1387 74 26694 117 2552 348 2986 3540 206 10677 58 783 26 263 7131 1493 35 246 592 1402 1687 9686 5550 20 102 152 337
internal_value=0.01773 35.1622 -9.63793 45.9812 -1.22107 42.8026 77.6508 8.69469 84.3856 67.6063 98.9308 -14.996 19.8898 6.55969 37.9247 24.7057 112.098 26.5934 9.02244 35.3132 19.624 34.7325 0.560356 11.2224 15.9606 18.6325 39.2393 12.2751 35.8115 118.355 40.3645 13.1847 40.5802 6.70355 -23.5335 -4.03023 55.1553 -19.1559 -17.503 -12.5888 -12.5752 58.1 12.395 9.46962 -12.056 37.8693 -5.03753 -74.8896 21.3968 1.55113 -5.64934 33.8102 28.0467 -16.9835 32.7669 -16.054 -10.6971 -7.96297 11.5577 39.7494 19.6028 51.9447
internal_weight=168960 36415 132545 21314 51557 19372 1942 173 1769 1104 536 80988 15101 13676 568 10463 665 9959 4638 152 5673 1694 8349 2874 5327 4945 15715 630 4286 641 15085 3979 15060 2607 78 37881 267 29684 159 51304 504 3657 4279 3766 48752 4127 5475 59 571 8518 29363 513 478 1375 1623 12364 36388 15236 3560 671 254 417
internal_count=168960 36415 132545 21314 51557 19372 1942 173 1769 1104 536 80988 15101 13676 568 10463 665 9959 4638 152 5673 1694 8349 2874 5327 4945 15715 630 4286 641 15085 3979 15060 2607 78 37881 267 29684 159 51304 504 3657 4279 3766 48752 4127 5475 59 571 8518 29363 513 478 1375 1623 12364 36388 15236 3560 671 254 417
is_linear=0
shrinkage=0.05


Tree=37
num_leaves=63
num_cat=0
split_feature=10 10 10 10 10 10 6 12 6 12 11 17 11 12 7 3 3 3 3 3 3 16 0 3 3 3 0 7 16 12 17 17 0 0 3 7 11 16 6 13 16 17 9 10 6 12 16 3 3 3 13 16 16 6 3 3 3 17 0 3 8 16
split_gain=2.07357e+10 3.37283e+09 1.07588e+09 6.58641e+08 4.8323e+08 3.7804e+08 3.51992e+08 2.54874e+08 2.4087e+08 2.23612e+08 2.12597e+08 3.07627e+08 2.28021e+08 2.12162e+08 1.68029e+08 2.29979e+08 1.59319e+08 1.65334e+08 3.13965e+08 1.57846e+08 4.30691e+08 4.19617e+08 2.46962e+08 1.57718e+08 4.36189e+08 2.4586e+08 1.57521e+08 1.5528e+08 1.5368e+08 2.36753e+08 1.48903e+08 1.3773e+08 1.41505e+08 2.17346e+08 1.43382e+08 1.37493e+08 1.34316e+08 1.33395e+08 1.32584e+08 1.39644e+08 1.32148e+08 1.24846e+08 1.24792e+08 1.23822e+08 1.23757e+08 1.50628e+08 1.2144e+08 1.21195e+08 1.18937e+08 1.23738e+08 1.17948e+08 1.1192e+08 2.10644e+08 1.11634e+08 1.11e+08 4.14999e+08 1.19649e+08 1.05528e+08 1.01846e+08 9.55741e+07 1.04655e+08 9.15125e+07
threshold=6999.7450000000008 3648.6000000000008 11999.985000000002 5013.1600000000008 2757.6150000000002 17561.605000000003 1.0000000180025095e-35 9051.5628571428588 1.0000000180025095e-35 11472.934285714287 12000.005000000003 32.150000000000013 4750.4350000000004 4469.5407142857157 1.0000000180025095e-35 277.50000000000006 94.500000000000014 247.50000000000003 285.50000000000006 285.50000000000006 281.50000000000006 27.950000000000003 59.500000000000007 126.50000000000001 150.50000000000003 80.500000000000014 29.500000000000004 1.0000000180025095e-35 20.950000000000003 8317.7064285714314 32.95000000000001 30.150000000000002 73.500000000000014 5.5000000000000009 278.50000000000006 1.0000000180025095e-35 6389.3550000000005 23.250000000000004 1.0000000180025095e-35 920.99757609943811 36.550000000000004 28.450000000000003 1.5000000000000002 1999.3050000000001 1.0000000180025095e-35 6210.8935714285735 34.350000000000001 112.50000000000001 349.50000000000006 289.50000000000006 4616.0243041607218 15.15 20.350000000000005 1.0000000180025095e-35 271.50000000000006 290.50000000000006 246.50000000000003 28.850000000000005 12.500000000000002 88.500000000000014 1.5000000000000002 20.550000000000004
decision_type=2 2 2 2 2 2 2 2 2 2 2 2 2 2 2 2 2 2 2 2 2 2 2 2 2 2 2 2 2 2 2 2 2 2 2 2 2 2 2 2 2 2 2 2 2 2 2 2 2 2 2 2 2 2 2 2 2 2 2 2 2 2
left_child=1 4 6 7 43 19 9 27 28 13 12 50 41 -2 26 -16 51 -18 -19 20 23 36 30 25 -25 -4 -15 38 29 -5 -22 37 33 -33 -35 44 -21 -7 39 -3 58 -8 -43 -1 45 -6 -40 -47 49 -14 -12 -11 -53 -9 56 -56 -30 -38 -10 -29 -61 -31
right_child=2 3 5 8 35 31 10 53 40 16 11 -13 48 14 15 -17 17 18 -20 21 22 -23 -24 24 -26 -27 -28 59 54 61 -32 32 -34 34 -36 -37 57 -39 46 -41 -42 42 -44 -45 -46 47 -48 -49 -50 -51 -52 52 -54 -55 55 -57 -58 -59 -60 60 -62 -63
leaf_value=-22.50419179507702 -43.049387754114662 -0.92557338294177838 40.560450833607064 3.2150074566766329 -7.9408714813007739 82.867920351682926 -22.617818179005539 45.95442410406099 26.103021878706983 28.735232185695487 -34.168039835866296 -206.06281971807067 31.37014858130814 29.301051869759959 22.27738076723033 -80.565565262158714 3.1736223455113688 171.22965181844575 7.1445908687960715 -26.733997836562821 127.92674569105066 -89.973255499134893 233.78322229429733 -22.513502632750182 49.643588847296812 67.579685902688382 42.147178119478433 -47.576028429697573 21.287846100820687 50.791956487111442 21.766385545730593 182.62541201335628 131.57500170311562 8.1850848549736863 93.472620002815319 -21.204329413445787 31.5962751171324 -17.888832690180568 -2.7288700741166125 7.9031630193338263 -24.762191946029663 33.760253656293251 1.3284788953411359 -15.635450079409715 -13.298707797169588 57.456622837418358 -17.562360019215014 4.9810499228990341 68.179047145936565 -2.2910849418900527 91.238429562377931 256.95404352823897 96.912551862419349 -13.343761420201776 70.775972753392509 0.6688766947589313 1.2126049718349423 95.671276388408756 2.0004156832948881 3.0841857584846375 -23.351129620804205 -57.049370589483352
leaf_weight=7946 81 14882 1275 3102 32969 101 266 408 501 45 74 22 4169 3183 579 59 126 55 61 52 114 68 42 237 1767 2515 9673 208 4958 360 47 40 259 89 110 2452 143 48 7540 6406 409 516 696 37823 12516 140 1688 502 204 292 24 23 173 98 446 400 873 118 3455 679 833 20
leaf_count=7946 81 14882 1275 3102 32969 101 266 408 501 45 74 22 4169 3183 579 59 126 55 61 52 114 68 42 237 1767 2515 9673 208 4958 360 47 40 259 89 110 2452 143 48 7540 6406 409 516 696 37823 12516 140 1688 502 204 292 24 23 173 98 446 400 873 118 3455 679 833 20
internal_value=0.0170353 -7.6802 39.8768 3.22175 -13.1418 56.7466 34.0423 -0.709393 12.0833 38.4359 24.1761 -41.4966 25.4655 37.241 37.7261 12.6556 71.8727 42.9419 85.7421 53.0359 55.0194 21.7531 126.515 52.4931 41.1031 58.5032 38.9691 -1.26259 16.3037 7.78468 97.2615 93.1871 105.83 77.499 55.5606 -9.66813 46.2352 50.5065 -0.438476 1.73142 2.25943 8.34418 15.1525 -16.8284 -9.05445 -7.47363 -5.44384 16.4959 30.887 29.1668 -2.84482 100.626 116.902 34.4661 20.7444 37.6683 18.283 60.8197 5.05867 -15.8751 -11.4855 44.9812
internal_weight=168960 141614 27346 47266 94348 7025 20321 32742 14524 14058 6263 120 6143 13575 13494 638 483 242 116 6378 5997 381 203 5794 2004 3790 12856 32236 10159 3482 161 647 498 239 199 48579 313 149 30516 21288 4365 1478 1212 45769 46127 33611 9228 642 4665 4461 98 241 196 506 6677 846 5831 261 3956 1720 1512 380
internal_count=168960 141614 27346 47266 94348 7025 20321 32742 14524 14058 6263 120 6143 13575 13494 638 483 242 116 6378 5997 381 203 5794 2004 3790 12856 32236 10159 3482 161 647 498 239 199 48579 313 149 30516 21288 4365 1478 1212 45769 46127 33611 9228 642 4665 4461 98 241 196 506 6677 846 5831 261 3956 1720 1512 380
is_linear=0
shrinkage=0.05


Tree=38
num_leaves=63
num_cat=0
split_feature=10 10 10 10 2 2 9 2 10 10 14 3 3 17 9 16 16 15 2 9 15 17 3 16 16 3 3 3 2 16 15 2 11 17 2 15 10 14 14 15 13 7 3 2 5 3 12 12 11 13 9 7 10 2 16 14 17 2 3 17 3 16
split_gain=1.87162e+10 3.05203e+09 9.71522e+08 6.70064e+08 4.82438e+08 3.86566e+08 5.28362e+08 3.55096e+08 4.23116e+08 3.09939e+08 2.64222e+08 2.58651e+08 6.32773e+08 2.46056e+08 2.09915e+08 2.08036e+08 2.07851e+08 1.99162e+08 1.92909e+08 1.89049e+08 1.88693e+08 2.808e+08 2.66781e+08 1.76691e+08 1.75911e+08 1.75349e+08 2.40193e+08 2.26115e+08 1.70433e+08 2.49951e+08 2.45991e+08 1.66374e+08 1.71772e+08 1.59143e+08 1.55888e+08 2.71847e+08 1.63511e+08 1.50111e+08 1.49631e+08 1.47029e+08 1.4457e+08 1.4859e+08 3.17728e+08 1.41371e+08 1.37324e+08 2.07971e+08 1.3987e+08 1.34713e+08 2.25142e+08 1.23172e+08 1.2194e+08 1.24037e+08 1.2077e+08 1.15471e+08 1.71034e+08 1.13967e+08 1.11715e+08 1.10035e+08 2.39557e+08 1.25565e+08 1.87193e+08 1.0599e+08
threshold=6999.7450000000008 4000.2050000000004 11999.985000000002 3000.3950000000004 5.5000000000000009 1.0000000180025095e-35 1.5000000000000002 5.5000000000000009 17561.605000000003 5013.1600000000008 7345.4328333333351 219.50000000000003 166.50000000000003 28.750000000000004 1.0000000180025095e-35 27.050000000000004 31.650000000000002 2989.7896357602681 5.5000000000000009 1.5000000000000002 4296.4042702189172 26.350000000000005 287.50000000000006 19.550000000000004 20.150000000000002 286.50000000000006 344.50000000000006 277.50000000000006 1.0000000180025095e-35 35.350000000000001 3521.684421886674 5.5000000000000009 1833.3850000000002 31.750000000000004 1.0000000180025095e-35 3286.8340494294148 9999.3950000000023 8273.4223333333339 8357.4101666666666 3641.6052346765182 5307.9257483933907 1.0000000180025095e-35 88.500000000000014 1.5000000000000002 2022.5000000000002 219.50000000000003 12000.380714285717 9157.1885714285727 10000.005000000003 2727.6090544262547 1.0000000180025095e-35 1.0000000180025095e-35 2300.4150000000004 5.5000000000000009 33.95000000000001 9298.9300000000021 33.750000000000007 1.5000000000000002 241.50000000000003 31.650000000000002 88.500000000000014 33.550000000000004
decision_type=2 2 2 2 2 2 2 2 2 2 2 2 2 2 2 2 2 2 2 2 2 2 2 2 2 2 2 2 2 2 2 2 2 2 2 2 2 2 2 2 2 2 2 2 2 2 2 2 2 2 2 2 2 2 2 2 2 2 2 2 2 2
left_child=1 3 4 31 10 6 47 8 40 -7 11 12 23 -14 16 24 -9 19 44 -6 34 -22 -23 -2 37 27 -27 -13 29 50 -31 52 -33 38 35 -12 -36 -8 -17 -35 41 43 -43 -4 46 -46 -11 -3 -49 -26 -5 -52 -1 -30 -55 -50 -16 58 -10 60 -59 -21
right_child=2 5 7 28 17 9 15 14 57 18 20 25 13 -15 56 33 -18 -19 -20 61 21 22 -24 -25 49 26 -28 -29 53 30 -32 32 -34 39 36 -37 -38 -39 -40 -41 -42 42 -44 -45 45 -47 -48 48 55 -51 51 -53 -54 54 -56 -57 -58 59 -60 -61 -62 -63
leaf_value=-17.322191573097793 12.149807646853615 -0.43498833399638193 41.629832608385492 -12.725382451563592 29.818436500089572 -0.7339938064792878 28.223679206630461 81.850272578204127 -63.743527893066414 6.4517927201555469 50.955740668325923 37.337630584005062 -137.64544999792221 -18.345055482536008 6.5836045555513625 67.057652511320256 -18.745993249416355 -35.57854153596535 -4.3108742429633473 -4.5963850114431724 213.93865998932813 81.395583361688068 -23.078823505200841 36.129687794265379 10.800857196035157 -3.6098055389365373 45.966352834884759 73.811101537871792 -6.9673338508330378 20.186442836913439 136.15981641341227 -38.315524063073589 -18.464386629874639 71.397634591607172 24.888154525642392 159.7022819694144 41.090734329213035 84.752361223745353 7.8580251698880588 184.20872384369375 156.5094595424107 -157.84378159232762 34.842350320661723 61.191090269953861 11.658614754981325 35.071303424618307 72.997254089355465 74.161205101605333 -83.371755138744007 -64.588034368242532 4.9817683234970973 -32.210423459685721 -12.252275554317512 -9.6789410879991564 -28.776221515676873 50.603032154846197 50.432627734210044 140.39355809298431 99.659839985606439 147.46930664062501 46.90144881193303 25.229305407176298
leaf_weight=17661 1156 2141 1243 2045 1492 18542 551 269 29 6169 1080 1694 46 545 678 206 63 188 2149 995 32 320 75 2297 386 489 487 569 32123 696 48 1296 6865 360 2077 60 6295 149 221 31 34 22 308 3714 3125 1362 79 152 43 62 3400 239 35136 4802 1551 24 184 98 90 173 120 424
leaf_count=17661 1156 2141 1243 2045 1492 18542 551 269 29 6169 1080 1694 46 545 678 206 63 188 2149 995 32 320 75 2297 386 489 487 569 32123 696 48 1296 6865 360 2077 60 6295 149 221 31 34 22 308 3714 3125 1362 79 152 43 62 3400 239 35136 4802 1551 24 184 98 90 173 120 424
internal_value=0.0166372 -7.29618 37.8857 -11.5619 32.3414 5.33452 19.3459 53.9164 59.0049 3.40521 35.6096 28.3663 19.9252 -27.8475 29.0378 38.4839 62.7622 14.1739 9.36174 17.3981 40.9139 73.4438 61.5505 28.1075 24.7199 38.8958 21.1492 46.5369 -6.92683 0.609448 27.8413 -14.976 -21.6211 57.7468 39.446 56.8142 37.0745 40.36 36.508 80.7889 54.8151 54.1317 21.5585 56.2954 12.099 18.7716 7.30474 3.39332 40.6517 0.24695 -2.9593 2.5309 -13.9485 -8.18586 -14.3451 -35.3423 15.9911 102.525 59.6395 115.392 89.3792 4.32708
internal_weight=168960 141614 27346 105862 20321 35752 4326 7025 5831 31426 17222 7283 4044 591 1194 1966 332 3099 12884 2911 9939 427 395 3453 1148 3239 976 2263 44904 6428 744 60958 8161 818 9512 1140 8372 700 427 391 5321 5287 330 4957 10735 4487 6248 2360 219 448 5684 3639 52797 38476 6353 67 862 510 119 391 218 1419
internal_count=168960 141614 27346 105862 20321 35752 4326 7025 5831 31426 17222 7283 4044 591 1194 1966 332 3099 12884 2911 9939 427 395 3453 1148 3239 976 2263 44904 6428 744 60958 8161 818 9512 1140 8372 700 427 391 5321 5287 330 4957 10735 4487 6248 2360 219 448 5684 3639 52797 38476 6353 67 862 510 119 391 218 1419
is_linear=0
shrinkage=0.05


Tree=39
num_leaves=63
num_cat=0
split_feature=12 12 12 7 12 6 12 3 3 0 0 3 3 11 12 14 16 3 16 11 11 16 12 11 12 3 9 15 16 8 5 11 15 7 14 3 3 8 7 7 3 16 7 9 12 3 12 13 3 3 3 16 3 6 3 5 11 8 16 3 3 6
split_gain=1.59845e+10 2.0509e+09 1.63439e+09 6.33171e+08 3.69353e+08 3.65748e+08 3.38455e+08 4.62708e+08 7.16341e+08 2.75689e+08 2.72358e+08 3.30431e+08 4.4606e+08 2.50135e+08 2.48549e+08 2.26507e+08 2.42315e+08 1.89097e+08 1.87553e+08 2.94006e+08 2.54779e+08 1.74303e+08 1.69376e+08 1.50726e+08 1.85116e+08 1.35122e+08 1.24211e+08 1.22613e+08 1.14248e+08 1.08902e+08 1.18724e+08 1.03173e+08 1.6542e+08 1.58991e+08 1.17709e+08 1.03483e+08 1.02658e+08 1.25597e+08 1.00132e+08 8.84823e+07 8.76261e+07 8.66656e+07 8.4283e+07 8.26645e+07 8.00526e+07 7.58214e+07 7.56086e+07 7.20091e+07 6.79952e+07 6.5463e+07 1.65591e+08 6.41428e+07 3.31644e+08 2.06977e+08 8.36975e+07 7.20904e+07 9.34888e+07 6.87141e+07 6.33657e+07 7.44973e+07 7.27329e+07 5.71119e+07
threshold=6037.4585714285722 3411.7485714285717 9999.9900000000016 1.0000000180025095e-35 4661.4157142857157 1.0000000180025095e-35 11999.977142857146 287.50000000000006 271.50000000000006 72.500000000000014 60.500000000000007 112.50000000000001 80.500000000000014 10000.005000000003 2509.863571428572 12047.878166666667 21.350000000000005 284.50000000000006 33.050000000000004 12000.005000000003 17561.605000000003 25.050000000000004 7941.0871428571436 14498.490000000002 14389.699285714289 102.50000000000001 1.0000000180025095e-35 4822.9514807727619 24.250000000000004 2.5000000000000004 2022.5000000000002 12000.005000000003 3169.6990120833548 1.0000000180025095e-35 11520.822833333337 88.500000000000014 88.500000000000014 1.5000000000000002 1.0000000180025095e-35 1.0000000180025095e-35 351.50000000000006 19.750000000000004 1.0000000180025095e-35 3.5000000000000004 3965.7478571428578 168.50000000000003 1875.1842857142858 2626.528016101483 88.500000000000014 98.500000000000014 92.500000000000014 32.150000000000013 276.50000000000006 1.0000000180025095e-35 279.50000000000006 2021.5000000000002 3980.2600000000007 1.5000000000000002 26.250000000000004 102.50000000000001 104.50000000000001 1.0000000180025095e-35
decision_type=2 2 2 2 2 2 2 2 2 2 2 2 2 2 2 2 2 2 2 2 2 2 2 2 2 2 2 2 2 2 2 2 2 2 2 2 2 2 2 2 2 2 2 2 2 2 2 2 2 2 2 2 2 2 2 2 2 2 2 2 2 2
left_child=1 14 3 5 44 10 31 8 18 17 11 12 -2 -13 46 16 41 -10 20 -20 -8 27 26 -17 -25 -23 45 -12 -18 40 -31 32 34 35 39 -33 -5 58 51 -4 -24 -9 61 -37 -3 -7 -1 -28 -40 50 -34 55 53 -53 -54 56 -6 -57 59 -38 -60 -16
right_child=2 4 6 36 38 22 7 15 9 -11 21 13 -14 -15 42 23 28 -19 19 -21 -22 25 29 24 -26 -27 47 -29 -30 30 -32 33 49 -35 -36 43 37 -39 48 -41 -42 -43 -44 -45 -46 -47 -48 -49 -50 -51 -52 52 54 -55 -56 57 -58 -59 60 -61 -62 -63
leaf_value=-23.745976506558492 20.708936597115002 -5.0881969788513466 40.090491306308365 -48.634713681818369 -21.106634253942048 37.057518869177272 55.870160148468599 7.2912309958718042 139.89410539756702 166.7042823654175 25.609880724429132 16.399907689306229 68.215705043079112 -23.469023559022872 -9.2367842261888295 -39.467052427438595 -118.98363742260221 51.55799606996424 44.299155754352597 -55.829811255715107 119.60369481774265 65.28758666380638 23.778988617084838 194.06049256847751 31.210201279776438 36.647024967970872 4.5099378559960002 -37.208536525756124 -28.047742143701626 34.096835070527831 -22.370818383896008 113.34287760241278 55.956042611162957 -95.41417478499875 -8.4860073706641135 -5.3726516590633917 -14.422541576314856 -21.10784535762912 -42.862011523415859 10.893972229326472 68.033259219960271 149.6629083251953 -20.077468264756579 52.649401182921032 -0.44458337898151057 8.8208650350066087 -15.650225865049231 -16.449157468366558 -4.5019159620373612 65.662430041455494 -37.094899173025361 17.532237337846205 156.08345059908353 -8.586790969478054 64.443328724396537 10.424693997821757 2.452663726480619 1.1435989808616236 -61.750102691650397 55.014860517652771 15.288941095559904 -13.056963268405273
leaf_weight=3240 1547 20704 6627 181 519 410 1900 21 102 199 2860 3796 726 438 34477 25 46 152 441 87 171 445 2729 30 41 5701 1633 79 134 144 259 28 256 30 133 184 53 609 140 271 116 21 2321 91 16822 566 26530 546 641 850 58 2606 38 1069 77 5846 2213 3027 43 138 100 13673
leaf_count=3240 1547 20704 6627 181 519 410 1900 21 102 199 2860 3796 726 438 34477 25 46 152 441 87 171 445 2729 30 41 5701 1633 79 134 144 259 28 256 30 133 184 53 609 140 271 116 21 2321 91 16822 566 26530 546 641 850 58 2606 38 1069 77 5846 2213 3027 43 138 100 13673
internal_value=0.01633 -7.84704 30.0938 22.3428 -0.284171 24.2134 45.1514 58.5765 64.555 122.551 28.3454 20.5313 35.906 12.271 -12.9085 1.17516 -26.5726 87.4411 54.4032 27.7263 61.1877 33.9393 14.1486 64.9542 101.76 38.731 5.89468 23.9092 -51.8159 22.1619 -2.15932 39.84 40.9488 12.5117 38.0469 23.4761 -14.2506 -7.60631 6.03137 38.9452 25.6067 80.3022 -10.7709 13.9485 -3.00664 20.7084 -16.5321 -0.746993 -11.4243 58.4299 38.7051 6.91759 12.5646 9.93435 95.809 5.07244 -2.029 7.25896 17.0013 35.7721 -8.14456 -10.3218
internal_weight=168960 133943 35017 23119 53702 21995 11898 3370 3052 453 15592 6507 2273 4234 80241 318 222 254 2599 528 2071 9085 6403 96 71 6146 3155 2939 180 3248 403 8528 8195 333 7031 303 1124 943 16176 6898 2845 42 50471 275 37526 976 29770 2179 781 1164 314 15395 3790 3675 115 11605 2732 8873 334 191 143 48150
internal_count=168960 133943 35017 23119 53702 21995 11898 3370 3052 453 15592 6507 2273 4234 80241 318 222 254 2599 528 2071 9085 6403 96 71 6146 3155 2939 180 3248 403 8528 8195 333 7031 303 1124 943 16176 6898 2845 42 50471 275 37526 976 29770 2179 781 1164 314 15395 3790 3675 115 11605 2732 8873 334 191 143 48150
is_linear=0
shrinkage=0.05


Tree=40
num_leaves=63
num_cat=0
split_feature=10 10 10 5 2 3 3 3 16 2 0 15 10 8 2 2 0 15 16 3 2 10 0 2 16 15 0 2 10 3 2 16 3 13 16 15 0 3 5 2 3 15 0 3 3 3 8 16 11 2 5 13 0 15 3 13 2 16 0 0 3 16
split_gain=1.54499e+10 1.63218e+09 1.62092e+09 6.08283e+08 4.73765e+08 7.79475e+08 7.85885e+08 4.22073e+08 3.87305e+08 3.84096e+08 4.3981e+08 3.68388e+08 3.631e+08 2.95721e+08 2.29663e+08 2.13861e+08 3.9984e+08 2.10422e+08 1.86152e+08 2.10015e+08 1.84711e+08 1.81345e+08 1.79561e+08 1.68616e+08 2.55766e+08 3.07735e+08 1.61172e+08 1.63175e+08 1.6089e+08 2.47066e+08 1.54561e+08 2.75994e+08 1.6615e+08 1.58835e+08 1.46044e+08 1.45255e+08 1.43595e+08 1.829e+08 1.4024e+08 1.36826e+08 2.35803e+08 2.31388e+08 1.32601e+08 1.31231e+08 1.21307e+08 1.97676e+08 1.13917e+08 4.33402e+08 1.10417e+08 1.09116e+08 1.05265e+08 1.28392e+08 1.04205e+08 1.05994e+08 9.9339e+07 9.54186e+07 9.3626e+07 1.43482e+08 9.26402e+07 8.86855e+07 1.89319e+08 8.7876e+07
threshold=5570.2750000000005 9000.7350000000024 3254.9400000000001 2022.5000000000002 5.5000000000000009 86.500000000000014 80.500000000000014 88.500000000000014 25.650000000000002 1.0000000180025095e-35 16.500000000000004 4296.4042702189172 4240.8850000000011 2.5000000000000004 5.5000000000000009 1.0000000180025095e-35 22.500000000000004 2787.8125585230523 32.350000000000001 98.500000000000014 4.5000000000000009 2324.3250000000003 68.500000000000014 1.0000000180025095e-35 34.95000000000001 2668.569405419526 16.500000000000004 5.5000000000000009 9999.3950000000023 88.500000000000014 5.5000000000000009 31.750000000000004 245.50000000000003 2266.0225290727917 25.450000000000003 3169.6990120833548 9.5000000000000018 284.50000000000006 2023.5000000000002 1.5000000000000002 164.50000000000003 4112.6125525443886 27.500000000000004 289.50000000000006 112.50000000000001 126.50000000000001 1.0000000180025095e-35 18.950000000000003 12000.005000000003 5.5000000000000009 2021.5000000000002 2578.0464051083331 29.500000000000004 548.2199902353791 247.50000000000003 920.99757609943811 5.5000000000000009 33.95000000000001 26.500000000000004 21.500000000000004 275.50000000000006 20.750000000000004
decision_type=2 2 2 2 2 2 2 2 2 2 2 2 2 2 2 2 2 2 2 2 2 2 2 2 2 2 2 2 2 2 2 2 2 2 2 2 2 2 2 2 2 2 2 2 2 2 2 2 2 2 2 2 2 2 2 2 2 2 2 2 2 2
left_child=2 9 21 4 5 6 8 11 -3 10 50 -7 23 -9 36 16 -14 -12 19 34 -8 -1 58 24 42 -26 -17 -28 29 -5 46 33 -33 -32 -6 59 37 61 54 40 -38 -41 -4 -21 -20 -46 -30 -48 -24 -23 -2 -52 -51 -54 -18 -40 -25 -58 -19 60 -16 -11
right_child=1 3 12 28 18 7 20 13 -10 14 17 -13 15 -15 35 26 38 22 44 43 -22 49 48 56 25 -27 27 -29 30 -31 31 32 -34 -35 -36 -37 39 -39 55 41 -42 -43 -44 -45 45 -47 47 -49 -50 52 51 -53 53 -55 -56 -57 57 -59 -60 -61 -62 -63
leaf_value=-16.724894690503866 -87.608862057640437 80.630276886425193 -12.817784889425921 52.090396008187156 19.106545659303666 -177.86223347769842 190.46836366192278 45.560423198391774 -56.421482796740172 2.4730358017675136 42.594718901884789 13.170299336152921 -19.474561404034496 74.834388315220721 14.581039979948546 13.786007379091505 32.053745224683425 63.232901721822806 -80.50319403628086 61.134830355289559 105.14560118714158 -10.336767336151217 80.187065621566774 -4.6366400023473711 18.967609456782508 117.49031998804998 2.2849683517213828 -11.707527578020803 44.511145218650732 -18.05020497102586 15.503187113438196 31.420776381049464 89.047964111886387 -26.436601947094392 -76.550626062853581 -45.115443963033712 -13.178314949083239 -91.819610007149834 7.8690275717944633 16.10657703646029 21.457782356917733 56.483903387392957 5.5003704094614605 -2.2896025610210917 79.016274882277401 -11.43813727692536 -51.550397144618785 33.744074907587333 -28.401288146972661 -8.3086155652918166 -17.194753708778283 76.808093162359185 -16.676525925161574 -33.304496273408247 5.8480499817787193 69.263794553425853 -7.5127907347008733 -27.100582155089167 172.828456947929 -1.736786605603198 146.81796102589576 43.893610017016535
leaf_weight=20813 41 225 1418 187 127 35 212 4845 66 150 1137 84 559 1053 412 2454 928 28 46 483 97 46693 99 26917 482 94 12608 2495 2430 377 983 537 163 292 57 166 1036 27 81 8238 933 370 3251 98 72 349 151 7743 30 2406 233 42 3718 1293 593 293 4251 1198 75 1779 28 879
leaf_count=20813 41 225 1418 187 127 35 212 4845 66 150 1137 84 559 1053 412 2454 928 28 46 483 97 46693 99 26917 482 94 12608 2495 2430 377 983 537 163 292 57 166 1036 27 81 8238 933 370 3251 98 72 349 151 7743 30 2406 233 42 3718 1293 593 293 4251 1198 75 1779 28 879
internal_value=0.0158781 28.8613 -7.90917 38.0783 49.0501 54.3509 108.679 48.9162 49.4596 16.7025 39.2523 -44.0297 -1.60416 50.7987 13.9893 3.83713 17.6598 51.5181 20.5592 35.7288 164.11 -12.7582 94.8798 -4.49924 3.81657 35.2217 1.90419 -0.0271993 31.38 5.25666 32.5774 19.7457 44.9476 5.88496 -10.78 -0.145039 16.8869 34.4644 28.6184 15.1289 3.23637 17.8485 -0.0645026 50.4512 -4.3137 4.18207 35.03 32.1062 54.9097 -11.2321 -13.8814 -2.61166 -16.8664 -20.9729 21.8474 56.0235 -5.84691 -11.8235 143.93 3.23793 23.31 37.8639
internal_weight=168960 36415 132545 20712 7849 6617 600 6017 291 15703 1685 119 57622 5898 14018 20011 2454 1369 1232 765 309 74923 232 37611 5245 576 17557 15103 12863 564 12299 1975 700 1275 184 2385 11633 1056 1895 10577 1969 8608 4669 581 467 421 10324 7894 129 54110 316 275 7417 5011 1521 374 32366 5449 103 2219 440 1029
internal_count=168960 36415 132545 20712 7849 6617 600 6017 291 15703 1685 119 57622 5898 14018 20011 2454 1369 1232 765 309 74923 232 37611 5245 576 17557 15103 12863 564 12299 1975 700 1275 184 2385 11633 1056 1895 10577 1969 8608 4669 581 467 421 10324 7894 129 54110 316 275 7417 5011 1521 374 32366 5449 103 2219 440 1029
is_linear=0
shrinkage=0.05


Tree=41
num_leaves=63
num_cat=0
split_feature=10 10 12 2 10 10 10 2 3 3 7 9 2 5 17 3 14 3 3 2 9 3 12 17 3 0 17 2 2 2 0 7 10 11 3 14 2 5 0 17 3 17 7 0 11 2 0 12 11 7 5 15 15 14 11 17 12 3 15 3 3 7
split_gain=1.39784e+10 2.26515e+09 7.17272e+08 4.71945e+08 4.56439e+08 4.26044e+08 3.14579e+08 2.71488e+08 2.67525e+08 6.46327e+08 2.36227e+08 2.2519e+08 2.1893e+08 2.15476e+08 2.58937e+08 2.09494e+08 2.02752e+08 2.28607e+08 2.01997e+08 2.37228e+08 1.9799e+08 1.92763e+08 1.90866e+08 1.85362e+08 1.87397e+08 1.69868e+08 1.57651e+08 2.20744e+08 1.53154e+08 1.48848e+08 1.31581e+08 1.29737e+08 1.2599e+08 1.25893e+08 1.22626e+08 1.16531e+08 1.15838e+08 1.51664e+08 1.15084e+08 1.14812e+08 1.13635e+08 4.83201e+08 2.8388e+08 1.80798e+08 1.44165e+08 1.133e+08 1.84806e+08 1.12549e+08 1.10779e+08 1.08376e+08 1.90334e+08 1.13156e+08 1.07548e+08 1.01921e+08 9.74872e+07 1.59913e+08 9.41663e+07 9.34967e+07 9.27261e+07 9.20271e+07 9.11334e+07 8.68928e+07
threshold=6999.7450000000008 3617.8400000000006 10956.976428571432 5.5000000000000009 5013.1600000000008 12000.005000000003 2757.6150000000002 1.5000000000000002 259.50000000000006 287.50000000000006 1.0000000180025095e-35 3.5000000000000004 3.5000000000000004 2021.5000000000002 32.95000000000001 188.50000000000003 7345.4328333333351 219.50000000000003 279.50000000000006 4.5000000000000009 1.5000000000000002 277.50000000000006 9051.5628571428588 34.650000000000013 285.50000000000006 77.500000000000014 30.250000000000004 4.5000000000000009 5.5000000000000009 4.5000000000000009 82.500000000000014 1.0000000180025095e-35 11194.045000000002 3595.7650000000008 310.50000000000006 5861.9066666666686 5.5000000000000009 2023.5000000000002 32.500000000000007 30.550000000000004 124.50000000000001 33.95000000000001 1.0000000180025095e-35 84.500000000000014 5000.2150000000011 1.0000000180025095e-35 34.500000000000007 12000.380714285717 3996.0750000000003 1.0000000180025095e-35 2023.5000000000002 1768.1874357325451 2269.1034591405028 6364.6003333333347 12000.005000000003 30.550000000000004 14389.699285714289 358.50000000000006 851.905434248407 28.500000000000004 88.500000000000014 1.0000000180025095e-35
decision_type=2 2 2 2 2 2 2 2 2 2 2 2 2 2 2 2 2 2 2 2 2 2 2 2 2 2 2 2 2 2 2 2 2 2 2 2 2 2 2 2 2 2 2 2 2 2 2 2 2 2 2 2 2 2 2 2 2 2 2 2 2 2
left_child=1 6 3 5 22 10 36 25 35 23 16 26 13 14 -6 -16 17 -2 19 -9 -5 52 28 32 -25 33 27 -11 31 -20 57 58 -10 -7 -23 -4 -1 -38 -30 -18 44 42 -42 -43 -37 46 -8 -34 -14 51 -51 -15 -12 -24 -13 -56 -46 59 -3 -22 -33 -48
right_child=2 4 8 20 12 7 45 18 9 11 21 54 48 49 15 -17 39 -19 29 -21 30 34 53 24 -26 -27 -28 -29 38 -31 -32 60 47 -35 -36 40 37 -39 -40 -41 41 43 -44 -45 56 -47 61 -49 -50 50 -52 -53 -54 -55 55 -57 -58 -59 -60 -61 -62 -63
leaf_value=-12.83528410567291 17.188852379587367 -2.2218205064397214 -48.393454459695256 23.977547667360444 -10.082249762833118 -51.462570713588178 -13.054332812678158 134.00877941910676 188.67595648317922 54.754630521576985 26.171029774927877 10.01300342359041 -7.5309026207453655 13.740471213442547 -6.9413481586735415 100.22413233170143 30.443206582814128 35.30644471029985 2.2302333709716797 47.393642444287316 24.886844139795624 -123.63378891157068 97.438495993041997 97.782671111135784 -78.138204421997074 -91.26000225861867 -143.46652162824358 -94.751130612395528 1.3669391375375164 111.92649492730034 27.281582627575375 -45.222130296829299 60.837554814491277 102.35206595549712 7.4073729680379232 -61.392200769884838 -17.634691285003054 -44.160040672479269 -14.733606866296178 41.163166557497213 41.791308478839227 -65.647801003549617 223.58277797352184 44.893613704759247 48.089795644316325 -9.0340344381062891 5.7898777045448826 116.20984510927201 7.0777847285608679 -28.844316680528404 71.083931013204278 27.318943132891725 -15.271053226407894 22.175441380965299 167.72521627002291 24.94996844863892 77.693855013546369 71.855295958905614 3.6716348896636752 -13.628787781244874 -9.1881865025445606 -20.558683291592544
leaf_weight=39661 3917 12092 33 1734 1259 20 2512 253 48 57 443 75 1771 2941 81 103 4591 3139 99 117 177 45 49 32 27 35 27 42 1677 44 358 202 124 36 29 28 5511 597 3280 5531 1024 152 21 48 2778 40297 4217 399 4848 247 58 3216 241 463 35 44 300 36 14894 1207 1301 337
leaf_count=39661 3917 12092 33 1734 1259 20 2512 253 48 57 443 75 1771 2941 81 103 4591 3139 99 117 177 45 49 32 27 35 27 42 1677 44 358 202 124 36 29 28 5511 597 3280 5531 1024 152 21 48 2778 40297 4217 399 4848 247 58 3216 241 463 35 44 300 36 14894 1207 1301 337
internal_value=0.0153775 -6.30443 32.7422 28.772 2.45999 31.9556 -10.8669 73.2419 49.2712 73.9616 30.5613 10.6984 9.87786 15.4946 -1.97335 53.2655 31.7666 25.2527 87.3354 106.821 11.9613 3.24032 -0.712874 102.017 17.3159 -6.294 -38.7055 -8.98525 -1.17708 36.5258 0.235538 0.234377 110.723 47.4791 -72.8657 44.1305 -13.8231 -20.2341 -9.28746 36.3044 44.8432 32.031 45.6548 -39.0265 49.9669 -8.01001 -2.16961 103.223 3.16849 19.395 -9.67135 20.8362 11.5684 29.5543 51.1087 89.5108 50.9995 -6.59751 1.03089 -8.6886 -14.0579 3.83597
internal_weight=168960 141614 27346 22052 48482 18540 93132 604 5294 910 17936 280 14524 7905 1443 184 17178 7056 513 370 3512 758 33958 630 59 91 126 99 33446 143 1778 28489 571 56 74 4384 45769 6108 4957 10122 4351 1245 1045 200 3106 47363 7066 523 6619 6462 305 6157 684 512 154 79 3078 1420 26986 1384 1503 4554
internal_count=168960 141614 27346 22052 48482 18540 93132 604 5294 910 17936 280 14524 7905 1443 184 17178 7056 513 370 3512 758 33958 630 59 91 126 99 33446 143 1778 28489 571 56 74 4384 45769 6108 4957 10122 4351 1245 1045 200 3106 47363 7066 523 6619 6462 305 6157 684 512 154 79 3078 1420 26986 1384 1503 4554
is_linear=0
shrinkage=0.05


Tree=42
num_leaves=63
num_cat=0
split_feature=10 10 12 10 2 10 2 2 3 3 7 9 10 3 14 3 9 3 13 17 2 2 2 17 10 2 1 1 5 3 2 15 1 15 3 12 1 12 9 15 3 13 7 14 1 17 3 17 14 2 1 13 15 10 3 2 17 3 12 5 3 13
split_gain=1.26168e+10 2.05006e+09 6.47695e+08 5.28147e+08 4.25878e+08 3.84904e+08 2.747e+08 2.45298e+08 2.4177e+08 5.83675e+08 2.13309e+08 2.0389e+08 1.93061e+08 1.85626e+08 1.82983e+08 2.06326e+08 1.78648e+08 1.74309e+08 1.72048e+08 1.42806e+08 1.99663e+08 1.42619e+08 1.41905e+08 1.37513e+08 1.56818e+08 1.37377e+08 2.03712e+08 1.37326e+08 1.35989e+08 1.35205e+08 1.96935e+08 1.31674e+08 1.31556e+08 1.26666e+08 1.87396e+08 1.58507e+08 1.26019e+08 1.25208e+08 1.19466e+08 1.18639e+08 3.11005e+08 1.13687e+08 1.13374e+08 1.14628e+08 1.12198e+08 1.19037e+08 1.10931e+08 1.07475e+08 1.05348e+08 1.0547e+08 2.11952e+08 2.30532e+08 1.72808e+08 1.6088e+08 2.43541e+08 1.10451e+08 1.03619e+08 1.03287e+08 1.00198e+08 1.074e+08 9.96381e+07 9.57862e+07
threshold=6999.7450000000008 4129.9250000000011 10956.976428571432 3125.9450000000002 5.5000000000000009 12000.005000000003 5.5000000000000009 1.5000000000000002 259.50000000000006 287.50000000000006 1.0000000180025095e-35 3.5000000000000004 5249.1650000000009 285.50000000000006 7345.4328333333351 219.50000000000003 1.5000000000000002 277.50000000000006 2485.9273282151657 30.250000000000004 4.5000000000000009 2.5000000000000004 5.5000000000000009 34.050000000000004 11194.045000000002 1.0000000180025095e-35 6.5000000000000009 19.500000000000004 2022.5000000000002 217.50000000000003 4.5000000000000009 579.62080087303264 7.5000000000000009 3403.9999007376414 268.50000000000006 9491.5792857142878 17.500000000000004 9318.6050000000014 1.0000000180025095e-35 2369.5926087856083 88.500000000000014 3079.2856815687096 1.0000000180025095e-35 2594.0530000000003 19.500000000000004 29.150000000000002 310.50000000000006 28.450000000000003 5861.9066666666686 1.0000000180025095e-35 6.5000000000000009 2843.2674264134635 1436.4767421896779 11999.985000000002 92.500000000000014 1.5000000000000002 30.550000000000004 358.50000000000006 9051.5628571428588 2023.5000000000002 28.500000000000004 2485.9273282151657
decision_type=2 2 2 2 2 2 2 2 2 2 2 2 2 2 2 2 2 2 2 2 2 2 2 2 2 2 2 2 2 2 2 2 2 2 2 2 2 2 2 2 2 2 2 2 2 2 2 2 2 2 2 2 2 2 2 2 2 2 2 2 2 2
left_child=1 3 4 22 5 10 12 27 48 18 14 19 58 21 15 -2 -6 41 -10 20 -11 -9 42 24 -20 26 -5 -7 39 37 -31 -24 -8 35 -35 -28 -25 -30 -33 61 -41 -12 43 -1 57 47 -19 -46 -4 50 52 -52 -50 54 -51 -55 -16 60 -3 -60 -18 -14
right_child=2 6 8 25 16 7 32 13 9 11 17 -13 28 -15 56 -17 44 46 23 -21 -22 -23 31 36 -26 -27 33 -29 29 30 -32 38 -34 34 -36 -37 -38 -39 -40 40 -42 -43 -44 -45 45 -47 -48 -49 49 53 51 -53 -54 55 -56 -57 -58 -59 59 -61 -62 -63
leaf_value=-12.873067231512477 16.329628966250791 3.1201224948920423 -46.044949506871845 -12.779985369514929 22.779361317522589 38.071769281606208 6.1902496510076555 172.46689148572025 52.789350291611903 52.064099994527886 14.680538138380971 48.618689323671404 4.7363058924057819 -30.903484892003679 28.921377781980024 33.541684853440636 24.93964875203913 -117.58648361786553 233.54975315093995 -136.54938491821289 -90.123749921931775 81.433047270433462 -14.624505768498649 9.5478793147572301 115.5349205172442 -5.9489273719445972 5.0131160466477027 -89.828021583557131 10.675789296255024 41.166954739292464 -9.1431574956073032 -7.1886983189701255 -11.765163214667355 78.032873934595969 -13.329337579811014 116.73934049367904 131.76895909926472 47.750822571118675 -36.39121869239078 99.194243276289527 12.997837856889886 -100.87304349032316 -20.644718112926487 -8.3492546607010336 -4.6205833827959344 28.01269275068023 7.0493488413492829 -133.24513253348215 -97.531587861159764 48.36620453017099 62.473202640800132 156.25837001019215 37.766981640913357 22.119298528160638 -20.686416842191836 47.567440614614306 39.105380252653596 76.114078138078966 15.210748523705536 80.803811058044431 -17.011232175442789 -30.762541557292845
leaf_weight=26918 3917 15682 33 1630 1734 60 1508 48 166 57 663 154 4217 33 4591 3139 164 45 31 27 42 432 7294 56 344 35942 4030 31 3088 1097 236 462 3149 147 90 31 33 245 1454 111 1604 21 2908 29207 72 490 29 20 28 251 328 82 126 507 258 2771 5531 34 287 79 998 198
leaf_count=26918 3917 15682 33 1630 1734 60 1508 48 166 57 663 154 4217 33 4591 3139 164 45 31 27 42 432 7294 56 344 35942 4030 31 3088 1097 236 462 3149 147 90 31 33 245 1454 111 1604 21 2908 29207 72 490 29 20 28 251 328 82 126 507 258 2771 5531 34 287 79 998 198
internal_value=0.0149582 -5.98917 31.107 -9.20683 27.3343 30.3586 5.25823 69.6009 46.814 70.2857 29.0333 10.1669 7.20297 82.9974 30.1786 23.9904 11.3652 3.07137 96.9467 -36.8424 -8.55598 90.8761 -11.9192 112.597 125.886 -4.78582 2.26603 -6.00124 12.3725 18.8041 32.2597 -17.6923 -5.95087 7.97381 43.4281 5.89452 55.8264 13.4146 -29.3571 7.47468 18.6313 10.9908 -11.0182 -10.5191 0.226864 18.214 -69.2999 -33.7146 41.9269 42.6046 62.8161 81.5648 12.6967 39.5787 13.3931 43.6394 34.4896 -8.53398 3.72471 29.5504 -11.0741 3.13768
internal_weight=168960 141614 27346 110113 22052 18540 31501 604 5294 910 17936 280 26844 513 17178 7056 3512 758 630 126 99 480 68243 464 375 41870 5928 91 10796 4666 1333 9210 4657 4298 237 4061 89 3333 1916 6130 1715 684 59033 56125 1778 582 74 92 4384 4351 564 410 154 3787 509 3278 10122 1196 16048 366 1162 4415
internal_count=168960 141614 27346 110113 22052 18540 31501 604 5294 910 17936 280 26844 513 17178 7056 3512 758 630 126 99 480 68243 464 375 41870 5928 91 10796 4666 1333 9210 4657 4298 237 4061 89 3333 1916 6130 1715 684 59033 56125 1778 582 74 92 4384 4351 564 410 154 3787 509 3278 10122 1196 16048 366 1162 4415
is_linear=0
shrinkage=0.05


Tree=43
num_leaves=63
num_cat=0
split_feature=10 10 10 10 2 0 2 2 0 15 16 15 10 5 3 3 3 12 2 7 0 14 16 12 2 2 3 3 3 16 2 0 12 13 0 12 15 3 0 0 16 13 14 3 16 15 8 8 16 0 2 16 3 5 2 16 10 10 12 14 3 0
split_gain=1.13907e+10 1.44713e+09 9.0332e+08 3.83231e+08 3.31079e+08 4.85118e+08 2.88477e+08 2.82877e+08 4.61458e+08 2.61455e+08 2.437e+08 2.51633e+08 2.22535e+08 2.11048e+08 3.10952e+08 5.46638e+08 2.84922e+08 2.10489e+08 2.06074e+08 1.67883e+08 1.59679e+08 1.58739e+08 1.52877e+08 2.19745e+08 1.47412e+08 2.37408e+08 1.92146e+08 1.72731e+08 2.50936e+08 1.4966e+08 1.46107e+08 1.77417e+08 1.41932e+08 1.40131e+08 1.35883e+08 1.2701e+08 1.2658e+08 1.23962e+08 1.21055e+08 1.76939e+08 2.27361e+08 1.14685e+08 1.13066e+08 1.10714e+08 1.10142e+08 1.95368e+08 1.05211e+08 1.04387e+08 3.89582e+08 1.03617e+08 1.17056e+08 1.08392e+08 1.01354e+08 9.96812e+07 9.90669e+07 9.85497e+07 9.83797e+07 9.81257e+07 9.55906e+07 1.42997e+08 9.38295e+07 9.36119e+07
threshold=6000.2650000000012 3499.2950000000005 9999.3950000000023 14498.490000000002 1.0000000180025095e-35 22.500000000000004 5.5000000000000009 1.0000000180025095e-35 25.500000000000004 3169.6990120833548 27.850000000000005 4112.6125525443886 4600.255000000001 2022.5000000000002 86.500000000000014 82.500000000000014 88.500000000000014 2565.5750000000003 5.5000000000000009 1.0000000180025095e-35 12.500000000000002 8706.3083333333361 20.150000000000002 8062.363571428572 5.5000000000000009 2.5000000000000004 264.50000000000006 90.500000000000014 238.50000000000003 29.850000000000005 1.0000000180025095e-35 29.500000000000004 7337.8885714285725 3195.6338760967196 31.500000000000004 10661.440714285716 2709.2219680679241 284.50000000000006 59.500000000000007 77.500000000000014 24.650000000000002 175.95036106681647 4230.1380000000008 84.500000000000014 36.650000000000013 3521.684421886674 2.5000000000000004 1.0000000180025095e-35 18.950000000000003 29.500000000000004 5.5000000000000009 31.750000000000004 28.500000000000004 2021.5000000000002 5.5000000000000009 32.750000000000007 8300.0150000000012 1699.6250000000002 10661.440714285716 8970.7866666666687 291.50000000000006 21.500000000000004
decision_type=2 2 2 2 2 2 2 2 2 2 2 2 2 2 2 2 2 2 2 2 2 2 2 2 2 2 2 2 2 2 2 2 2 2 2 2 2 2 2 2 2 2 2 2 2 2 2 2 2 2 2 2 2 2 2 2 2 2 2 2 2 2
left_child=1 17 4 6 5 53 13 8 -3 56 22 35 49 14 15 -4 -16 57 19 41 60 55 23 -10 25 26 33 29 -29 -27 31 -19 -13 -5 -21 -12 61 -28 42 52 -41 -6 -8 -26 -33 -46 -43 -15 -49 -9 -51 -52 -40 -2 -22 -11 -7 -1 -45 -60 -14 -20
right_child=2 7 3 24 18 9 38 12 10 21 11 32 20 47 16 -17 -18 30 36 34 54 -23 -24 -25 43 27 37 28 -30 -31 -32 44 -34 -35 -36 -37 -38 -39 39 40 -42 46 -44 58 45 -47 -48 48 -50 50 51 -53 -54 -55 -56 -57 -58 -59 59 -61 -62 -63
leaf_value=-22.866230724713414 -84.06552914767795 -11.306205866648469 45.288665470487615 69.377174609791155 -67.501634576259519 36.579359692299761 -61.420605293042733 1.0918075334229755 12.736814431619944 248.96399689850983 28.48951557467694 237.95253078294837 21.366430250157265 39.122952905448557 -79.247093153381343 199.92842484777117 40.870078981065078 -14.760110044094843 28.889259461076875 33.007644671571668 4.211762354044704 66.107829526430606 -4.4783554773046905 69.319524726077063 -58.999735717773447 134.46726461419394 111.23958298492433 -13.607470914110728 84.686631787055376 22.263979478544659 -9.568147480669154 -2.0466570012927439 52.46514648800806 -35.676791809483575 -30.046961361576962 134.18599458299835 -32.611917935090752 34.490019292467423 35.237663726003539 -44.163277021676059 28.430622493262291 16.832093558403887 32.71038784504838 -28.266825318769975 9.9367159852355869 114.67042018061098 35.588311951881501 -52.053753759484543 28.806340635311273 -3.761980211770473 -7.4565483147370832 -26.135231034049323 -20.775571603069906 -3.5625510926354202 -7.5265431572677919 121.76625846432603 75.598093321715169 -12.592149299391133 86.9232005404604 -7.5252010333153514 -44.017264923631103 -1.2835378718806938
leaf_weight=2513 44 1793 177 43 38 692 32 8535 1555 26 1667 22 1531 2430 49 84 4738 2383 312 115 10588 76 1150 192 33 214 89 80 338 35 42886 6167 20 113 324 28 270 130 94 120 999 8602 1057 43 1405 45 819 151 7743 16978 2265 1182 540 265 2164 45 212 31049 115 61 56 1438
leaf_count=2513 44 1793 177 43 38 692 32 8535 1555 26 1667 22 1531 2430 49 84 4738 2383 312 115 10588 76 1150 192 33 214 89 80 338 35 42886 6167 20 113 324 28 270 130 94 120 999 8602 1057 43 1405 45 819 151 7743 16978 2265 1182 540 265 2164 45 212 31049 115 61 56 1438
internal_value=0.0145225 -6.35567 26.472 33.3192 16.4103 39.7758 31.4479 0.440487 10.228 55.9558 18.5608 33.364 -1.01251 34.1539 42.5384 95.6309 39.6243 -10.2649 13.7409 16.7108 4.08143 117.659 9.67652 18.9915 59.6143 67.9135 35.9447 85.8062 65.8868 118.848 -8.29911 -2.85632 152.9 -6.46212 -13.4918 30.3136 -0.812718 66.0444 16.8046 8.66297 20.6133 18.1138 29.8906 25.1651 0.869268 13.2639 18.4662 30.0506 27.2532 -3.53474 -5.46799 -13.8673 -12.4283 -15.26 2.21935 171.157 45.8032 -13.3621 38.0581 54.3306 19.033 4.10926
internal_weight=168960 136174 32786 19508 13278 1360 18214 49726 6427 1051 4634 1737 43299 15372 5048 261 4787 86448 11918 9898 14339 147 2897 1747 1294 1042 375 667 418 249 52886 10000 42 156 439 1695 2020 219 2842 1753 1119 9459 1089 252 7617 1450 9421 10324 7894 28960 20425 3447 634 309 12752 71 904 33562 219 176 1587 1750
internal_count=168960 136174 32786 19508 13278 1360 18214 49726 6427 1051 4634 1737 43299 15372 5048 261 4787 86448 11918 9898 14339 147 2897 1747 1294 1042 375 667 418 249 52886 10000 42 156 439 1695 2020 219 2842 1753 1119 9459 1089 252 7617 1450 9421 10324 7894 28960 20425 3447 634 309 12752 71 904 33562 219 176 1587 1750
is_linear=0
shrinkage=0.05


Tree=44
num_leaves=63
num_cat=0
split_feature=10 10 12 2 10 10 2 10 0 4 3 3 3 3 3 9 0 2 2 0 12 3 2 11 5 11 3 13 3 15 3 3 3 0 2 9 0 2 3 9 2 11 11 14 10 15 11 2 13 2 15 0 3 3 10 2 14 0 2 0 9 15
split_gain=1.03113e+10 1.67856e+09 5.51161e+08 3.75421e+08 3.48952e+08 3.12692e+08 2.61233e+08 2.35592e+08 2.285e+08 2.46699e+08 3.53519e+08 2.81263e+08 2.04295e+08 5.11641e+08 2.02346e+08 1.97128e+08 1.80446e+08 1.77613e+08 1.72947e+08 1.73065e+08 1.42488e+08 1.41724e+08 1.36025e+08 1.33381e+08 1.3181e+08 1.59598e+08 1.52174e+08 1.2982e+08 1.2862e+08 1.21838e+08 3.06303e+08 1.18582e+08 1.128e+08 1.61792e+08 1.06408e+08 1.10756e+08 1.04794e+08 9.95338e+07 9.87167e+07 1.68806e+08 9.45204e+07 4.74625e+08 4.27978e+08 2.50522e+08 1.58464e+08 1.07416e+08 9.14803e+07 1.23877e+08 9.13783e+07 8.81327e+07 8.6537e+07 8.37338e+07 7.94996e+07 1.31714e+08 7.90043e+07 8.12825e+07 7.43609e+07 7.39985e+07 7.17352e+07 1.65094e+08 7.17288e+07 7.16058e+07
threshold=6999.7450000000008 3595.8500000000008 11472.934285714287 5.5000000000000009 4999.7350000000006 12000.005000000003 1.5000000000000002 2600.1550000000002 71.500000000000014 4.5000000000000009 221.50000000000003 80.500000000000014 287.50000000000006 271.50000000000006 285.50000000000006 3.5000000000000004 25.500000000000004 5.5000000000000009 1.0000000180025095e-35 61.500000000000007 9051.5628571428588 263.50000000000006 2.5000000000000004 12000.005000000003 2022.5000000000002 3279.6450000000004 220.50000000000003 1.0000000180025095e-35 352.50000000000006 2369.5926087856083 88.500000000000014 358.50000000000006 288.50000000000006 31.500000000000004 5.5000000000000009 1.0000000180025095e-35 77.500000000000014 5.5000000000000009 282.50000000000006 1.0000000180025095e-35 4.5000000000000009 14498.490000000002 17561.605000000003 10202.382333333337 11999.985000000002 794.36222567262121 10000.005000000003 2.5000000000000004 2843.2674264134635 1.0000000180025095e-35 592.02174067463704 29.500000000000004 275.50000000000006 252.50000000000003 1772.575 1.0000000180025095e-35 6364.6003333333347 24.500000000000004 1.0000000180025095e-35 34.500000000000007 1.5000000000000002 3286.8340494294148
decision_type=2 2 2 2 2 2 2 2 2 2 2 2 2 2 2 2 2 2 2 2 2 2 2 2 2 2 2 2 2 2 2 2 2 2 2 2 2 2 2 2 2 2 2 2 2 2 2 2 2 2 2 2 2 2 2 2 2 2 2 2 2 2
left_child=1 7 3 5 20 8 21 54 9 11 -11 -2 13 40 22 32 52 24 19 -15 37 -7 -8 -17 29 26 -26 -18 -27 48 -31 36 33 -14 58 -36 -29 -3 -20 -40 42 44 45 -43 -42 -4 49 -48 -6 -10 -37 -39 53 -5 55 -1 -22 -34 59 -9 -19 -61
right_child=2 4 12 16 17 6 14 34 46 10 -12 -13 15 18 -16 23 27 60 38 -21 56 -23 -24 -25 25 28 -28 31 -30 30 -32 -33 57 -35 35 50 -38 51 39 -41 41 43 -44 -45 -46 -47 47 -49 -50 -51 -52 -53 -54 -55 -56 -57 -58 -59 -60 61 -62 -63
leaf_value=-9.2609913899093446 20.310728953532749 -0.169157197458919 -22.007654206247043 31.550393204463347 2.9134365603930834 -70.725762287214692 159.71854978453439 -11.817120132606917 46.68303129122782 -3.6396279629075829 23.621135965631094 48.082536415020343 68.830870574026406 70.759210063988164 -38.499575319032417 -49.312738565717432 28.958466314136093 3.7211954879615834 116.53387801377092 229.78778017911046 85.447847286925025 44.022221537974843 74.376769917522523 78.285950984954837 -16.525622287825044 13.271642749769766 83.49547415545679 -10.721710433384047 77.92658486833939 88.076611375946925 11.050148401137838 66.302797738277548 -163.64235835322629 -97.948422722449678 -3.728212016975931 -12.134597354887374 10.454974134676851 2.0164313662480189 110.13326401261959 31.020186202837074 -55.465534096694583 -119.06170786473659 134.45854778671267 22.612333065968642 45.361597375148115 42.943114065321197 25.708078586853947 54.685781145241641 -43.518747717539469 28.312534146372343 -25.70784572169589 -12.182824940834642 77.633470947265621 -63.131250917483605 -11.694027448031637 -24.913547842718948 19.985877639955405 -34.590534842354906 -7.3130955026799356 1.7539839544200355 -13.644225575695472 28.517603764656378
leaf_weight=1278 2508 27995 65 654 5616 50 52 2864 717 1858 3302 1434 32 30 36 27 466 1233 142 43 48 56 470 77 50 5822 154 1361 77 137 2003 65 26 25 2304 3338 1022 1489 117 160 40 76 129 52 858 2173 615 932 107 7534 1814 3427 84 38 34220 2371 391 20 38438 5029 1147 262
leaf_count=1278 2508 27995 65 654 5616 50 52 2864 717 1858 3302 1434 32 30 36 27 466 1233 142 43 48 56 470 77 50 5822 154 1361 77 137 2003 65 26 25 2304 3338 1022 1489 117 160 40 76 129 52 858 2173 615 932 107 7534 1814 3427 84 38 34220 2371 391 20 38438 5029 1147 262
internal_value=0.0142569 -5.41366 28.1224 25.1427 1.98961 27.9018 61.6155 -9.41626 26.7141 21.0054 13.8063 30.423 45.0456 47.6238 75.2631 -3.33867 10.5105 7.97396 95.2506 166.273 -0.943676 -10.2593 83.1674 45.0052 10.1254 15.6386 59.0194 4.80002 14.1287 5.84484 16.0201 0.191284 -52.1153 -4.74544 -7.29717 -12.8431 -1.63906 -1.32152 82.5103 64.7122 40.6917 27.9671 46.1932 -61.7775 40.8137 41.0477 32.0146 43.1899 2.03787 29.9144 -16.9177 -7.8825 31.9205 26.2675 -12.4405 -19.4355 27.3214 -109.463 -6.40944 -2.14975 -4.64998 3.08441
internal_weight=168960 141614 27346 23254 49696 19564 664 91918 18900 9102 5160 3942 4092 3885 558 207 3690 16346 492 73 33350 106 522 104 13966 6103 204 2914 5899 7863 2140 2448 103 57 54049 7456 2383 32911 419 277 3393 1026 2367 128 898 2238 9798 1547 5723 8251 5152 4916 776 692 37869 3649 439 46 46593 8155 2380 5291
internal_count=168960 141614 27346 23254 49696 19564 664 91918 18900 9102 5160 3942 4092 3885 558 207 3690 16346 492 73 33350 106 522 104 13966 6103 204 2914 5899 7863 2140 2448 103 57 54049 7456 2383 32911 419 277 3393 1026 2367 128 898 2238 9798 1547 5723 8251 5152 4916 776 692 37869 3649 439 46 46593 8155 2380 5291
is_linear=0
shrinkage=0.05


Tree=45
num_leaves=63
num_cat=0
split_feature=10 10 10 12 2 10 2 1 2 16 15 3 3 16 3 9 16 7 10 1 7 5 11 12 2 1 1 2 7 16 3 5 3 9 10 10 3 11 16 16 5 3 16 11 11 2 16 7 2 11 11 7 15 11 3 3 3 16 2 11 16 15
split_gain=9.3131e+09 1.02419e+09 1.0056e+09 4.21735e+08 3.1485e+08 2.59135e+08 2.3871e+08 3.91523e+08 2.35937e+08 2.23259e+08 3.0463e+08 1.85638e+08 4.23517e+08 1.83925e+08 1.82854e+08 1.78383e+08 3.26104e+08 1.76481e+08 1.68339e+08 1.54398e+08 1.54004e+08 1.44732e+08 1.5954e+08 1.44339e+08 1.4242e+08 1.38565e+08 1.67302e+08 1.50857e+08 1.33037e+08 1.32601e+08 1.8885e+08 2.83706e+08 2.18997e+08 1.31763e+08 1.31167e+08 1.29688e+08 1.28159e+08 1.20652e+08 1.20334e+08 1.52646e+08 1.04403e+08 1.0065e+08 9.92917e+07 9.76109e+07 9.15098e+07 8.98658e+07 1.05165e+08 8.87344e+07 8.69408e+07 4.37679e+08 4.16347e+08 8.62421e+07 8.58714e+07 8.06281e+07 1.43191e+08 2.26389e+08 1.28428e+08 7.8188e+07 7.26158e+07 7.25857e+07 7.02837e+07 7.00236e+07
threshold=5570.2750000000005 7500.6450000000013 3254.9400000000001 11472.934285714287 5.5000000000000009 12000.005000000003 1.0000000180025095e-35 5.5000000000000009 1.5000000000000002 32.650000000000013 3954.265515905809 287.50000000000006 271.50000000000006 40.750000000000007 285.50000000000006 3.5000000000000004 22.150000000000002 1.0000000180025095e-35 4492.9550000000008 8.5000000000000018 1.0000000180025095e-35 2021.5000000000002 4000.6250000000005 10358.928571428574 3.5000000000000004 17.500000000000004 2.5000000000000004 5.5000000000000009 1.0000000180025095e-35 20.750000000000004 271.50000000000006 2021.5000000000002 290.50000000000006 1.0000000180025095e-35 4240.8850000000011 2006.9400000000003 263.50000000000006 12000.005000000003 9.7500000000000018 33.550000000000004 2023.5000000000002 292.50000000000006 25.650000000000002 3499.2950000000005 6200.9150000000009 5.5000000000000009 36.750000000000007 1.0000000180025095e-35 4.5000000000000009 14498.490000000002 17561.605000000003 1.0000000180025095e-35 432.67530730108734 4499.9850000000006 217.50000000000003 223.50000000000003 219.50000000000003 27.050000000000004 1.0000000180025095e-35 1999.6350000000004 36.650000000000013 2269.1034591405028
decision_type=2 2 2 2 2 2 2 2 2 2 2 2 2 2 2 2 2 2 2 2 2 2 2 2 2 2 2 2 2 2 2 2 2 2 2 2 2 2 2 2 2 2 2 2 2 2 2 2 2 2 2 2 2 2 2 2 2 2 2 2 2 2
left_child=2 24 35 4 5 13 7 59 36 20 23 12 48 17 -10 16 -13 -3 47 21 34 -6 -23 -11 28 26 -14 -27 29 -2 31 -31 -32 41 -9 58 -7 -17 -21 -40 -30 -20 -39 -35 -12 51 -47 -8 50 -50 -5 52 -37 54 57 56 -56 -26 60 -4 -1 -22
right_child=1 3 6 11 19 8 18 9 14 10 44 15 25 -15 -16 37 -18 -19 33 38 61 22 -24 -25 53 27 -28 -29 40 30 32 -33 -34 43 -36 45 -38 42 39 -41 -42 -43 -44 -45 -46 46 -48 -49 49 -51 -52 -53 -54 -55 55 -57 -58 -59 -60 -61 -62 -63
leaf_value=-13.966794019887898 6.2195733927412666 28.038785773525571 66.216938625744419 39.322446631421201 95.985038835737441 -67.258813542384729 -3.6536130047507691 4.3767785530724703 79.031404107788561 23.530310007277556 202.44903646850585 68.032111888684724 128.72963713954871 -79.148061303859819 -36.62662395580395 -46.935160293579109 -115.60572824506617 2.5984341239126669 12.4001023220163 60.521516581105665 -39.418024848233991 -35.472548455292319 29.757970999879571 147.47542239507038 -2.8896609522449301 133.39722550895348 38.214047195150492 15.894731842965792 -28.159105987516483 -16.35154511873321 81.459116887183342 24.239850063754815 10.090596120634132 -12.766802105046112 22.913773760222522 -9.3640181394832407 41.859727279261541 143.9953311403336 -6.7057058641140088 21.590625395997925 70.450391474405919 -20.500222779354417 27.938396714528405 1.2879614414708276 78.668043210710806 -11.494225319990852 -27.002341004938668 -14.870298809323135 38.989795215228199 -60.909948469696047 133.57040692083299 -17.208122317038349 -5.1065510539178582 8.6551553860852248 39.247469175930689 6.3345014445139807 196.95152924804688 -27.795324752766028 -17.094752408042762 -14.976510780437346 1.9235322992366717 22.108490038246945
leaf_weight=1866 1929 16132 27 2205 71 50 34270 2946 522 1208 29 37 70 40 36 27 66 712 3521 90 232 105 818 23 728 198 187 32 257 504 267 2925 180 1442 1411 33681 56 30 1571 683 29 248 47 8584 34 7391 1283 1858 896 124 123 2594 18274 3490 28 571 24 555 8725 1732 1109 57
leaf_count=1866 1929 16132 27 2205 71 50 34270 2946 522 1208 29 37 70 40 36 27 66 712 3521 90 232 105 818 23 728 198 187 32 257 504 267 2925 180 1442 1411 33681 56 30 1571 683 29 248 47 8584 34 7391 1283 1858 896 124 123 2594 18274 3490 28 571 24 555 8725 1732 1109 57
internal_value=0.0138956 22.4094 -6.13908 28.1015 25.2381 27.9156 -1.17295 7.02139 58.5474 13.1569 31.5169 42.8872 45.3761 26.7076 71.5174 -3.21942 -49.6188 26.9636 -2.43678 11.158 8.03755 27.6609 22.307 25.9639 10.0555 88.9234 63.2715 117.189 15.2951 16.9358 22.2661 18.2706 52.8068 2.26176 10.3838 -9.95839 -9.75879 42.7687 4.15099 1.87433 -17.9496 10.2304 74.4218 -0.734551 137.92 -9.06321 -13.7909 -4.23086 39.0171 26.7974 44.3573 -8.3112 -7.86668 4.13928 -4.12976 15.5213 114.377 -13.6766 -14.7944 -13.6933 -8.04465 -27.2486
internal_weight=168960 36415 132545 24928 20886 17548 57622 7699 664 5940 1294 4042 3835 16884 558 207 103 16844 49923 3338 4646 994 923 1231 11487 487 257 230 6091 5805 3876 3429 447 13795 4357 74923 106 104 2344 2254 286 3769 77 10026 63 63223 8674 36128 3348 1020 2328 54549 51955 5396 1906 623 52 1283 11700 1759 2975 289
internal_count=168960 36415 132545 24928 20886 17548 57622 7699 664 5940 1294 4042 3835 16884 558 207 103 16844 49923 3338 4646 994 923 1231 11487 487 257 230 6091 5805 3876 3429 447 13795 4357 74923 106 104 2344 2254 286 3769 77 10026 63 63223 8674 36128 3348 1020 2328 54549 51955 5396 1906 623 52 1283 11700 1759 2975 289
is_linear=0
shrinkage=0.05


Tree=46
num_leaves=63
num_cat=0
split_feature=10 10 10 15 3 3 14 8 6 15 9 11 16 7 3 16 10 16 3 0 12 3 9 3 3 16 11 0 3 16 12 6 16 16 8 3 11 16 3 3 3 16 16 11 0 7 0 11 10 3 3 7 0 8 3 16 3 10 11 6 11 15
split_gain=8.40588e+09 9.26104e+08 9.07662e+08 2.88536e+08 2.36297e+08 3.79762e+08 2.22793e+08 2.42319e+08 2.32121e+08 2.23462e+08 2.07189e+08 1.92585e+08 1.91492e+08 1.83651e+08 1.79666e+08 2.93806e+08 1.75912e+08 1.73449e+08 4.82309e+08 1.69994e+08 1.6725e+08 4.19163e+08 2.31894e+08 2.22684e+08 1.51527e+08 1.50556e+08 1.4099e+08 1.35157e+08 1.27164e+08 1.26398e+08 1.19993e+08 1.1454e+08 2.32906e+08 1.9514e+08 1.77855e+08 1.74587e+08 1.12604e+08 1.39633e+08 1.17473e+08 1.12126e+08 1.03563e+08 9.78374e+07 2.10328e+08 9.64881e+07 8.99554e+07 8.84421e+07 9.39585e+07 8.06227e+07 7.76933e+07 7.31853e+07 6.82539e+07 6.25623e+07 6.06648e+07 1.36505e+08 1.33961e+08 8.20865e+07 7.48893e+07 5.97982e+07 5.92558e+07 5.37829e+07 1.08885e+08 6.88194e+07
threshold=5570.2750000000005 9000.7350000000024 3254.9400000000001 3067.0207331697102 287.50000000000006 271.50000000000006 5184.2653333333337 2.5000000000000004 1.0000000180025095e-35 4534.1532565239222 3.5000000000000004 12000.005000000003 22.550000000000004 1.0000000180025095e-35 284.50000000000006 27.950000000000003 12000.005000000003 32.650000000000013 108.50000000000001 66.500000000000014 9892.9928571428591 92.500000000000014 3.5000000000000004 18.500000000000004 124.50000000000001 39.350000000000001 17561.605000000003 73.500000000000014 260.50000000000006 25.650000000000002 2260.0221428571435 1.0000000180025095e-35 20.750000000000004 36.45000000000001 1.0000000180025095e-35 271.50000000000006 10000.005000000003 37.550000000000004 4.5000000000000009 231.50000000000003 318.50000000000006 14.750000000000002 21.150000000000002 3980.2600000000007 11.500000000000002 1.0000000180025095e-35 30.500000000000004 2996.0050000000006 10421.575000000003 14.500000000000002 100.50000000000001 1.0000000180025095e-35 32.500000000000007 2.5000000000000004 190.50000000000003 24.050000000000004 88.500000000000014 1699.6250000000002 3996.0750000000003 1.0000000180025095e-35 2000.325 399.16105123082474
decision_type=2 2 2 2 2 2 2 2 2 2 2 2 2 2 2 2 2 2 2 2 2 2 2 2 2 2 2 2 2 2 2 2 2 2 2 2 2 2 2 2 2 2 2 2 2 2 2 2 2 2 2 2 2 2 2 2 2 2 2 2 2 2
left_child=2 13 30 25 5 17 45 8 9 19 12 -12 -6 20 16 -16 -7 26 -19 -8 31 23 24 49 -23 36 -5 -25 -24 -13 57 32 34 44 -2 -34 41 38 -38 48 -9 43 -43 -3 -33 58 -47 -10 -27 -22 -11 59 53 54 55 -15 -54 -1 -4 61 -61 -32
right_child=1 3 6 4 10 14 7 40 47 50 11 29 -14 52 15 -17 -18 18 -20 -21 21 22 28 27 -26 39 -28 -29 -30 -31 51 33 35 -35 -36 -37 37 -39 -40 -41 -42 42 -44 -45 -46 46 -48 -49 -50 -51 -52 -53 56 -55 -56 -57 -58 -59 -60 60 -62 -63
leaf_value=-21.295623817832951 10.96251552095387 -72.431807250976576 -3.850433466265375 40.287140151692689 46.630555354527075 227.24604722243089 5.1761949561441742 -9.4116617915583376 -41.734292130813323 51.01244467266536 -46.519502865405798 158.0857230758667 -109.07510624097741 1.7277534924613107 84.268710758521138 -32.885555100786831 91.05495756004656 -45.62360033316272 39.217461541247552 19.617842015790956 42.863123169326791 40.933412846768839 16.279644153618516 70.658738143060106 -32.777324150354133 41.265190230659819 87.15332062672762 144.88972413039789 77.995411970615393 26.726609232584639 -8.9235774603977394 28.158476845413983 17.640461578394394 -27.819478973150254 -15.858041384445954 44.825183955533475 -76.547069728685457 -59.184970819522178 37.174011058302874 -103.08763352243523 28.638850507666827 2.8990897605135189 24.558686542692598 35.593960622390483 5.6515124427822592 2.2190694802563571 -19.891802280650396 -2.714056724214843 -74.809548456101197 -45.029847652011455 137.44723088073729 -15.515996359856144 -58.341025873052665 109.39752541311857 -50.797010960993561 97.194163938580147 -11.849226946753229 -12.157536492662032 0.15657711306988376 -24.718640753201139 -9.3466302383346775 -4.823103131779277
leaf_weight=2067 2355 20 26076 1827 27 25 5171 3333 138 58 46 31 68 71 158 80 360 223 664 3363 49 88 242 266 322 45 176 81 127 44 23614 506 5457 407 837 662 22 38 2766 37 188 1250 10869 1916 3578 710 1484 2784 20 44 39 2966 115 28 91 32 345 13449 14278 1259 13503 18065
leaf_count=2067 2355 20 26076 1827 27 25 5171 3333 138 58 46 31 68 71 158 80 360 223 664 3363 49 88 242 266 322 45 176 81 127 44 23614 506 5457 407 837 662 22 38 2766 37 188 1250 10869 1916 3578 710 1484 2784 20 44 39 2966 115 28 91 32 345 13449 14278 1259 13503 18065
internal_value=0.013622 21.2903 -5.83199 28.2332 40.831 43.9514 -1.11389 4.10931 7.60893 11.7323 -9.88706 33.4018 -64.7971 12.1316 79.3497 44.9163 100.464 36.2957 17.8603 10.8689 13.2839 31.032 8.96842 69.9856 -16.8954 25.4648 44.4466 88.353 37.674 82.3874 -9.46053 11.7143 14.8775 5.15422 3.92692 20.5884 25.8313 34.9458 36.2495 -34.8556 -7.37244 23.9963 22.3251 34.4412 8.4463 -2.96443 -12.7388 -4.57055 4.95747 1.24264 86.8125 -8.43763 -13.2304 8.21082 -6.87954 32.0366 -23.5735 -13.3762 -2.43271 -8.06539 -10.6592 -7.14646
internal_weight=168960 36415 132545 20712 3729 3513 57622 15074 11553 8631 216 121 95 15703 623 238 385 2890 887 8534 15021 1219 779 440 410 16983 2003 347 369 75 74923 13802 9311 4491 3192 6119 16881 2826 2788 102 3521 14055 12119 1936 4084 42548 2194 2922 65 93 97 59407 682 222 194 103 460 15516 40354 56441 14762 41679
internal_count=168960 36415 132545 20712 3729 3513 57622 15074 11553 8631 216 121 95 15703 623 238 385 2890 887 8534 15021 1219 779 440 410 16983 2003 347 369 75 74923 13802 9311 4491 3192 6119 16881 2826 2788 102 3521 14055 12119 1936 4084 42548 2194 2922 65 93 97 59407 682 222 194 103 460 15516 40354 56441 14762 41679
is_linear=0
shrinkage=0.05


Tree=47
num_leaves=63
num_cat=0
split_feature=10 10 12 10 16 5 12 7 11 5 10 10 8 3 3 3 3 9 11 7 0 0 3 11 3 14 16 9 5 7 12 16 3 3 10 14 6 0 14 3 16 8 3 0 3 16 6 16 12 0 5 14 3 16 0 16 14 3 16 3 7 5
split_gain=7.60909e+09 1.26329e+09 4.03671e+08 3.03261e+08 2.13795e+08 2.05111e+08 2.33997e+08 1.99527e+08 2.09607e+08 3.07139e+08 2.41938e+08 1.7143e+08 1.69409e+08 1.61685e+08 2.88156e+08 2.72915e+08 1.9702e+08 2.55929e+08 2.03339e+08 1.61513e+08 1.666e+08 1.43147e+08 1.42822e+08 1.36503e+08 1.32506e+08 1.24744e+08 1.23509e+08 1.32136e+08 1.15603e+08 1.0657e+08 9.63985e+07 9.29374e+07 9.07061e+07 8.88299e+07 8.87718e+07 8.6039e+07 9.6769e+07 8.20389e+07 7.73288e+07 8.49829e+07 1.93583e+08 7.44196e+07 5.8486e+08 9.7736e+07 7.21989e+07 7.19579e+07 7.01938e+07 8.63645e+07 6.67586e+07 7.82224e+07 6.56452e+07 6.14412e+07 5.93581e+07 5.8435e+07 5.69165e+07 5.60501e+07 3.36733e+08 7.9168e+07 5.37727e+07 1.03521e+08 5.34274e+07 5.19233e+07
threshold=6999.7450000000008 4023.2800000000002 10956.976428571432 3000.3950000000004 39.350000000000001 2021.5000000000002 12000.380714285717 1.0000000180025095e-35 4600.1450000000013 2023.5000000000002 12000.005000000003 17561.605000000003 2.5000000000000004 287.50000000000006 291.50000000000006 271.50000000000006 285.50000000000006 1.0000000180025095e-35 12000.005000000003 1.0000000180025095e-35 71.500000000000014 35.500000000000007 284.50000000000006 10421.575000000003 296.50000000000006 8529.4688333333343 36.350000000000001 1.5000000000000002 2023.5000000000002 1.0000000180025095e-35 8786.0628571428588 22.150000000000002 88.500000000000014 10.500000000000002 1999.3050000000001 5861.9066666666686 1.0000000180025095e-35 6.5000000000000009 11156.860000000002 241.50000000000003 31.350000000000005 2.5000000000000004 287.50000000000006 47.500000000000007 24.500000000000004 15.750000000000002 1.0000000180025095e-35 38.350000000000001 6121.9442857142867 57.500000000000007 2023.5000000000002 6995.9850000000006 278.50000000000006 36.45000000000001 31.500000000000004 24.850000000000005 11520.822833333337 308.50000000000006 22.950000000000003 284.50000000000006 1.0000000180025095e-35 2022.5000000000002
decision_type=2 2 2 2 2 2 2 2 2 2 2 2 2 2 2 2 2 2 2 2 2 2 2 2 2 2 2 2 2 2 2 2 2 2 2 2 2 2 2 2 2 2 2 2 2 2 2 2 2 2 2 2 2 2 2 2 2 2 2 2 2 2
left_child=1 3 4 34 7 41 19 8 9 12 33 13 -2 15 31 35 18 -18 -17 20 21 -7 -12 26 -16 -22 27 -9 -21 30 46 -15 -8 -10 -1 -4 -37 -30 39 40 51 60 43 -43 -11 -26 -5 -48 61 -50 53 -13 -45 -32 -31 57 -57 -44 -41 -60 -3 -6
right_child=2 5 11 29 48 6 32 23 10 44 22 38 -14 14 24 16 17 -19 -20 28 25 -23 -24 -25 45 -27 -28 -29 37 54 50 -33 -34 -35 -36 36 -38 -39 -40 58 -42 42 55 52 -46 -47 47 -49 49 -51 -52 -53 -54 -55 -56 56 -58 -59 59 -61 -62 -63
leaf_value=-14.552171692753726 11.540322057867851 -4.631414344627653 -51.155801635249972 -2.654634659060962 -22.263428244339796 8.0024034389558985 167.05450221761066 17.007589205916112 42.682919395730522 39.176319478352866 70.719919055407459 117.89414558105469 41.86150231221982 20.937030552455358 155.06760733864525 74.783373044660024 114.0442844467163 -53.535374758738399 181.89180797219277 -20.258404203140614 9.5639355858996087 -0.94748037284792463 -19.337354822540288 -81.871576051139826 53.001846403899016 25.827717604016716 72.292233612060542 -24.396324382505711 83.080000437143696 -2.9028201938184033 6.3990735311822586 -99.441792250569662 38.85647030285427 23.154689077886552 -8.8841967376327577 37.411176988983044 20.479655861870722 4.6404152269419674 91.93102549201177 131.47570939127604 -96.129726078428078 115.33245582509265 -38.073609169990782 81.868512175825785 -24.624959223767956 -39.931296144373277 -5.9586548062925937 -22.454262188214631 -126.30795771484375 -29.530149592081706 102.70707398634691 29.043347264553638 9.6882482920126485 73.221888013362886 -19.748704934498136 -14.504889048526161 183.53596985702515 -1.7584600777567532 85.962373281666942 17.643803646949031 -26.972252160293717 68.505766703287762
leaf_weight=7946 1968 6080 30 31860 37 9833 29 415 604 47 402 24 601 20 21 154 39 52 63 979 5648 8187 49 49 53 1490 59 358 36 722 181 74 27 16681 53012 3008 1179 338 161 29 28 106 278 60 598 33 11410 852 24 134 25 93 54 39 1643 151 24 325 141 92 279 26
leaf_count=7946 1968 6080 30 31860 37 9833 29 415 604 47 402 24 601 20 21 154 39 52 63 979 5648 8187 49 49 53 1490 59 358 36 722 181 74 27 16681 53012 3008 1179 338 161 29 28 106 278 60 598 33 11410 852 24 134 25 93 54 39 1643 151 24 325 141 92 279 26
internal_value=0.013195 -4.64955 24.159 -7.30008 21.1806 3.76437 5.81026 21.6763 22.6565 10.9032 24.7856 36.5588 18.6473 33.426 -10.4085 35.375 80.7667 18.7434 106.571 5.59246 6.49761 3.93639 60.9143 -1.6317 45.5178 12.962 3.18657 -2.17457 -11.2306 -4.26955 -3.71807 -73.8784 107.011 23.8395 -9.62326 32.0413 32.6495 12.3922 62.5208 50.6899 19.7922 -3.62335 9.06433 80.848 -19.9224 17.2923 -3.89201 -7.10656 -27.6605 -44.9325 27.4955 48.1138 48.0595 18.5227 -14.6093 -11.3121 13.5435 -18.5361 67.6495 59.1775 -5.6157 15.6819
internal_weight=168960 141614 27346 107690 22052 33924 26567 21831 20950 3214 17736 5294 2569 4726 201 4525 308 91 217 26511 25158 18020 451 881 107 7138 832 773 1353 46732 44367 94 56 17285 60958 4217 4187 374 568 407 145 7357 998 220 645 86 44122 12262 221 158 245 117 114 220 2365 778 175 603 262 233 6359 63
internal_count=168960 141614 27346 107690 22052 33924 26567 21831 20950 3214 17736 5294 2569 4726 201 4525 308 91 217 26511 25158 18020 451 881 107 7138 832 773 1353 46732 44367 94 56 17285 60958 4217 4187 374 568 407 145 7357 998 220 645 86 44122 12262 221 158 245 117 114 220 2365 778 175 603 262 233 6359 63
is_linear=0
shrinkage=0.05


Tree=48
num_leaves=63
num_cat=0
split_feature=10 10 2 10 12 3 3 2 11 17 3 0 2 2 0 0 17 14 11 0 17 3 0 2 13 3 0 3 16 14 3 3 3 16 3 3 17 0 3 16 13 3 17 2 3 0 17 2 16 15 16 17 11 2 3 16 2 3 13 11 15 12
split_gain=6.87501e+09 1.22075e+09 3.47678e+08 3.59579e+08 3.06588e+08 2.78979e+08 3.62415e+08 5.17005e+08 6.30682e+08 4.16772e+08 2.57109e+08 2.16693e+08 2.18953e+08 2.16069e+08 3.98746e+08 2.57529e+08 2.24677e+08 1.93694e+08 1.87018e+08 1.84766e+08 1.75664e+08 1.63725e+08 2.67982e+08 1.50134e+08 1.4664e+08 1.57084e+08 1.39742e+08 1.93498e+08 2.11727e+08 2.85946e+08 2.38056e+08 1.4153e+08 5.21803e+08 2.02054e+08 1.32122e+08 5.81638e+08 2.26074e+08 1.76878e+08 1.73616e+08 1.27822e+08 1.2231e+08 1.20939e+08 1.17637e+08 1.16575e+08 1.36026e+08 1.24983e+08 1.06549e+08 1.06079e+08 1.41146e+08 1.04235e+08 1.09882e+08 1.04121e+08 9.98205e+07 9.64052e+07 9.50753e+07 9.0799e+07 8.87901e+07 9.67328e+07 8.79956e+07 8.71964e+07 8.58009e+07 8.48907e+07
threshold=7190.6650000000009 4155.0950000000003 5.5000000000000009 12000.005000000003 3180.7142857142867 86.500000000000014 237.50000000000003 4.5000000000000009 10000.005000000003 28.850000000000005 80.500000000000014 30.500000000000004 2.5000000000000004 1.0000000180025095e-35 22.500000000000004 12.500000000000002 32.150000000000013 7345.4328333333351 3996.0750000000003 25.500000000000004 29.750000000000004 247.50000000000003 81.500000000000014 5.5000000000000009 4054.8412523223624 98.500000000000014 81.500000000000014 182.50000000000003 33.95000000000001 9565.9641666666703 194.50000000000003 239.50000000000003 246.50000000000003 10.550000000000002 219.50000000000003 166.50000000000003 28.450000000000003 77.500000000000014 160.50000000000003 26.050000000000004 1118.5568119871002 358.50000000000006 35.250000000000007 1.5000000000000002 164.50000000000003 71.500000000000014 30.250000000000004 5.5000000000000009 32.150000000000013 3403.9999007376414 40.550000000000004 34.550000000000004 2900.1650000000004 4.5000000000000009 291.50000000000006 37.95000000000001 1.0000000180025095e-35 124.50000000000001 2410.5795397615038 12000.005000000003 592.02174067463704 7231.0757142857155
decision_type=2 2 2 2 2 2 2 2 2 2 2 2 2 2 2 2 2 2 2 2 2 2 2 2 2 2 2 2 2 2 2 2 2 2 2 2 2 2 2 2 2 2 2 2 2 2 2 2 2 2 2 2 2 2 2 2 2 2 2 2 2 2
left_child=1 4 3 17 47 10 7 8 -7 -8 11 12 -5 14 -3 51 21 34 -11 -4 -13 40 -23 43 25 -18 31 -28 29 -29 -30 33 -33 58 35 38 -37 52 -2 -9 -16 -34 -35 44 -17 -45 -39 -1 -49 50 61 54 -36 -12 59 -25 -51 -58 -21 -15 -50 -19
right_child=2 13 19 5 -6 6 9 39 -10 18 53 20 -14 15 16 23 24 49 -20 26 -22 22 -24 55 -26 -27 27 28 30 -31 -32 32 41 42 37 36 -38 46 -40 -41 -42 -43 -44 45 -46 -47 -48 48 60 56 -52 -53 -54 -55 -56 -57 57 -59 -60 -61 -62 -63
leaf_value=-8.0355792223339684 17.070411041311424 -13.362782672505658 30.480250071478213 -22.127886912027996 -3.4034484181741043 -66.752847530819949 -100.0481209825915 -67.477158388080028 95.784142408641912 -18.070839030477739 143.9593473362923 -64.512698450557522 165.93961029716161 15.471090777592847 7.8651636440730348 -13.472936987637382 -23.990340600286213 10.893551469912673 66.301965447591385 44.074738532183645 77.348126857981981 14.049168418448239 -59.13183002424536 -5.5782263491050514 173.13049017270407 56.039959392224802 39.58141007979571 8.2335754066989537 -77.959145017681706 -83.100095639742335 71.260861596327558 118.55223021433903 -9.3794753173870813 -25.928000473628344 -73.03172286987305 -179.60272235576923 -28.495846400587045 10.742443848971664 76.931593307010715 -214.29704219563803 37.2694151088699 62.536970131507282 26.584535482711154 1.5161291637914507 4.888604089588716 10.507334031921721 75.144966673740129 -8.7479894462890293 -15.86161112563461 71.33330538691898 -80.834068899154673 64.43680075741689 21.95273165440263 77.651998845523167 -35.691581179231079 -35.968880595396492 41.026306921602334 3.8774412240890359 -59.817428257983671 115.45491812966087 -31.65396982739588 27.547056495707253
leaf_weight=59216 3202 906 885 23 41668 108 42 32 131 71 143 60 45 2867 555 2128 69 824 817 186 33 560 160 3984 23 516 564 251 32 129 142 103 580 1041 27 25 540 86 125 29 977 64 118 11014 1916 5954 257 5898 2663 197 23 108 2664 96 90 261 1149 207 22 21 1273 11060
leaf_count=59216 3202 906 885 23 41668 108 42 32 131 71 143 60 45 2867 555 2128 69 824 817 186 33 560 160 3984 23 516 564 251 32 129 142 103 580 1041 27 25 540 86 125 29 977 64 118 11014 1916 5954 257 5898 2663 197 23 108 2664 96 90 261 1149 207 22 21 1273 11060
internal_value=0.0130015 -4.30128 23.5915 26.0855 -6.7906 48.6835 36.8348 -10.9243 22.3643 52.2361 84.9354 35.7822 102.93 4.28231 15.5329 2.78693 24.688 24.2763 59.5432 10.2516 -13.8876 17.3919 -2.27273 1.12067 51.6395 46.5756 4.7048 18.9928 -2.00089 -22.9085 43.5294 -2.85691 14.6322 -12.4176 17.4773 11.3753 -35.4875 25.2986 19.3419 -139.607 26.6292 -2.14662 -20.5633 2.85342 -4.77439 4.67154 59.0756 -8.83448 -13.6438 27.7733 26.1795 16.4194 20.9729 117.76 14.657 -7.4548 39.9683 35.3624 32.8525 16.2378 -20.976 26.3934
internal_weight=168960 142827 26133 22016 110718 1630 1230 300 239 930 400 161 68 32109 3766 28343 2860 20386 888 4117 93 2252 720 25257 608 585 3232 1118 554 380 174 2114 747 1367 6926 3892 565 3034 3327 61 1532 644 1159 21012 4044 16968 343 69050 9834 13460 11907 3086 2691 239 2978 4245 1553 1356 208 2888 3936 11884
internal_count=168960 142827 26133 22016 110718 1630 1230 300 239 930 400 161 68 32109 3766 28343 2860 20386 888 4117 93 2252 720 25257 608 585 3232 1118 554 380 174 2114 747 1367 6926 3892 565 3034 3327 61 1532 644 1159 21012 4044 16968 343 69050 9834 13460 11907 3086 2691 239 2978 4245 1553 1356 208 2888 3936 11884
is_linear=0
shrinkage=0.05


Tree=49
num_leaves=63
num_cat=0
split_feature=10 10 10 2 1 2 10 15 14 2 1 16 15 13 7 1 3 3 13 5 3 2 3 11 3 14 16 5 2 16 10 15 2 1 10 12 3 3 2 16 5 7 15 2 16 11 16 11 1 12 14 1 12 14 16 3 1 2 16 1 2 2
split_gain=6.23093e+09 6.87435e+08 6.78251e+08 2.96933e+08 3.71781e+08 2.34223e+08 2.76453e+08 1.93389e+08 2.09943e+08 1.91353e+08 3.41792e+08 2.16599e+08 2.36157e+08 1.74518e+08 1.47967e+08 1.35683e+08 1.52451e+08 1.72604e+08 1.35381e+08 1.28879e+08 3.57458e+08 1.28223e+08 1.25738e+08 2.03865e+08 1.54202e+08 2.29075e+08 1.67564e+08 1.53107e+08 1.19157e+08 1.6425e+08 1.21476e+08 1.18328e+08 1.16393e+08 1.15492e+08 1.47328e+08 1.14512e+08 1.04619e+08 1.04328e+08 1.03181e+08 1.37707e+08 1.19923e+08 9.4482e+07 9.42415e+07 9.10042e+07 1.6068e+08 9.07676e+07 8.8395e+07 8.44248e+07 8.36614e+07 8.33628e+07 8.12482e+07 8.06702e+07 8.02861e+07 7.73995e+07 7.52943e+07 7.44302e+07 7.08023e+07 8.06e+07 8.00296e+07 7.0648e+07 1.03739e+08 9.24018e+07
threshold=5570.2750000000005 9999.3950000000023 3279.73 1.0000000180025095e-35 4.5000000000000009 5.5000000000000009 17561.605000000003 3067.0207331697102 8706.3083333333361 1.0000000180025095e-35 8.5000000000000018 32.650000000000013 3954.265515905809 5307.9257483933907 1.0000000180025095e-35 2.5000000000000004 284.50000000000006 275.50000000000006 2532.1218247354968 2022.5000000000002 84.500000000000014 5.5000000000000009 98.500000000000014 5000.2150000000011 126.50000000000001 9932.591666666669 20.950000000000003 2023.5000000000002 5.5000000000000009 33.95000000000001 4659.3750000000009 2930.1120394584545 1.5000000000000002 19.500000000000004 4279.2650000000012 10358.928571428574 226.50000000000003 248.50000000000003 5.5000000000000009 30.150000000000002 2021.5000000000002 1.0000000180025095e-35 327.47501707064868 1.5000000000000002 25.850000000000005 12000.005000000003 25.050000000000004 6200.9150000000009 7.5000000000000009 11758.720000000003 2594.0530000000003 6.5000000000000009 7575.1671428571435 10202.382333333337 40.050000000000004 26.500000000000004 5.5000000000000009 4.5000000000000009 19.750000000000004 7.5000000000000009 5.5000000000000009 3.5000000000000004
decision_type=2 2 2 2 2 2 2 2 2 2 2 2 2 2 2 2 2 2 2 2 2 2 2 2 2 2 2 2 2 2 2 2 2 2 2 2 2 2 2 2 2 2 2 2 2 2 2 2 2 2 2 2 2 2 2 2 2 2 2 2 2 2
left_child=2 3 38 4 -2 6 13 -6 18 10 -4 33 35 19 15 16 17 -5 -9 20 -3 32 23 55 26 27 -24 -26 30 49 -11 -23 -17 34 -12 -13 -35 -10 41 -40 -41 50 -27 44 -8 46 -25 -14 -31 -30 -1 -42 -28 -15 -21 -7 57 -45 -58 60 61 -16
right_child=1 5 9 14 7 22 43 8 37 28 11 12 47 53 59 21 -18 -19 -20 54 -22 31 24 45 25 42 52 -29 29 48 -32 -33 -34 36 -36 -37 -38 -39 39 40 51 -43 -44 56 -46 -47 -48 -49 -50 -51 -52 -53 -54 -55 -56 -57 58 -59 -60 -61 -62 -63
leaf_value=-9.0154853899356908 -13.348136344030113 80.488139359255356 -6.6230232979115247 22.638092195256146 34.386473716407544 21.984738967078073 -91.361143331527728 49.451276903788255 71.833347127592404 -2.3618564521689236 7.8706469712790765 26.021161704845618 189.54898687744139 65.686256372500694 -8.098253662503998 -0.49265225736910917 -86.170267570249507 112.92786675054377 181.25042049985944 22.560412916076999 28.454703471514428 0.89458319061165392 -81.494540123572733 18.401226691672061 26.787223683939306 14.901685985819501 -13.312489753986927 -8.7453814464408168 -4.2430289771695548 13.397218632215186 4.2523893504334147 -37.914205120112918 12.822666863377769 8.1493641536804144 36.569257181967046 136.67929485321045 -21.582420074780451 -32.587575997488841 -7.561359814188056 -13.164527045199883 11.023395057073131 -15.818741810121999 -51.69228633053239 90.065460846999599 53.242732941932289 -77.299537353515632 -76.25540121225211 70.977214489528123 -24.83251248347198 93.254162160700034 -5.3730431584433802 -33.02903841829859 55.968178439711131 186.60110107421875 -50.997196358816971 -67.689375419616695 156.99442616925921 -20.201608284192208 75.571937852754999 -25.164752506787526 -64.149722649423708 66.969493111830488
leaf_weight=27263 385 352 3010 1467 1206 27 23 29 76 32313 1635 1014 29 38 86 2024 30 54 65 10290 5169 1983 25 487 1227 74 46 402 6521 157 8840 217 8675 773 615 23 478 34 5601 2914 111 3170 184 28 96 28 25 34 1553 21 34935 1535 424 21 34 145 34 38 291 462 37 77
leaf_count=27263 385 352 3010 1467 1206 27 23 29 76 32313 1635 1014 29 38 86 2024 30 54 65 10290 5169 1983 25 487 1227 74 46 402 6521 157 8840 217 8675 773 615 23 478 34 5601 2914 111 3170 184 28 96 28 25 34 1553 21 34935 1535 424 21 34 145 34 38 291 462 37 77
internal_value=0.0124873 18.331 -5.02037 10.9506 30.1719 24.7264 27.1052 42.0561 87.0082 -0.90371 6.47573 15.0446 34.3892 25.9399 8.66565 9.72485 23.6936 25.9157 141.538 25.6158 31.7862 8.04352 12.1018 -6.32764 17.6109 11.0831 42.4232 18.0186 -2.04064 -7.52386 -0.940994 -2.94886 10.3039 8.9585 15.7277 28.6048 -3.21914 39.5549 -8.12794 -12.8155 -19.2661 -7.3991 -32.6079 63.3224 24.7656 8.79013 13.6397 127.667 -21.3167 -3.91585 -6.96974 -30.0534 49.1736 111.117 22.3132 -53.5669 74.9639 27.2243 84.5454 -14.4342 10.3551 27.5553
internal_weight=168960 36415 132545 16907 1795 19508 16414 1410 204 57016 7611 4601 1100 15904 15112 14450 1551 1521 94 15845 5521 12899 3094 712 2382 1887 495 1629 49405 8252 41153 2200 10699 3501 2250 1037 1251 110 75529 10161 4560 65368 258 510 119 540 512 63 1710 6542 62198 1646 470 59 10324 172 391 66 325 662 200 163
internal_count=168960 36415 132545 16907 1795 19508 16414 1410 204 57016 7611 4601 1100 15904 15112 14450 1551 1521 94 15845 5521 12899 3094 712 2382 1887 495 1629 49405 8252 41153 2200 10699 3501 2250 1037 1251 110 75529 10161 4560 65368 258 510 119 540 512 63 1710 6542 62198 1646 470 59 10324 172 391 66 325 662 200 163
is_linear=0
shrinkage=0.05


Tree=50
num_leaves=63
num_cat=0
split_feature=10 10 2 10 14 3 3 2 11 3 0 3 3 2 0 0 11 0 14 5 13 2 2 2 5 2 0 7 0 3 14 3 3 3 3 3 5 11 7 3 5 2 0 9 3 12 9 2 3 12 3 7 11 14 3 3 14 3 10 10 5 3
split_gain=5.62742e+09 1.02955e+09 2.78948e+08 2.80901e+08 2.70004e+08 2.35764e+08 3.21459e+08 4.68285e+08 5.66707e+08 2.37424e+08 2.34998e+08 1.99832e+08 3.52873e+08 1.84622e+08 3.37771e+08 2.31914e+08 1.71223e+08 1.55409e+08 1.50413e+08 2.00735e+08 1.36567e+08 1.34295e+08 1.30221e+08 1.29277e+08 1.27591e+08 1.25197e+08 1.97802e+08 1.17114e+08 1.16929e+08 1.65236e+08 1.64342e+08 1.28662e+08 4.59914e+08 1.59048e+08 1.82959e+08 1.73868e+08 1.26664e+08 1.16668e+08 1.12115e+08 1.10553e+08 1.08724e+08 1.30409e+08 1.36346e+08 1.06576e+08 1.06091e+08 1.04192e+08 1.0056e+08 9.9066e+07 9.48186e+07 9.06454e+07 8.70401e+07 8.56975e+07 8.38466e+07 9.38237e+07 8.23718e+07 8.0849e+07 8.06033e+07 7.95606e+07 9.30985e+07 7.87353e+07 7.76111e+07 1.61986e+08
threshold=7400.545000000001 4240.8850000000011 5.5000000000000009 12000.005000000003 2931.788833333334 86.500000000000014 237.50000000000003 4.5000000000000009 10000.005000000003 82.500000000000014 30.500000000000004 242.50000000000003 263.50000000000006 1.0000000180025095e-35 24.500000000000004 11.500000000000002 14498.490000000002 25.500000000000004 7345.4328333333351 2023.5000000000002 3633.0448536059257 5.5000000000000009 3.5000000000000004 2.5000000000000004 2023.5000000000002 1.0000000180025095e-35 27.500000000000004 1.0000000180025095e-35 81.500000000000014 182.50000000000003 9565.9641666666703 239.50000000000003 246.50000000000003 124.50000000000001 112.50000000000001 138.50000000000003 2023.5000000000002 4200.8250000000007 1.0000000180025095e-35 227.50000000000003 2022.5000000000002 1.0000000180025095e-35 26.500000000000004 1.0000000180025095e-35 358.50000000000006 12000.380714285717 1.5000000000000002 4.5000000000000009 211.50000000000003 8786.0628571428588 124.50000000000001 1.0000000180025095e-35 2900.1650000000004 4426.2576666666673 291.50000000000006 134.50000000000003 5389.8408333333346 22.500000000000004 9999.3950000000023 1699.6250000000002 2021.5000000000002 273.50000000000006
decision_type=2 2 2 2 2 2 2 2 2 2 2 2 2 2 2 2 2 2 2 2 2 2 2 2 2 2 2 2 2 2 2 2 2 2 2 2 2 2 2 2 2 2 2 2 2 2 2 2 2 2 2 2 2 2 2 2 2 2 2 2 2 2
left_child=1 4 3 18 59 9 7 8 -7 10 23 -8 -13 14 -3 54 20 51 19 52 24 38 -12 -5 -16 26 -6 49 31 -30 36 33 -33 34 -19 -35 -31 39 45 -21 41 42 -20 -40 -34 -17 -9 -11 -32 -28 -43 -4 -2 -54 60 -29 -49 -42 -59 -1 61 -15
right_child=2 13 17 5 25 6 11 46 -10 47 22 12 -14 15 16 21 -18 28 40 37 -22 -23 -24 -25 -26 -27 27 55 29 30 48 32 44 35 -36 -37 -38 -39 43 -41 57 50 -44 -45 -46 -47 -48 56 -50 -51 -52 -53 53 -55 -56 -57 -58 58 -60 -61 -62 -63
leaf_value=-17.272090696471501 -59.570509532581674 -10.289854765340532 30.961270027455129 15.770783862409921 -11.351922532869269 -64.791217544713149 126.43218085211677 -68.003332600593566 89.278258389559653 139.80886996577337 37.14333857310902 -87.118299905365589 48.616033519754325 -9.7719525566858607 18.778945232149226 3.5499301097261724 -73.615942268371597 -10.029249889991803 15.584221249191016 -59.855729572164606 99.90983653021641 -6.9774745333400121 -74.98432977871019 152.65460945461106 47.964324559407039 -4.8388346508905578 5.5691069777453075 -51.309558694184716 37.063885448480221 32.906291083554358 6.1844692376541772 111.70196295444782 -8.869064814725661 -151.18372167876271 54.100629903538021 -29.83368951731941 -42.583084326481476 3.8389668092832459 16.367227242974526 35.246122201772842 35.500890634906156 36.744000134482029 69.235623822036487 -22.016318649342892 58.608797568101153 58.392074426234458 -198.7562343080582 -9.940932413736979 -66.314423260947066 42.921396754276323 22.446169862532738 -65.036730779012046 38.051553978819747 18.018635574864589 -35.606237492947969 -6.6054703576191365 96.818946904362861 3.5267347113830922 21.967257144157042 -8.2470242814058441 21.565706749729902 110.62890987141925
leaf_weight=2540 32 969 841 28 2457 108 73 31 131 129 54 50 807 405 2053 19319 43 894 168 144 60 4091 48 45 458 49463 7603 133 546 286 72 103 560 32 126 290 68 909 234 38 940 1794 406 786 64 86 30 23 119 165 2638 23 665 4844 73 414 73 765 6533 49759 2290 29
leaf_count=2540 32 969 841 28 2457 108 73 31 131 129 54 50 807 405 2053 19319 43 894 168 144 60 4091 48 45 458 49463 7603 133 546 286 72 103 560 32 126 290 68 909 234 38 940 1794 406 786 64 86 30 23 119 165 2638 23 665 4844 73 414 73 765 6533 49759 2290 29
internal_value=0.0121879 -3.83765 21.6402 23.9011 -6.05728 43.8559 32.9648 -12.0102 19.677 77.1803 33.228 47.4701 40.6046 4.24694 14.9168 2.84675 24.2612 9.55454 22.2625 16.1112 25.9262 1.29022 -15.8383 101.074 24.1193 -3.77508 1.1095 4.79265 4.41269 17.6498 -1.83221 -2.57248 14.3558 -11.7469 -2.06209 -42.3241 18.3264 -3.48994 2.94645 -39.9152 25.3413 31.1571 53.5872 -13.2033 -1.86555 3.79598 -134.477 111.067 -39.0951 6.36793 28.2407 28.3335 19.9706 20.4433 16.4845 -17.5488 71.4022 21.8038 20.035 -8.68567 17.893 -1.4909
internal_weight=168960 143430 25530 21506 112534 1630 1230 300 239 400 175 930 857 30896 3583 27313 2614 4024 19876 6632 2571 24516 102 73 2511 60235 10772 8315 3160 1091 545 2069 727 1342 1020 322 354 1091 20425 182 13244 5006 574 1020 624 19405 61 225 191 7768 4432 864 5541 5509 2797 547 96 8238 7298 52299 2724 434
internal_count=168960 143430 25530 21506 112534 1630 1230 300 239 400 175 930 857 30896 3583 27313 2614 4024 19876 6632 2571 24516 102 73 2511 60235 10772 8315 3160 1091 545 2069 727 1342 1020 322 354 1091 20425 182 13244 5006 574 1020 624 19405 61 225 191 7768 4432 864 5541 5509 2797 547 96 8238 7298 52299 2724 434
is_linear=0
shrinkage=0.05


Tree=51
num_leaves=63
num_cat=0
split_feature=10 10 10 2 5 3 3 0 0 17 3 8 3 10 3 7 12 5 0 3 8 2 5 8 3 0 3 3 3 3 2 15 0 9 3 8 7 5 17 11 5 3 0 3 3 3 3 3 2 11 7 2 0 11 3 3 3 0 15 0 2 11
split_gain=5.10919e+09 6.59009e+08 5.03204e+08 2.54126e+08 2.74431e+08 2.66741e+08 1.08321e+09 3.04281e+08 2.23887e+08 3.08912e+08 1.76586e+08 1.53713e+08 2.84356e+08 2.16672e+08 1.5531e+08 1.48119e+08 1.89036e+08 2.00187e+08 1.40531e+08 1.40512e+08 1.3447e+08 1.33633e+08 1.69307e+08 2.70208e+08 2.91497e+08 1.55017e+08 1.27784e+08 1.65608e+08 1.26367e+08 1.42074e+08 1.15918e+08 1.13285e+08 1.10031e+08 1.09642e+08 1.048e+08 1.23027e+08 1.04641e+08 1.04349e+08 1.01679e+08 9.02426e+07 8.83372e+07 1.48699e+08 8.68827e+07 1.5669e+08 1.15664e+08 1.11846e+08 4.51053e+08 1.51567e+08 8.68511e+07 1.11785e+08 7.9161e+07 7.37751e+07 7.27034e+07 6.74049e+07 1.20462e+08 2.06838e+08 1.23272e+08 8.50787e+07 6.7166e+07 6.59075e+07 1.50206e+08 6.42925e+07
threshold=5380.0250000000005 7500.6450000000013 3200.1050000000005 5.5000000000000009 2022.5000000000002 86.500000000000014 80.500000000000014 31.500000000000004 72.500000000000014 30.550000000000004 84.500000000000014 1.0000000180025095e-35 94.500000000000014 9999.3950000000023 60.500000000000007 1.0000000180025095e-35 8317.7064285714314 2023.5000000000002 14.500000000000002 275.50000000000006 2.5000000000000004 3.5000000000000004 2021.5000000000002 2.5000000000000004 286.50000000000006 3.5000000000000004 188.50000000000003 196.50000000000003 112.50000000000001 94.500000000000014 5.5000000000000009 763.56610883849191 66.500000000000014 1.0000000180025095e-35 88.500000000000014 1.5000000000000002 1.0000000180025095e-35 2023.5000000000002 27.450000000000003 3519.6850000000004 2023.5000000000002 44.500000000000007 82.500000000000014 182.50000000000003 194.50000000000003 239.50000000000003 246.50000000000003 124.50000000000001 5.5000000000000009 1833.3850000000002 1.0000000180025095e-35 2.5000000000000004 37.500000000000007 3996.0750000000003 217.50000000000003 223.50000000000003 219.50000000000003 34.500000000000007 579.62080087303264 24.500000000000004 1.0000000180025095e-35 4000.6250000000005
decision_type=2 2 2 2 2 2 2 2 2 2 2 2 2 2 2 2 2 2 2 2 2 2 2 2 2 2 2 2 2 2 2 2 2 2 2 2 2 2 2 2 2 2 2 2 2 2 2 2 2 2 2 2 2 2 2 2 2 2 2 2 2 2
left_child=2 21 48 4 5 6 7 -3 20 -10 -8 40 14 -14 -13 16 30 28 19 26 -7 22 23 -2 39 -24 61 -28 29 -18 31 -4 -33 -32 -17 -36 -27 -38 -30 -25 51 -42 45 -44 -45 47 -47 -20 50 58 59 -6 -26 54 -23 56 -56 -57 -50 -1 -61 -5
right_child=1 3 15 18 11 8 10 -9 9 -11 -12 12 13 -15 -16 34 17 -19 42 -21 -22 53 25 24 52 36 27 -29 38 -31 33 32 -34 -35 35 -37 37 -39 -40 -41 41 -43 43 44 -46 46 -48 -49 49 -51 -52 -53 -54 -55 55 57 -58 -59 -60 60 -62 -63
leaf_value=-8.8938864499330315 -16.555960958514898 60.816824402872172 -2.7758719984210902 -43.777590956254443 23.302292904150196 14.05537199272759 140.8210444019825 -10.982059605471896 12.500154959457944 44.425737152643904 63.048491429078922 53.639944202423102 -6.7705550026811112 19.610522553960333 -32.166709047382533 -35.306965289276768 21.553910320703707 57.281210539643496 1.5754081948891336 104.95039957854706 37.646363171010407 -18.246755340034024 51.753464621481925 51.333692641839754 -77.168852917480478 14.932708354124543 -138.07739504606829 6.8736464564005546 92.523210620703537 122.9749945213681 2.6811045631303121 -0.087591505000201644 7.1840677464445966 -10.521794998220345 4.3177061400231089 -17.376714224482622 -30.03211679167562 54.84343989882359 -6.4233602559742584 151.90841643454812 23.4365127219797 -30.924186158146416 37.16064160039501 -80.749869211773543 5.0102260774932397 101.51767932961307 -1.2037123469882542 -33.658680522230831 -14.282536251426079 -9.7404227350687531 -14.739646163063108 43.406812806257349 14.51832184326649 4.7115481447456435 29.757687595861928 26.415495867824553 186.63427045898436 -16.065119995705341 -36.287320211896358 0.48130194694760714 -6.9155700246302176 44.785975607291043
leaf_weight=18805 1021 226 21956 21 819 3305 280 421 1059 2671 102 59 866 7648 439 414 198 264 1131 58 739 939 276 40 24 5645 22 137 26 41 2193 16661 7563 5553 1123 1561 230 42 676 54 1175 140 503 42 458 126 674 417 711 8280 3026 1043 159 4954 26 199 24 286 680 8766 31616 347
leaf_count=18805 1021 226 21956 21 819 3305 280 421 1059 2671 102 59 866 7648 439 414 198 264 1131 58 739 939 276 40 24 5645 22 137 26 41 2193 16661 7563 5553 1123 1561 230 42 676 54 1175 140 503 42 458 126 674 417 711 8280 3026 1043 159 4954 26 199 24 286 680 8766 31616 347
internal_value=0.0117291 15.9239 -4.73915 20.7901 22.9762 29.7043 53.6269 14.1528 26.5313 35.3674 120.273 18.115 14.7782 16.9267 -21.9137 -1.28427 -0.686379 18.8916 9.12826 31.7189 18.3746 7.208 11.7458 -4.67038 39.0409 15.1867 23.4757 -13.9201 8.07186 39.3924 -1.1242 -0.174725 2.1829 -6.78401 -11.9205 -8.30142 13.4726 -16.7734 -2.63227 110.102 27.5726 17.63 5.17622 17.4865 -2.34041 -0.0875785 15.0814 -7.93154 -7.53769 -11.946 -6.85224 34.5811 2.1397 1.91873 -7.46455 11.4584 107.242 1.38355 -25.0581 -6.44875 -5.30991 39.6271
internal_weight=168960 38847 130113 24928 20992 8803 1029 647 7774 3730 382 12189 9012 8514 498 58229 55131 1205 3936 585 4044 13919 7491 1298 277 6193 527 159 941 239 53926 46180 24224 7746 3098 2684 5917 272 702 94 3177 1315 3351 1003 500 2348 800 1548 71884 9671 62213 1862 183 6428 1474 535 50 485 1391 59187 40382 368
internal_count=168960 38847 130113 24928 20992 8803 1029 647 7774 3730 382 12189 9012 8514 498 58229 55131 1205 3936 585 4044 13919 7491 1298 277 6193 527 159 941 239 53926 46180 24224 7746 3098 2684 5917 272 702 94 3177 1315 3351 1003 500 2348 800 1548 71884 9671 62213 1862 183 6428 1474 535 50 485 1391 59187 40382 368
is_linear=0
shrinkage=0.05


Tree=52
num_leaves=63
num_cat=0
split_feature=10 10 10 2 5 16 13 17 8 0 8 16 10 2 0 16 15 0 10 2 5 17 8 0 9 2 16 7 13 16 16 13 0 7 5 13 9 13 10 16 14 13 5 10 16 5 11 11 16 14 2 13 2 16 0 13 17 11 13 0 15 14
split_gain=4.61156e+09 5.94698e+08 4.54182e+08 2.29385e+08 2.47749e+08 2.09853e+08 1.7986e+08 1.6793e+08 2.78426e+08 1.91479e+08 1.38743e+08 3.03719e+08 1.68589e+08 1.35841e+08 2.64919e+08 1.992e+08 2.0051e+08 1.2834e+08 1.2244e+08 1.20598e+08 1.52734e+08 2.47604e+08 1.57463e+08 1.39972e+08 1.17462e+08 1.46259e+08 1.32418e+08 1.21257e+08 1.07458e+08 1.05871e+08 1.01909e+08 1.11254e+08 9.99632e+07 9.44106e+07 9.43396e+07 8.98167e+07 8.73511e+07 8.69136e+07 8.47829e+07 8.14071e+07 1.63157e+08 1.12144e+08 7.9745e+07 7.84938e+07 7.59008e+07 9.02573e+07 1.10053e+08 8.85091e+07 1.53853e+08 7.98568e+07 7.46836e+07 7.20449e+07 6.65866e+07 6.42962e+07 6.39927e+07 1.8831e+08 3.59895e+08 1.13915e+08 1.12796e+08 1.10274e+08 6.38448e+07 7.64927e+07
threshold=5380.0250000000005 7500.6450000000013 3200.1050000000005 5.5000000000000009 2022.5000000000002 37.550000000000004 2578.0464051083331 30.850000000000005 1.5000000000000002 57.500000000000007 1.0000000180025095e-35 19.950000000000003 9999.3950000000023 1.0000000180025095e-35 35.500000000000007 30.450000000000003 3954.265515905809 25.500000000000004 9500.9950000000008 3.5000000000000004 2021.5000000000002 32.95000000000001 2.5000000000000004 3.5000000000000004 1.0000000180025095e-35 5.5000000000000009 30.250000000000004 1.0000000180025095e-35 1.0000000180025095e-35 33.550000000000004 9.7500000000000018 2410.5795397615038 77.500000000000014 1.0000000180025095e-35 2023.5000000000002 2266.0225290727917 3.5000000000000004 2051.9186458337067 1999.4750000000001 20.150000000000002 7752.0128333333341 654.71870967755967 2023.5000000000002 4240.8850000000011 29.850000000000005 2021.5000000000002 4050.8150000000005 9500.9550000000017 23.150000000000002 3915.3078333333337 1.5000000000000002 2532.1218247354968 2.5000000000000004 15.15 75.500000000000014 2991.7333866594622 30.350000000000005 3126.7000000000003 1256.7222824155356 36.500000000000007 2668.569405419526 10430.596833333335
decision_type=2 2 2 2 2 2 2 2 2 2 2 2 2 2 2 2 2 2 2 2 2 2 2 2 2 2 2 2 2 2 2 2 2 2 2 2 2 2 2 2 2 2 2 2 2 2 2 2 2 2 2 2 2 2 2 2 2 2 2 2 2 2
left_child=2 19 38 4 5 7 18 8 -3 -9 42 -12 -13 14 -4 39 35 44 -7 20 21 36 -23 51 43 27 -27 -26 60 -18 31 -30 -32 -25 -35 -17 37 -2 -1 41 -41 -16 52 -15 47 49 -47 -5 -49 -46 -24 -22 -6 -44 58 57 -57 -56 59 -21 61 -19
right_child=1 3 13 17 10 6 -8 9 -10 -11 11 12 -14 24 15 16 29 28 -20 54 23 22 50 33 25 26 -28 -29 30 -31 32 -33 -34 34 -36 -37 -38 -39 -40 40 -42 -43 53 -45 45 46 -48 48 -50 -51 -52 -53 -54 -55 55 56 -58 -59 -60 -61 -62 -63
leaf_value=-11.822486101356718 -16.578441497488981 34.534606714130064 -6.4807112942325737 57.814481246673758 22.138599155495811 -33.736607122008252 -91.071181913128612 23.555296430436993 4.9817955905178817 43.307165287684818 -26.579171022476125 -3.7463325719176535 18.586706806241512 -0.69822481132613146 0.95264563740454844 16.650616495303208 27.114334925138031 24.174328313912198 26.316882666647434 14.672552616208916 36.707348126521154 -1.5008031200832792 125.59322828801474 14.186205178044162 -1.5450422200481151 -4.5008756316331677 -19.549307703028205 -16.200505238620622 50.325139034971407 157.23575991543856 -12.919718073147491 -67.639518999846089 8.0484657487739515 -28.537011466996496 52.165038546185173 46.68081379809724 4.4864931653615097 -64.427566838850055 -6.5281164739303579 5.2227870999419039 -34.446907321621914 27.696806269714745 21.275533742951207 7.5137149234854448 12.996769343784877 -82.838889754011831 9.1750989186004759 -45.751937694549561 43.518736192059045 141.86544724897905 39.686104179341747 102.4162744140625 41.238551017506147 -10.194333875154195 87.432730523064023 197.43266593330785 -4.1184812107792608 4.0256177773818758 -10.314286714998078 -5.614278580343588 66.526457093121252 -29.603130902500897
leaf_weight=8589 575 1738 3098 270 819 126 53 2023 1472 3136 437 950 7625 9913 844 1146 25 472 255 1466 225 89 59 5645 28854 3493 2514 1483 157 43 1269 22 1028 230 42 318 416 113 63295 1328 321 731 1126 4118 27 36 266 70 150 21 46 51 1043 189 41 37 53 1625 1974 1232 72 76
leaf_count=8589 575 1738 3098 270 819 126 53 2023 1472 3136 437 950 7625 9913 844 1146 25 472 255 1466 225 89 59 5645 28854 3493 2514 1483 157 43 1269 22 1028 230 42 318 416 113 63295 1328 321 731 1126 4118 27 36 266 70 150 21 46 51 1043 189 41 37 53 1625 1974 1232 72 76
internal_value=0.0114489 15.1288 -4.50214 19.7515 21.8284 28.2212 -5.66729 29.979 20.9884 35.5679 17.2096 14.0395 16.1123 -1.21986 4.8959 12.3063 27.1447 8.6719 6.42033 6.84914 11.16 -4.43209 47.5168 14.4281 -2.17345 -3.67358 -10.801 -2.26197 3.96543 110.483 -0.698628 35.5314 -3.53619 12.7993 -15.9302 23.201 -13.5955 -24.5195 -7.16087 5.24906 -2.51565 13.375 26.1949 1.71229 25.9933 8.17569 -2.03064 38.6775 15.0359 71.1215 88.6872 49.1751 32.8538 16.7482 1.82445 9.95895 80.0004 6.12947 -1.23443 5.41023 22.5627 16.6758
internal_weight=168960 38847 130113 24928 20992 8803 434 8369 3210 5159 12189 9012 8575 58229 7854 4756 1532 3936 381 13919 7491 1298 194 6193 50375 36344 6007 30337 3096 68 2476 179 2297 5917 272 1464 1104 688 71884 3224 1649 1575 3177 14031 840 350 302 490 220 48 105 276 1862 1315 6428 1756 90 1666 4672 2698 620 548
internal_count=168960 38847 130113 24928 20992 8803 434 8369 3210 5159 12189 9012 8575 58229 7854 4756 1532 3936 381 13919 7491 1298 194 6193 50375 36344 6007 30337 3096 68 2476 179 2297 5917 272 1464 1104 688 71884 3224 1649 1575 3177 14031 840 350 302 490 220 48 105 276 1862 1315 6428 1756 90 1666 4672 2698 620 548
is_linear=0
shrinkage=0.05


Tree=53
num_leaves=63
num_cat=0
split_feature=10 10 10 12 2 7 3 3 3 3 9 16 10 17 12 2 9 16 15 16 17 15 17 10 2 0 0 2 16 12 0 7 16 0 10 7 12 16 16 8 16 17 17 12 15 16 3 15 17 16 12 16 17 0 12 17 12 3 3 3 0 16
split_gain=4.16236e+09 5.36586e+08 4.14056e+08 2.21283e+08 1.86281e+08 1.64323e+08 2.05426e+08 1.55172e+08 2.16416e+08 2.47265e+08 2.1102e+08 2.09749e+08 1.33739e+08 1.27705e+08 1.22755e+08 1.21713e+08 2.66704e+08 1.70029e+08 2.72355e+08 1.22025e+08 1.1507e+08 1.91954e+08 1.24863e+08 1.14219e+08 1.08829e+08 1.01703e+08 1.01252e+08 1.22852e+08 1.19792e+08 9.75941e+07 9.7071e+07 1.0016e+08 9.33514e+07 1.43187e+08 9.24172e+07 9.19528e+07 1.12937e+08 9.17742e+07 9.09503e+07 8.58989e+07 3.5328e+08 8.48336e+07 1.46753e+08 7.61501e+07 7.31043e+07 7.31e+07 1.3073e+08 6.98902e+07 6.32341e+07 7.03543e+07 6.29476e+07 6.04759e+07 5.80813e+07 5.78416e+07 1.43834e+08 2.67143e+08 7.45494e+07 1.03618e+08 9.28254e+07 2.24975e+08 7.6272e+07 6.05299e+07
threshold=5380.0250000000005 7500.6450000000013 3358.2400000000002 11999.977142857146 5.5000000000000009 1.0000000180025095e-35 277.50000000000006 288.50000000000006 271.50000000000006 284.50000000000006 1.0000000180025095e-35 27.950000000000003 14498.490000000002 29.850000000000005 4626.8071428571429 1.0000000180025095e-35 1.0000000180025095e-35 27.750000000000004 2439.7967236193613 20.150000000000002 28.850000000000005 4296.4042702189172 31.250000000000004 10000.005000000003 3.5000000000000004 25.500000000000004 29.500000000000004 5.5000000000000009 31.750000000000004 8062.363571428572 3.5000000000000004 1.0000000180025095e-35 35.95000000000001 78.500000000000014 2400.6850000000004 1.0000000180025095e-35 8317.7064285714314 22.750000000000004 10.550000000000002 2.5000000000000004 29.550000000000004 30.950000000000003 29.550000000000004 6706.3092857142865 4112.6125525443886 29.950000000000003 146.50000000000003 2388.979674304554 32.050000000000004 33.95000000000001 9892.9928571428591 35.350000000000001 28.650000000000002 75.500000000000014 10358.928571428574 30.850000000000005 8191.7185714285724 106.50000000000001 236.50000000000003 245.50000000000003 36.500000000000007 30.650000000000002
decision_type=2 2 2 2 2 2 2 2 2 2 2 2 2 2 2 2 2 2 2 2 2 2 2 2 2 2 2 2 2 2 2 2 2 2 2 2 2 2 2 2 2 2 2 2 2 2 2 2 2 2 2 2 2 2 2 2 2 2 2 2 2 2
left_child=2 24 34 4 5 14 13 8 20 12 -9 -11 -10 -7 -3 16 -4 19 52 29 21 -5 -22 -16 30 45 50 35 -29 -18 48 39 38 -34 -1 36 -28 -8 -27 47 -41 42 -12 -21 -20 -6 -47 -32 49 -2 51 -17 -19 56 61 -56 58 -58 60 -60 -26 -55
right_child=1 3 15 7 25 6 37 10 9 11 41 -13 -14 -15 23 26 17 18 44 43 22 -23 -24 -25 53 32 27 28 -30 -31 31 -33 33 -35 -36 -37 -38 -39 -40 40 -42 -43 -44 -45 -46 46 -48 -49 -50 -51 -52 -53 -54 54 55 -57 57 -59 59 -61 -62 -63
leaf_value=-9.0757776398137775 13.930048691924192 -56.763187590378983 -9.2263336272448733 25.666410826709537 38.536323682283914 -29.730943354070185 -3.5726187571772829 -129.94270877613741 184.29203197944457 57.700358589354018 -41.471416428177449 -38.411124570797654 83.201716084329718 18.036532872998436 17.859472372869547 1.4017611581200027 9.5001524858470301 -40.994951116683637 52.421003610796369 -2.0205640640156344 1.2796589080839502 94.01370248199251 29.576945463913361 27.138348200663366 3.1849045567884553 27.271241107024544 -1.4758801728957618 -4.5983242178377566 -20.426228560827482 53.034362994057794 5.3977110470192784 -17.100494113690711 -2.3479750329902376 67.653135505850997 -5.385175317435297 -15.002197125666468 32.781701819867259 -118.76422687897316 -4.3042279185578263 8.4352933457162642 93.372216996842894 -57.809197214621094 112.31553704339103 -36.010850638717706 118.73896574815114 -114.56059419177828 14.341992499728679 17.211794510757084 76.353012557210803 91.516242047478173 53.584742806644762 30.354457890505348 15.635143826106566 -0.267909022724166 227.97550330025808 -15.613190594482422 15.838927708020178 -36.316962521114164 59.369757078908961 3.0501881877001238 -13.339134327409566 19.061265872622553
leaf_weight=24473 212 51 2092 287 372 191 26 33 40 209 26 77 189 515 13042 12528 1613 46 361 895 526 160 1506 4455 1529 253 24182 3361 1855 139 4360 339 165 130 55303 1256 242 51 2232 557 156 26 36 201 47 20 310 1756 78 33 58 182 1279 1056 20 24 136 313 207 1203 1284 656
leaf_count=24473 212 51 2092 287 372 191 26 33 40 209 26 77 189 515 13042 12528 1613 46 361 895 526 160 1506 4455 1529 253 24182 3361 1855 139 4360 339 165 130 55303 1256 242 51 2232 557 156 26 36 201 47 20 310 1756 78 33 58 182 1279 1056 20 24 136 313 207 1203 1284 656
internal_value=0.0111668 14.3734 -4.27696 18.7644 16.9827 18.9965 -3.41033 31.2315 33.4759 62.956 -24.1226 31.7805 101.584 5.08982 19.9965 -0.726088 5.5626 12.3168 24.661 4.79938 27.3286 50.286 22.2562 20.2234 6.50865 6.37869 -1.68727 -3.23506 -10.2301 12.9824 10.6037 9.3922 2.08139 28.6243 -6.51745 -1.81391 -1.13512 -80.4129 -1.07982 10.7096 27.1237 16.574 48.1895 -8.28133 60.3322 23.3693 6.2072 8.79198 37.3782 24.71 2.05803 1.8187 13.6397 1.73543 9.46911 97.7145 -1.17272 -20.5191 0.888603 11.3546 -4.35959 7.1454
internal_weight=168960 38847 130113 24928 21813 18331 783 3115 2994 515 121 286 229 706 17548 50337 6673 4581 1733 2848 2479 447 2032 17497 13919 3482 43664 30896 5216 1752 7491 7168 2780 295 79776 25680 24424 77 2485 6829 713 88 62 1096 408 702 330 6116 323 245 12768 12710 1325 6428 1756 44 4672 449 4223 1410 2813 1712
internal_count=168960 38847 130113 24928 21813 18331 783 3115 2994 515 121 286 229 706 17548 50337 6673 4581 1733 2848 2479 447 2032 17497 13919 3482 43664 30896 5216 1752 7491 7168 2780 295 79776 25680 24424 77 2485 6829 713 88 62 1096 408 702 330 6116 323 245 12768 12710 1325 6428 1756 44 4672 449 4223 1410 2813 1712
is_linear=0
shrinkage=0.05


Tree=54
num_leaves=63
num_cat=0
split_feature=12 12 12 7 2 0 11 0 17 3 16 9 3 17 5 3 17 17 2 16 3 16 2 3 12 17 3 16 15 3 0 3 16 17 2 16 3 8 0 3 8 2 16 15 7 3 15 11 3 3 14 3 16 11 17 5 14 5 7 3 16 8
split_gain=3.56857e+09 5.04947e+08 4.17845e+08 3.02983e+08 2.31363e+08 1.96801e+08 2.51526e+08 1.61872e+08 1.55423e+08 1.39621e+08 1.37789e+08 1.21225e+08 2.25235e+08 1.71574e+08 1.58921e+08 1.55369e+08 2.80205e+08 1.46313e+08 2.34588e+08 1.67438e+08 1.32877e+08 2.00227e+08 1.23431e+08 1.17303e+08 1.10342e+08 1.04209e+08 9.90777e+07 9.77305e+07 9.73073e+07 9.17389e+07 8.69905e+07 9.3298e+07 8.66528e+07 8.52033e+07 1.72881e+08 1.56442e+08 2.50129e+08 1.10386e+08 9.61671e+07 7.87837e+07 1.06079e+08 7.54328e+07 1.21616e+08 7.4624e+07 7.39147e+07 7.15868e+07 6.8766e+07 6.60235e+07 6.49202e+07 6.45918e+07 6.3069e+07 6.664e+07 6.27689e+07 6.94023e+07 6.1334e+07 6.84409e+07 5.79284e+07 5.76143e+07 5.75923e+07 5.68165e+07 5.25203e+07 5.15703e+07
threshold=6210.8935714285735 3245.1542857142863 9999.9900000000016 1.0000000180025095e-35 5.5000000000000009 62.500000000000007 9999.3950000000023 19.500000000000004 30.550000000000004 166.50000000000003 15.350000000000003 3.5000000000000004 287.50000000000006 27.450000000000003 2021.5000000000002 280.50000000000006 34.050000000000004 32.050000000000004 1.0000000180025095e-35 35.150000000000013 124.50000000000001 37.650000000000013 2.5000000000000004 148.50000000000003 4149.953571428573 31.550000000000004 12.500000000000002 31.050000000000004 2761.226270890947 274.50000000000006 77.500000000000014 364.50000000000006 21.550000000000004 30.950000000000003 4.5000000000000009 30.950000000000003 276.50000000000006 1.5000000000000002 7.5000000000000009 102.50000000000001 1.5000000000000002 5.5000000000000009 36.750000000000007 5523.3036322078469 1.0000000180025095e-35 232.50000000000003 2819.8413324129592 17561.605000000003 293.50000000000006 90.500000000000014 8610.5075000000015 160.50000000000003 26.250000000000004 7179.5000000000009 33.750000000000007 2023.5000000000002 2095.1308333333336 2021.5000000000002 1.0000000180025095e-35 148.50000000000003 29.050000000000004 1.5000000000000002
decision_type=2 2 2 2 2 2 2 2 2 2 2 2 2 2 2 2 2 2 2 2 2 2 2 2 2 2 2 2 2 2 2 2 2 2 2 2 2 2 2 2 2 2 2 2 2 2 2 2 2 2 2 2 2 2 2 2 2 2 2 2 2 2
left_child=1 41 3 4 5 6 9 50 26 -2 -8 12 15 -14 17 20 27 19 -19 25 43 -22 -18 -10 -3 -13 -7 -17 48 -20 31 -9 -30 37 35 38 -37 -26 -35 60 52 44 -43 -4 56 -32 -36 -16 -15 -49 51 -6 -41 -54 55 -42 -1 -58 -39 -48 -5 -46
right_child=2 24 11 39 7 8 10 30 23 -11 -12 14 13 28 47 16 22 18 29 -21 21 -23 -24 -25 33 -27 -28 -29 32 -31 45 -33 -34 34 46 36 -38 58 -40 40 54 42 -44 -45 61 -47 59 49 -50 -51 -52 -53 53 -55 -56 -57 57 -59 -60 -61 -62 -63
leaf_value=-10.298257014201731 23.070218335305942 -2.2847801818822031 25.223539850172795 -33.759756971680297 59.519249169779755 46.123577985202566 21.092302941846324 -15.829949429556269 12.991591011864713 5.8064543178685568 -8.9820046986831983 55.889056477016879 57.472652905782063 20.635397798978367 24.178072199793263 58.172904136116451 -75.853044529667599 230.83121064453127 156.40665009765624 -91.041960217285165 13.006940758939283 -56.751818255130381 32.167901199047385 29.160462382432161 3.0612551963312833 -14.449157320462744 10.516351066222299 129.86007358814109 16.452251035729233 52.55463183128029 13.615364997543404 69.225117640639809 -57.310308312386148 30.796494668266231 -1.9904545047120861 13.326792277698733 69.686372599326646 -3.989203095932242 0.79393406464916982 41.573724321577288 -25.110357154635757 -7.9064466728283325 -22.152542869083547 -48.227368660518103 -6.9172850290854058 -15.163205578628094 -38.093903723868479 139.06036779479982 -58.87122129959986 27.251204981310618 -10.152560885474797 17.761971691307185 -49.884438314351172 23.866561592503601 -78.74263762905484 18.540056217929774 -6.0894503506296846 -2.6275202631708225 -24.216772923382788 6.4164976933923104 -115.65427781538531 -20.232254678039375
leaf_weight=5522 2464 33645 3940 201 152 203 454 1454 1601 2233 2337 287 71 129 3549 295 53 24 24 24 2675 106 51 3766 10124 64 4677 57 48 162 718 32 222 284 2968 3706 207 6857 4250 134 425 8486 1819 34 1455 308 250 24 31 28 104 258 54 75 41 113 35589 18149 370 100 21 1456
leaf_count=5522 2464 33645 3940 201 152 203 454 1454 1601 2233 2337 287 71 129 3549 295 53 24 24 24 2675 106 51 3766 10124 64 4677 57 48 162 718 32 222 284 2968 3706 207 6857 4250 134 425 8486 1819 34 1455 308 250 24 31 28 104 258 54 75 41 113 35589 18149 370 100 21 1456
internal_value=0.0108975 -3.61773 14.5622 10.452 11.7859 13.966 7.80302 -0.992185 18.4685 14.8658 -4.08414 22.1002 18.3771 -14.0185 28.9532 20.6295 48.8572 53.1197 86.4804 34.2574 18.717 10.3286 -23.0793 24.3405 -0.334515 43.0592 12.0067 70.1163 -25.9288 66.7197 -6.22528 -13.953 -44.1846 1.91912 5.20364 9.00204 16.3253 -0.308159 2.67961 -15.5604 -8.55037 -6.46081 -10.423 24.5831 -5.8039 4.96983 -4.46615 25.0136 4.96098 80.5056 24.5452 33.3499 17.7374 -7.15216 -20.5011 -15.9248 -5.42161 -4.92032 -5.028 -25.3946 -41.9904 -13.5817
internal_weight=168960 135237 33723 21825 20761 17735 7488 3026 10247 4697 2791 11898 7712 501 4186 7211 456 585 210 375 6755 2781 104 5367 62761 351 4880 352 430 186 2512 1486 270 29116 11765 8447 3913 17351 4534 1064 842 72476 10305 3974 62171 1026 3318 3601 160 52 514 410 263 129 579 538 59260 53738 7227 350 222 2911
internal_count=168960 135237 33723 21825 20761 17735 7488 3026 10247 4697 2791 11898 7712 501 4186 7211 456 585 210 375 6755 2781 104 5367 62761 351 4880 352 430 186 2512 1486 270 29116 11765 8447 3913 17351 4534 1064 842 72476 10305 3974 62171 1026 3318 3601 160 52 514 410 263 129 579 538 59260 53738 7227 350 222 2911
is_linear=0
shrinkage=0.05


Tree=55
num_leaves=63
num_cat=0
split_feature=10 10 10 12 3 3 3 14 0 7 11 11 5 16 10 17 10 17 3 3 17 5 16 3 0 0 12 17 3 16 9 9 11 12 3 16 16 16 9 17 10 3 16 3 17 7 3 3 0 11 6 3 5 14 0 11 17 17 17 16 12 14
split_gain=3.42179e+09 4.40026e+08 3.39125e+08 1.81533e+08 1.35452e+08 1.82507e+08 2.06724e+08 1.93632e+08 1.82492e+08 1.31232e+08 1.60066e+08 1.28074e+08 2.01936e+08 1.27725e+08 1.16427e+08 1.13956e+08 1.13805e+08 1.32786e+08 1.12311e+08 2.6669e+08 2.52547e+08 1.06396e+08 1.30781e+08 2.24542e+08 1.20043e+08 1.05012e+08 1.27306e+08 1.34484e+08 1.05644e+08 1.02562e+08 1.12499e+08 1.02091e+08 1.01783e+08 1.00349e+08 1.15194e+08 1.71915e+08 1.09045e+08 9.43998e+07 8.9336e+07 8.4314e+07 8.31643e+07 8.28708e+07 8.12356e+07 1.20901e+08 7.32018e+07 7.10684e+07 8.01182e+07 9.35186e+07 7.04418e+07 6.91467e+07 8.37706e+07 6.79091e+07 7.27555e+07 6.51792e+07 6.85568e+07 8.59776e+07 6.66897e+07 6.46783e+07 1.06353e+08 6.16858e+07 5.84474e+07 4.81807e+07
threshold=5380.0250000000005 7500.6450000000013 3409.9950000000003 11999.977142857146 288.50000000000006 271.50000000000006 284.50000000000006 8357.4101666666666 25.500000000000004 1.0000000180025095e-35 11194.045000000002 4798.1950000000006 2023.5000000000002 39.250000000000007 14498.490000000002 30.550000000000004 12000.005000000003 33.850000000000001 242.50000000000003 240.50000000000003 30.450000000000003 2021.5000000000002 30.950000000000003 271.50000000000006 3.5000000000000004 73.500000000000014 12000.380714285717 31.150000000000002 349.50000000000006 36.350000000000001 1.5000000000000002 1.0000000180025095e-35 4240.1200000000008 8540.0042857142889 88.500000000000014 27.050000000000004 20.550000000000004 24.850000000000005 3.5000000000000004 30.650000000000002 2324.3250000000003 124.50000000000001 34.850000000000001 128.50000000000003 31.950000000000003 1.0000000180025095e-35 88.500000000000014 90.500000000000014 37.500000000000007 6999.6950000000006 1.0000000180025095e-35 297.50000000000006 2023.5000000000002 4397.1466666666684 64.500000000000014 9999.3950000000023 31.150000000000002 30.950000000000003 29.550000000000004 31.950000000000003 5583.3442857142863 8529.4688333333343
decision_type=2 2 2 2 2 2 2 2 2 2 2 2 2 2 2 2 2 2 2 2 2 2 2 2 2 2 2 2 2 2 2 2 2 2 2 2 2 2 2 2 2 2 2 2 2 2 2 2 2 2 2 2 2 2 2 2 2 2 2 2 2 2
left_child=2 21 40 9 5 18 14 -8 -6 11 29 12 13 -3 -7 -14 41 -18 19 -5 -20 22 31 49 39 28 27 -27 48 30 -11 60 -33 45 35 36 -35 -34 44 -23 -1 -13 51 -44 -25 53 -47 -48 -26 50 -24 52 -36 -4 55 -55 -56 58 -10 -51 -2 -31
right_child=1 3 33 4 8 6 7 -9 57 10 -12 16 15 -15 -16 -17 17 -19 20 -21 -22 24 23 38 25 26 -28 -29 -30 61 -32 32 37 34 42 -37 -38 -39 -40 -41 -42 -43 43 -45 -46 46 47 -49 -50 59 -52 -53 -54 54 56 -57 -58 -59 -60 -61 -62 -63
leaf_value=-8.5576782772519646 -21.577328601821197 15.369201069288534 -2.063619530322089 25.550153561018472 -135.47057556152342 169.91923929354039 -6.5639607835249478 76.389660307411262 -38.517976942391236 16.401148175048828 -70.881790759801859 21.869489422117098 -39.375362984349458 -59.146810064800711 75.656869074771279 1.9823453607572714 49.526066344135948 -17.942988536746004 -123.26100475776487 204.62882248651414 29.093756663004559 15.733711161976078 -6.1992477013497433 -18.698341492414475 6.7470174187765863 6.8437562095479327 131.50985078894573 28.392045960859093 34.881736469067839 127.48722263154531 -22.29790704794523 -25.816898755325656 -4.0818453393544374 55.439553589704559 -13.399833721364587 185.93742092314221 -43.698094567192925 34.58696731229724 152.15496284179687 60.642187313563483 -4.9000828939575589 14.574619007352716 -27.670843325245144 65.993442528288242 67.601776112147746 -32.161226244657755 38.454768881212203 -8.098058393820418 -3.3527225752842784 48.590665059089666 31.374703761697784 50.77738273175558 27.719666997965643 0.78005788349526617 2.2571049333347326 -14.35591122735665 12.485298375088881 -55.868463781851318 86.886205913264575 -37.635332003243363 -66.231159796180009 32.304439285278328
leaf_weight=20813 238 2323 25561 2339 27 40 164 122 28 399 79 5934 315 58 189 352 494 85 40 20 80 262 373 31 4094 2366 22 1043 260 20 353 417 793 122 514 20 35 196 24 174 61387 11362 48 117 111 327 113 2014 2984 23 245 59 135 10634 4801 1028 2385 26 40 157 106 39
leaf_count=20813 238 2323 25561 2339 27 40 164 122 28 399 79 5934 315 58 189 352 494 85 40 20 80 262 373 31 4094 2366 22 1043 260 20 353 417 793 122 514 20 35 196 24 174 61387 11362 48 117 111 327 113 2014 2984 23 245 59 135 10634 4801 1028 2385 26 40 157 106 39
internal_value=0.010546 13.0326 -3.87744 17.0089 28.3009 30.3979 57.4697 28.9647 -23.4124 15.3952 -3.4053 16.195 6.71876 13.53 92.7891 -17.5791 17.8104 39.6074 24.753 27.1545 -22.2901 5.91054 -2.97096 11.8097 8.06183 7.01862 14.2381 13.443 3.64154 3.24682 -1.77025 -11.1151 -5.13064 -0.533937 14.7456 51.408 33.2021 3.60873 64.5325 33.7537 -5.82628 17.0785 7.26197 38.7431 48.7626 -0.876593 -9.15789 -5.60796 2.48922 0.775278 8.72319 -0.119022 -4.81698 -0.41878 1.81189 -0.555287 5.65306 9.86163 35.4392 -26.41 -35.489 66.1569
internal_weight=168960 38847 130113 24928 3115 2994 515 286 121 21813 890 20923 3048 2381 229 667 17875 579 2479 2359 120 13919 2714 964 11205 10769 3431 3409 7338 811 752 1750 1406 47913 1050 177 157 989 166 436 82200 17296 873 165 142 46863 2454 2127 7078 798 618 708 649 44409 18848 11662 7186 94 68 180 344 59
internal_count=168960 38847 130113 24928 3115 2994 515 286 121 21813 890 20923 3048 2381 229 667 17875 579 2479 2359 120 13919 2714 964 11205 10769 3431 3409 7338 811 752 1750 1406 47913 1050 177 157 989 166 436 82200 17296 873 165 142 46863 2454 2127 7078 798 618 708 649 44409 18848 11662 7186 94 68 180 344 59
is_linear=0
shrinkage=0.05


Tree=56
num_leaves=63
num_cat=0
split_feature=10 12 10 16 6 10 10 0 0 5 17 16 16 5 7 12 5 14 16 17 16 16 6 17 5 0 14 14 17 17 14 12 9 12 10 11 6 13 16 14 10 17 0 0 11 0 13 16 11 16 14 16 9 6 17 0 5 14 13 11 5 11
split_gain=3.08852e+09 4.03593e+08 3.07281e+08 1.34226e+08 1.5536e+08 1.26099e+08 1.16629e+08 1.12653e+08 1.32468e+08 1.29352e+08 1.55306e+08 1.3573e+08 1.10074e+08 1.10767e+08 1.03821e+08 1.30366e+08 1.64631e+08 1.182e+08 1.30944e+08 1.01995e+08 1.56054e+08 1.81533e+08 2.53544e+08 1.55196e+08 1.5823e+08 1.21738e+08 8.66341e+07 1.30362e+08 8.36984e+07 8.3694e+07 8.22371e+07 1.77941e+08 1.64563e+08 8.0645e+07 7.8186e+07 6.79827e+07 6.76466e+07 1.09897e+08 9.23057e+07 6.72709e+07 6.6305e+07 6.42369e+07 6.22483e+07 8.58936e+07 6.07744e+07 6.04058e+07 1.83998e+08 1.21592e+08 6.03141e+07 5.83808e+07 5.72898e+07 5.59548e+07 5.58707e+07 4.9947e+07 5.60354e+07 4.98399e+07 4.74798e+07 6.22576e+07 4.50722e+07 4.4874e+07 4.2322e+07 4.22163e+07
threshold=5380.0250000000005 9318.6050000000014 3200.1050000000005 19.950000000000003 1.0000000180025095e-35 17561.605000000003 10000.005000000003 35.500000000000007 70.500000000000014 2021.5000000000002 30.450000000000003 29.850000000000005 14.950000000000001 2023.5000000000002 1.0000000180025095e-35 8317.7064285714314 2023.5000000000002 6364.6003333333347 36.650000000000013 27.350000000000005 21.750000000000004 16.150000000000002 1.0000000180025095e-35 29.650000000000002 2021.5000000000002 71.500000000000014 10886.632333333335 8792.7155000000039 15.950000000000001 30.550000000000004 4578.8211666666675 5957.3464285714299 2.5000000000000004 7016.8400000000011 9000.7350000000024 4657.0250000000005 1.0000000180025095e-35 439.60668816133267 33.650000000000013 4972.6048333333347 1772.575 30.150000000000002 5.5000000000000009 73.500000000000014 9000.715000000002 31.500000000000004 2991.7333866594622 17.750000000000004 3126.7000000000003 23.250000000000004 10430.596833333335 18.550000000000004 1.0000000180025095e-35 1.0000000180025095e-35 31.350000000000005 7.5000000000000009 2021.5000000000002 5731.0273333333344 1181.6372607697024 7400.4050000000007 2023.5000000000002 11999.985000000002
decision_type=2 2 2 2 2 2 2 2 2 2 2 2 2 2 2 2 2 2 2 2 2 2 2 2 2 2 2 2 2 2 2 2 2 2 2 2 2 2 2 2 2 2 2 2 2 2 2 2 2 2 2 2 2 2 2 2 2 2 2 2 2 2
left_child=2 3 40 12 6 19 26 9 34 10 -6 -11 33 56 15 36 17 -17 -19 28 21 -21 -23 24 -22 -25 27 -5 -3 51 32 -32 -8 -2 -9 -7 37 -4 44 -39 53 49 -43 -44 -38 47 -47 -30 -10 -37 -51 -15 -16 54 -1 -18 -14 -58 -40 -57 -55 -28
right_child=1 5 14 4 7 35 30 8 48 11 -12 -13 13 29 52 16 55 18 -20 20 23 22 -24 25 -26 -27 61 -29 45 -31 31 -33 -34 -35 -36 41 38 39 58 -41 -42 42 43 -45 -46 46 -48 -49 -50 50 -52 -53 -54 60 -56 59 57 -59 -60 -61 -62 -63
leaf_value=-15.772276085545904 2.5749884003739498 -66.014195486704509 -2.9383511168520333 10.425470778163934 -21.992823472404481 -27.315835667201455 34.979247082900997 -22.637328367412298 47.229653732115963 25.071924884615022 81.649742608426223 -3.1648368441478905 -18.799257359448365 -31.15606083167566 0.38746422086007382 52.99629490126911 -0.092869290454047071 -7.6558297571301299 56.230969801161024 27.148151507023403 -71.080437151411886 2.5025256991528053 -62.666121042427029 12.746056309577776 5.674441054890786 24.297289036552968 12.062954789754507 25.680013391419084 31.764595402279042 -98.777792816162105 -119.2452143496559 28.173348937730111 165.95907140731811 18.399946664648105 5.6969915390226262 36.94468676300049 -0.94441769276969145 0.4170983628704612 -8.118572949566536 6.0634686362564931 -5.5190207355370156 113.28011639106565 17.201626634078774 65.276429568143996 -23.584614752687905 25.6438774038864 -82.868411401018491 91.885011692237867 3.9012223376106023 -87.086842226774806 23.709379415512085 18.072834803263348 -14.274447280197897 -15.826397906669374 -1.877090446236646 -4.5539635627746584 10.289094600732579 -6.1203772622342072 -23.163582394941642 67.618424280738836 -41.85541729400898 -53.811054437715711
leaf_weight=1617 2234 23 15555 8706 49 34 99 873 82 773 133 945 327 295 927 116 41 736 89 349 70 504 211 3701 1236 5961 36 1669 547 38 20 856 31 1258 337 99 11886 14132 3039 8416 68235 40 146 259 303 1760 39 99 2499 22 23 71 2171 485 1316 24 1081 1240 595 199 231 72
leaf_count=1617 2234 23 15555 8706 49 34 99 873 82 773 133 945 327 295 927 116 41 736 89 349 70 504 211 3701 1236 5961 36 1669 547 38 20 856 31 1258 337 99 11886 14132 3039 8416 68235 40 146 259 303 1760 39 99 2499 22 23 71 2171 485 1316 24 1081 1240 595 199 231 72
internal_value=0.0103439 12.382 -3.68346 8.31245 10.6335 18.7651 13.9798 3.87682 -1.10398 13.8102 53.7782 9.54725 2.21827 -4.71734 -0.983677 -0.483113 15.7752 5.96498 -0.704061 17.8163 15.9145 -2.3658 -16.7897 17.6879 1.50923 19.8744 12.4169 12.8817 27.0779 -29.0698 30.2374 24.6755 67.2414 8.2796 -14.7477 40.7844 -0.846698 0.294512 -3.59467 2.52477 -5.87034 44.7551 54.1368 48.0308 -1.50911 27.9802 23.2467 41.1059 5.29555 15.5896 -31.1732 -21.583 -9.88852 -12.4366 -9.54045 50.5884 -0.992353 1.52343 -10.5876 59.8653 -24.2707 -31.9438
internal_weight=168960 38847 130113 23724 17180 15123 11489 5691 3791 1900 182 1718 6544 3052 58229 55131 1205 941 825 14500 12032 1064 715 10968 1306 9662 10483 10375 2468 404 1006 876 130 3492 1210 623 53926 38103 15823 22548 71884 589 445 405 12189 2445 1799 646 2581 144 45 366 3098 3649 2933 264 2648 2321 3634 223 716 108
internal_count=168960 38847 130113 23724 17180 15123 11489 5691 3791 1900 182 1718 6544 3052 58229 55131 1205 941 825 14500 12032 1064 715 10968 1306 9662 10483 10375 2468 404 1006 876 130 3492 1210 623 53926 38103 15823 22548 71884 589 445 405 12189 2445 1799 646 2581 144 45 366 3098 3649 2933 264 2648 2321 3634 223 716 108
is_linear=0
shrinkage=0.05


Tree=57
num_leaves=63
num_cat=0
split_feature=10 10 10 2 0 17 0 2 10 0 14 11 15 16 17 16 16 9 15 0 4 0 4 2 0 10 17 8 16 17 16 11 2 14 11 2 16 15 2 9 16 15 16 14 9 11 2 16 4 15 2 16 0 16 0 7 7 4 17 10 2 2
split_gain=2.78748e+09 3.65042e+08 2.79524e+08 1.52666e+08 2.65373e+08 1.38226e+08 1.45141e+08 1.37924e+08 1.60315e+08 1.37688e+08 1.19226e+08 1.0075e+08 9.80321e+07 9.72334e+07 1.25174e+08 1.88078e+08 1.41237e+08 1.16431e+08 1.16357e+08 1.00648e+08 1.20012e+08 9.28053e+07 9.15637e+07 9.15333e+07 1.9068e+08 1.10861e+08 8.94032e+07 1.55525e+08 1.57027e+08 8.81151e+07 8.96352e+07 8.58714e+07 1.34149e+08 1.05564e+08 8.31513e+07 8.15716e+07 8.04436e+07 1.24308e+08 7.63153e+07 2.15845e+08 1.48354e+08 1.98178e+08 1.03875e+08 9.60011e+07 8.92084e+07 8.6692e+07 8.19015e+07 8.82423e+07 7.72971e+07 1.12616e+08 7.52833e+07 1.44087e+08 7.59861e+07 1.02885e+08 8.17166e+07 7.01013e+07 6.85308e+07 2.45509e+08 1.84062e+08 8.59341e+07 1.08969e+08 6.62043e+07
threshold=5380.0250000000005 9000.7350000000024 3500.1650000000004 1.0000000180025095e-35 20.500000000000004 31.850000000000005 78.500000000000014 5.5000000000000009 17561.605000000003 9.5000000000000018 6595.5581666666667 8866.1750000000011 2626.83971176149 35.750000000000007 31.350000000000005 20.550000000000004 35.250000000000007 3.5000000000000004 4296.4042702189172 79.500000000000014 8.5000000000000018 52.500000000000007 1.5000000000000002 1.0000000180025095e-35 29.500000000000004 1699.6250000000002 33.350000000000001 2.5000000000000004 30.250000000000004 34.550000000000004 35.650000000000013 3996.0750000000003 1.5000000000000002 4309.491500000001 5299.6850000000004 1.5000000000000002 36.650000000000013 3521.684421886674 1.0000000180025095e-35 1.0000000180025095e-35 27.750000000000004 2439.7967236193613 20.150000000000002 7422.8466666666673 1.0000000180025095e-35 7000.6250000000009 5.5000000000000009 30.250000000000004 8.5000000000000018 2851.2075787924528 1.5000000000000002 25.850000000000005 25.500000000000004 19.750000000000004 5.5000000000000009 1.0000000180025095e-35 1.0000000180025095e-35 9.5000000000000018 29.850000000000005 10000.005000000003 3.5000000000000004 1.5000000000000002
decision_type=2 2 2 2 2 2 2 2 2 2 2 2 2 2 2 2 2 2 2 2 2 2 2 2 2 2 2 2 2 2 2 2 2 2 2 2 2 2 2 2 2 2 2 2 2 2 2 2 2 2 2 2 2 2 2 2 2 2 2 2 2 2
left_child=2 3 23 4 -2 6 10 8 56 29 -6 12 -7 14 17 -16 -17 18 -9 20 21 -15 -19 24 -1 -25 31 35 -29 30 -5 33 -33 -11 -8 -28 55 -38 39 -4 42 -42 -41 -44 48 -43 61 -48 49 -40 51 -10 54 -54 -52 -26 59 58 -58 -3 -61 -46
right_child=1 7 38 9 5 11 34 13 50 26 -12 -13 -14 19 15 16 -18 22 -20 -21 -22 -23 -24 25 36 -27 27 28 -30 -31 -32 32 -34 -35 -36 -37 37 -39 44 40 41 45 43 -45 46 -47 47 -49 -50 -51 52 -53 53 -55 -56 -57 57 -59 -60 60 -62 -63
leaf_value=-10.336497168903678 -13.786304245472994 15.039826342523554 -9.0920965513800365 14.896312047824502 6.4088313158261832 50.58500853977705 62.309723107474191 9.1093919856608832 -99.053727083206184 7.4370882540404928 48.746938478447191 26.373086369574381 117.90313298367906 54.713347066243493 -123.2936732339859 21.694039427324171 -55.083446943495005 25.064373585420498 -58.518305913420285 69.850275688252893 67.662345559737261 -34.472768731939382 -31.100691553467801 -17.76068688689881 0.99050303756181735 -5.5419815656565792 -36.206034864489588 -21.318748911593826 59.831408073233391 78.391621378914252 93.804929133234793 -6.2359059955353127 9.3222914257566298 -15.446224330103171 -12.113691603212112 -6.7166349351071153 8.528167572416157 91.532454853887145 4.4393955133631495 12.500786091041324 14.481284436961921 84.648216704859891 0.11695437895003145 -38.313589525312743 -6.8131016286091892 32.825568951097736 -3.1114982845271331 -17.414752544355895 -3.5492768486410018 34.873539537213887 68.893389858669707 37.798573101869565 157.68483335297685 57.949202904634085 -31.722943262846577 -17.151163066891893 -36.801691825759242 -62.909191676934569 26.671939029074128 17.285263855457305 30.826848099789899 0.038560937907407597
leaf_weight=4368 458 9794 1787 1381 260 151 41 984 23 977 462 190 86 38 23 1239 62 84 67 116 67 115 503 1906 7531 70281 275 93 163 60 36 1640 8906 1039 352 1565 2361 45 6902 1526 1051 164 696 211 4377 162 2783 1760 3205 317 35 96 28 283 45 572 141 119 584 3835 2431 18108
leaf_count=4368 458 9794 1787 1381 260 151 41 984 23 977 462 190 86 38 23 1239 62 84 67 116 67 115 503 1906 7531 70281 275 93 163 60 36 1640 8906 1039 352 1565 2361 45 6902 1526 1051 164 696 211 4377 162 2783 1760 3205 317 35 96 28 283 45 572 141 119 584 3835 2431 18108
internal_value=0.00988972 11.7632 -3.49928 6.58281 19.6098 29.5316 20.236 16.2985 18.0741 4.96694 33.5305 53.7004 75.4055 6.91999 4.02313 15.45 17.9957 -5.21706 4.74667 32.3695 12.3802 -12.1105 -23.0345 -5.12886 -1.55755 -5.86484 3.50005 -6.05757 30.3828 19.5124 16.9658 5.09511 6.90249 -4.35825 -4.21096 -11.1413 2.092 10.118 -0.203493 5.24168 11.9653 25.0739 4.53892 -8.85568 -1.01736 59.075 -2.53281 -8.65532 2.91184 5.78046 45.6762 10.7431 56.2534 67.4053 12.6037 -0.292096 17.2387 3.3469 14.2937 17.9685 22.543 -1.29545
internal_weight=168960 38847 130113 18135 2000 1542 1115 20712 17414 16135 722 427 237 3298 2962 1324 1301 1638 1051 336 220 153 587 87064 14877 72187 14658 2096 256 1477 1417 12562 10546 2016 393 1840 10509 2406 43049 5597 3810 1377 2433 907 37452 326 27028 4543 10424 7219 510 119 391 311 80 8103 16904 844 725 16060 6266 22485
internal_count=168960 38847 130113 18135 2000 1542 1115 20712 17414 16135 722 427 237 3298 2962 1324 1301 1638 1051 336 220 153 587 87064 14877 72187 14658 2096 256 1477 1417 12562 10546 2016 393 1840 10509 2406 43049 5597 3810 1377 2433 907 37452 326 27028 4543 10424 7219 510 119 391 311 80 8103 16904 844 725 16060 6266 22485
is_linear=0
shrinkage=0.05


Tree=58
num_leaves=63
num_cat=0
split_feature=10 10 2 12 3 1 13 16 5 12 2 7 5 13 10 16 3 16 7 15 9 9 1 3 16 12 1 3 3 17 3 15 7 16 16 8 3 15 16 17 1 7 12 2 3 2 3 1 16 3 5 3 3 3 3 3 3 17 5 13 17 2
split_gain=2.52146e+09 4.78211e+08 1.54054e+08 1.61579e+08 2.36006e+08 1.65524e+08 1.41248e+08 1.41511e+08 1.37011e+08 1.69163e+08 1.41779e+08 1.47705e+08 1.40522e+08 1.36622e+08 1.29397e+08 1.26001e+08 1.23729e+08 1.15328e+08 1.14682e+08 1.09135e+08 1.0449e+08 1.02568e+08 1.01452e+08 1.00951e+08 1.15497e+08 1.4366e+08 9.41729e+07 2.54103e+08 2.37421e+08 1.89899e+08 1.65854e+08 1.21953e+08 1.02504e+08 8.57893e+07 1.06121e+08 8.51239e+07 5.30578e+08 1.2513e+08 1.07402e+08 2.23376e+08 8.14826e+07 7.88769e+07 7.70039e+07 7.41828e+07 7.11688e+07 7.03788e+07 6.66838e+07 6.57954e+07 1.351e+08 1.97919e+08 2.94864e+08 1.18943e+08 4.30778e+08 1.68227e+08 1.5438e+08 1.5378e+08 9.16622e+07 7.59972e+07 6.58875e+07 6.51409e+07 6.4403e+07 6.31075e+07
threshold=7190.6650000000009 4155.0950000000003 5.5000000000000009 14389.699285714289 288.50000000000006 1.5000000000000002 2843.2674264134635 29.850000000000005 2021.5000000000002 12000.380714285717 3.5000000000000004 1.0000000180025095e-35 2023.5000000000002 5307.9257483933907 2883.9550000000004 28.250000000000004 88.500000000000014 18.550000000000004 1.0000000180025095e-35 1768.1874357325451 1.0000000180025095e-35 1.0000000180025095e-35 3.5000000000000004 275.50000000000006 29.250000000000004 7821.4828571428579 17.500000000000004 124.50000000000001 221.50000000000003 30.550000000000004 80.500000000000014 2567.6281353571862 1.0000000180025095e-35 25.650000000000002 27.350000000000005 2.5000000000000004 278.50000000000006 4296.4042702189172 24.850000000000005 29.950000000000003 18.500000000000004 1.0000000180025095e-35 8786.0628571428588 1.5000000000000002 308.50000000000006 5.5000000000000009 259.50000000000006 19.500000000000004 33.45000000000001 188.50000000000003 2023.5000000000002 239.50000000000003 246.50000000000003 124.50000000000001 112.50000000000001 154.50000000000003 358.50000000000006 31.250000000000004 2022.5000000000002 3633.0448536059257 30.950000000000003 1.0000000180025095e-35
decision_type=2 2 2 2 2 2 2 2 2 2 2 2 2 2 2 2 2 2 2 2 2 2 2 2 2 2 2 2 2 2 2 2 2 2 2 2 2 2 2 2 2 2 2 2 2 2 2 2 2 2 2 2 2 2 2 2 2 2 2 2 2 2
left_child=1 14 3 13 5 -5 7 -7 35 10 11 19 -13 26 61 20 -11 -15 -8 -10 -12 -6 23 24 -4 -26 27 30 -29 32 -2 -31 -28 60 -35 37 -37 43 44 -40 -17 42 -16 59 -38 -45 -39 51 49 57 -51 53 -53 54 -24 -55 -54 -49 -50 -3 -19 -1
right_child=2 8 22 4 21 6 18 -9 9 16 15 12 -14 17 41 40 -18 33 -20 -21 -22 -23 47 -25 25 -27 29 28 -30 31 -32 -33 -34 34 -36 36 38 46 39 -41 -42 -43 -44 45 -46 -47 -48 48 58 50 -52 52 56 55 -56 -57 -58 -59 -60 -61 -62 -63
leaf_value=-2.301394969334464 10.789962480622307 -15.446481947506612 41.576422082679812 120.54679901123048 -116.80348583221435 27.883328789197481 61.885761791086694 -80.861248205275757 4.6659122225788456 150.3515591318467 15.452581249060408 -24.841002017242023 21.830217170327767 -34.873636169433603 -2.2475728908644039 -8.4038870487162747 18.497245913774538 145.14125868193958 -29.587500008030947 13.810395532230542 0.84347951100494789 15.025910197666713 -9.6412331524896047 84.444024487772296 -42.554588100945772 25.987961379704849 11.477503658810875 -10.534767009854065 11.620473609151361 19.233666646804807 28.807072588411007 34.643181818987465 -26.684510365361753 -61.059919117518838 64.417421920407904 93.500570845127129 -37.450583353916201 20.386993424733479 136.18250735388861 1.5126101053540952 10.345769636677273 -10.477233668608548 23.719345813495355 -0.32680323883140261 -1.4332128739728234 -15.341398057203889 135.24082715905232 -0.96148284594217925 8.1977320244001302 0.75484799802901348 -94.402893790134371 99.270096171749529 -9.8343672343286972 -114.46643660330004 46.171698127632411 -26.551368438624593 53.220131402015681 38.29099889517655 51.595521054189717 -91.349314259496239 46.574159714835034 -6.7842284699384896
leaf_weight=9614 2713 1204 262 70 31 103 387 41 7009 33 1682 620 217 30 55009 4292 38 48 37 6106 4488 27 971 61 133 177 4062 1891 3350 4727 2416 1766 183 20 87 159 261 29 35 213 669 2969 286 3730 288 986 22 215 137 298 111 120 579 61 141 257 63 288 243 28 27 42840
leaf_count=9614 2713 1204 262 70 31 103 387 41 7009 33 1682 620 217 30 55009 4292 38 48 37 6106 4488 27 971 61 133 177 4062 1891 3350 4727 2416 1766 183 20 87 159 261 29 35 213 669 2969 286 3730 288 986 22 215 137 298 111 120 579 61 141 257 63 288 243 28 27 42840
internal_value=0.00961642 -2.60313 14.2889 15.9489 39.6455 48.4348 39.3516 -3.42277 2.76923 4.48663 4.26677 7.62423 -12.7294 15.1735 -4.16116 0.0581079 81.0188 55.03 53.8526 8.92407 4.82792 -56.22 5.40967 23.8071 17.2044 -3.46126 14.7706 11.3701 3.62618 18.0533 19.2808 23.4295 9.82646 69.9589 40.6155 -3.4418 10.4076 -5.65021 -6.26564 20.9891 -5.87388 -2.53924 -2.11284 -6.32433 -18.5932 -3.46857 71.5799 2.06122 11.0066 0.559681 -25.2376 -3.21397 12.7311 -11.7135 -2.5291 -43.7216 -3.57362 21.5445 36.0121 -17.2442 110.737 -5.96265
internal_weight=168960 142827 26133 22016 696 638 568 144 32109 25154 25083 13952 837 21320 110718 11131 71 212 424 13115 6170 58 4117 633 572 310 21108 10370 5241 10738 5129 6493 4245 182 107 6955 956 5999 797 248 4961 58264 55295 5948 549 4716 51 3484 1292 912 409 2192 762 1430 1112 318 642 503 380 1232 75 52454
internal_count=168960 142827 26133 22016 696 638 568 144 32109 25154 25083 13952 837 21320 110718 11131 71 212 424 13115 6170 58 4117 633 572 310 21108 10370 5241 10738 5129 6493 4245 182 107 6955 956 5999 797 248 4961 58264 55295 5948 549 4716 51 3484 1292 912 409 2192 762 1430 1112 318 642 503 380 1232 75 52454
is_linear=0
shrinkage=0.05


Tree=59
num_leaves=63
num_cat=0
split_feature=10 10 10 5 6 3 3 3 3 15 16 0 17 11 17 3 3 13 15 5 16 3 0 9 13 11 16 3 10 3 10 6 16 16 0 13 17 3 7 3 3 9 15 6 16 15 3 16 3 13 17 3 5 10 15 16 11 17 17 10 3 17
split_gain=2.2782e+09 2.98038e+08 2.32581e+08 1.2517e+08 2.18107e+08 3.61143e+08 6.81504e+08 2.92699e+08 9.27214e+08 2.21107e+08 2.13609e+08 2.08333e+08 1.58279e+08 1.42412e+08 2.56223e+08 1.6943e+08 1.16141e+08 1.12109e+08 1.07559e+08 8.84017e+07 1.05476e+08 1.75927e+08 1.04102e+08 9.44626e+07 8.88265e+07 8.70238e+07 1.47072e+08 8.6715e+07 1.17786e+08 1.63902e+08 1.11545e+08 8.6711e+07 8.65051e+07 9.32255e+07 8.50114e+07 1.09617e+08 1.12794e+08 9.464e+07 8.47433e+07 8.46553e+07 9.74265e+07 7.84233e+07 7.62949e+07 1.44386e+08 1.51582e+08 1.33099e+08 1.12014e+08 1.47722e+08 8.47923e+07 7.64447e+07 7.11621e+07 6.51212e+07 8.96255e+07 6.81328e+07 6.42601e+07 6.14284e+07 6.19853e+07 6.09643e+07 6.05723e+07 5.852e+07 5.84913e+07 5.76792e+07
threshold=5380.0250000000005 7500.6450000000013 3200.1050000000005 2022.5000000000002 1.0000000180025095e-35 98.500000000000014 86.500000000000014 84.500000000000014 80.500000000000014 3403.9999007376414 32.350000000000001 30.500000000000004 32.850000000000001 8866.1750000000011 33.95000000000001 96.500000000000014 82.500000000000014 4616.0243041607218 3521.684421886674 2021.5000000000002 30.950000000000003 271.50000000000006 3.5000000000000004 1.0000000180025095e-35 2532.1218247354968 7179.5000000000009 24.850000000000005 12.500000000000002 9999.3950000000023 102.50000000000001 8000.7650000000012 1.0000000180025095e-35 39.550000000000004 35.95000000000001 73.500000000000014 4054.8412523223624 31.150000000000002 349.50000000000006 1.0000000180025095e-35 88.500000000000014 178.50000000000003 3.5000000000000004 937.68331187074318 1.0000000180025095e-35 31.850000000000005 4534.1532565239222 86.500000000000014 33.550000000000004 322.50000000000006 1156.481535066634 33.250000000000007 4.5000000000000009 2023.5000000000002 11999.985000000002 3067.0207331697102 31.450000000000003 6999.6950000000006 31.950000000000003 19.650000000000002 2006.9400000000003 230.50000000000003 31.350000000000005
decision_type=2 2 2 2 2 2 2 2 2 2 2 2 2 2 2 2 2 2 2 2 2 2 2 2 2 2 2 2 2 2 2 2 2 2 2 2 2 2 2 2 2 2 2 2 2 2 2 2 2 2 2 2 2 2 2 2 2 2 2 2 2 2
left_child=2 19 59 4 7 6 9 8 11 -6 17 -3 -8 15 -15 -9 -10 -7 -12 20 23 55 24 -2 61 -25 -27 51 29 31 -31 -29 33 -30 37 36 -36 58 42 -40 54 57 -4 44 48 -46 47 -45 -44 -48 -34 53 -53 -5 -41 -22 -57 -23 -24 -1 -42 -21
right_child=1 3 38 27 5 10 12 13 16 -11 18 -13 -14 14 -16 -17 -18 -19 -20 22 21 41 34 25 -26 26 -28 28 32 30 -32 -33 50 -35 35 -37 -38 -39 39 40 60 -43 43 46 45 -47 49 -49 -50 -51 -52 52 -54 -55 -56 56 -58 -59 -60 -61 -62 -63
leaf_value=-8.3013097964168683 -34.081464769169905 61.045856633653834 -2.000942236176487 14.965639603658378 -29.327949174564317 25.187032074029016 -98.441120006478343 -46.189922004994891 76.932097114894702 39.802890205246413 -9.5764771222436895 -8.3307783845179806 -239.93118647460938 32.381221886456743 0.0068515307792110158 13.269469544791727 147.1758526225843 104.5471290488865 25.016231918003385 9.0696404056933346 49.741628648823706 -19.618076238632202 28.349472634398822 -9.6048691804268511 83.686181678006903 -1.7781208879985506 97.600112416969154 2.4335476509323897 10.786156882722041 10.245521729808527 -26.211665357812382 32.988504730864896 5.5523964355468749 26.554110745410533 5.3624413835409834 105.87724411010741 25.132705269256704 32.292938046966931 -29.877185438113038 4.4912603806450413 -29.32639398012104 138.64685932617186 0.18401026598434553 6.3392151770145961 10.221826324318743 89.854724231216153 -3.4130898779421197 137.00755977283825 23.65745956031671 -16.019242387812319 -115.98682271321616 51.961586052770201 11.604405716569909 -64.78299272352649 82.678662601047108 4.1533221486885799 -30.299784347263312 59.081494007110599 0.83323243009114556 -4.4365099901211478 -7.6538329551426969 53.688028444617686
leaf_weight=11700 344 152 31035 196 258 1489 114 125 91 208 877 369 24 2947 771 2450 189 45 301 272 57 31 205 1229 66 125 52 679 10605 297 710 352 24 1028 2363 30 1038 260 414 993 414 24 11529 1298 5468 52 3499 21 397 1832 23 344 230 30 26 573 168 111 6873 60184 1251 98
leaf_count=11700 344 152 31035 196 258 1489 114 125 91 208 877 369 24 2947 771 2450 189 45 301 272 57 31 205 1229 66 125 52 679 10605 297 710 352 24 1028 2363 30 1038 260 414 993 414 24 11529 1298 5468 52 3499 21 397 1832 23 344 230 30 26 573 168 111 6873 60184 1251 98
internal_value=0.00937788 10.6349 -3.16307 13.9074 18.092 7.5033 -27.4316 23.0398 51.4948 1.54788 15.291 11.9878 -124.597 19.4103 25.6696 10.3663 124.702 27.5817 -0.723698 4.77347 -3.32208 9.95221 6.73444 -10.6358 30.6593 -4.87934 27.802 10.9058 9.97112 -1.11994 -15.4596 12.8874 11.9063 12.1817 5.76305 12.2587 11.402 2.72464 -0.814257 -8.85945 -5.6076 56.6199 -0.362017 1.74887 4.13841 10.9881 -4.51966 8.52183 0.967327 -7.74739 -55.1014 26.9005 35.8389 4.14076 6.56534 0.185679 -3.68821 41.8835 1.63408 -5.06566 -13.0571 21.0004
internal_weight=168960 38847 130113 24928 10410 3316 604 7094 801 466 2712 521 138 6293 3718 2575 280 1534 1178 13919 2714 964 11205 1750 436 1406 177 14518 13718 2038 1007 1031 11680 11633 10769 3431 3401 7338 58229 3098 2684 166 55131 24096 17446 5520 6650 1319 11926 5331 47 800 574 226 1019 798 741 142 7078 71884 1665 370
internal_count=168960 38847 130113 24928 10410 3316 604 7094 801 466 2712 521 138 6293 3718 2575 280 1534 1178 13919 2714 964 11205 1750 436 1406 177 14518 13718 2038 1007 1031 11680 11633 10769 3431 3401 7338 58229 3098 2684 166 55131 24096 17446 5520 6650 1319 11926 5331 47 800 574 226 1019 798 741 142 7078 71884 1665 370
is_linear=0
shrinkage=0.05


Tree=60
num_leaves=63
num_cat=0
split_feature=10 12 12 3 3 3 3 9 10 3 10 12 3 1 13 10 16 17 15 3 3 10 6 17 16 16 11 8 3 3 3 3 3 1 16 7 7 3 8 12 3 16 16 17 11 6 17 6 10 3 14 1 11 12 10 15 3 16 3 12 10 3
split_gain=2.05631e+09 2.79781e+08 2.17368e+08 1.91949e+08 1.14578e+09 1.79254e+08 3.0211e+08 1.46565e+08 1.14563e+08 1.08962e+08 1.34562e+08 9.45022e+07 2.85649e+08 1.57533e+08 1.35778e+08 1.29509e+08 1.10713e+08 9.69575e+07 1.67469e+08 1.31874e+08 4.11484e+08 3.78698e+08 1.95344e+08 1.59198e+08 1.83758e+08 1.20585e+08 9.10726e+07 1.75795e+08 1.82674e+08 1.45925e+08 1.34486e+08 2.12161e+08 1.01693e+08 8.49009e+07 7.6642e+07 7.50637e+07 7.30992e+07 9.52116e+07 1.06575e+08 8.77436e+07 1.07156e+08 1.42462e+08 8.25635e+07 7.28577e+07 6.21517e+07 1.81119e+08 6.15541e+07 6.95368e+07 6.01658e+07 8.27628e+07 7.95814e+07 5.72758e+07 1.01819e+08 9.41636e+07 5.7108e+07 5.55345e+07 5.76826e+07 4.7548e+07 4.71971e+07 4.61387e+07 4.25647e+07 4.11373e+07
threshold=5380.0250000000005 9318.6050000000014 3232.0200000000009 80.500000000000014 84.500000000000014 60.500000000000007 62.500000000000007 3.5000000000000004 6500.0950000000012 82.500000000000014 12000.005000000003 14389.699285714289 288.50000000000006 2.5000000000000004 2532.1218247354968 14498.490000000002 28.650000000000002 27.350000000000005 4534.1532565239222 96.500000000000014 90.500000000000014 9999.3950000000023 1.0000000180025095e-35 29.750000000000004 21.550000000000004 33.45000000000001 3980.2600000000007 2.5000000000000004 248.50000000000003 304.50000000000006 114.50000000000001 134.50000000000003 96.500000000000014 17.500000000000004 24.850000000000005 1.0000000180025095e-35 1.0000000180025095e-35 88.500000000000014 1.5000000000000002 8540.0042857142889 88.500000000000014 27.050000000000004 20.750000000000004 15.950000000000001 6389.3550000000005 1.0000000180025095e-35 27.450000000000003 1.0000000180025095e-35 8300.0150000000012 52.500000000000007 9298.9300000000021 15.500000000000002 9999.3950000000023 5032.6292857142871 2399.6150000000002 3286.8340494294148 90.500000000000014 23.650000000000002 220.50000000000003 6808.1014285714291 3648.6000000000008 48.500000000000007
decision_type=2 2 2 2 2 2 2 2 2 2 2 2 2 2 2 2 2 2 2 2 2 2 2 2 2 2 2 2 2 2 2 2 2 2 2 2 2 2 2 2 2 2 2 2 2 2 2 2 2 2 2 2 2 2 2 2 2 2 2 2 2 2
left_child=2 3 54 5 7 35 8 9 -7 59 -11 17 13 57 15 -15 -14 18 43 20 21 -19 -22 25 -25 -21 27 28 -6 -29 32 -32 -28 -16 -9 48 39 -38 55 51 41 42 -41 -3 -8 -46 -42 -48 49 -2 -50 52 60 -53 -1 56 -39 -13 -54 -5 -4 -45
right_child=1 11 36 4 26 6 44 34 -10 10 -12 12 16 14 33 -17 -18 19 -20 23 22 -23 -24 24 -26 -27 30 29 -30 -31 31 -33 -34 -35 -36 -37 37 38 -40 40 46 -43 -44 61 45 -47 47 -49 50 -51 -52 53 58 -55 -56 -57 -58 -59 -60 -61 -62 -63
leaf_value=-6.8858756026646706 -2.5979920490353718 -64.744065106709797 -3.2152990092209657 59.677577174705789 0.1454884133419711 -30.340119786580402 -1.5696387613326064 16.2857446850368 -121.90929531279065 206.93604073079428 99.604008371206433 74.845170464833572 -80.046979738871258 -113.56330372443568 21.118823533234774 13.332538985348819 37.598672686985566 63.069989750839639 141.00688655598958 -12.912091302310394 -20.870343279013269 -5.9203393538434401 -109.81967040469429 -25.916600104316338 18.080574802670643 16.557259498546298 1.2372787666399747 36.149717088311242 -35.036380217824437 -25.225794070377827 -21.75399077098767 8.697379288561919 28.595206536013656 62.753713135554314 110.20669768810272 -43.178758284091948 -29.770382868929474 39.603451603327954 -12.700845477713342 50.146825464401246 84.2451161315918 172.35497975667317 -45.090256088801794 18.60307945960469 -44.8407557689576 15.195209425693722 12.624027530171823 -21.13557869873047 22.486224551999399 19.893761458866241 -15.345032900507579 -0.10996861137181553 -6.8995074698063723 8.8064868275463084 -3.8712994688701823 58.132316434523638 0.94456624582803606 152.10766397139605 -25.655291908954087 121.49943099410446 0.34219274082806428 32.892240664278226
leaf_weight=23219 2098 23 15026 78 2183 59 1076 69 83 59 64 59 71 25 215 88 27 264 29 857 142 797 109 243 8870 582 452 488 443 120 599 12280 1367 288 31 79 435 106 1668 124 24 20 27 1677 335 200 642 199 835 507 166 14841 763 3698 48600 50 983 33 599 53 19089 724
leaf_count=23219 2098 23 15026 78 2183 59 1076 69 83 59 64 59 71 25 215 88 27 264 29 857 142 797 109 243 8870 582 452 488 443 120 599 12280 1367 288 31 79 435 106 1668 124 24 20 27 1677 335 200 642 199 835 507 166 14841 763 3698 48600 50 983 33 599 53 19089 724
internal_value=0.00917689 10.104 -3.00482 6.71565 9.16815 -1.53138 -14.6885 98.1199 -84.3412 118.298 152.342 15.4186 32.0734 43.1507 33.9245 -15.4916 -47.582 14.4788 23.5286 12.6058 -2.34235 11.2892 -59.7803 14.4645 16.9047 -0.99006 7.40676 -0.189648 -5.80069 24.0146 9.07809 7.27951 21.8015 45.0347 46.2042 4.7299 -0.736418 -8.0314 -4.65311 -0.30668 14.0999 50.147 32.933 22.0656 -8.50047 -22.4109 6.92409 4.62011 5.79116 1.78543 16.2035 -0.583246 -1.7602 1.66899 -4.84599 7.13314 4.74039 103.897 -15.161 85.4205 -1.22476 22.9237
internal_weight=168960 38847 130113 23724 18286 5438 1753 354 142 254 123 15123 806 708 616 113 98 14317 2453 11864 1312 1061 251 10552 9113 1439 17932 3234 2626 608 14698 12879 1819 503 100 3685 58294 3242 2807 55052 1036 171 151 2424 1611 535 865 841 3606 2605 1001 54016 35477 18539 71819 1139 1089 92 1362 131 34115 2401
internal_count=168960 38847 130113 23724 18286 5438 1753 354 142 254 123 15123 806 708 616 113 98 14317 2453 11864 1312 1061 251 10552 9113 1439 17932 3234 2626 608 14698 12879 1819 503 100 3685 58294 3242 2807 55052 1036 171 151 2424 1611 535 865 841 3606 2605 1001 54016 35477 18539 71819 1139 1089 92 1362 131 34115 2401
is_linear=0
shrinkage=0.05


Tree=61
num_leaves=63
num_cat=0
split_feature=10 12 11 2 16 16 2 15 2 0 13 13 17 16 15 4 10 4 17 9 13 11 2 4 9 11 2 4 17 13 10 0 4 17 0 0 11 7 10 0 7 10 16 15 4 17 15 14 17 12 16 0 7 2 0 16 2 17 17 14 14 2
split_gain=1.85603e+09 2.52495e+08 1.98878e+08 1.19413e+08 1.49914e+08 1.24175e+08 1.09154e+08 1.32195e+08 9.07452e+07 1.92466e+08 3.32057e+08 2.48062e+08 2.20485e+08 2.09054e+08 1.93046e+08 1.26788e+08 1.18321e+08 2.18813e+08 1.63778e+08 1.13328e+08 1.04712e+08 1.50586e+08 1.69105e+08 9.49505e+07 9.45386e+07 9.06813e+07 3.63988e+08 8.98522e+07 1.37965e+08 1.63689e+08 1.13376e+08 1.24952e+08 9.64472e+07 8.85532e+07 8.78493e+07 1.02111e+08 1.93101e+08 8.59469e+07 8.45427e+07 8.44175e+07 8.14222e+07 7.73413e+07 6.895e+07 6.56107e+07 6.51907e+07 6.44987e+07 6.4358e+07 6.39492e+07 8.38917e+07 6.16242e+07 6.11462e+07 6.09702e+07 6.03487e+07 6.04089e+07 1.60084e+08 6.82323e+07 5.23722e+07 9.2828e+07 5.73301e+07 5.13937e+07 5.07254e+07 4.93337e+07
threshold=5380.0250000000005 9318.6050000000014 2900.1650000000004 5.5000000000000009 19.950000000000003 14.950000000000001 5.5000000000000009 554.2868863320939 1.0000000180025095e-35 26.500000000000004 4054.8412523223624 2532.1218247354968 31.950000000000003 31.950000000000003 1655.0594487498399 3.5000000000000004 9999.3950000000023 3.5000000000000004 25.450000000000003 3.5000000000000004 4616.0243041607218 4657.0250000000005 1.5000000000000002 9.5000000000000018 3.5000000000000004 12000.005000000003 4.5000000000000009 4.5000000000000009 29.250000000000004 478.95275964791489 10421.575000000003 19.500000000000004 9.5000000000000018 29.250000000000004 35.500000000000007 77.500000000000014 3126.7000000000003 1.0000000180025095e-35 4240.8850000000011 5.5000000000000009 1.0000000180025095e-35 8300.0150000000012 29.650000000000002 3790.914559449348 8.5000000000000018 26.550000000000004 1355.6639944487895 8529.4688333333343 32.250000000000007 12000.380714285717 9.7500000000000018 33.500000000000007 1.0000000180025095e-35 1.0000000180025095e-35 28.500000000000004 32.750000000000007 1.5000000000000002 29.050000000000004 28.850000000000005 2905.2768333333338 10655.522333333336 1.0000000180025095e-35
decision_type=2 2 2 2 2 2 2 2 2 2 2 2 2 2 2 2 2 2 2 2 2 2 2 2 2 2 2 2 2 2 2 2 2 2 2 2 2 2 2 2 2 2 2 2 2 2 2 2 2 2 2 2 2 2 2 2 2 2 2 2 2 2
left_child=2 3 6 4 5 40 59 -8 9 10 14 60 13 -13 39 -12 17 18 49 45 25 44 -23 -21 -20 43 -27 30 29 -29 31 -6 -30 -32 37 50 -37 47 52 -3 41 -2 -14 -18 -22 -19 -38 -5 -49 -10 -36 -9 53 54 -4 -56 57 -7 -58 -1 -11 -61
right_child=1 8 38 34 27 56 7 51 16 11 15 12 42 -15 -16 -17 20 19 24 23 21 22 -24 -25 -26 26 -28 28 32 -31 33 -33 -34 -35 35 36 46 -39 -40 -41 -42 -43 -44 -45 -46 -47 -48 48 -50 -51 -52 -53 -54 -55 55 -57 58 -59 -60 61 -62 -63
leaf_value=-4.8731054697159815 4.3057135160984483 -22.893421669483189 -10.337223182541239 15.11598002786539 40.656978221053464 -29.810607438044322 -6.472995205328556 -0.89147298334743774 6.4331967113494883 19.641472950189389 -184.82866735204061 66.138152735392254 49.932590306599941 -81.620500155131026 29.768334028344409 -43.097325879202955 14.012952732251836 65.719683561779206 40.754666151121341 -3.7506571829110147 -71.993571883610329 -35.178310985565183 57.703383609939614 45.097290196979749 113.36525671278844 18.861776685274332 -64.898417686057485 130.09999178568523 8.1718185688968248 -10.835195639350593 -4.1761369644968136 10.531140293994888 21.564044823401137 56.744355578307058 59.746398644080536 125.19605801463126 -22.736431031062686 -47.809680655846229 1.8928293922834272 -146.1284589732777 -39.277614879822494 22.809855940588697 149.83759865464106 30.24172619260591 33.121051370371944 -23.202975848287998 7.0958996112129542 -38.659533995205798 45.567938680404275 -85.024650442940867 -17.725011325660642 -22.820558717972542 -8.8173922950292365 -2.4939683477688757 1.6869848937145244 11.425676533019566 4.0261436760689344 9.0324493376268169 -14.838635332378022 8.69611771889765 47.55250487983227 -2.1886364913510055
leaf_weight=36874 2098 39 2150 1175 397 524 7094 370 149 1101 29 119 23 29 303 35 9596 20 178 370 41 55 408 135 60 470 178 20 8355 1097 75 2558 1602 288 25 31 231 64 16957 21 88 772 89 666 22 776 818 122 38 20 1364 2214 3172 46436 5236 2739 1145 217 620 1278 191 5593
leaf_count=36874 2098 39 2150 1175 397 524 7094 370 149 1101 29 119 23 29 303 35 9596 20 178 370 41 55 408 135 60 470 178 20 8355 1097 75 2558 1602 288 25 31 231 64 16957 21 88 772 89 666 22 776 818 122 38 20 1364 2214 3172 46436 5236 2739 1145 217 620 1278 191 5593
internal_value=0.00898286 9.59957 -2.85447 6.38072 7.94632 0.895092 -5.19656 -10.0015 14.6484 24.631 -5.0873 32.8054 77.2863 36.8319 13.5137 -109.175 13.1436 0.867742 32.8182 -9.14505 14.9768 36.7528 46.6179 9.37101 59.4576 13.9236 -4.21096 10.6231 8.45923 -8.19762 17.8404 14.5909 10.3285 44.1806 -1.65611 -7.32723 4.20256 8.35056 -1.2229 -67.7142 7.8317 9.28935 129.945 15.069 -35.3428 -20.8891 0.511128 11.0767 -18.4967 -4.82667 -16.2887 -19.6821 -2.10741 -1.73096 1.76829 5.03274 -7.29251 -18.4387 -2.60522 -4.13333 23.8012 -0.16311
internal_weight=168960 38847 130113 23724 19856 5464 53423 9678 15123 1979 427 1552 260 148 363 64 13144 1708 407 1301 11436 526 463 505 238 10910 648 14392 11074 1117 3318 2955 9957 363 3868 2469 1080 1399 76690 60 2958 2870 112 10262 63 796 1049 1335 160 169 1389 2584 59733 56561 10125 7975 2506 741 1765 43745 1292 6871
internal_count=168960 38847 130113 23724 19856 5464 53423 9678 15123 1979 427 1552 260 148 363 64 13144 1708 407 1301 11436 526 463 505 238 10910 648 14392 11074 1117 3318 2955 9957 363 3868 2469 1080 1399 76690 60 2958 2870 112 10262 63 796 1049 1335 160 169 1389 2584 59733 56561 10125 7975 2506 741 1765 43745 1292 6871
is_linear=0
shrinkage=0.05


Tree=62
num_leaves=63
num_cat=0
split_feature=10 10 2 12 3 0 2 15 13 14 16 2 16 0 3 16 12 0 3 3 17 3 15 7 15 15 2 0 0 17 16 11 15 11 17 3 3 17 16 14 14 0 0 0 7 3 14 13 0 16 3 14 3 3 3 3 3 3 17 14 15 2
split_gain=1.67841e+09 3.26568e+08 1.21589e+08 1.23483e+08 1.83723e+08 1.48398e+08 1.27485e+08 1.51593e+08 1.11943e+08 1.03187e+08 9.8543e+07 9.76156e+07 1.55899e+08 9.30338e+07 9.99082e+07 9.88456e+07 1.2144e+08 8.93688e+07 1.85566e+08 2.41146e+08 1.60265e+08 1.3568e+08 1.17487e+08 8.87582e+07 1.03546e+08 8.68564e+07 8.47335e+07 2.35087e+08 1.57484e+08 1.56402e+08 1.34653e+08 1.20635e+08 9.12162e+07 1.04962e+08 8.78434e+07 8.12321e+07 1.05904e+08 7.68318e+07 7.40407e+07 2.30215e+08 8.0457e+07 7.37058e+07 7.3367e+07 7.07959e+07 8.68441e+07 9.3773e+07 8.32007e+07 2.46177e+08 6.38584e+07 1.24505e+08 1.50133e+08 2.46595e+08 1.02281e+08 3.58418e+08 1.83901e+08 1.40111e+08 1.27173e+08 9.63265e+07 8.68444e+07 6.99976e+07 6.40533e+07 6.22535e+07
threshold=7190.6650000000009 4023.2800000000002 5.5000000000000009 14389.699285714289 288.50000000000006 9.5000000000000018 1.0000000180025095e-35 4296.4042702189172 5307.9257483933907 11156.860000000002 18.550000000000004 5.5000000000000009 36.750000000000007 14.500000000000002 275.50000000000006 29.250000000000004 7821.4828571428579 73.500000000000014 124.50000000000001 273.50000000000006 30.550000000000004 80.500000000000014 2269.1034591405028 1.0000000180025095e-35 500.40345397988625 2733.5861067464816 1.0000000180025095e-35 21.500000000000004 16.500000000000004 32.150000000000013 35.250000000000007 14498.490000000002 2227.0878065358197 4000.6250000000005 34.550000000000004 283.50000000000006 261.50000000000006 31.950000000000003 25.650000000000002 7830.5858333333335 11520.822833333337 81.500000000000014 30.500000000000004 74.500000000000014 1.0000000180025095e-35 219.50000000000003 8529.4688333333343 541.26084229925539 77.500000000000014 33.550000000000004 188.50000000000003 9381.2628333333359 239.50000000000003 246.50000000000003 124.50000000000001 112.50000000000001 154.50000000000003 358.50000000000006 31.250000000000004 7266.4861666666675 1832.071517236292 1.5000000000000002
decision_type=2 2 2 2 2 2 2 2 2 2 2 2 2 2 2 2 2 2 2 2 2 2 2 2 2 2 2 2 2 2 2 2 2 2 2 2 2 2 2 2 2 2 2 2 2 2 2 2 2 2 2 2 2 2 2 2 2 2 2 2 2 2
left_child=1 11 3 8 5 -5 37 -8 17 -6 -10 23 42 14 15 -4 -17 18 21 -20 25 -2 -22 24 -1 -19 27 -3 30 31 34 41 -31 -34 -28 36 -26 -7 40 -40 -12 -29 -13 44 45 -30 61 -48 52 50 58 -52 54 -54 55 -15 -56 -55 -50 60 -51 -45
right_child=2 26 13 4 9 6 7 -9 10 -11 38 12 -14 48 -16 16 -18 20 19 -21 22 -23 -24 -25 35 -27 28 29 43 32 -32 -33 33 -35 -36 -37 -38 -39 39 -41 -42 -43 -44 46 -46 -47 47 -49 49 59 51 -53 53 57 56 -57 -58 -59 -60 -61 -62 -63
leaf_value=-3.9898195822578679 8.3187909428463254 -12.899590641372214 38.057762473312081 106.79395732037433 -101.8310196830131 53.104298936493549 -92.126709249990967 29.847264715747919 -34.523482498661167 33.692072840151575 49.839546183144179 -0.43773939078904339 -19.491612147829542 -11.364631825810985 83.576597031415531 -41.026929674370344 22.761541085701204 9.7440260011904911 -5.4127121418972504 15.806451560761264 13.991384686802659 24.209400802287764 27.807701202461399 -9.6839947014623267 -0.40796057087777959 -17.544118142422263 7.1995342979908656 15.966541668731658 -4.187076242592215 19.369332164821571 63.705235318301021 -75.593343165327866 148.91328600202289 46.936187080251763 46.181347083059947 -5.1140540300246249 9.004246124126281 159.20816275460379 78.587791087865824 -86.026181566961895 154.76909581078425 -3.52262369132296 -8.2354694224279168 -9.7829682174754762 -17.492251748965145 3.2311829466017077 184.68849019186837 12.157760531486083 -4.0424709320759433 39.627085904620948 8.6839205499188648 -63.089904366848515 91.290888200057182 -12.43743541533852 -125.1886567179362 42.866310248200911 -34.438267562551403 54.429187245686855 34.484690462304997 38.292682242568716 -77.055004114398258 3.4186404686790519
leaf_weight=51357 2926 967 254 76 36 48 26 461 30 22 40 5039 2215 911 58 128 176 3523 3511 2163 3274 2485 2909 4568 25984 317 3991 1858 10627 366 113 40 27 289 149 7636 3376 27 79 28 35 656 7515 1060 858 7109 20 1368 275 20 289 203 113 526 47 136 205 59 311 380 26 5639
leaf_count=51357 2926 967 254 76 36 48 26 461 30 22 40 5039 2215 911 58 128 176 3523 3511 2163 3274 2485 2909 4568 25984 317 3991 1858 10627 366 113 40 27 289 149 7636 3376 27 79 28 35 656 7515 1060 858 7109 20 1368 275 20 289 203 113 526 47 136 205 59 311 380 26 5639
internal_value=0.00862995 -2.12304 11.6587 13.1335 33.8483 41.6042 32.6145 23.1599 12.4557 -50.7258 48.5312 -3.48871 -7.26455 3.77075 21.6727 15.1003 -4.1432 12.0911 8.99598 2.67766 15.5129 15.6197 20.4952 -2.8885 -2.53705 7.48735 2.06251 8.72286 1.15732 15.1862 10.0917 9.49828 36.4416 56.0917 8.61332 -0.5203 0.674585 92.894 62.3354 35.1135 100.199 10.8817 -5.10585 -0.267166 -1.96571 -1.21365 3.63796 14.775 0.615612 8.39382 -0.656624 -20.998 -5.24365 10.1837 -13.5348 -4.28612 -51.7919 -5.61224 16.4284 31.244 -26.5598 1.32857
internal_weight=168960 142827 26133 22016 696 638 562 487 21320 58 212 107690 14769 4117 616 558 304 21108 11085 5674 10023 5411 6183 92921 88353 3840 35137 4203 30934 3236 4253 2554 682 316 4140 36996 29360 75 182 107 75 2514 12554 26681 18594 17736 8087 1388 3501 1504 1078 492 1997 698 1299 1047 252 585 586 426 46 6699
internal_count=168960 142827 26133 22016 696 638 562 487 21320 58 212 107690 14769 4117 616 558 304 21108 11085 5674 10023 5411 6183 92921 88353 3840 35137 4203 30934 3236 4253 2554 682 316 4140 36996 29360 75 182 107 75 2514 12554 26681 18594 17736 8087 1388 3501 1504 1078 492 1997 698 1299 1047 252 585 586 426 46 6699
is_linear=0
shrinkage=0.05


Tree=63
num_leaves=63
num_cat=0
split_feature=10 12 12 3 3 3 3 5 2 2 5 2 5 5 3 3 2 9 3 15 3 17 10 3 17 3 3 12 17 10 3 15 3 12 2 17 3 3 17 3 12 3 10 2 14 3 3 2 2 9 11 7 11 2 3 3 7 14 3 15 12 15
split_gain=1.51812e+09 1.86954e+08 1.86336e+08 1.70611e+08 1.02723e+09 1.92931e+08 2.85975e+08 1.69202e+08 1.37238e+08 1.1565e+08 1.21432e+08 9.82114e+07 9.19924e+07 1.14236e+08 1.42411e+08 1.16191e+08 8.16274e+07 1.33516e+08 2.20467e+08 1.00881e+08 1.25371e+08 2.01064e+08 9.72278e+07 1.92699e+08 1.29414e+08 1.28898e+08 1.94623e+08 8.58652e+07 8.34803e+07 7.96403e+07 7.6136e+07 1.55826e+08 2.39267e+08 1.04441e+08 8.57025e+07 1.06564e+08 1.17437e+08 1.63214e+08 1.04555e+08 9.12066e+07 8.69143e+07 8.07812e+07 1.06703e+08 7.53391e+07 1.05332e+08 1.18164e+08 1.09452e+08 7.0187e+07 1.11511e+08 6.75309e+07 6.90312e+07 6.68654e+07 6.60526e+07 6.50927e+07 7.49504e+07 5.86988e+07 5.75817e+07 1.22433e+08 7.08165e+07 5.63559e+07 5.56385e+07 5.37784e+07
threshold=5570.2750000000005 9318.6050000000014 3232.0200000000009 80.500000000000014 84.500000000000014 60.500000000000007 62.500000000000007 2022.5000000000002 1.5000000000000002 1.5000000000000002 2022.5000000000002 3.5000000000000004 2022.5000000000002 2023.5000000000002 32.500000000000007 40.500000000000007 1.0000000180025095e-35 1.0000000180025095e-35 92.500000000000014 3067.0207331697102 78.500000000000014 32.050000000000004 9999.3950000000023 90.500000000000014 25.450000000000003 260.50000000000006 287.50000000000006 12000.380714285717 35.050000000000004 6500.0950000000012 110.50000000000001 3641.6052346765182 100.50000000000001 8540.0042857142889 4.5000000000000009 30.150000000000002 190.50000000000003 283.50000000000006 31.550000000000004 335.50000000000006 6912.5542857142864 106.50000000000001 4510.9300000000012 5.5000000000000009 8970.7866666666687 261.50000000000006 218.50000000000003 1.5000000000000002 5.5000000000000009 1.5000000000000002 9500.9550000000017 1.0000000180025095e-35 14498.490000000002 3.5000000000000004 52.500000000000007 238.50000000000003 1.0000000180025095e-35 6995.9850000000006 102.50000000000001 937.68331187074318 12000.380714285717 4112.6125525443886
decision_type=2 2 2 2 2 2 2 2 2 2 2 2 2 2 2 2 2 2 2 2 2 2 2 2 2 2 2 2 2 2 2 2 2 2 2 2 2 2 2 2 2 2 2 2 2 2 2 2 2 2 2 2 2 2 2 2 2 2 2 2 2 2
left_child=2 3 -1 5 7 12 29 8 -5 10 -8 -11 53 15 -15 -14 17 18 -3 -19 -21 -22 23 24 60 28 -27 -26 -25 -7 31 33 47 41 35 39 38 -38 -37 55 -41 -4 -43 44 46 -46 -6 -33 -49 52 -51 -20 -36 54 -2 -32 61 -58 -59 -45 -18 -24
right_child=1 16 30 4 43 6 9 -9 -10 11 -12 -13 13 14 -16 -17 22 19 51 20 21 -23 56 25 27 26 -28 -29 -30 -31 34 32 -34 -35 49 36 37 -39 -40 40 -42 42 -44 59 45 -47 -48 48 -50 50 -52 -53 -54 -55 -56 -57 57 58 -60 -61 -62 -63
leaf_value=-4.1994547781236831 -2.1963363720939273 -114.44930736541747 0.5574678736109987 46.231010448050824 0.99544102118511368 -35.229961462402343 -2.3028400307513297 4.2183854756456745 126.26480300237 21.220578000019913 -64.955555526204193 -11.809590399155159 5.809079582952517 16.661674280874927 -27.15519145239216 34.774430438855163 7.5096657780806231 24.345238052623202 9.6967774456983431 146.80620750209263 -2.0882281518554686 81.940684482551632 13.111669167753371 -15.073090091586847 38.634091295931078 81.810748485218397 -6.6772811334987869 113.41386339460101 -86.449862060325088 -116.41308103652227 -1.5181787141119847 -24.600503831445504 108.49689106106585 35.625641372644154 -2.0981675564567523 -15.048265369447472 10.004501354735973 -2.7922884550712785 0.080249027887534241 2.9499887442966801 54.230690755622334 7.4709199104262147 55.379345273939776 22.361471663211255 24.187141753571776 -5.8661004229416092 10.852106847118931 71.183294269376333 -36.833935534159345 -8.4718359734483695 -37.619728372321937 100.31752836681548 79.357446484375004 -16.826517276660098 43.721353844014288 -9.7733059093737182 -87.101147194886821 -42.322054305815364 11.011169331843311 -3.2829050665816077 -79.612511858258927 24.128118489877163
leaf_weight=71825 524 35 19521 72 5252 49 140 46 228 312 172 800 738 376 364 652 143 860 683 34 124 166 9570 895 188 87 211 48 42 83 3632 88 85 221 5570 1410 6885 3904 5992 2112 85 518 149 234 1709 404 6073 71 35 4917 211 20 24 665 106 5290 38 70 504 2424 20 1254
leaf_count=71825 524 35 19521 72 5252 49 140 46 228 312 172 800 738 376 364 652 143 860 683 34 124 166 9570 895 188 87 211 48 42 83 3632 88 85 221 5570 1410 6885 3904 5992 2112 85 518 149 234 1709 404 6073 71 35 4917 211 20 24 665 106 5290 38 70 504 2424 20 1254
internal_value=0.00846587 9.05049 -2.47576 6.05303 8.50883 -2.05351 -16.6472 93.6247 107.274 -10.0908 -36.9394 -2.53139 4.57941 10.9669 -4.89904 19.4109 13.3331 22.9546 6.25046 33.3524 57.1116 46.1274 11.9165 0.507386 30.6716 -9.25492 19.3437 54.2579 -18.3612 -86.7684 -0.436789 2.02603 39.0731 1.51769 -1.70956 -0.310259 2.04678 5.37415 -2.80321 -4.16627 4.95777 1.14256 18.24 6.67347 8.19473 18.441 6.28154 8.25498 35.5063 -5.53435 -9.67828 12.4137 -1.73458 -5.92697 5.58653 -6.41333 13.5465 -1.37222 4.44482 -1.01771 -3.6004 14.3901
internal_weight=168960 36415 132545 21423 16442 4981 1556 346 300 1424 312 1112 3425 2130 740 1390 14992 1922 738 1184 324 290 13070 1634 399 1235 298 236 937 132 60720 20688 279 20409 40032 29310 18191 10789 7402 11119 2197 20188 667 16096 13438 2113 11325 194 106 10722 5128 703 5594 1295 630 8922 11436 612 574 2658 163 10824
internal_count=168960 36415 132545 21423 16442 4981 1556 346 300 1424 312 1112 3425 2130 740 1390 14992 1922 738 1184 324 290 13070 1634 399 1235 298 236 937 132 60720 20688 279 20409 40032 29310 18191 10789 7402 11119 2197 20188 667 16096 13438 2113 11325 194 106 10722 5128 703 5594 1295 630 8922 11436 612 574 2658 163 10824
is_linear=0
shrinkage=0.05


Tree=64
num_leaves=63
num_cat=0
split_feature=10 12 14 7 9 17 5 10 4 16 15 5 4 17 4 16 0 17 16 8 11 8 10 17 0 17 16 5 0 11 4 10 7 4 12 15 10 7 7 0 12 17 5 14 9 11 10 11 16 15 11 16 4 8 15 0 10 0 4 14 12 15
split_gain=1.37317e+09 2.04015e+08 1.46008e+08 1.1074e+08 1.3211e+08 1.35592e+08 1.26436e+08 1.3685e+08 1.69828e+08 1.25713e+08 1.24476e+08 1.22423e+08 9.50815e+07 1.52311e+08 1.78934e+08 1.56651e+08 9.50056e+07 8.56969e+07 8.4697e+07 8.3366e+07 1.01777e+08 8.04548e+07 7.96615e+07 7.78701e+07 9.72228e+07 1.89817e+08 1.4679e+08 1.398e+08 1.38009e+08 2.22092e+08 2.19041e+08 1.2616e+08 1.25801e+08 1.03371e+08 8.74712e+07 7.99225e+07 7.40465e+07 7.36474e+07 6.90768e+07 6.58404e+07 1.22781e+08 6.51513e+07 6.18036e+07 5.53983e+07 5.17945e+07 5.09174e+07 4.92897e+07 4.66057e+07 4.52218e+07 4.50218e+07 7.26091e+07 4.33012e+07 4.25502e+07 7.90764e+07 6.4426e+07 4.22409e+07 4.18353e+07 4.70196e+07 4.14469e+07 4.10738e+07 4.07378e+07 3.96577e+07
threshold=5175.6800000000012 9318.6050000000014 2851.9305000000008 1.0000000180025095e-35 1.5000000000000002 31.050000000000004 2023.5000000000002 8300.0150000000012 4.5000000000000009 36.550000000000004 4112.6125525443886 2023.5000000000002 1.5000000000000002 28.550000000000004 7.5000000000000009 18.550000000000004 75.500000000000014 30.550000000000004 20.750000000000004 1.5000000000000002 8282.3200000000015 2.5000000000000004 8866.5700000000015 27.450000000000003 72.500000000000014 29.750000000000004 20.150000000000002 2021.5000000000002 5.5000000000000009 14498.490000000002 3.5000000000000004 12000.005000000003 1.0000000180025095e-35 7.5000000000000009 10956.976428571432 4296.4042702189172 8520.1650000000027 1.0000000180025095e-35 1.0000000180025095e-35 65.500000000000014 5032.6292857142871 15.950000000000001 2022.5000000000002 5184.2653333333337 1.5000000000000002 9999.3950000000023 1499.825 6999.6950000000006 33.95000000000001 3790.914559449348 12000.005000000003 17.550000000000004 3.5000000000000004 1.5000000000000002 2819.8413324129592 21.500000000000004 3718.2650000000008 41.500000000000007 11.500000000000002 8792.7155000000039 14389.699285714289 1215.8622315484358
decision_type=2 2 2 2 2 2 2 2 2 2 2 2 2 2 2 2 2 2 2 2 2 2 2 2 2 2 2 2 2 2 2 2 2 2 2 2 2 2 2 2 2 2 2 2 2 2 2 2 2 2 2 2 2 2 2 2 2 2 2 2 2 2
left_child=2 3 46 6 5 19 7 18 42 16 -10 43 17 14 -14 -15 22 -8 58 20 -5 -20 -6 35 28 32 59 -28 31 37 -31 -25 33 -26 -34 41 -11 -30 39 45 -41 -3 -9 -7 -40 56 -1 -33 -21 51 -51 -47 -46 54 -54 -43 -4 -58 -2 -27 -37 -55
right_child=1 23 38 4 9 11 12 8 10 36 -12 -13 13 15 -16 -17 -18 -19 21 48 -22 -23 -24 24 25 26 27 -29 29 30 -32 47 34 -35 -36 60 -38 -39 44 40 -42 55 -44 -45 52 49 -48 -49 -50 50 -52 -53 53 61 -56 -57 57 -59 -60 -61 -62 -63
leaf_value=-13.598235100398117 -3.2997848933537739 -63.229831469853721 -2.556908294808701 20.260218720436097 -44.350782870584283 42.594311632956234 28.551673676115243 36.975313408888127 9.7767060549458069 -13.59455996689973 -61.524092923748881 97.683382142082095 -18.651656437960693 -58.65592802824797 -122.67403210119767 2.6813524899447936 -15.840965377862373 -34.835130868727163 6.1452557834231509 -54.680994749230855 -72.87696296243108 22.683588884726408 -115.01171518598284 15.168095475092272 12.094544169811492 -23.432853340938173 39.637389434524493 16.141520527413647 6.5441186210573647 47.320498026529947 -58.849775354540036 14.771260776519776 -30.593718485624898 -19.078886578780985 -155.12676720028833 105.50001158396404 107.73646578470867 -21.590520744972228 -1.7467663297621556 -0.22398092665749092 9.841306726140516 -41.535674487276538 17.517851613879948 -27.053474986238303 -26.893776285860028 12.484821588926847 -4.4053359649986712 91.4858181786839 5.6080590252543603 68.886398038642355 -3.3015192962437867 -16.42012685052433 -1.2488210529325641 -9.7271759900566686 52.393057424826708 20.343866196602832 2.2157210125690106 -3.230042075639513 7.0813200851582083 -113.65583964665733 36.736953989424798 -29.535433314260064
leaf_weight=1504 3598 23 34003 213 148 61 385 835 4914 26 61 62 699 107 43 2877 208 61 7910 117 33 810 55 1212 704 28 716 5456 3347 59 258 27 45 426 20 38 23 249 2090 18149 3636 27 804 52 427 143 47072 78 42 42 183 1314 679 590 60 2419 12060 5903 1311 23 52 443
leaf_count=1504 3598 23 34003 213 148 61 385 835 4914 26 61 62 699 107 43 2877 208 61 7910 117 33 810 55 1212 704 28 716 5456 3347 59 258 27 45 426 20 38 23 249 2090 18149 3636 27 804 52 427 143 47072 78 42 42 183 1314 679 590 60 2419 12060 5903 1311 23 52 443
internal_value=0.00821203 8.01485 -2.52941 5.27709 -10.6949 5.17681 5.95785 7.59126 13.4923 -30.6748 8.89028 41.8242 -1.96754 -4.58056 -24.8369 0.463011 -39.708 19.8236 4.7268 -10.7225 7.52172 7.68393 -63.9653 12.5969 10.9859 14.6667 18.1711 18.8732 5.76354 1.04988 -39.0027 19.7571 -3.58278 0.335954 -70.6815 20.552 44.3723 4.59051 -1.21273 -0.861732 1.45633 18.8468 27.4471 10.5878 -7.38433 -1.80304 -4.69024 72.0847 -38.82 -10.3625 10.4187 -13.5766 -12.7392 -9.31513 3.17132 19.6441 -1.5258 0.426054 -0.526523 -65.525 66.6106 -18.2423
internal_weight=168960 40662 128298 25455 1040 580 24415 20243 6614 460 4975 175 4172 3726 742 2984 411 446 13629 405 246 8720 203 15207 12648 7418 6223 6172 5230 3913 317 1317 1195 1130 65 2559 49 3596 79722 75433 21785 2469 1639 113 4289 53648 48576 105 159 1682 225 1457 2199 1772 739 2446 51966 17963 4909 51 90 1033
internal_count=168960 40662 128298 25455 1040 580 24415 20243 6614 460 4975 175 4172 3726 742 2984 411 446 13629 405 246 8720 203 15207 12648 7418 6223 6172 5230 3913 317 1317 1195 1130 65 2559 49 3596 79722 75433 21785 2469 1639 113 4289 53648 48576 105 159 1682 225 1457 2199 1772 739 2446 51966 17963 4909 51 90 1033
is_linear=0
shrinkage=0.05


Tree=65
num_leaves=63
num_cat=0
split_feature=10 12 10 2 3 3 3 3 2 2 0 2 2 0 10 0 17 9 3 15 13 2 17 17 17 3 17 2 17 14 3 17 3 0 3 13 7 17 17 16 17 12 3 10 8 3 10 14 2 16 12 0 14 15 13 16 3 13 2 2 9 15
split_gain=1.23918e+09 1.84485e+08 1.32487e+08 1.25511e+08 1.14637e+08 9.28098e+08 2.30706e+08 2.0341e+08 1.38671e+08 1.25079e+08 1.18339e+08 1.33109e+08 9.48009e+07 2.3511e+08 9.43208e+07 9.37544e+07 8.49491e+07 8.38075e+07 1.35766e+08 1.47578e+08 1.17083e+08 1.74809e+08 1.61385e+08 2.48213e+08 1.46016e+08 9.74044e+07 2.14541e+08 1.04451e+08 9.53648e+07 9.25681e+07 9.22563e+07 9.20064e+07 8.30624e+07 7.96543e+07 9.80929e+07 7.92676e+07 7.89156e+07 7.69782e+07 1.7029e+08 1.2612e+08 7.41395e+07 7.32291e+07 6.59914e+07 6.50764e+07 6.56753e+07 1.2766e+08 6.34785e+07 6.24854e+07 6.04149e+07 1.1222e+08 6.11415e+07 6.08034e+07 5.95998e+07 5.92346e+07 5.86386e+07 5.62664e+07 5.38475e+07 5.53317e+07 5.59055e+07 5.21855e+07 8.08589e+07 9.30831e+07
threshold=5175.6800000000012 9999.9900000000016 3000.3950000000004 5.5000000000000009 80.500000000000014 84.500000000000014 60.500000000000007 62.500000000000007 3.5000000000000004 1.5000000000000002 73.500000000000014 1.5000000000000002 1.0000000180025095e-35 14.500000000000002 8300.0150000000012 34.500000000000007 30.250000000000004 3.5000000000000004 287.50000000000006 2761.226270890947 3633.0448536059257 1.5000000000000002 29.550000000000004 30.550000000000004 33.050000000000004 280.50000000000006 34.050000000000004 2.5000000000000004 30.250000000000004 5442.8350000000009 124.50000000000001 27.650000000000002 56.500000000000007 76.500000000000014 351.50000000000006 2485.9273282151657 1.0000000180025095e-35 31.150000000000002 31.850000000000005 35.050000000000004 31.550000000000004 7016.8400000000011 52.500000000000007 9500.9950000000008 1.0000000180025095e-35 18.500000000000004 17561.605000000003 4816.8215000000009 5.5000000000000009 38.250000000000007 9051.5628571428588 31.500000000000004 8970.7866666666687 4296.4042702189172 2199.2229209012817 8.8500000000000032 134.50000000000003 2578.0464051083331 1.0000000180025095e-35 5.5000000000000009 1.0000000180025095e-35 542.69993998721668
decision_type=2 2 2 2 2 2 2 2 2 2 2 2 2 2 2 2 2 2 2 2 2 2 2 2 2 2 2 2 2 2 2 2 2 2 2 2 2 2 2 2 2 2 2 2 2 2 2 2 2 2 2 2 2 2 2 2 2 2 2 2 2 2
left_child=2 3 59 4 6 10 14 8 -8 -9 11 -6 13 -7 42 36 -14 18 25 -20 43 24 -23 -24 40 29 35 -28 31 -3 -31 -21 -16 34 55 -27 -5 39 -39 -35 -22 -12 -2 44 45 -19 53 -36 50 51 -4 -50 -46 -45 -53 -17 -52 -58 -59 -1 -61 -62
right_child=1 17 48 15 5 12 7 9 -10 -11 41 -13 16 -15 32 33 -18 20 19 28 21 22 23 -25 -26 26 27 -29 -30 30 -32 -33 -34 37 47 -37 -38 38 -40 -41 -42 -43 -44 46 52 -47 -48 -49 49 -51 56 54 -54 -55 -56 -57 57 58 -60 60 61 -63
leaf_value=-3.5163698280066003 -1.8374766710360253 -73.697830209443069 -0.42189876102864743 10.278177132876793 34.774792252999767 -11.632109149502812 -102.76540997505188 -31.27668720407021 -11.555036790874645 0.40822948543911891 1.3419086751231442 124.8115191619565 1.0409743725751908 29.479121729071785 22.491668627155548 59.388152625042466 8.5663095115639418 -20.355113967369345 9.908467536299197 -102.11710876464844 -9.4142118291745245 -26.456067634865093 134.58880813405972 42.613386479505557 90.230254272460954 18.498033697483905 -77.668490832293472 21.775597860629745 -95.712299157778432 15.241169553785964 3.2427764855539181 1.2532290937545454 -24.641573674258066 -15.506932195515532 -35.571389931270055 69.033400229357071 -42.272710276540124 62.979833369993827 0.024070711874853976 39.836671357004583 -99.73543406824912 76.778544105204148 18.726100193019683 12.9818000237322 69.079344528718423 104.82300059424506 58.965163553838856 50.546348106121194 2.6669910584771461 -24.211624106282386 33.770824652866445 -4.870887547637504 11.068450180668853 -27.553690950024517 -27.705334399181442 -19.522705061536811 23.638056234052105 -47.058724307374256 12.338465485882452 -1.4378003737326219 -7.6748585994071297 -23.113098451053045
leaf_weight=52797 2142 32 57126 1514 53 478 103 442 70 1049 53 197 5679 1271 1140 22 11042 28 218 27 86 53 98 290 29 117 53 51 71 3867 2736 93 101 763 27 235 74 141 441 118 30 81 476 3005 54 71 72 86 3059 673 244 5632 230 92 295 1461 154 81 76 3091 3750 1320
leaf_count=52797 2142 32 57126 1514 53 478 103 442 70 1049 53 197 5679 1271 1140 22 11042 28 218 27 86 53 98 290 29 117 53 51 71 3867 2736 93 101 763 27 235 74 141 441 118 30 81 476 3005 54 71 72 86 3059 673 244 5632 230 92 295 1461 154 81 76 3091 3750 1320
internal_value=0.0077049 7.61367 -2.40292 5.48071 6.91625 8.77194 0.580962 -14.9759 -66.138 -8.99928 85.6074 105.938 7.16995 18.2432 7.29124 -2.04963 6.01067 12.9321 9.77821 -18.202 18.6448 39.3394 54.9687 66.1306 -8.24608 11.3944 33.7262 -29.1596 -50.1706 9.85478 10.2708 -22.6568 18.6389 -7.16591 -14.8871 52.3361 7.80427 1.26165 15.3581 -8.05751 -33.426 47.1727 1.90708 15.2205 34.6696 69.5695 12.8597 29.838 -0.874192 -4.53376 -0.261309 -3.05747 22.3024 11.7691 -6.01189 -18.3128 16.2392 2.42034 -18.4098 -4.09166 -7.81261 -11.698
internal_weight=168960 40662 128298 29024 24377 18854 5523 1664 173 1491 384 250 18470 1749 3859 4647 16721 11638 7500 409 4138 586 441 388 145 7091 456 104 191 6635 6603 120 1241 3059 1596 352 1588 1463 582 881 116 134 2618 3552 383 99 3169 113 67340 9659 57681 8986 284 3097 5927 1483 555 311 157 60958 8161 5070
internal_count=168960 40662 128298 29024 24377 18854 5523 1664 173 1491 384 250 18470 1749 3859 4647 16721 11638 7500 409 4138 586 441 388 145 7091 456 104 191 6635 6603 120 1241 3059 1596 352 1588 1463 582 881 116 134 2618 3552 383 99 3169 113 67340 9659 57681 8986 284 3097 5927 1483 555 311 157 60958 8161 5070
is_linear=0
shrinkage=0.05


Tree=66
num_leaves=63
num_cat=0
split_feature=10 10 5 12 11 16 5 3 3 8 14 15 3 3 3 10 16 11 16 9 16 16 15 12 15 3 3 3 5 0 0 16 16 3 0 3 14 14 15 11 11 9 5 16 4 3 15 11 11 0 5 3 7 16 15 11 3 10 0 3 8 11
split_gain=1.123e+09 2.26277e+08 1.11381e+08 1.24185e+08 1.07218e+08 1.36501e+08 1.02458e+08 1.034e+08 9.95205e+07 9.41065e+07 1.47791e+08 9.29809e+07 1.60736e+08 1.66784e+08 1.3833e+08 1.44252e+08 1.35561e+08 2.23101e+08 1.2211e+08 1.13422e+08 1.5309e+08 9.26699e+07 8.73099e+07 8.56216e+07 8.29826e+07 8.082e+07 1.13428e+08 1.81073e+08 1.76525e+08 7.90312e+07 1.00139e+08 1.08412e+08 9.52049e+07 7.90423e+07 1.16322e+08 9.19279e+07 7.85599e+07 7.18407e+07 7.02886e+07 6.95145e+07 6.67554e+07 6.16499e+07 6.14561e+07 5.88542e+07 3.23542e+08 1.29404e+08 1.20574e+08 6.61965e+07 6.41048e+07 5.39995e+07 5.24817e+07 5.00749e+07 4.73285e+07 4.69328e+07 4.69396e+07 4.49828e+07 5.23075e+07 5.14197e+07 4.40009e+07 5.08947e+07 6.93388e+07 4.33554e+07
threshold=7190.6650000000009 4000.2050000000004 2021.5000000000002 12000.380714285717 3980.2600000000007 31.150000000000002 2023.5000000000002 172.50000000000003 88.500000000000014 2.5000000000000004 5610.0275000000011 3067.0207331697102 287.50000000000006 271.50000000000006 284.50000000000006 12000.005000000003 33.650000000000013 12000.005000000003 27.950000000000003 3.5000000000000004 22.150000000000002 40.750000000000007 2526.9697517750733 5655.2228571428577 3169.6990120833548 346.50000000000006 284.50000000000006 275.50000000000006 2023.5000000000002 71.500000000000014 10.500000000000002 35.350000000000001 11.15 283.50000000000006 75.500000000000014 261.50000000000006 7181.0280000000012 2485.3151666666672 1892.1835437579582 3500.6650000000004 17561.605000000003 2.5000000000000004 2021.5000000000002 30.450000000000003 9.5000000000000018 286.50000000000006 4296.4042702189172 6510.1000000000013 6999.6950000000006 72.500000000000014 2021.5000000000002 281.50000000000006 1.0000000180025095e-35 21.950000000000003 2930.1120394584545 11194.045000000002 295.50000000000006 8300.0150000000012 33.500000000000007 88.500000000000014 1.5000000000000002 3999.4950000000003
decision_type=2 2 2 2 2 2 2 2 2 2 2 2 2 2 2 2 2 2 2 2 2 2 2 2 2 2 2 2 2 2 2 2 2 2 2 2 2 2 2 2 2 2 2 2 2 2 2 2 2 2 2 2 2 2 2 2 2 2 2 2 2 2
left_child=1 37 43 29 5 9 24 -8 -5 10 38 21 13 16 15 -15 40 -18 -16 20 -14 25 -11 -9 39 26 27 -6 -28 30 31 -4 -32 35 -35 -31 -25 -1 -2 -7 -13 -26 -27 61 46 47 48 -46 -45 -43 -41 -24 -39 -12 -55 57 -57 -21 -54 -60 -61 -3
right_child=4 2 3 8 11 6 7 23 -10 22 53 12 19 14 18 -17 17 -19 -20 55 -22 -23 51 36 41 42 28 -29 -30 33 32 -33 -34 34 -36 -37 -38 52 -40 50 -42 49 -44 44 45 -47 -48 -49 -50 -51 -52 -53 58 54 -56 56 -58 -59 59 60 -62 -63
leaf_value=-5.1602485157942777 -36.31065463613853 -11.941686064710169 8.3729014902907437 130.82904917548683 8.6234335103302282 14.671500502812235 67.071952877807618 6.2300626128574592 12.705243118481759 23.314889122663224 -51.070559320449831 18.560439288442669 36.651652524611528 163.61210869066645 41.115915440752467 53.391619390953025 8.2428527558272346 -67.884403015406789 -31.213106032989842 39.222749432373057 -88.176625638689316 -77.433096692485208 -111.03303652808779 -129.77763701567778 -51.426658881554239 -51.20877299382137 -0.15617921267850246 36.122739313986997 -69.50346858885824 7.8961715053968824 13.144732523276762 72.267848215313521 -1.1451704625139218 36.4391598253494 -6.353145251242859 29.81802137327286 -30.512305050725526 -1.8702319151138598 -88.296343917083732 92.762772470201767 47.899557048591646 34.322330597353655 27.082080910635177 -0.98112277342025223 63.257546327972413 -57.520904846191414 83.378327341556542 158.7338875325521 -25.785977917514913 -48.792509358723962 34.13085501730442 -6.043214252178486 0.027752655498721829 36.924143906045465 -21.981100508312011 5.5810682607718878 83.860632752449291 -47.400380779959946 -28.60853795796298 1.5466985449802586 -15.536325218210042 -2.855429348157104
leaf_weight=26607 194 2198 2841 33 17459 379 24 52 38 174 31 2225 33 32 162 331 648 112 90 24 90 30 20 36 64 25 1443 619 97 5853 1253 67 16529 175 1625 520 45 75105 99 55 212 70 782 2022 174 20 39 20 298 26 127 25 1358 93 52 69 30 54 355 1024 1413 3260
leaf_count=26607 194 2198 2841 33 17459 379 24 52 38 174 31 2225 33 32 162 331 648 112 90 24 90 30 20 36 64 25 1443 619 97 5853 1253 67 16529 175 1625 520 45 75105 99 55 212 70 782 2022 174 20 39 20 298 26 127 25 1358 93 52 69 30 54 355 1024 1413 3260
internal_value=0.00741077 -1.73625 1.63162 3.07759 9.53689 -3.14631 9.91701 -26.5718 68.6625 -19.8074 -32.4226 10.3455 17.2063 19.98 43.8096 63.5308 15.3836 -3.05036 15.2628 -17.9867 -54.6606 8.96548 7.23308 -43.8444 17.8884 9.09616 8.45733 9.56697 -4.56643 2.91388 1.26934 9.86937 -0.137557 7.0764 -2.17486 9.68927 -75.6749 -2.91225 -54.1164 26.9371 21.1313 -13.809 24.5963 -3.57762 2.65573 61.3746 -2.69478 73.864 -4.177 11.5411 52.2594 -54.1048 -2.15751 3.79437 15.7936 7.6624 29.9036 -20.5879 -7.35483 -10.9444 -8.36054 -6.51609
internal_weight=168960 142827 36965 28934 26133 1566 878 157 71 688 469 24567 4112 3812 615 363 3197 760 252 300 123 20455 219 133 721 20425 19618 18078 1540 28863 20690 2908 17782 8173 1800 6373 81 105862 293 561 2437 160 807 8031 2573 214 2359 194 2320 96 182 45 79255 176 145 177 99 78 4150 2792 2437 5458
internal_count=168960 142827 36965 28934 26133 1566 878 157 71 688 469 24567 4112 3812 615 363 3197 760 252 300 123 20455 219 133 721 20425 19618 18078 1540 28863 20690 2908 17782 8173 1800 6373 81 105862 293 561 2437 160 807 8031 2573 214 2359 194 2320 96 182 45 79255 176 145 177 99 78 4150 2792 2437 5458
is_linear=0
shrinkage=0.05


Tree=67
num_leaves=63
num_cat=0
split_feature=12 12 2 0 0 3 16 15 17 17 14 8 3 3 12 14 17 17 2 14 3 16 8 15 3 3 3 0 2 3 13 5 17 2 16 16 9 3 0 16 5 16 13 14 3 3 3 3 16 14 13 3 2 0 0 2 13 17 3 17 5 15
split_gain=9.67924e+08 1.79741e+08 1.26611e+08 1.59469e+08 1.58589e+08 3.07738e+08 1.89827e+08 1.24996e+08 1.53735e+08 1.60115e+08 1.43247e+08 1.26404e+08 1.14478e+08 2.98167e+08 1.01137e+08 1.00322e+08 9.60594e+07 9.36765e+07 1.56142e+08 1.44651e+08 1.62645e+08 2.16989e+08 1.13123e+08 1.1042e+08 1.08427e+08 1.62896e+08 9.77653e+07 8.99734e+07 1.56175e+08 1.14317e+08 1.12003e+08 9.91181e+07 1.64129e+08 8.30741e+07 7.75579e+07 7.98089e+07 7.3794e+07 7.38519e+07 6.85804e+07 1.04094e+08 1.43362e+08 9.95446e+07 7.26126e+07 6.75621e+07 6.44903e+07 6.25107e+07 6.15424e+07 6.57954e+07 6.08702e+07 5.97667e+07 5.60955e+07 5.60771e+07 5.36538e+07 7.85119e+07 5.56259e+07 6.48738e+07 7.27954e+07 5.15595e+07 4.98009e+07 4.97255e+07 4.76764e+07 4.37763e+07
threshold=6912.5542857142864 3861.3450000000003 5.5000000000000009 15.500000000000002 64.500000000000014 124.50000000000001 37.650000000000013 2851.2075787924528 29.750000000000004 29.850000000000005 7345.4328333333351 1.5000000000000002 352.50000000000006 290.50000000000006 7575.1671428571435 6521.4811666666674 27.450000000000003 30.950000000000003 4.5000000000000009 6750.873833333334 214.50000000000003 31.150000000000002 1.5000000000000002 2989.7896357602681 264.50000000000006 144.50000000000003 112.50000000000001 31.500000000000004 1.0000000180025095e-35 104.50000000000001 4616.0243041607218 2022.5000000000002 28.850000000000005 1.0000000180025095e-35 21.350000000000005 29.250000000000004 1.0000000180025095e-35 274.50000000000006 75.500000000000014 33.550000000000004 2023.5000000000002 15.750000000000002 2410.5795397615038 7505.5065000000004 112.50000000000001 250.50000000000003 148.50000000000003 106.50000000000001 6.4500000000000011 2216.7585000000004 2915.8092967524067 112.50000000000001 1.0000000180025095e-35 27.500000000000004 32.500000000000007 5.5000000000000009 434.92121625188582 20.050000000000004 344.50000000000006 29.950000000000003 2022.5000000000002 2369.5926087856083
decision_type=2 2 2 2 2 2 2 2 2 2 2 2 2 2 2 2 2 2 2 2 2 2 2 2 2 2 2 2 2 2 2 2 2 2 2 2 2 2 2 2 2 2 2 2 2 2 2 2 2 2 2 2 2 2 2 2 2 2 2 2 2 2
left_child=1 49 4 34 5 27 12 48 11 -10 -11 16 13 -7 -8 -5 -9 22 19 20 26 -22 -3 36 25 -21 -19 31 30 -30 -29 32 -2 -16 44 -36 37 -20 41 40 -40 42 -17 -41 -4 -13 47 -25 -6 -1 -24 -43 53 -51 -54 -56 -57 -33 59 -50 -37 -62
right_child=2 17 3 15 7 6 14 8 9 10 -12 45 -14 -15 33 38 -18 18 23 24 21 -23 50 46 -26 -27 -28 28 29 -31 -32 57 -34 -35 35 60 -38 -39 39 43 -42 51 -44 -45 -46 -47 -48 -49 58 52 -52 -53 54 -55 55 56 -58 -59 -60 -61 61 -63
leaf_value=-6.3145089806375356 54.34777752530016 1.9389221078859125 20.982702160539301 -22.448796015383806 -50.800845611572271 0.72063547506326642 11.979990529622119 -27.776488894326349 141.00851756434287 53.411903428722979 20.316577754610677 -87.389033931385384 28.067901315047195 -44.74841477845591 18.78484401478487 22.965050196864389 43.29642008275794 6.9630977377310037 6.5511423842205181 12.466730885896816 0.5923733506306309 23.350621491252674 -4.1604461204292056 -8.7612886616843095 -2.2678418611683933 44.280547805594956 -6.0916156247620945 26.937319901971257 -5.7711700756661104 24.962890903489299 126.04824539676788 28.375197765389942 17.521660785508157 -65.622399570584832 49.80247513898945 -21.40853835964203 -5.1350726307093897 61.926144866943361 8.744143837932068 -40.917496488359241 -31.009676642899407 -33.251910286165838 -37.187807132720955 30.235844411212952 -85.7326308712789 -19.244333261541421 4.9804042972217912 -58.420945420772469 5.9121757811114302 -5.7483897377051045 -22.940906947609307 -7.7334301454011385 -1.0092046372775989 3.1257018653886171 -3.1121088078682786 -5.0032260390993297 -15.400830153228245 4.3753931858264021 28.614436560290024 12.751188497024092 1.8323988277507279 48.439753164900949
leaf_weight=11322 439 14244 28 599 39 4134 72 69 30 401 1769 43 311 394 33 307 148 2358 1025 1084 2116 2073 10085 104 494 640 3657 373 1515 377 30 288 974 226 260 79 3416 63 867 35 306 352 59 479 27 147 98 187 4032 3477 413 554 24508 8795 41340 5915 2353 994 388 7814 105 96
leaf_count=11322 439 14244 28 599 39 4134 72 69 30 401 1769 43 311 394 33 307 148 2358 1025 1084 2116 2073 10085 104 494 640 3657 373 1515 377 30 288 974 226 260 79 3416 63 867 35 306 352 59 479 27 147 98 187 4032 3477 413 554 24508 8795 41340 5915 2353 994 388 7814 105 96
internal_value=0.00713844 -1.72243 8.28757 0.202085 9.62853 4.81231 -3.73654 12.9165 22.8592 28.0796 26.4541 -5.359 -1.22698 -3.24482 -40.3104 -3.80646 20.6734 1.01056 3.83125 6.81105 4.29457 11.8576 -0.963499 -3.73351 18.3811 24.2958 -0.9736 13.6685 6.38891 0.362849 34.6091 19.863 28.9934 -54.8369 24.1387 29.9051 -1.52315 9.81152 -0.0263157 6.58182 -1.64399 -8.7887 13.1934 25.3207 -32.0002 -35.0434 -29.2564 -40.764 10.8028 -2.89879 -4.9014 -17.6736 -2.45105 0.61116 -2.95809 -3.92087 -7.9638 9.78484 11.0033 10.4241 11.3175 24.2223
internal_weight=168960 139767 29193 4153 25040 10160 5170 14880 2607 2200 2170 407 4839 4528 331 3558 217 42057 17315 12422 10204 4189 24742 4893 2218 1724 6015 4990 2295 1892 403 2695 1413 259 595 540 4504 1088 2959 1687 1173 1272 366 514 55 190 389 291 12273 97710 10498 906 86388 12272 74116 49608 8268 1282 12234 11846 280 201
internal_count=168960 139767 29193 4153 25040 10160 5170 14880 2607 2200 2170 407 4839 4528 331 3558 217 42057 17315 12422 10204 4189 24742 4893 2218 1724 6015 4990 2295 1892 403 2695 1413 259 595 540 4504 1088 2959 1687 1173 1272 366 514 55 190 389 291 12273 97710 10498 906 86388 12272 74116 49608 8268 1282 12234 11846 280 201
is_linear=0
shrinkage=0.05


Tree=68
num_leaves=63
num_cat=0
split_feature=10 10 5 3 3 12 7 3 16 3 16 17 3 16 16 16 3 12 7 2 15 3 5 17 12 10 12 16 16 0 3 3 3 17 3 10 3 15 0 3 3 16 0 2 0 10 16 15 3 3 3 7 10 3 16 3 2 2 17 3 15 0
split_gain=9.22337e+08 1.94526e+08 8.97613e+07 2.07817e+08 2.60092e+08 1.78997e+08 1.27659e+08 2.10024e+08 2.09217e+08 1.62826e+08 1.54301e+08 1.10651e+08 1.3688e+08 1.50706e+08 1.22769e+08 1.05859e+08 1.25389e+08 9.32739e+07 8.08768e+07 8.39992e+07 1.05122e+08 1.46956e+08 1.29431e+08 8.4308e+07 9.25233e+07 1.06099e+08 9.16438e+07 7.94902e+07 7.83105e+07 7.82552e+07 7.03172e+07 5.27804e+08 2.51454e+08 1.80518e+08 1.67011e+08 1.48221e+08 7.05877e+07 6.7392e+07 6.65808e+07 6.54e+07 1.08062e+08 5.99406e+07 5.9639e+07 5.83267e+07 1.46494e+08 8.29963e+07 7.03219e+07 8.96747e+07 5.75337e+07 6.79644e+07 5.83633e+07 5.00902e+07 4.69509e+07 4.65531e+07 4.34578e+07 5.7531e+07 1.63803e+08 4.7336e+07 4.33784e+07 4.18239e+07 3.8725e+07 3.76956e+07
threshold=7400.545000000001 3500.1650000000004 2023.5000000000002 284.50000000000006 290.50000000000006 9051.5628571428588 1.0000000180025095e-35 76.500000000000014 31.650000000000002 104.50000000000001 33.95000000000001 30.650000000000002 32.500000000000007 35.250000000000007 20.150000000000002 38.650000000000013 124.50000000000001 7704.1435714285717 1.0000000180025095e-35 3.5000000000000004 1215.8622315484358 352.50000000000006 2021.5000000000002 32.650000000000013 10661.440714285716 5969.045000000001 7122.073571428572 30.450000000000003 33.95000000000001 32.500000000000007 285.50000000000006 277.50000000000006 250.50000000000003 34.650000000000013 279.50000000000006 10000.005000000003 288.50000000000006 3403.9999007376414 61.500000000000007 88.500000000000014 90.500000000000014 27.950000000000003 79.500000000000014 1.0000000180025095e-35 30.500000000000004 1699.6250000000002 36.650000000000013 3521.684421886674 178.50000000000003 142.50000000000003 241.50000000000003 1.0000000180025095e-35 8866.5700000000015 246.50000000000003 34.45000000000001 30.500000000000004 5.5000000000000009 5.5000000000000009 35.350000000000001 330.50000000000006 900.24211784788429 33.500000000000007
decision_type=2 2 2 2 2 2 2 2 2 2 2 2 2 2 2 2 2 2 2 2 2 2 2 2 2 2 2 2 2 2 2 2 2 2 2 2 2 2 2 2 2 2 2 2 2 2 2 2 2 2 2 2 2 2 2 2 2 2 2 2 2 2
left_child=1 43 6 5 -5 11 15 52 27 -10 -11 12 -4 -14 -13 30 -17 58 19 20 -3 28 -23 24 53 -26 -25 29 -22 -9 31 32 -2 36 -33 -35 -32 -29 -19 61 -41 -28 -16 44 -1 -45 51 60 49 -42 -50 -46 -8 -21 55 57 -57 -7 -18 -53 -48 -20
right_child=2 18 3 4 -6 54 7 8 9 10 -12 14 13 -15 42 16 17 38 39 23 21 22 -24 26 25 -27 41 37 -30 -31 33 34 -34 35 -36 -37 -38 -39 -40 40 48 -43 -44 45 46 -47 47 -49 50 -51 -52 59 -54 -55 -56 56 -58 -59 -60 -61 -62 -63
leaf_value=-7.7220331187505273 12.348611822635116 0.11353167962248439 18.913181773701378 -173.41689235377956 -6.2940309661626817 13.932291072985706 -48.006151004972921 34.168611739615692 -126.4360564880371 -56.984770320053876 11.925410310223118 -105.20042231445314 -38.671422666471457 35.894354161714254 -2.6216044836290653 27.355575370125152 -21.357688056169934 -113.57040045776367 -2.3206185834915911 2.1858300495016976 3.8927388091116422 -5.9730623300451979 112.7767208182017 -4.4597798281900234 88.790334594363259 -10.277416719101991 14.611811035973687 22.931013207068812 13.584994215360574 -6.3406687902774452 29.878639360427854 90.666567650943833 -11.645530152085859 -20.757886347508691 37.349163626955516 -130.76469459327492 4.5267670585397228 144.0322457712347 -32.633692459106449 39.67789969169732 -1.08505365350431 -35.900707565555528 25.290204880430892 -13.913340036812711 1.9161953830558329 -3.3414822299920504 5.9123999854572151 79.730320119235827 -26.783120119180381 46.104989765616025 -5.7811972899221598 -21.413768988785378 -151.7396398108346 -3.1818459197345295 19.575704513192786 8.6930910904438754 -31.453253073352883 49.065708192927502 53.731722869873046 9.8924793637069808 21.627013129531978 -35.514136889041893
leaf_weight=4495 13659 15459 171 36 63 679 20 216 39 148 178 24 639 75 541 114 117 49 121 11953 11435 37 59 5345 62 47 69 25 2548 264 319 172 1186 181 1004 36 1938 21 54 131 745 376 295 1906 7414 70281 1863 45 491 84 1012 422 27 6100 982 1831 294 111 22 142 496 292
leaf_count=4495 13659 15459 171 36 63 679 20 216 39 148 178 24 639 75 541 114 117 49 121 11953 11435 37 59 5345 62 47 69 25 2548 264 319 172 1186 181 1004 36 1938 21 54 131 745 376 295 1906 7414 70281 1863 45 491 84 1012 422 27 6100 982 1831 294 111 22 142 496 292
internal_value=0.00686178 -1.55173 8.7629 3.25781 -68.1925 4.52341 10.3597 -7.63699 -2.14606 -31.1845 -19.4375 -8.78218 -21.1836 -30.7996 3.98951 11.2556 -15.7195 -36.0401 0.736754 1.17597 2.96017 6.08559 67.4188 -1.02435 0.650633 46.3679 -6.27762 18.0251 5.65972 11.9216 11.7756 12.9871 10.431 3.92821 45.2177 -39.524 8.1216 80.1047 -71.8594 -7.42977 -4.33713 -28.0532 7.2461 -3.03331 -0.182559 -3.62081 3.08217 10.5767 -6.82562 3.74635 -12.6554 0.822809 -109.518 0.372049 10.4821 7.41302 3.12654 18.9246 -9.17409 -13.5281 9.2243 -25.8183
internal_weight=168960 143430 25530 5741 99 5642 19789 938 891 365 326 1745 885 714 860 18851 356 242 56366 53490 29538 14079 96 23952 18162 109 5790 526 13983 480 18495 16021 14845 2474 1176 217 2257 46 103 2876 2463 445 836 87064 14877 72187 10382 2404 2332 829 1503 7978 47 18053 3897 2915 2125 790 139 564 2359 413
internal_count=168960 143430 25530 5741 99 5642 19789 938 891 365 326 1745 885 714 860 18851 356 242 56366 53490 29538 14079 96 23952 18162 109 5790 526 13983 480 18495 16021 14845 2474 1176 217 2257 46 103 2876 2463 445 836 87064 14877 72187 10382 2404 2332 829 1503 7978 47 18053 3897 2915 2125 790 139 564 2359 413
is_linear=0
shrinkage=0.05


Tree=69
num_leaves=63
num_cat=0
split_feature=12 7 11 3 16 3 3 3 3 3 3 0 3 3 6 0 12 16 3 17 17 3 11 0 13 16 14 14 16 12 15 14 0 17 15 3 17 6 16 16 15 3 15 0 7 3 3 13 3 3 17 3 15 0 0 3 15 14 16 3 3 16
split_gain=7.94363e+08 1.70715e+08 1.50168e+08 1.31688e+08 2.2581e+08 1.11449e+08 1.42896e+08 3.64771e+08 1.42465e+08 5.12564e+08 1.86638e+08 1.07618e+08 1.46604e+08 1.73131e+08 1.3286e+08 1.31632e+08 1.88682e+08 1.05113e+08 1.02437e+08 1.78795e+08 1.25077e+08 1.16392e+08 1.00674e+08 7.93241e+07 7.49925e+07 1.0818e+08 6.70442e+07 6.21815e+07 6.42215e+07 5.97838e+07 5.86176e+07 5.46731e+07 5.40605e+07 8.74621e+07 1.18559e+08 6.48412e+07 5.31569e+07 4.83293e+07 1.13561e+08 5.76042e+07 7.83703e+07 6.23366e+07 5.7069e+07 4.69079e+07 4.65433e+07 1.04045e+08 8.41538e+07 5.49194e+07 6.65613e+07 1.62864e+08 8.08116e+07 5.20889e+07 4.51243e+07 4.9704e+07 4.1947e+07 4.18433e+07 4.03085e+07 5.48443e+07 4.2764e+07 3.64151e+07 3.27028e+07 3.99696e+07
threshold=6912.5542857142864 1.0000000180025095e-35 3200.0950000000007 102.50000000000001 29.050000000000004 352.50000000000006 284.50000000000006 280.50000000000006 247.50000000000003 262.50000000000006 224.50000000000003 69.500000000000014 290.50000000000006 291.50000000000006 1.0000000180025095e-35 79.500000000000014 9999.9900000000016 23.850000000000005 249.50000000000003 29.550000000000004 33.750000000000007 227.50000000000003 12000.005000000003 79.500000000000014 934.77785964058296 24.050000000000004 8970.7866666666687 9565.9641666666703 21.350000000000005 10358.928571428574 4822.9514807727619 8357.4101666666666 7.5000000000000009 31.350000000000005 1286.6129292291323 188.50000000000003 31.750000000000004 1.0000000180025095e-35 36.050000000000004 35.050000000000004 952.87285645183294 279.50000000000006 625.5070963905913 78.500000000000014 1.0000000180025095e-35 88.500000000000014 178.50000000000003 2915.8092967524067 266.50000000000006 281.50000000000006 28.650000000000002 168.50000000000003 592.02174067463704 71.500000000000014 35.500000000000007 283.50000000000006 2761.226270890947 7578.137833333335 32.750000000000007 241.50000000000003 361.50000000000006 8.8500000000000032
decision_type=2 2 2 2 2 2 2 2 2 2 2 2 2 2 2 2 2 2 2 2 2 2 2 2 2 2 2 2 2 2 2 2 2 2 2 2 2 2 2 2 2 2 2 2 2 2 2 2 2 2 2 2 2 2 2 2 2 2 2 2 2 2
left_child=2 5 31 4 24 6 7 8 10 -10 -2 12 14 -14 -8 17 -17 -13 19 -5 27 30 26 -23 -3 29 -9 28 -20 -26 -21 37 33 55 -35 -36 -37 39 -39 -1 -41 -42 -40 -24 47 54 51 52 50 -50 -49 -47 -34 -54 -46 56 58 -58 -4 -48 -7 -62
right_child=1 3 32 18 -6 60 11 22 9 -11 -12 15 13 -15 -16 16 -18 -19 20 21 -22 23 43 -25 25 -27 -28 -29 -30 -31 -32 -33 44 34 35 36 -38 38 42 40 41 -43 -44 -45 45 46 59 48 49 -51 -52 -53 53 -55 -56 -57 57 -59 -60 -61 61 -63
leaf_value=-3.1681312957218815 7.7426370436549323 39.714154018825958 5.2843837411936807 -47.799703212572183 -185.49610163574221 37.859727141990277 17.153346442508091 44.81969355487999 -21.746609208256174 21.399935203633511 21.903566261104018 1.3071298921651653 -84.860841481933605 -17.613830823344124 -26.288928850397095 -71.461092470645909 3.7507588021772627 30.784910360350651 6.5832220215657191 16.127631940304898 -91.93040423699145 -3.193956662132627 70.153687480204823 114.47000572052002 -42.471536980490399 43.769641075134281 -15.40700049905216 20.143191764926126 -36.354001760560962 -127.23298910287708 -56.90484172952587 -39.735763235840146 -1.9728804032429534 -1.7974877758690568 51.570464993333275 43.316741705735524 2.3741336887930902 -3.1854253255668552 -7.8846688867789076 -0.34264041099440723 12.070693820416587 75.195889539137127 -19.426740082129793 165.46558439503545 -1.2972098168155606 5.5704471692612136 -20.535650414415198 -99.587442362168247 107.10381890215193 -10.276859810578197 -19.234461480177995 57.736144652271278 0.10321005020667989 4.0334161518338787 -36.27473823554898 -9.4135572726380499 11.430833348931161 67.039762180848555 -12.457280541886302 -4.5795419261267352 -39.411495218912762 21.886236229980341
leaf_weight=38086 17991 35 2027 114 24 393 470 545 1540 1243 2672 701 124 412 280 119 273 531 135 532 52 20 36 49 116 31 50 120 243 25 28 101 16742 426 258 128 206 17492 3056 10538 874 40 1650 22 113 1126 528 33 34 189 408 49 32089 10735 355 685 232 54 407 1106 29 238
leaf_count=38086 17991 35 2027 114 24 393 470 545 1540 1243 2672 701 124 412 280 119 273 531 135 532 52 20 36 49 116 31 50 120 243 25 28 101 16742 426 258 128 206 17492 3056 10538 874 40 1650 22 113 1126 528 33 34 189 408 49 32089 10735 355 685 232 54 407 1106 29 238
internal_value=0.00646706 7.50786 -1.56038 -8.77973 -43.4668 8.40526 7.90849 9.17224 8.14449 -2.47486 9.5748 -2.55669 -13.3567 -33.3 0.921481 5.9985 -19.2051 14.0269 -2.55394 9.55005 -18.893 20.0035 46.0049 80.806 -26.1869 -39.7491 39.7413 -11.0976 -21.0424 -58.2904 12.3811 -3.15409 0.125004 5.46916 18.3204 32.7758 18.1472 -3.10203 -5.04075 -2.23321 0.876085 14.9125 -11.9348 108.498 -0.247275 -6.04939 -2.40861 0.0685026 -14.2208 8.01797 -25.459 7.79312 0.228026 1.08849 -27.8501 1.62273 4.40453 22.1274 2.31382 -9.7449 28.6917 15.1062
internal_weight=168960 29193 139767 1524 231 27669 27009 24099 23446 2783 20663 2910 1286 536 750 1624 392 1232 1293 743 550 629 653 69 207 172 595 498 378 141 560 71837 67930 4423 1018 592 334 71736 22198 49538 11452 914 4706 58 63507 3277 2809 60230 664 223 441 1175 59566 42824 468 3405 2720 286 2434 1634 660 267
internal_count=168960 29193 139767 1524 231 27669 27009 24099 23446 2783 20663 2910 1286 536 750 1624 392 1232 1293 743 550 629 653 69 207 172 595 498 378 141 560 71837 67930 4423 1018 592 334 71736 22198 49538 11452 914 4706 58 63507 3277 2809 60230 664 223 441 1175 59566 42824 468 3405 2720 286 2434 1634 660 267
is_linear=0
shrinkage=0.05


Tree=70
num_leaves=63
num_cat=0
split_feature=12 7 12 2 0 0 3 3 13 3 16 2 2 2 3 13 17 0 3 3 17 17 3 0 3 16 13 12 0 16 17 0 0 2 0 17 16 3 15 15 15 17 2 15 3 3 8 3 15 3 9 3 16 3 13 17 3 3 3 12 2 2
split_gain=7.16851e+08 1.54293e+08 1.36805e+08 1.26852e+08 1.56149e+08 1.37101e+08 2.61018e+08 1.65343e+08 1.47584e+08 1.19188e+08 2.04739e+08 2.13522e+08 1.17112e+08 2.35325e+08 2.17426e+08 2.0327e+08 1.31655e+08 1.0587e+08 9.34434e+07 9.25227e+07 1.61494e+08 1.13134e+08 1.05313e+08 8.89086e+07 1.01904e+08 1.00181e+08 9.20108e+07 9.0632e+07 8.59141e+07 7.34414e+07 7.18414e+07 7.17468e+07 6.47799e+07 1.24089e+08 6.20114e+07 6.07938e+07 5.99405e+07 5.79804e+07 5.45258e+07 5.67356e+07 5.33426e+07 5.12362e+07 1.24776e+08 1.32088e+08 1.21346e+08 1.44549e+08 1.05794e+08 1.04538e+08 9.66836e+07 8.75301e+07 7.96817e+07 7.42252e+07 7.2167e+07 7.03744e+07 6.3489e+07 7.98691e+07 8.61364e+07 7.79027e+07 5.75365e+07 4.85553e+07 4.83099e+07 9.31279e+07
threshold=6912.5542857142864 1.0000000180025095e-35 3232.0200000000009 5.5000000000000009 15.500000000000002 64.500000000000014 124.50000000000001 136.50000000000003 1.0000000180025095e-35 102.50000000000001 29.050000000000004 3.5000000000000004 1.5000000000000002 1.0000000180025095e-35 178.50000000000003 3633.0448536059257 28.150000000000002 47.500000000000007 356.50000000000006 249.50000000000003 29.550000000000004 33.750000000000007 227.50000000000003 75.500000000000014 289.50000000000006 15.750000000000002 2369.3000087664959 11758.720000000003 77.500000000000014 21.350000000000005 30.550000000000004 79.500000000000014 31.500000000000004 1.0000000180025095e-35 29.500000000000004 15.950000000000001 29.250000000000004 112.50000000000001 4534.1532565239222 1215.8622315484358 4534.1532565239222 30.550000000000004 4.5000000000000009 1215.8622315484358 286.50000000000006 277.50000000000006 1.5000000000000002 205.50000000000003 2989.7896357602681 148.50000000000003 1.0000000180025095e-35 106.50000000000001 36.850000000000001 318.50000000000006 1036.3923541094214 28.850000000000005 240.50000000000003 268.50000000000006 261.50000000000006 10358.928571428574 1.5000000000000002 1.0000000180025095e-35
decision_type=2 2 2 2 2 2 2 2 2 2 2 2 2 2 2 2 2 2 2 2 2 2 2 2 2 2 2 2 2 2 2 2 2 2 2 2 2 2 2 2 2 2 2 2 2 2 2 2 2 2 2 2 2 2 2 2 2 2 2 2 2 2
left_child=2 3 -1 5 29 6 32 8 -8 10 11 59 13 28 -15 30 -17 -13 -9 20 -11 38 40 25 27 26 -6 -25 -7 37 -14 -24 35 -34 -27 -2 -31 -5 39 -21 -22 46 43 47 45 -45 60 -43 50 51 -44 -50 -49 -46 -48 57 -57 -56 -51 -3 61 -4
right_child=1 9 41 4 23 12 7 18 -10 19 -12 17 15 14 -16 16 -18 -19 -20 21 22 -23 31 24 -26 34 -28 -29 -30 36 -32 -33 33 -35 -36 -37 -38 -39 -40 -41 -42 42 48 44 53 -47 54 52 49 58 -52 -53 -54 -55 55 56 -58 -59 -60 -61 -62 -63
leaf_value=-3.0036313670959149 -58.934280381011973 -44.633786682481528 3.5997271750868971 19.502369634282999 19.448349369341987 30.325204442903459 9.6671930657523024 -1.6568675721613766 -45.573524246772536 -45.43050091718591 -176.59228901367189 104.33721759996916 8.4884354630478427 -21.933041067321348 8.7955040656536347 -61.747259216308606 47.547708995111904 -24.40082899911063 31.500605052368982 39.532248166402184 15.7093157424782 -87.420611160566224 -3.0418631926037021 2.2216912739001633 -53.780390194557803 -1.019139269678812 -40.931655030064775 40.339666546185811 10.183228243937556 47.234392284378117 17.64225847322928 108.86097433247568 31.936308275874296 1.2280930540613617 -26.066230847103714 19.520132740055985 13.314013456497747 -81.692052072116326 17.490029855070187 -26.609231082157113 -48.067148431233001 -3.0218601114025385 7.4300309544832679 8.6296074967394336 -10.67727414002232 36.93804192953916 -2.2301457280603381 3.5000492421235587 -6.2560613923971777 43.487921463042973 -4.5865053080330824 -54.443424394945559 20.043793652206276 23.654846519481303 -28.1389294926594 2.1999480193767185 -14.186501046927512 -1.9779794180279688 -17.068981397335346 -121.11601880587064 2.6384413240431903 -8.9737370096201499
leaf_weight=71829 24 118 2934 28 349 816 174 4132 393 114 24 37 3747 1059 1259 28 620 27 223 35 526 52 20 1504 73 336 76 173 1509 250 5018 49 403 1772 934 2469 273 27 128 335 34 8556 1732 7737 1130 478 10339 4384 121 62 6764 236 775 171 887 1797 1447 419 103 25 14911 2955
leaf_count=71829 24 118 2934 28 349 816 174 4132 393 114 24 37 3747 1059 1259 28 620 27 223 35 526 52 20 1504 73 336 76 173 1509 250 5018 49 403 1772 934 2469 273 27 128 335 34 8556 1732 7737 1130 478 10339 4384 121 62 6764 236 775 171 887 1797 1447 419 103 25 14911 2955
internal_value=0.0061344 7.13216 -1.48231 7.9853 -0.222445 9.38167 4.77168 -3.26141 -28.6342 -8.35224 -41.352 -24.8983 12.5264 6.0262 -5.24652 15.7316 42.7372 50.4859 0.0478184 -2.42929 9.07407 -17.9576 19.0089 -4.2592 3.64534 -12.4176 8.58023 6.17566 17.2624 23.8032 13.7305 76.8452 13.2407 6.93 -19.4456 18.7415 29.5876 -30.7465 -10.5437 -20.2629 11.7584 0.12616 1.57061 3.50833 8.03424 10.2811 -1.17907 0.36772 -3.42092 -24.2864 -2.13622 -38.1741 5.9887 -6.15004 -4.39653 -9.31766 -5.11142 -19.7537 5.8106 -58.7531 1.12414 -2.70987
internal_weight=168960 29193 139767 27669 4023 23646 9590 4922 567 1524 231 207 14056 4643 2318 9413 648 64 4355 1293 743 550 629 3445 1750 1695 425 1677 2325 578 8765 69 4668 2175 1270 2493 523 55 498 370 560 67938 32249 23231 9516 8215 35689 13715 9018 522 8496 357 5159 1301 14889 4550 3244 1306 165 143 20800 5889
internal_count=168960 29193 139767 27669 4023 23646 9590 4922 567 1524 231 207 14056 4643 2318 9413 648 64 4355 1293 743 550 629 3445 1750 1695 425 1677 2325 578 8765 69 4668 2175 1270 2493 523 55 498 370 560 67938 32249 23231 9516 8215 35689 13715 9018 522 8496 357 5159 1301 14889 4550 3244 1306 165 143 20800 5889
is_linear=0
shrinkage=0.05


Tree=71
num_leaves=63
num_cat=0
split_feature=10 11 15 8 14 16 7 17 0 0 17 12 6 4 4 17 14 4 16 16 4 10 12 17 12 6 11 16 17 0 15 5 12 5 12 12 7 4 4 10 11 0 5 0 15 8 6 5 16 11 11 15 12 10 0 8 4 15 5 16 12 6
split_gain=6.92636e+08 1.32193e+08 1.15625e+08 1.22103e+08 1.21542e+08 1.01689e+08 9.91335e+07 1.30476e+08 1.15584e+08 1.78983e+08 9.25372e+07 9.24133e+07 9.66714e+07 1.50619e+08 1.74114e+08 8.86107e+07 1.26505e+08 8.52715e+07 8.26715e+07 8.11971e+07 1.31121e+08 8.02658e+07 7.95413e+07 1.9766e+08 7.88209e+07 7.74657e+07 7.30696e+07 7.14779e+07 6.72364e+07 8.4343e+07 6.67586e+07 1.12414e+08 8.65405e+07 6.63102e+07 8.24163e+07 6.85008e+07 6.39012e+07 6.15902e+07 5.29892e+07 5.16038e+07 5.14837e+07 4.70379e+07 4.47329e+07 5.2403e+07 4.98376e+07 4.28743e+07 4.2568e+07 4.18632e+07 4.07548e+07 3.94388e+07 3.53862e+07 3.85076e+07 3.41269e+07 3.33705e+07 2.95857e+07 2.88368e+07 4.88074e+07 4.61295e+07 3.85027e+07 2.76252e+07 2.72671e+07 2.66745e+07
threshold=4999.7350000000006 3980.2600000000007 2989.7896357602681 2.5000000000000004 6521.4811666666674 28.650000000000002 1.0000000180025095e-35 29.850000000000005 76.500000000000014 27.500000000000004 33.95000000000001 14389.699285714289 1.0000000180025095e-35 3.5000000000000004 8.5000000000000018 34.650000000000013 9642.7850000000035 9.5000000000000018 38.050000000000004 27.250000000000004 6.5000000000000009 2558.0850000000005 5655.2228571428577 30.850000000000005 12000.380714285717 1.0000000180025095e-35 14498.490000000002 36.250000000000007 33.850000000000001 57.500000000000007 2290.2210092361161 2022.5000000000002 4198.3592857142867 2022.5000000000002 7704.1435714285717 11472.934285714287 1.0000000180025095e-35 7.5000000000000009 9.5000000000000018 6070.9050000000007 10421.575000000003 31.500000000000004 2020.5000000000002 65.500000000000014 851.905434248407 2.5000000000000004 1.0000000180025095e-35 2021.5000000000002 30.550000000000004 3225.6500000000005 9999.3950000000023 3790.914559449348 1622.7914285714289 10000.005000000003 36.500000000000007 1.5000000000000002 3.5000000000000004 2989.7896357602681 2021.5000000000002 35.95000000000001 5125.8128571428579 1.0000000180025095e-35
decision_type=2 2 2 2 2 2 2 2 2 2 2 2 2 2 2 2 2 2 2 2 2 2 2 2 2 2 2 2 2 2 2 2 2 2 2 2 2 2 2 2 2 2 2 2 2 2 2 2 2 2 2 2 2 2 2 2 2 2 2 2 2 2
left_child=21 2 3 4 22 47 11 19 9 17 46 18 15 -14 -15 16 -13 -9 30 26 -21 52 37 -24 38 39 40 -11 59 -30 32 -32 -3 35 -35 -20 42 -2 -10 -7 -8 -38 -23 50 -45 -46 -6 -5 -17 -31 61 -52 -1 -22 -27 56 -43 -58 -57 -4 -12 -44
right_child=1 6 28 5 10 25 7 8 24 27 60 12 13 14 -16 48 -18 -19 33 20 53 36 23 -25 -26 54 -28 -29 29 49 31 -33 -34 34 -36 -37 41 -39 -40 -41 -42 55 43 44 45 -47 -48 -49 -50 -51 51 -53 -54 -55 -56 58 57 -59 -60 -61 -62 -63
leaf_value=-15.307103000252475 -8.3750358909070197 36.338509149204604 -45.93724523231387 -29.487052137313352 27.180222098879764 90.478966591468236 -8.1809786291358897 12.567657997281117 25.119100136699526 -42.665171236599967 116.14924112071162 63.971496071451362 86.393805158342644 -134.32895262687438 -1.1637563186132609 -78.527424104110068 13.706051477281186 104.96298605782646 -22.99679047368517 -146.98286210123698 -21.687880476925727 -3.2605659232347524 -53.248551017072089 8.0779984774608398 90.813852866172795 44.683587424538359 75.079944126295018 13.113019600113233 -24.434862925750295 -12.021267748746006 13.65036155739052 5.0390749430390436 4.7982179178013773 28.434407352111378 -15.051995858904071 15.139048499282527 0.54441847162959034 5.8948665223142447 -20.982717965698242 38.891781623213767 -51.875764618379527 -17.639931283424993 -0.10511316270204328 -0.50334801024283204 6.9798838079519916 -1.2563870456554209 -8.0752415151949304 9.7643858471725675 14.119514338302611 70.75229926152663 -11.806849646854808 11.47702133873134 -3.7301260400889564 -85.193703076171886 -10.275816316303455 -4.2973047123043626 -1.0490007214289947 59.035265978032896 -20.819803249781785 8.808736328711877 50.540433208942417 -2.5874447783879795
leaf_weight=648 1957 219 255 92 181 64 362 235 373 291 22 274 34 30 118 22 231 27 595 29 128 15256 273 252 39 32 22 71 148 21 8015 7192 19225 243 196 146 1465 1231 74 206 82 543 37370 8746 6243 2115 161 251 24 43 1293 205 33560 24 94 539 998 32 1022 25 63 15233
leaf_count=648 1957 219 255 92 181 64 362 235 373 291 22 274 34 30 118 22 231 27 595 29 128 15256 273 252 39 32 22 71 148 21 8015 7192 19225 243 196 146 1465 1231 74 206 82 543 37370 8746 6243 2115 161 251 24 43 1293 205 33560 24 94 539 998 32 1022 25 63 15233
internal_value=0.00573053 5.42629 -1.91962 0.412059 -2.93107 19.1195 6.4559 -5.14299 5.26034 -8.97463 22.3006 7.01338 24.5775 -6.98853 -28.8771 34.9979 41.0513 22.4522 6.6534 -22.9716 -51.3026 -1.88492 -5.83797 -23.8524 23.5183 36.3478 -11.8813 -31.7192 -24.9961 -3.71907 7.09663 9.57834 5.15531 -6.35723 9.02897 -15.4726 -1.10916 -2.8648 17.4572 51.4086 -16.3492 -6.85152 -0.803642 -0.277196 2.13511 4.89579 10.6082 -0.818795 -30.9178 43.8251 -1.03987 -8.61494 -3.94987 -32.2064 3.92402 -10.3079 -5.52472 0.87314 -15.1211 -41.0352 68.6747 -0.823993
internal_weight=168960 43692 5371 4879 4140 739 38321 1757 1110 624 427 36564 733 182 148 551 505 262 35831 647 181 125268 3713 525 486 396 466 362 492 212 34651 15207 19444 1180 439 741 91060 3188 447 270 444 4599 86461 71205 17104 8358 342 343 46 64 54101 1498 34208 152 126 3134 1573 1030 1561 280 85 52603
internal_count=168960 43692 5371 4879 4140 739 38321 1757 1110 624 427 36564 733 182 148 551 505 262 35831 647 181 125268 3713 525 486 396 466 362 492 212 34651 15207 19444 1180 439 741 91060 3188 447 270 444 4599 86461 71205 17104 8358 342 343 46 64 54101 1498 34208 152 126 3134 1573 1030 1561 280 85 52603
is_linear=0
shrinkage=0.05


Tree=72
num_leaves=63
num_cat=0
split_feature=12 1 3 11 17 3 3 3 5 17 3 5 2 11 3 14 3 3 2 11 16 1 11 17 14 3 11 2 17 3 3 16 12 5 2 2 1 11 3 15 14 11 13 3 16 3 3 15 1 17 17 12 14 13 12 16 2 16 17 12 3 3
split_gain=5.93248e+08 1.33308e+08 2.04567e+08 2.4382e+08 2.25108e+08 1.72482e+08 3.24639e+08 3.07403e+08 2.3592e+08 1.7224e+08 1.30746e+08 1.24124e+08 2.26414e+08 2.90921e+08 3.73832e+08 2.32162e+08 1.59322e+08 1.3627e+08 1.54724e+08 1.21778e+08 1.14393e+08 2.03658e+08 2.42621e+08 5.04862e+08 1.76499e+08 1.3281e+08 1.26393e+08 1.13312e+08 1.08489e+08 9.53864e+07 9.5376e+07 1.94426e+08 1.61471e+08 1.18178e+08 1.12357e+08 1.03032e+08 1.00166e+08 1.1082e+08 9.10272e+07 8.98894e+07 8.68798e+07 8.64216e+07 8.59225e+07 8.44147e+07 7.47277e+07 7.9453e+07 7.10586e+07 7.0441e+07 6.98606e+07 7.70749e+07 6.37386e+07 1.42701e+08 6.80258e+07 5.48336e+07 5.22828e+07 5.03899e+07 4.75287e+07 1.16792e+08 6.15808e+07 4.72022e+07 4.61754e+07 1.72261e+08
threshold=5513.0407142857157 17.500000000000004 124.50000000000001 10000.005000000003 33.95000000000001 274.50000000000006 284.50000000000006 247.50000000000003 2021.5000000000002 30.550000000000004 349.50000000000006 2022.5000000000002 4.5000000000000009 12000.005000000003 90.500000000000014 4485.2130000000006 60.500000000000007 90.500000000000014 3.5000000000000004 4836.795000000001 34.250000000000007 19.500000000000004 14498.490000000002 29.750000000000004 9131.4756666666672 232.50000000000003 4969.2050000000008 1.5000000000000002 35.550000000000004 110.50000000000001 196.50000000000003 28.450000000000003 12000.380714285717 2021.5000000000002 3.5000000000000004 1.5000000000000002 20.500000000000004 6962.6800000000012 273.50000000000006 4822.9514807727619 2851.9305000000008 3949.8900000000008 2410.5795397615038 245.50000000000003 9.7500000000000018 56.500000000000007 82.500000000000014 1920.2721930248715 1.5000000000000002 27.450000000000003 28.750000000000004 10358.928571428574 8610.5075000000015 3079.2856815687096 11999.977142857146 35.850000000000001 3.5000000000000004 36.45000000000001 31.950000000000003 5957.3464285714299 283.50000000000006 277.50000000000006
decision_type=2 2 2 2 2 2 2 2 2 2 2 2 2 2 2 2 2 2 2 2 2 2 2 2 2 2 2 2 2 2 2 2 2 2 2 2 2 2 2 2 2 2 2 2 2 2 2 2 2 2 2 2 2 2 2 2 2 2 2 2 2 2
left_child=40 2 11 5 48 7 28 8 -4 20 -8 12 15 19 -15 46 44 18 -18 -14 21 22 26 -24 39 -26 -3 -17 -7 -19 33 34 41 56 35 -32 59 -38 -36 -23 -1 -33 -6 -34 -13 -46 -2 -9 54 -50 51 52 -22 -52 -5 -55 58 -58 -11 -35 61 -42
right_child=1 9 3 4 42 6 10 47 -10 30 -12 16 13 14 -16 27 17 29 -20 -21 50 24 23 -25 25 -27 -28 -29 -30 -31 31 32 43 36 38 -37 37 -39 -40 -41 60 -43 -44 -45 45 -47 -48 -49 49 -51 53 -53 -54 55 -56 -57 57 -59 -60 -61 -62 -63
leaf_value=-3.3029771981340974 65.8681708419155 -21.56898399095644 -49.524320377902455 -3.2785006285433504 -75.957146977095576 35.905146527172967 -4.8249389490863299 -8.3471074997093151 4.1269168723738785 -41.202809457634437 19.356421815400743 20.507481377038321 -25.236652308592429 84.505458897181938 -124.03427202646355 7.2183771579623741 -44.604625257707909 18.927276614758679 -1.7158424741349572 14.258435987202143 -33.413328281656902 -1.4829010158206604 -13.53494555034335 199.80494891690614 -8.0311995562127869 -43.139114721298228 10.146144977349911 27.489555318089558 121.00607818889617 -12.746142007852967 -8.2490539695076333 -19.934267208670068 150.80840789794919 28.912206954344725 59.515548238754278 29.844328322619038 38.703011970850298 11.944111846830253 -28.418948110164479 100.03120860706677 -0.34020555405462072 22.09696942472506 -32.474140794113239 53.544671304212891 1.3805097841204548 32.06591878516042 156.90517572691945 -33.541759420033877 44.642374488674868 -20.21146271816454 23.775989541088084 -104.3076499080658 22.395078685129462 10.300574771656709 34.870617891550062 -88.50692666235426 -18.671997225144331 -126.59285732269286 20.211068108020545 0.4474270669072527 -2.7916698812673504 18.697039042782755
leaf_weight=48595 70 351 213 264 170 649 1871 407 4819 65 796 1033 259 27 94 1164 432 498 409 782 74 2485 62 49 566 514 2924 1693 39 453 344 126 25 155 31 365 461 2394 375 21 60718 3487 348 182 2143 233 32 876 48 718 1083 31 200 33 135 20 118 31 106 2194 18889 1211
leaf_count=48595 70 351 213 264 170 649 1871 407 4819 65 796 1033 259 27 94 1164 432 498 409 782 74 2485 62 49 566 514 2924 1693 39 453 344 126 25 155 31 365 461 2394 375 21 60718 3487 348 182 2143 233 32 876 48 718 1083 31 200 33 135 20 118 31 106 2194 18889 1211
internal_value=0.00551759 5.36499 2.5913 -1.91544 -19.4733 1.14209 10.302 -3.72518 1.84652 8.40337 2.39684 8.07955 14.5602 -4.13953 -77.1893 21.9024 2.94284 -9.124 -23.7735 4.41729 3.07688 0.425439 9.2184 81.5852 -7.87738 -24.7644 6.74151 19.2361 40.8978 3.84239 12.6872 17.7387 23.0993 8.17188 -0.630754 11.3762 9.98643 16.2769 -21.575 -0.592661 -1.6323 20.6261 -46.8635 65.9601 9.2868 4.40187 95.6749 -25.5621 -7.26497 -16.0946 15.8962 -4.38704 7.25602 21.341 9.68399 -27.9337 -21.2765 -41.8196 -3.23719 2.3372 -0.627709 0.0323569
internal_weight=168960 39547 20675 11353 1683 9670 3355 6315 5032 18872 2667 9322 4121 1162 121 2959 5201 1792 841 1041 8413 6972 3386 111 3586 1080 3275 2857 688 951 10459 4935 3820 5524 1115 709 5204 2855 406 2506 129413 3613 518 207 3409 2376 102 1283 1165 766 1441 305 274 1136 399 53 320 149 171 2349 80818 61929
internal_count=168960 39547 20675 11353 1683 9670 3355 6315 5032 18872 2667 9322 4121 1162 121 2959 5201 1792 841 1041 8413 6972 3386 111 3586 1080 3275 2857 688 951 10459 4935 3820 5524 1115 709 5204 2855 406 2506 129413 3613 518 207 3409 2376 102 1283 1165 766 1441 305 274 1136 399 53 320 149 171 2349 80818 61929
is_linear=0
shrinkage=0.05


Tree=73
num_leaves=63
num_cat=0
split_feature=12 1 3 11 17 3 3 3 5 17 3 5 6 11 1 14 3 3 3 7 11 1 17 3 12 3 17 3 3 3 3 3 3 3 3 13 5 15 1 11 3 11 13 11 17 3 1 17 17 3 3 17 6 5 6 17 15 12 15 3 3 1
split_gain=5.35502e+08 1.2031e+08 1.84663e+08 2.20092e+08 2.03299e+08 1.55741e+08 2.93164e+08 2.77456e+08 2.13015e+08 1.55464e+08 1.18012e+08 1.1207e+08 2.04446e+08 2.62662e+08 3.50753e+08 2.10147e+08 1.4382e+08 1.23012e+08 1.15579e+08 9.93786e+07 1.34917e+08 2.35171e+08 3.47458e+08 1.28526e+08 1.937e+08 1.70292e+08 9.82733e+07 9.53876e+07 8.74998e+07 9.71739e+07 8.61414e+07 1.25177e+08 1.698e+08 1.82673e+08 1.51674e+08 1.07253e+08 1.06847e+08 1.06231e+08 9.0403e+07 1.00046e+08 8.61051e+07 7.89692e+07 7.76113e+07 7.62058e+07 6.63557e+07 6.44212e+07 6.30613e+07 6.96663e+07 6.11656e+07 5.23141e+07 6.27808e+07 5.13993e+07 4.86449e+07 1.10698e+08 4.81845e+07 4.56929e+07 5.32943e+07 4.26291e+07 4.25617e+07 4.13681e+07 4.13111e+07 4.08746e+07
threshold=5513.0407142857157 17.500000000000004 124.50000000000001 10000.005000000003 33.95000000000001 274.50000000000006 284.50000000000006 247.50000000000003 2021.5000000000002 30.550000000000004 349.50000000000006 2022.5000000000002 1.0000000180025095e-35 12000.005000000003 7.5000000000000009 4485.2130000000006 60.500000000000007 90.500000000000014 112.50000000000001 1.0000000180025095e-35 14498.490000000002 19.500000000000004 29.750000000000004 232.50000000000003 12000.380714285717 227.50000000000003 35.550000000000004 64.500000000000014 88.500000000000014 76.500000000000014 196.50000000000003 246.50000000000003 255.50000000000003 267.50000000000006 236.50000000000003 1326.9377969815539 2021.5000000000002 2423.047838657591 20.500000000000004 6962.6800000000012 110.50000000000001 2818.0300000000002 2410.5795397615038 6000.8150000000014 33.95000000000001 82.500000000000014 1.5000000000000002 27.450000000000003 30.250000000000004 56.500000000000007 10.500000000000002 27.750000000000004 1.0000000180025095e-35 2023.5000000000002 1.0000000180025095e-35 29.950000000000003 2311.248312449437 5957.3464285714299 2269.1034591405028 100.50000000000001 132.50000000000003 2.5000000000000004
decision_type=2 2 2 2 2 2 2 2 2 2 2 2 2 2 2 2 2 2 2 2 2 2 2 2 2 2 2 2 2 2 2 2 2 2 2 2 2 2 2 2 2 2 2 2 2 2 2 2 2 2 2 2 2 2 2 2 2 2 2 2 2 2
left_child=41 2 11 5 46 7 26 8 -4 19 -8 12 15 18 -15 45 49 54 -14 20 23 22 -22 25 -25 -3 -7 -17 29 -21 36 34 35 -34 43 -33 -11 -36 57 -40 -19 52 61 -32 -9 -2 51 -48 -23 50 -13 -5 -1 58 -18 59 -57 -38 -54 -30 -55 -6
right_child=1 9 3 4 42 6 10 44 -10 30 -12 16 13 14 -16 27 17 40 -20 28 21 48 -24 24 -26 -27 -28 -29 55 -31 31 32 33 -35 37 -37 38 -39 39 -41 -42 -43 -44 -45 -46 -47 47 -49 -50 -51 -52 -53 53 60 -56 56 -58 -59 -60 -61 -62 -63
leaf_value=-2.0509349260054175 62.621148546245735 5.7897514942430002 -47.059675680677465 -60.264537854003919 -22.331029524666924 34.1126511135028 -4.5838209046105041 -21.412943506739772 3.9206138502326624 -20.238539054371486 18.389814951968997 21.335326196513119 -6.1130345804716608 -10.659216131210329 -188.26690362264944 -0.046133431627039326 -30.516140110464182 17.982809164698473 31.077382961259993 -27.789427899254697 7.4875443591101689 11.704526797846745 183.86852872495297 -4.3016855638230904 -88.824020534515384 59.117529801703121 115.10703171539306 22.829148750349447 29.753333976333209 -134.45660957582535 -8.4550980847076289 6.7935024833981004 47.417046500968937 10.554553647628616 18.527825948333739 -35.63900506418647 27.475863424218616 63.663218827843679 36.772050016721089 11.347155592859073 -12.110238762448668 -0.580154090723491 -30.855086267604186 23.27152988399142 -69.664491293555812 149.29765228271484 42.455809470974671 -19.202295010471214 -78.636357400076747 31.385664805488108 3.6378404026716162 13.79817650589537 -3.5031536575232085 -0.40309147671789963 -4.5225089706006907 -25.372186165204866 47.315399519891457 0.42506577268874191 -20.112118734118322 -27.454693765446947 -21.193977426496538 -84.390111154152535
leaf_weight=33689 70 5387 213 24 34 649 1871 1208 4819 320 796 623 753 79 42 569 584 498 288 71 58 56 53 2147 69 153 39 2288 36 30 232 315 399 2110 199 281 155 383 461 2394 453 80012 348 1016 75 32 48 718 27 238 2548 375 13648 289 257 40 65 2194 396 221 1379 136
leaf_count=33689 70 5387 213 24 34 649 1871 1208 4819 320 796 623 753 79 42 569 584 498 288 71 58 56 53 2147 69 153 39 2288 36 30 232 315 399 2110 199 281 155 383 461 2394 453 80012 348 1016 75 32 48 718 27 238 2548 375 13648 289 257 40 65 2194 396 221 1379 136
internal_value=0.00538678 5.09734 2.46234 -1.81953 -18.5012 1.08542 9.78942 -3.53961 1.75374 7.9838 2.27727 7.67675 13.8347 -3.93472 -73.3461 20.8117 2.79583 -8.66892 4.1959 2.92335 4.23564 45.3129 92.5953 3.20247 -6.97235 7.27293 38.8643 18.2749 -19.5701 -60.4804 12.0537 16.8544 10.7354 16.4333 27.2252 -13.2386 7.7625 48.2886 9.48788 15.464 3.6506 -1.55068 -44.5308 17.3716 -24.2856 90.9993 -6.89932 -15.2883 -18.2697 8.82325 7.12046 9.20374 -3.12254 -5.41995 -22.5876 -8.02068 19.6467 2.22096 -3.97288 -19.3568 -17.5941 -72.1815
internal_weight=168960 39547 20675 11353 1683 9670 3355 6315 5032 18872 2667 9322 4121 1162 121 2959 5201 1792 1041 8413 7950 194 111 7756 2216 5540 688 2857 463 101 10459 4935 3105 2509 1830 596 5524 582 5204 2855 951 129413 518 1248 1283 102 1165 766 83 3409 3171 399 49401 15712 841 362 105 2349 14044 257 1668 170
internal_count=168960 39547 20675 11353 1683 9670 3355 6315 5032 18872 2667 9322 4121 1162 121 2959 5201 1792 1041 8413 7950 194 111 7756 2216 5540 688 2857 463 101 10459 4935 3105 2509 1830 596 5524 582 5204 2855 951 129413 518 1248 1283 102 1165 766 83 3409 3171 399 49401 15712 841 362 105 2349 14044 257 1668 170
is_linear=0
shrinkage=0.05


Tree=74
num_leaves=63
num_cat=0
split_feature=10 11 2 17 5 10 3 3 11 3 3 2 3 3 3 3 5 17 12 3 0 16 2 0 10 14 2 0 10 2 2 3 0 3 11 17 3 3 3 3 17 3 3 3 11 12 16 0 9 10 3 0 2 16 5 10 12 16 17 2 10 0
split_gain=5.10244e+08 1.08492e+08 8.20073e+07 1.87222e+08 1.91057e+08 1.31863e+08 9.15923e+07 3.64387e+08 1.08747e+08 1.04935e+08 2.3041e+08 9.86122e+07 9.03865e+07 9.61451e+07 8.64043e+07 1.00116e+08 8.14084e+07 1.17132e+08 7.00983e+07 1.57323e+08 1.21688e+08 1.19903e+08 9.88956e+07 9.64319e+07 7.06891e+07 6.94274e+07 6.78791e+07 2.29418e+08 7.94689e+07 6.63109e+07 2.09922e+08 2.70604e+08 2.60989e+08 1.86387e+08 1.71667e+08 1.19238e+08 1.18126e+08 1.16656e+08 2.02243e+08 5.80799e+08 1.36236e+08 1.92202e+08 1.23077e+08 9.43366e+07 6.61438e+07 8.5684e+07 6.02076e+07 5.3993e+07 5.27447e+07 6.73505e+07 5.1877e+07 5.1035e+07 1.00155e+08 9.5545e+07 5.79814e+07 5.4154e+07 4.46328e+07 4.29355e+07 4.23393e+07 4.0962e+07 6.4477e+07 3.33328e+07
threshold=4999.7350000000006 3980.2600000000007 2.5000000000000004 30.950000000000003 2021.5000000000002 8866.5700000000015 217.50000000000003 223.50000000000003 3091.2450000000003 246.50000000000003 237.50000000000003 3.5000000000000004 214.50000000000003 215.50000000000003 277.50000000000006 283.50000000000006 2022.5000000000002 32.150000000000013 14389.699285714289 288.50000000000006 13.500000000000002 28.850000000000005 1.0000000180025095e-35 72.500000000000014 14498.490000000002 8185.7086666666683 1.0000000180025095e-35 26.500000000000004 1699.6250000000002 1.5000000000000002 1.0000000180025095e-35 164.50000000000003 21.500000000000004 92.500000000000014 12000.005000000003 31.150000000000002 170.50000000000003 112.50000000000001 80.500000000000014 84.500000000000014 29.750000000000004 308.50000000000006 134.50000000000003 60.500000000000007 14498.490000000002 10661.440714285716 36.350000000000001 7.5000000000000009 2.5000000000000004 4240.8850000000011 242.50000000000003 31.500000000000004 5.5000000000000009 30.050000000000004 2021.5000000000002 2678.9950000000003 9051.5628571428588 35.150000000000013 29.450000000000003 1.5000000000000002 17561.605000000003 6.5000000000000009
decision_type=2 2 2 2 2 2 2 2 2 2 2 2 2 2 2 2 2 2 2 2 2 2 2 2 2 2 2 2 2 2 2 2 2 2 2 2 2 2 2 2 2 2 2 2 2 2 2 2 2 2 2 2 2 2 2 2 2 2 2 2 2 2
left_child=26 2 3 4 5 61 12 8 -8 10 -9 -11 47 -14 16 46 50 -18 29 20 59 -21 24 -24 -22 -6 27 -1 -28 30 32 34 33 -3 -32 -34 -33 38 43 -40 41 -39 -42 -31 45 48 -16 -4 56 -50 -5 55 -53 -54 -55 -30 -29 -57 -49 -20 -61 -2
right_child=1 18 6 14 25 -7 7 9 -10 11 -12 -13 13 -15 15 -17 17 -19 19 21 22 -23 23 -25 -26 -27 28 44 51 37 31 36 35 -35 -36 -37 -38 40 39 -41 42 -43 -44 -45 -46 -47 -48 58 49 -51 -52 52 53 54 -56 57 -58 -59 -60 60 -62 -63
leaf_value=-7.6739724444075099 24.75915392668351 -80.352304390846427 15.468015347977133 10.736665289163589 0.99658103552693178 -141.76613772869109 142.48469925107958 -20.151222091602829 45.768347782637619 -51.666985093561813 45.075079446389793 -7.2475691982976933 -160.43543840680803 -24.94325580906224 86.208614834482361 5.6880599583154439 86.289065493583678 11.861511498282228 23.699755062866213 -64.33902803511846 123.35209805050411 62.660983448028574 -12.308534957340786 30.619663098410957 26.603009673327939 72.620047132704002 -12.237841555325225 1.3728844533739248 -2.9041510366832597 9.324186797270233 -14.142218877572327 58.332633487560138 9.2940520215373681 -5.5686694830915204 -122.59447595544765 30.072037759307207 4.8423492132067381 -12.084917484112182 84.357788914829683 14.019160699727109 -4.8162181224459601 8.8291991270819263 8.4175907536757268 -4.5964144115333294 -38.862623130408195 101.05441716733186 -4.8600737970525572 -3.4789588408923038 6.1493715862526113 23.43774623757372 -28.93315006672799 -1.8924855420194338 -2.4455921434977994 -6.4954299697044569 -16.68881157328633 0.77020030111025317 41.195638002744865 16.925626580566256 -19.435741720459212 147.82174874199762 50.312214192284479 -39.288799584559911
leaf_weight=5458 22 93 170 319 563 31 49 264 73 149 276 751 20 36 128 86 79 157 24 83 36 23 223 314 40 35 1906 7840 13789 4704 2748 107 1686 735 36 1170 2337 2644 325 2950 2046 1878 12408 1641 87 22 21 636 5816 623 110 55804 5566 2734 2852 22283 70 418 1202 35 35 194
leaf_count=5458 22 93 170 319 563 31 49 264 73 149 276 751 20 36 128 86 79 157 24 83 36 23 223 314 40 35 1906 7840 13789 4704 2748 107 1686 735 36 1170 2337 2644 325 2950 2046 1878 12408 1641 87 22 21 636 5816 623 110 55804 5566 2734 2852 22283 70 418 1202 35 35 194
internal_value=0.00513171 4.65756 -1.99729 6.90623 -9.99051 -46.8886 -6.2828 2.85131 85.4561 -4.2016 13.2084 -14.6506 -13.1934 -75.2991 22.7639 48.7663 13.5156 37.0348 5.59032 20.1076 28.6274 -36.4543 20.4281 12.8031 73.4384 5.30284 -1.61761 1.05929 -2.12366 5.27513 1.50905 -4.93242 10.6491 -14.0551 -15.5881 17.8136 7.20709 6.44874 10.9338 21.023 4.17456 -3.39919 6.54411 5.72376 4.35646 4.62079 73.4266 -11.4247 4.46591 7.82547 0.521275 -1.93719 -2.75704 -7.08265 -11.7018 -0.432799 1.73046 1.06841 -13.9191 81.3192 100.462 -32.6813
internal_weight=168960 43692 5371 1745 845 247 3626 1562 122 1440 540 900 2064 56 900 235 665 236 38321 813 707 106 613 537 76 598 125268 19916 105352 37508 8912 5228 3684 828 2784 2856 2444 28596 9620 3275 18976 4522 14454 6345 14458 14371 149 2008 14349 6439 429 103446 66956 11152 5586 36490 7910 22701 1838 94 70 216
internal_count=168960 43692 5371 1745 845 247 3626 1562 122 1440 540 900 2064 56 900 235 665 236 38321 813 707 106 613 537 76 598 125268 19916 105352 37508 8912 5228 3684 828 2784 2856 2444 28596 9620 3275 18976 4522 14454 6345 14458 14371 149 2008 14349 6439 429 103446 66956 11152 5586 36490 7910 22701 1838 94 70 216
is_linear=0
shrinkage=0.05


Tree=75
num_leaves=63
num_cat=0
split_feature=10 2 0 17 0 11 17 12 15 15 4 11 13 4 17 17 2 10 10 2 12 5 13 2 0 13 4 7 13 15 2 0 10 0 11 5 0 5 13 0 15 17 8 11 15 17 5 4 17 4 15 0 2 7 13 12 8 10 4 12 17 10
split_gain=4.61812e+08 1.09511e+08 1.01799e+08 1.26291e+08 1.25267e+08 1.94149e+08 4.10731e+08 1.56006e+08 1.50578e+08 1.11292e+08 1.03963e+08 1.52453e+08 2.10568e+08 1.45837e+08 1.55579e+08 1.31905e+08 1.19839e+08 2.56971e+08 1.56809e+08 1.91935e+08 1.1506e+08 1.02559e+08 1.13699e+08 9.87442e+07 9.60078e+07 9.59709e+07 9.38028e+07 9.08837e+07 8.40059e+07 7.77922e+07 6.64771e+07 1.88168e+08 6.95561e+07 6.53892e+07 9.94604e+07 1.00744e+08 9.57354e+07 9.3222e+07 6.84065e+07 5.88989e+07 5.64542e+07 9.3155e+07 7.39139e+07 5.8514e+07 1.09987e+08 5.38287e+07 5.23194e+07 5.03959e+07 7.52952e+07 5.46102e+07 8.82557e+07 4.08445e+07 8.43418e+07 8.27257e+07 6.71016e+07 6.69947e+07 5.49844e+07 4.17117e+07 3.86742e+07 3.55754e+07 3.41124e+07 6.0851e+07
threshold=4659.3750000000009 5.5000000000000009 72.500000000000014 30.550000000000004 79.500000000000014 14498.490000000002 29.750000000000004 10358.928571428574 4296.4042702189172 2311.248312449437 4.5000000000000009 11999.985000000002 55.454841370639322 9.5000000000000018 29.150000000000002 32.050000000000004 1.5000000000000002 12000.005000000003 12000.005000000003 4.5000000000000009 9157.1885714285727 2021.5000000000002 4054.8412523223624 1.0000000180025095e-35 14.500000000000002 1018.9714043618463 8.5000000000000018 1.0000000180025095e-35 2915.8092967524067 4822.9514807727619 1.0000000180025095e-35 25.500000000000004 1699.6250000000002 76.500000000000014 3076.5950000000007 2021.5000000000002 43.500000000000007 2023.5000000000002 1118.5568119871002 31.500000000000004 489.01799815626839 31.350000000000005 1.0000000180025095e-35 14498.490000000002 3790.914559449348 32.850000000000001 2021.5000000000002 9.5000000000000018 32.550000000000004 6.5000000000000009 2439.7967236193613 31.500000000000004 5.5000000000000009 1.0000000180025095e-35 565.75231557683037 7016.8400000000011 1.5000000000000002 2678.9950000000003 5.5000000000000009 11278.642857142859 37.45000000000001 10000.005000000003
decision_type=2 2 2 2 2 2 2 2 2 2 2 2 2 2 2 2 2 2 2 2 2 2 2 2 2 2 2 2 2 2 2 2 2 2 2 2 2 2 2 2 2 2 2 2 2 2 2 2 2 2 2 2 2 2 2 2 2 2 2 2 2 2
left_child=30 2 10 4 5 23 -7 26 -9 28 16 13 -13 14 -12 -14 17 20 39 -20 -2 22 -11 -4 27 -15 -6 47 46 -19 31 -1 -32 36 38 59 -26 -37 -35 -18 -33 42 -42 44 -43 -23 -5 49 -49 58 -51 57 53 55 -54 -53 -55 -34 -3 -36 61 -38
right_child=1 24 3 9 7 6 -8 8 -10 21 11 12 15 25 -16 -17 18 29 19 -21 -22 45 -24 -25 33 -27 -28 -29 -30 -31 32 40 51 34 35 37 60 -39 -40 -41 41 43 -44 -45 -46 -47 -48 48 -50 50 -52 52 54 56 -56 -57 -58 -59 -60 -61 -62 -63
leaf_value=-7.1885916338533535 -7.2410687396883961 12.484954317266292 34.884100813704272 -4.1449087355182952 4.5911959282285384 -12.572975810422736 183.8460274834049 -60.255737206231984 11.652361766951426 45.788295515046947 -25.410699140442105 12.41521967173871 -6.849677418166042 0.97049641898260419 -0.15120219030498036 -50.740298024511446 14.590815100216506 -122.282759074143 73.057111194664841 -3.7868504052413137 13.546947022390979 19.396322943651214 -1.707408179505471 5.7891984520986517 -0.076288780641473139 15.499584030894841 -12.992617230829078 -60.282725495129107 -65.079396126747142 -14.047513817834854 -11.626270376092563 0.31732932392060459 -2.7589540127640415 9.9218301529775967 -28.92922832804252 12.762385115373345 -12.490212008440073 -10.570707515439176 134.00086234291396 4.960299096270993 12.501143493492068 11.096143259861668 -2.7508070910527769 -33.349228208678113 53.156483304471152 6.3680931885373875 9.8855501533891896 81.073458968400956 -15.57354111735026 -27.611442006005177 26.952609116084989 -1.6363412661447325 -4.7007838985713155 -3.7649485376505853 -14.310750119157047 20.600582852167818 -18.438232474485705 0.76906798582655256 40.322296365919058 10.740064280594606 19.76367537064986 -35.448066438633525
leaf_weight=5110 1699 417 324 788 3464 58 48 209 111 565 661 381 282 2072 7701 436 2639 55 210 132 1093 2118 162 2847 2018 2517 970 40 39 24 1906 5996 13789 21 321 1424 1521 611 23 3987 1083 3889 2972 69 161 1269 4220 63 29 179 125 50582 8289 1353 2326 340 1209 21346 178 68 65 356
leaf_count=5110 1699 417 324 788 3464 58 48 209 111 565 661 381 282 2072 7701 436 2639 55 210 132 1093 2118 162 2847 2018 2517 970 40 39 24 1906 5996 13789 21 321 1424 1521 611 23 3987 1083 3889 2972 69 161 1269 4220 63 29 179 125 50582 8289 1353 2326 340 1209 21346 178 68 65 356
internal_value=0.00502879 4.12226 5.13421 8.06812 3.49049 11.0103 77.2584 -1.69421 -35.354 12.0803 3.02253 0.262187 -17.6085 1.77991 -2.15072 -33.5354 6.96386 -1.63248 10.5055 43.4735 0.898868 18.1838 35.2168 8.77206 -1.45109 8.94113 0.742426 12.7057 7.10249 -89.9878 -1.6546 1.03605 -2.16752 -3.72335 2.66395 1.29607 -7.70378 5.75497 76.3179 8.79756 4.00233 6.70508 1.32473 12.0002 12.7809 14.5184 7.67749 15.7095 50.7687 12.0693 -5.16074 -1.98573 -2.73674 -1.92866 -6.80771 -1.48747 -10.6937 -0.61557 20.8665 -21.985 -15.6257 -16.8611
internal_weight=168960 48540 41081 17192 8031 3277 106 4754 320 9161 23889 14050 1099 12951 8362 718 9839 2871 6968 342 2792 4114 727 3171 7459 4589 4434 1031 5047 79 120420 19280 101140 6428 2468 2424 3960 2035 44 6626 14170 8174 4055 4119 4050 3387 5008 991 92 899 304 99234 64099 53484 10615 50922 2562 35135 595 389 1942 1877
internal_count=168960 48540 41081 17192 8031 3277 106 4754 320 9161 23889 14050 1099 12951 8362 718 9839 2871 6968 342 2792 4114 727 3171 7459 4589 4434 1031 5047 79 120420 19280 101140 6428 2468 2424 3960 2035 44 6626 14170 8174 4055 4119 4050 3387 5008 991 92 899 304 99234 64099 53484 10615 50922 2562 35135 595 389 1942 1877
is_linear=0
shrinkage=0.05


Tree=76
num_leaves=63
num_cat=0
split_feature=10 2 1 17 1 11 17 4 14 2 4 11 13 17 4 17 2 10 10 2 15 15 5 4 5 1 7 13 2 15 2 1 10 1 1 11 5 5 4 1 7 15 15 17 1 13 14 11 17 10 17 4 17 4 15 1 2 7 13 5 4 17
split_gain=4.16821e+08 9.88028e+07 9.06343e+07 1.07133e+08 1.12264e+08 1.75889e+08 3.5812e+08 1.22132e+08 1.05952e+08 1.01731e+08 9.8003e+07 1.38703e+08 1.9573e+08 1.18265e+08 1.16411e+08 1.34001e+08 1.04255e+08 2.33253e+08 1.59442e+08 1.81052e+08 9.63043e+07 9.53886e+07 1.0174e+08 1.05174e+08 8.7274e+07 8.42328e+07 8.28912e+07 8.16587e+07 7.8376e+07 7.0317e+07 5.99997e+07 1.68462e+08 6.33891e+07 5.85855e+07 9.39743e+07 9.21869e+07 8.50941e+07 9.75937e+07 7.74301e+07 5.54319e+07 5.18284e+07 6.92862e+07 6.05895e+07 6.51778e+07 6.45143e+07 5.92587e+07 4.8297e+07 6.21918e+07 4.63001e+07 4.5678e+07 1.18271e+08 4.53342e+07 7.73097e+07 5.07118e+07 8.47242e+07 4.49266e+07 7.04446e+07 6.55394e+07 5.78577e+07 4.49214e+07 4.33641e+07 4.82261e+07
threshold=4659.3750000000009 5.5000000000000009 17.500000000000004 30.550000000000004 19.500000000000004 14498.490000000002 29.750000000000004 8.5000000000000018 9052.588333333335 1.0000000180025095e-35 4.5000000000000009 11999.985000000002 188.17554785970358 32.050000000000004 9.5000000000000018 29.150000000000002 1.5000000000000002 12000.005000000003 12000.005000000003 4.5000000000000009 4822.9514807727619 2311.248312449437 2021.5000000000002 8.5000000000000018 2023.5000000000002 3.5000000000000004 1.0000000180025095e-35 2915.8092967524067 1.0000000180025095e-35 4822.9514807727619 1.0000000180025095e-35 6.5000000000000009 2000.325 18.500000000000004 10.500000000000002 3076.5950000000007 2021.5000000000002 2023.5000000000002 7.5000000000000009 7.5000000000000009 1.0000000180025095e-35 2330.7717459665523 512.29392537196406 31.350000000000005 19.500000000000004 3195.6338760967196 11156.860000000002 8866.1750000000011 30.650000000000002 10000.005000000003 35.350000000000001 9.5000000000000018 32.550000000000004 6.5000000000000009 2439.7967236193613 7.5000000000000009 5.5000000000000009 1.0000000180025095e-35 468.95183871349167 2021.5000000000002 10.500000000000002 30.450000000000003
decision_type=2 2 2 2 2 2 2 2 2 2 2 2 2 2 2 2 2 2 2 2 2 2 2 2 2 2 2 2 2 2 2 2 2 2 2 2 2 2 2 2 2 2 2 2 2 2 2 2 2 2 2 2 2 2 2 2 2 2 2 2 2 2
left_child=30 2 10 4 5 9 -7 20 -9 -4 16 14 -13 -14 15 -12 17 28 39 -20 -6 27 23 -23 -16 26 51 59 -2 -19 31 -1 -32 34 46 38 -37 -38 -35 -18 42 60 -33 44 -44 -45 -27 -48 -24 -36 -51 53 -53 -3 -55 -34 57 -57 -58 -5 61 -42
right_child=1 25 3 21 7 6 -8 8 -10 -11 11 12 13 -15 24 -17 18 29 19 -21 -22 22 48 -25 -26 33 -28 -29 -30 -31 32 40 55 35 49 36 37 -39 -40 -41 41 -43 43 45 -46 -47 47 -49 -50 50 -52 52 -54 54 -56 56 58 -59 -60 -61 -62 -63
leaf_value=-6.441200900003512 11.093982584891181 19.266353377993571 33.37234137625007 -3.5691151149778571 2.17026492037578 -12.069922706604004 167.71788596226619 -5.5895085276062098 -38.882816106491966 5.2440765298274092 -23.662078566682453 11.596748548148483 -6.4111551439203325 -49.529603826144964 9.371308375331914 -0.071997929564961954 13.861550687724668 -116.2778020129885 72.773536609538553 -2.5663499549691005 109.55462015787762 63.883857343358912 45.561848797931845 21.929928491806638 -32.699341967500104 1.455571987073409 -56.480914251638012 -60.422161764992609 -6.102284467172443 -13.373234532165526 -6.2686063863777806 0.92002490483266086 -0.1578154765872696 -1.9194860808745675 -11.902768407620052 -19.812593810897695 11.739219471115948 -11.443905125843502 122.38833054904279 4.4439744521132845 -40.680079968353439 32.804712177809847 6.3587048597873208 13.697595377242331 -10.472690899788006 -19.260967495877978 22.656931969569282 -74.211768258277402 12.134011351089431 -46.359036521240029 25.915012915973932 76.846529765911953 -19.186079059723884 -26.849664892174982 25.828543147892915 -1.3193959474615866 -3.7772261958673941 -9.6779556282409995 -11.976601713000266 9.2568678712407486 9.0832372863299558 -9.7866662273736829
leaf_weight=5470 1133 622 357 810 3634 59 51 750 350 3155 653 376 255 423 4243 7570 2639 55 205 130 20 205 106 551 126 1904 42 44 1593 24 8216 5806 31667 22 1423 417 1521 646 28 3832 182 92 2749 3539 717 141 25 46 3406 283 70 66 30 186 128 48658 7037 2463 3099 4326 173 411
leaf_count=5470 1133 622 357 810 3634 59 51 750 350 3155 653 376 255 423 4243 7570 2639 55 205 130 20 205 106 551 126 1904 42 44 1593 24 8216 5806 31667 22 1423 417 1521 646 28 3832 182 92 2749 3539 717 141 25 46 3406 283 70 66 30 186 128 48658 7037 2463 3099 4326 173 411
internal_value=0.0048439 3.91638 4.87758 7.56021 3.44261 10.0731 72.0462 -1.6101 -16.2085 8.11204 2.8214 0.097389 -17.3174 -33.3458 1.55633 -1.94797 6.68862 -1.42279 10.0314 43.6165 2.78784 11.2099 16.7442 33.3757 8.1508 -1.37748 11.5713 6.64754 1.0464 -85.5737 -1.57187 0.984337 -2.05916 -3.55703 -7.56971 2.158 0.843795 4.82605 68.7276 8.28619 3.92577 -7.96884 4.71428 7.79648 2.87483 12.4299 -0.0637643 -40.2621 13.1556 -15.912 -31.9943 14.3929 46.9479 11.0074 -5.36191 -1.68691 -2.47737 -1.72229 -6.28505 7.23378 -12.9023 -19.3208
internal_weight=168960 48540 41081 17824 8376 3622 110 4754 1100 3512 23257 13646 1054 678 12592 8223 9611 2805 6806 335 3654 9448 4268 756 4369 7459 1074 5180 2726 79 120420 19280 101140 6385 3751 2634 2584 2167 50 6471 13810 858 12952 7146 3466 3680 1975 71 3512 1776 353 1032 96 936 314 92924 61257 51121 10136 5136 766 593
internal_count=168960 48540 41081 17824 8376 3622 110 4754 1100 3512 23257 13646 1054 678 12592 8223 9611 2805 6806 335 3654 9448 4268 756 4369 7459 1074 5180 2726 79 120420 19280 101140 6385 3751 2634 2584 2167 50 6471 13810 858 12952 7146 3466 3680 1975 71 3512 1776 353 1032 96 936 314 92924 61257 51121 10136 5136 766 593
is_linear=0
shrinkage=0.05


Tree=77
num_leaves=63
num_cat=0
split_feature=10 14 3 3 3 3 3 10 16 3 14 3 13 3 3 3 9 10 3 0 15 14 12 16 11 16 7 10 14 15 16 13 16 3 3 4 0 3 3 16 16 15 3 9 16 10 13 11 11 3 3 3 11 0 3 15 12 13 0 12 16 16
split_gain=3.76295e+08 8.5237e+07 8.69427e+07 2.42712e+08 2.98594e+08 6.76177e+08 2.32736e+08 1.59439e+08 2.15007e+08 2.70125e+08 1.55865e+08 1.4865e+08 1.40106e+08 1.61293e+08 1.51818e+08 1.17401e+08 1.16263e+08 1.15199e+08 1.0641e+08 1.34838e+08 1.03909e+08 1.03199e+08 9.2609e+07 9.17026e+07 8.04673e+07 7.24749e+07 5.84162e+07 5.78789e+07 5.75043e+07 5.74985e+07 1.17358e+08 8.17e+07 8.34937e+07 6.32733e+07 8.2353e+07 6.06191e+07 1.83159e+08 1.37799e+08 1.47064e+08 9.47065e+07 6.2972e+07 5.88978e+07 5.86443e+07 5.55384e+07 5.09947e+07 5.93089e+07 5.0858e+07 4.91008e+07 4.78374e+07 4.73985e+07 5.56512e+07 9.20282e+07 4.69249e+07 3.94565e+07 3.83058e+07 3.69781e+07 3.52872e+07 5.3682e+07 7.10149e+07 4.80575e+07 5.29682e+07 3.49133e+07
threshold=4999.7350000000006 8273.4223333333339 219.50000000000003 246.50000000000003 273.50000000000006 284.50000000000006 166.50000000000003 7000.6650000000009 33.250000000000007 192.50000000000003 6995.9850000000006 320.50000000000006 3079.2856815687096 242.50000000000003 235.50000000000003 164.50000000000003 3.5000000000000004 10421.575000000003 221.50000000000003 76.500000000000014 1980.0864005386052 6521.4811666666674 14389.699285714289 37.150000000000013 14498.490000000002 39.750000000000007 1.0000000180025095e-35 2870.3850000000007 3699.7728333333339 2330.7717459665523 37.650000000000013 2843.2674264134635 34.550000000000004 124.50000000000001 136.50000000000003 8.5000000000000018 78.500000000000014 236.50000000000003 232.50000000000003 24.450000000000003 31.550000000000004 2626.83971176149 28.500000000000004 1.5000000000000002 37.350000000000001 7190.6650000000009 1835.8318880717813 5999.4050000000007 10000.005000000003 322.50000000000006 178.50000000000003 88.500000000000014 8866.1750000000011 83.500000000000014 352.50000000000006 2819.8413324129592 9051.5628571428588 2532.1218247354968 26.500000000000004 10358.928571428574 36.650000000000013 31.350000000000005
decision_type=2 2 2 2 2 2 2 2 2 2 2 2 2 2 2 2 2 2 2 2 2 2 2 2 2 2 2 2 2 2 2 2 2 2 2 2 2 2 2 2 2 2 2 2 2 2 2 2 2 2 2 2 2 2 2 2 2 2 2 2 2 2
left_child=26 2 6 12 16 20 15 21 9 -9 -10 -7 18 14 -14 22 25 -18 19 -4 -6 28 24 -20 -2 -5 27 -1 -8 31 35 32 42 -32 -35 37 39 38 -31 -37 -38 -39 47 -28 45 -17 -23 -3 -24 50 51 -45 53 -34 -44 -53 -29 58 -58 -59 -61 -33
right_child=1 29 3 4 5 11 7 8 10 -11 -12 -13 13 -15 -16 44 17 -19 23 -21 -22 46 48 -25 -26 -27 43 56 -30 30 33 61 52 34 -36 36 40 41 -40 -41 -42 -43 54 49 -46 -47 -48 -49 -50 -51 -52 55 -54 -55 -56 -57 57 59 -60 60 -62 -63
leaf_value=-2.4494359424415437 2.1517694208177041 85.804025248651925 14.663603817866401 -19.568152972801737 53.541020284845153 -15.176649861485224 -46.162518095689663 -125.88650203738594 -36.55122448299533 -23.897271752634353 6.762744930876365 3.8552831743118867 -56.770293001203392 -121.34310159737723 45.84968960920969 -3.7270482323620771 16.267325318491356 -101.69650441386483 14.635195880047531 131.74745484034221 25.956951500690344 36.969994809946421 2.6548054812504698 39.449679575073112 -39.6776880652329 -74.79055902296497 -1.2761849754203567 -0.30723676439751957 -7.0133619223221091 13.292763810810492 15.318323509305024 -5.6381413032639198 15.427102913596414 -63.316685695324907 -0.20637740596648185 -1.3559178947938815 -26.968741273703401 -6.4235993514522436 -61.263504058496267 31.585137926451598 0.30267487711631341 70.248554828020985 0.11482476582179718 -26.821269504185423 90.856462685721255 60.639966718401233 -0.78027761435803078 11.857688378411849 88.369256241169381 9.2022378339650839 -19.312843468926477 -0.41956023491777661 11.583160756508917 58.567538316999162 31.310540011596682 41.634995310003113 -37.60010372868291 -14.647458553106359 51.621638888174033 11.007924920110142 96.490639328729543 -53.411565057193528
leaf_weight=49333 13006 22 51 1519 524 1630 101 112 427 154 403 2765 66 34 77 73 350 21 2248 47 989 199 25 446 115 61 3102 69078 1176 5337 85 70 109 117 92 359 431 30 66 555 415 146 6168 380 41 69 161 998 46 275 1485 1053 1469 104 99 54 26 194 133 135 20 84
leaf_count=49333 13006 22 51 1519 524 1630 101 112 427 154 403 2765 66 34 77 73 350 21 2248 47 989 199 25 446 115 61 3102 69078 1176 5337 85 70 109 117 92 359 431 30 66 555 415 146 6168 380 41 69 161 998 46 275 1485 1053 1469 104 99 54 26 194 133 135 20 84
internal_value=0.00466198 4.00002 2.25807 5.72255 1.12073 6.72145 -0.0710122 -13.3638 -28.114 -67.1508 -15.5376 -3.20505 17.8992 -25.1368 -1.57867 2.64599 -15.8341 9.33469 20.6355 71.5797 35.5392 -3.47724 2.09261 18.7564 1.78216 -21.7461 -1.38889 -1.13938 -10.1434 6.79998 10.002 4.12015 4.74165 -20.9261 -35.6694 11.2436 3.15083 13.7956 12.3709 18.6592 -13.6064 57.217 2.42299 -6.06146 42.3096 27.7552 20.1318 13.5351 58.6442 -10.6312 -12.4689 -5.6258 14.7795 36.6663 0.612542 1.6676 -0.210591 12.9061 36.8881 1.90608 22.5858 -31.8729
internal_weight=168960 43692 26936 10828 7859 5908 16108 2733 1096 266 830 4395 2969 177 143 13375 1951 371 2792 98 1513 1637 13192 2694 13121 1580 125268 118919 1277 16756 7633 9123 8969 294 209 7339 1760 5579 5403 914 846 176 7287 6349 183 142 360 1020 71 3247 2972 1487 1682 213 6267 1107 69586 508 159 349 155 154
internal_count=168960 43692 26936 10828 7859 5908 16108 2733 1096 266 830 4395 2969 177 143 13375 1951 371 2792 98 1513 1637 13192 2694 13121 1580 125268 118919 1277 16756 7633 9123 8969 294 209 7339 1760 5579 5403 914 846 176 7287 6349 183 142 360 1020 71 3247 2972 1487 1682 213 6267 1107 69586 508 159 349 155 154
is_linear=0
shrinkage=0.05


Tree=78
num_leaves=63
num_cat=0
split_feature=10 7 3 16 16 0 10 11 13 16 3 3 10 16 8 3 3 3 3 10 3 3 5 3 3 5 5 16 3 3 0 10 3 13 3 10 3 15 3 13 5 5 6 13 3 3 16 3 0 3 3 15 5 16 14 9 3 3 15 10 6 5
split_gain=3.41045e+08 8.88479e+07 9.05056e+07 1.60742e+08 1.55272e+08 1.89844e+08 1.14656e+08 8.76472e+07 9.55309e+07 8.43522e+07 6.92471e+07 8.50245e+07 6.4862e+07 6.00359e+07 5.82759e+07 1.36871e+08 2.15226e+08 9.7237e+07 1.3005e+08 6.05409e+07 5.82159e+07 5.06255e+08 2.0875e+08 1.31027e+08 1.16113e+08 9.54799e+07 7.3208e+07 5.71607e+07 1.10008e+08 5.66657e+07 6.97149e+07 4.84953e+07 4.74431e+07 4.03259e+07 3.69917e+07 3.22712e+07 3.14428e+07 1.31506e+08 1.80954e+08 6.40482e+07 5.66409e+07 5.08434e+07 4.9795e+07 5.49525e+07 4.57505e+07 4.16525e+07 3.79132e+07 3.41436e+07 3.15103e+07 3.13366e+07 3.12712e+07 2.79571e+07 2.65773e+07 4.72243e+07 2.65272e+07 2.45898e+07 2.38775e+07 2.38264e+07 2.32212e+07 2.05045e+07 2.83496e+07 2.47381e+07
threshold=4659.3750000000009 1.0000000180025095e-35 88.500000000000014 29.350000000000005 24.050000000000004 32.500000000000007 10000.005000000003 3980.2600000000007 3633.0448536059257 30.150000000000002 178.50000000000003 142.50000000000003 17561.605000000003 40.550000000000004 2.5000000000000004 246.50000000000003 217.50000000000003 283.50000000000006 277.50000000000006 9000.7350000000024 284.50000000000006 277.50000000000006 2023.5000000000002 349.50000000000006 246.50000000000003 2021.5000000000002 2023.5000000000002 33.45000000000001 104.50000000000001 198.50000000000003 84.500000000000014 2400.6850000000004 128.50000000000003 268.94196199415774 280.50000000000006 9999.3950000000023 110.50000000000001 3641.6052346765182 100.50000000000001 1055.3441571431574 2022.5000000000002 2021.5000000000002 1.0000000180025095e-35 738.82525026287328 118.50000000000001 94.500000000000014 34.750000000000007 148.50000000000003 33.500000000000007 90.500000000000014 112.50000000000001 3790.914559449348 2020.5000000000002 30.350000000000005 5283.9656666666679 1.0000000180025095e-35 104.50000000000001 76.500000000000014 3403.9999007376414 1607.9250000000002 1.0000000180025095e-35 2021.5000000000002
decision_type=2 2 2 2 2 2 2 2 2 2 2 2 2 2 2 2 2 2 2 2 2 2 2 2 2 2 2 2 2 2 2 2 2 2 2 2 2 2 2 2 2 2 2 2 2 2 2 2 2 2 2 2 2 2 2 2 2 2 2 2 2 2
left_child=31 7 3 4 6 -6 33 8 14 -10 11 27 29 20 15 16 -2 18 -16 -17 21 24 -23 26 -9 -25 -22 49 -29 -12 -31 59 -15 -3 50 -13 37 39 45 -33 41 -41 44 48 54 -39 -47 58 -44 -4 -11 -19 -46 -54 -38 -49 -40 -42 -45 60 -1 -62
right_child=1 2 10 -5 5 -7 -8 13 9 34 12 35 -14 32 17 19 -18 51 -20 -21 23 22 -24 25 -26 -27 -28 28 -30 30 -32 36 -34 -35 -36 -37 42 38 56 40 57 -43 43 47 52 46 -48 55 -50 -51 -52 -53 53 -55 -56 -57 -58 -59 -60 -61 61 -63
leaf_value=-5.1453317190781478 -4.6790481661164103 39.144184443155929 43.121243371367456 -125.42607460804476 131.69545311422908 -60.209261772519078 -133.51215190594013 5.8093663849846244 -91.553226893389663 6.645015258789063 -55.764653895344054 101.29652148016568 47.175810355345412 25.270844741449125 -32.142574713643391 -15.594227904922466 21.290281801050469 -2.4486034434957578 40.200013182780403 -56.411473512371771 -2.3977195840815266 52.398221444198491 -2.3920662534931849 -14.876138761707214 -3.6970913174493543 19.938176274887876 -37.141793319191905 -112.72504310344829 0.93463630582079493 -15.247624047410419 18.764159846149507 -0.47126051306843941 -35.342681091800813 -29.597360681752065 39.104818359521722 33.329862172652263 -7.1533220805676123 -18.770912932345745 145.87654243164062 6.671040604414161 5.3896820960317342 28.962705903244025 0.58758209625746027 -16.329338026393543 -2.5602460679224937 75.891623952229821 -10.113415358170219 -1.3520650295780334 -4.1620884725515621 6.1275984425058345 -70.047953425816132 -57.000113331604013 -1.7178121632834207 1.9658446866242369 -29.284219256953186 -11.152659754093015 80.426131612459812 -11.260917830836389 -43.955632750701909 -2.9273127222319335 -7.6247320184198886 -30.791776309972342
leaf_weight=1971 3599 23 63 38 33 20 25 28965 53 25 69 28 47 40 74 787 1024 390 366 102 4427 799 222 237 3612 1146 156 28 80 854 182 27973 154 200 25 48 1255 75 24 556 699 474 5410 329 10832 29 22 997 9847 548 27 24 16094 18937 151 1788 47 309 99 22040 238 224
leaf_count=1971 3599 23 63 38 33 20 25 28965 53 25 69 28 47 40 74 787 1024 390 366 102 4427 799 222 237 3612 1146 156 28 80 854 182 27973 154 200 25 48 1255 75 24 556 699 474 5410 329 10832 29 22 997 9847 548 27 24 16094 18937 151 1788 47 309 99 22040 238 224
internal_value=0.00448668 3.54265 -6.07783 -29.8803 -17.4426 59.5046 -34.0599 4.01824 -1.36618 -43.6314 -1.92027 9.4237 -9.75018 4.89801 -0.496368 -2.37995 1.07655 11.6495 27.988 -20.3355 5.03429 5.84249 40.4943 0.482686 4.75525 13.9657 -3.58821 4.07013 -29.2965 -12.2119 -9.26024 -1.42173 -22.7795 -22.3643 -9.89535 59.3606 -0.914951 0.4203 41.0349 0.152336 8.70768 16.9477 -1.52851 -3.72988 -0.668287 4.86253 39.3103 -9.67198 -2.47797 10.0062 -33.7466 -5.74075 -0.395826 0.273492 -9.54924 -7.6459 104.269 0.279374 -22.8071 -3.40843 -7.76379 -18.8995
internal_weight=168960 48540 2286 339 301 53 248 46254 6496 130 1947 795 1152 39758 6366 5512 4623 854 440 889 39564 33598 1021 5966 32577 1383 4583 719 108 1105 1036 120420 194 223 77 76 95947 30208 197 30011 2038 1030 65739 18470 47269 126 51 3213 15257 611 52 414 45863 35031 1406 2785 71 1008 428 24473 2433 462
internal_count=168960 48540 2286 339 301 53 248 46254 6496 130 1947 795 1152 39758 6366 5512 4623 854 440 889 39564 33598 1021 5966 32577 1383 4583 719 108 1105 1036 120420 194 223 77 76 95947 30208 197 30011 2038 1030 65739 18470 47269 126 51 3213 15257 611 52 414 45863 35031 1406 2785 71 1008 428 24473 2433 462
is_linear=0
shrinkage=0.05


Tree=79
num_leaves=63
num_cat=0
split_feature=10 2 0 17 0 13 17 12 10 16 15 15 4 16 0 17 4 16 17 0 13 16 17 10 7 0 8 4 7 17 16 13 13 10 0 17 16 16 14 16 13 14 0 2 0 16 4 14 13 15 10 16 10 7 0 16 4 16 16 13 17 16
split_gain=3.07741e+08 8.87565e+07 8.00028e+07 9.78425e+07 1.01659e+08 1.49263e+08 3.78953e+08 1.39979e+08 1.13259e+08 1.10008e+08 1.0897e+08 8.48391e+07 8.0047e+07 1.19821e+08 1.1842e+08 8.92144e+07 8.75457e+07 2.76771e+08 2.49185e+08 1.37629e+08 2.3951e+08 1.18037e+08 1.01741e+08 8.56485e+07 8.18629e+07 7.81964e+07 7.81734e+07 1.01368e+08 7.06995e+07 7.06535e+07 6.85854e+07 7.44716e+07 6.39914e+07 6.22797e+07 5.33705e+07 7.81794e+07 1.41018e+08 8.67343e+07 1.31733e+08 5.54384e+07 1.02896e+08 5.96449e+07 5.263e+07 5.22859e+07 1.53118e+08 5.85086e+07 1.05404e+08 9.27773e+07 6.28762e+07 5.98362e+07 5.65752e+07 5.59994e+07 5.51006e+07 4.79512e+07 4.309e+07 3.82312e+07 7.49377e+07 6.23988e+07 4.71866e+07 8.60093e+07 3.69428e+07 3.60065e+07
threshold=4659.3750000000009 5.5000000000000009 72.500000000000014 30.550000000000004 79.500000000000014 4054.8412523223624 29.550000000000004 10000.04642857143 14498.490000000002 34.350000000000001 4822.9514807727619 2311.248312449437 4.5000000000000009 20.750000000000004 24.500000000000004 20.250000000000004 9.5000000000000018 30.250000000000004 38.45000000000001 5.5000000000000009 2915.8092967524067 29.050000000000004 32.550000000000004 10000.005000000003 1.0000000180025095e-35 14.500000000000002 1.5000000000000002 8.5000000000000018 1.0000000180025095e-35 30.650000000000002 26.450000000000003 2915.8092967524067 1326.9377969815539 8300.0150000000012 80.500000000000014 33.050000000000004 26.050000000000004 35.850000000000001 9381.2628333333359 17.350000000000005 2369.3000087664959 10886.632333333335 29.500000000000004 1.0000000180025095e-35 21.500000000000004 36.250000000000007 9.5000000000000018 9381.2628333333359 3195.6338760967196 3521.684421886674 4240.8850000000011 27.250000000000004 1772.575 1.0000000180025095e-35 74.500000000000014 29.250000000000004 9.5000000000000018 32.550000000000004 21.950000000000003 495.18660089609813 35.150000000000013 13.750000000000002
decision_type=2 2 2 2 2 2 2 2 2 2 2 2 2 2 2 2 2 2 2 2 2 2 2 2 2 2 2 2 2 2 2 2 2 2 2 2 2 2 2 2 2 2 2 2 2 2 2 2 2 2 2 2 2 2 2 2 2 2 2 2 2 2
left_child=43 2 12 4 5 8 -7 9 -4 -6 -9 30 13 15 33 61 19 22 -19 21 -21 -14 -18 -17 -16 28 29 -28 55 -13 32 -32 -5 -15 39 37 -37 38 -36 40 41 -27 -41 44 -1 48 47 49 50 -47 53 -52 -45 -46 -44 58 57 -57 59 -3 -38 -2
right_child=1 25 3 11 7 6 -8 10 -10 -11 -12 26 16 14 24 23 17 18 -20 20 -22 -23 -24 -25 -26 34 27 -29 -30 -31 31 -33 -34 -35 35 36 60 -39 -40 42 -42 -43 54 52 45 46 -48 -49 -50 -51 51 -53 -54 -55 -56 56 -58 -59 -60 -61 -62 -63
leaf_value=-7.2366937336006476 20.274095462696721 -92.033655271984287 8.1050380934882664 5.5137749011039743 -2.9572638913690632 -10.536156070597032 151.57068330552843 -43.811692239150261 -105.75352347634055 17.851299041804946 24.229567565917971 89.149226039006166 36.874433192605096 41.745991969471532 8.6614382398046015 -4.0606513809708149 3.4066715236169767 43.004372542970167 -39.680756867908293 -4.4243281509269812 -56.390876121687576 3.4733226151138545 -18.703953854807466 14.68576692246789 -27.500824853138752 8.8110378649132866 31.96310376616881 11.602348378109191 -53.25075195870749 6.0619361418794755 9.3226241155927116 -62.91717768563165 -21.879546890751644 17.704907827285229 4.0246200839001078 -101.05225039527531 25.173954896617023 37.851721472162751 -31.390049873728145 1.347231845994231 -38.550723758089369 -70.863066757520045 -17.761504527734452 -9.336278781044669 2.33738132440075 6.7906877369229797 101.4446454792638 82.536092184157596 -29.356327873325945 66.226225669328571 5.7559639600788 35.778672218801589 -1.6245938634694075 -10.548897475902491 -3.4885576125580751 -13.431554496273016 90.773394215901703 22.914384200296904 35.824563103349583 16.189865780823851 70.641735478153933 -27.512492604936877
leaf_weight=4335 678 20 3110 474 3604 84 62 308 21 770 72 25 316 380 2744 4188 3503 697 104 6993 228 1599 610 712 165 1122 1180 1271 40 1638 4152 35 386 931 1008 20 276 127 354 780 137 23 1774 2371 10359 2857 30 41 158 42 445 238 98769 775 754 311 23 189 303 145 53 41
leaf_count=4335 678 20 3110 474 3604 84 62 308 21 770 72 25 316 380 2744 4188 3503 697 104 6993 228 1599 610 712 165 1122 1180 1271 40 1638 4152 35 386 931 1008 20 276 127 354 780 137 23 1774 2371 10359 2857 30 41 158 42 445 238 98769 775 754 311 23 189 303 145 53 41
internal_value=0.00420759 3.36518 4.27621 6.87713 2.84797 9.6222 58.8665 -1.82264 7.30785 0.709122 -30.8899 10.4086 2.40422 5.86262 12.2286 1.08033 -0.0178857 5.36306 32.2326 -2.91242 -6.07273 9.00131 0.123689 -1.33424 6.60155 -1.65229 15.7376 21.4138 11.1241 7.36382 6.0625 8.70388 -6.79249 24.6998 -3.70293 3.49545 24.7593 -1.50174 -5.19635 -6.58555 2.24012 7.15015 -10.0055 -1.35058 1.03565 3.43549 9.7162 8.74602 1.87708 7.67432 2.29714 16.2548 -1.80547 1.43954 -13.5075 13.7735 4.4688 0.325515 24.14 2.59644 32.6904 17.5147
internal_weight=168960 48540 41081 17192 8031 3277 146 4754 3131 4374 380 9161 23889 9839 4220 5619 14050 4914 801 9136 7221 1915 4113 4900 2909 7459 4114 2451 1031 1663 5047 4187 860 1311 6428 1838 349 1489 1362 4590 1282 1145 3308 120420 19280 14945 2970 2940 11975 2899 11817 683 101140 11134 2528 991 523 500 468 165 329 719
internal_count=168960 48540 41081 17192 8031 3277 146 4754 3131 4374 380 9161 23889 9839 4220 5619 14050 4914 801 9136 7221 1915 4113 4900 2909 7459 4114 2451 1031 1663 5047 4187 860 1311 6428 1838 349 1489 1362 4590 1282 1145 3308 120420 19280 14945 2970 2940 11975 2899 11817 683 101140 11134 2528 991 523 500 468 165 329 719
is_linear=0
shrinkage=0.05


Tree=80
num_leaves=63
num_cat=0
split_feature=10 7 17 9 16 8 16 0 0 11 13 17 16 8 17 14 6 15 12 13 17 14 11 14 5 17 10 14 10 10 16 17 9 13 14 10 11 16 15 11 5 15 12 7 9 12 5 14 16 11 12 16 5 0 11 15 12 15 14 17 17 10
split_gain=2.77725e+08 7.78186e+07 8.1524e+07 1.01526e+08 9.79036e+07 1.22219e+08 9.3525e+07 1.53536e+08 8.65457e+07 7.38711e+07 8.46117e+07 7.72162e+07 7.63824e+07 7.32419e+07 8.97347e+07 6.72439e+07 7.64112e+07 6.71552e+07 5.93448e+07 1.03779e+08 1.07002e+08 6.9949e+07 6.27814e+07 6.56907e+07 5.83833e+07 8.30732e+07 5.55264e+07 5.33492e+07 5.91769e+07 5.54355e+07 5.00462e+07 5.25995e+07 4.84156e+07 4.62119e+07 4.42519e+07 4.26712e+07 3.83299e+07 1.11339e+08 5.32686e+07 3.74631e+07 5.56989e+07 3.15552e+07 3.0618e+07 3.04399e+07 4.62574e+07 3.89638e+07 6.42433e+07 3.61331e+07 5.85632e+07 4.849e+07 2.99849e+07 2.87595e+07 2.76139e+07 3.32595e+07 3.68488e+07 2.81093e+07 2.33437e+07 2.13798e+07 3.2556e+07 2.60835e+07 2.09648e+07 1.88138e+07
threshold=4659.3750000000009 1.0000000180025095e-35 29.750000000000004 1.0000000180025095e-35 27.250000000000004 1.5000000000000002 24.050000000000004 35.500000000000007 75.500000000000014 3980.2600000000007 3633.0448536059257 34.150000000000013 28.550000000000004 2.5000000000000004 32.150000000000013 8792.7155000000039 1.0000000180025095e-35 3954.265515905809 14389.699285714289 2676.5737134921633 30.550000000000004 7830.5858333333335 6999.6950000000006 8706.3083333333361 2023.5000000000002 30.750000000000004 10421.575000000003 4779.6166666666677 7723.3500000000013 5723.7550000000001 40.550000000000004 37.650000000000013 2.5000000000000004 2991.7333866594622 10202.382333333337 2400.6850000000004 12000.005000000003 34.650000000000013 2819.8413324129592 3297.3950000000004 2021.5000000000002 5104.3834205448529 8062.363571428572 1.0000000180025095e-35 1.0000000180025095e-35 8786.0628571428588 2023.5000000000002 10000.133666666668 33.550000000000004 6999.6950000000006 8540.0042857142889 23.250000000000004 2020.5000000000002 64.500000000000014 9999.3950000000023 840.0557379864739 1622.7914285714289 598.52944722725999 2505.4965000000007 29.150000000000002 39.250000000000007 10000.005000000003
decision_type=2 2 2 2 2 2 2 2 2 2 2 2 2 2 2 2 2 2 2 2 2 2 2 2 2 2 2 2 2 2 2 2 2 2 2 2 2 2 2 2 2 2 2 2 2 2 2 2 2 2 2 2 2 2 2 2 2 2 2 2 2 2
left_child=35 9 4 24 6 -6 34 -8 27 10 11 17 -12 26 -15 16 -13 33 30 20 41 -22 -21 -24 39 -26 -10 28 -5 -29 36 42 -14 -2 51 56 38 -38 -11 -4 -41 -20 -32 45 -45 52 47 49 -49 -47 -27 -3 -37 54 -54 -55 -1 -46 -59 -60 -58 -7
right_child=1 2 3 8 5 61 7 -9 13 18 12 15 32 14 -16 -17 -18 -19 19 22 21 -23 23 -25 25 50 -28 29 -30 -31 31 -33 -34 -35 -36 43 37 -39 -40 40 -42 -43 -44 44 57 46 -48 48 -50 -51 -52 -53 53 55 -56 -57 60 58 59 -61 -62 -63
leaf_value=-12.624052441461016 -1.3974780703501017 -7.3828282253810613 -42.788657596472547 -10.091704234620359 -160.45799191429501 -28.46907911226003 124.86632982658617 -30.599315708529566 10.759568796472928 3.7981590614733989 -112.76032367311676 21.287652082581101 -50.144235680790274 16.659477254190755 -71.193716793407091 82.261975754246578 -6.7206396080295638 -47.53227339043675 -114.03065290178573 -53.075867766712037 -53.074786952849365 36.070100868626646 56.967616625599476 19.882533326517674 -23.910627461024696 81.291193142402463 64.587560402291714 4.6230123433401422 79.402390219646961 -40.9217518029321 -21.62070197189804 26.550510175916884 18.830770732455786 -29.555522401936852 -63.969264098376769 -2.254486626962485 0.42502862765215998 -54.796536870789765 9.2026256927353689 49.814895602736293 1.8890012723616971 -30.961270086115061 -73.412634705763594 2.8578367019540623 -3.9262190528207941 71.084194742838548 54.978251710813254 5.7686032336365942 100.91351796468099 -7.6445883539099446 27.52626109053449 -65.864698805375539 -0.61284149074140171 -0.088039623326331681 -9.9273287706885398 4.065808178580478 -3.0296558512041085 -39.101408938250501 -23.737416164133098 -7.0427570920288787 13.391883801781402 -75.055639355468756
leaf_weight=632 5101 487 32 93 20 197 32 30 226 32625 28 587 58 61 54 32 415 82 27 22 30 75 173 387 34 81 60 85 22 308 112 44 44 149 40 21209 802 102 5300 78 261 21 38 1436 1727 20 78 50 23 284 40 21 51879 9111 1083 7364 23646 102 285 1296 195 24
leaf_count=632 5101 487 32 93 20 197 32 30 226 32625 28 587 58 61 54 32 415 82 27 22 30 75 173 387 34 81 60 85 22 308 112 44 44 149 40 21209 802 102 5300 78 261 21 38 1436 1727 20 78 50 23 284 40 21 51879 9111 1083 7364 23646 102 285 1296 195 24
internal_value=0.00407225 3.19693 -5.80661 1.4664 -18.0581 -44.9706 -7.3692 50.3493 -8.64846 3.64203 -1.30116 -0.482558 -41.0777 8.70523 -24.8514 12.0155 9.69227 -2.90802 4.4497 18.5164 -18.039 10.3397 28.1407 31.4203 18.9295 44.5999 22.2379 -22.3371 7.56577 -31.0844 4.18429 -21.0844 -20.4963 -2.20211 -13.9792 -1.28295 4.31108 -5.85938 4.55365 8.11363 13.0303 -79.0615 -35.1406 -0.807581 -4.66858 -0.602151 13.9769 5.37087 36.7044 -2.24897 63.889 -9.92505 -0.675485 -0.193165 -0.803494 1.76878 -3.14654 -7.83797 -11.8473 -10.0653 -2.89478 -33.8436
internal_weight=168960 48540 2286 1435 851 241 610 62 909 46254 6496 6366 130 401 115 1034 1002 5332 39758 735 153 105 582 560 526 155 286 508 115 393 39023 194 102 5250 548 120420 38829 904 37925 371 339 48 150 95947 4846 91101 455 377 73 304 121 508 90646 69437 52962 16475 24473 3410 1683 1581 23841 221
internal_count=168960 48540 2286 1435 851 241 610 62 909 46254 6496 6366 130 401 115 1034 1002 5332 39758 735 153 105 582 560 526 155 286 508 115 393 39023 194 102 5250 548 120420 38829 904 37925 371 339 48 150 95947 4846 91101 455 377 73 304 121 508 90646 69437 52962 16475 24473 3410 1683 1581 23841 221
is_linear=0
shrinkage=0.05


Tree=81
num_leaves=63
num_cat=0
split_feature=10 10 5 14 11 17 11 7 17 14 0 0 7 4 2 17 4 10 0 2 2 4 2 11 4 2 17 14 14 15 10 11 2 15 9 14 14 14 4 11 9 17 4 17 2 15 0 0 0 14 14 17 2 11 11 11 17 13 2 4 0 17
split_gain=2.53636e+08 6.7694e+07 6.69538e+07 1.44174e+08 7.63306e+07 7.60156e+07 6.92717e+07 6.80985e+07 9.65468e+07 6.89638e+07 6.66444e+07 8.40853e+07 6.25328e+07 6.14552e+07 1.42632e+08 2.52645e+08 5.83881e+07 1.48868e+08 1.00546e+08 5.75984e+07 5.75813e+07 1.76976e+08 1.35405e+08 1.0621e+08 8.67573e+07 1.78574e+08 9.64384e+07 5.08927e+07 5.06362e+07 7.4253e+07 5.71804e+07 4.73375e+07 1.31298e+08 1.28428e+08 1.06088e+08 1.44849e+08 9.81096e+07 1.23565e+08 9.32197e+07 7.92278e+07 7.57895e+07 5.98139e+07 9.1003e+07 5.88346e+07 5.09375e+07 1.84238e+08 1.46178e+08 1.19482e+08 8.48824e+07 8.67534e+07 8.18663e+07 7.69544e+07 5.25508e+07 6.32663e+07 5.71491e+07 4.34077e+07 4.0658e+07 5.60801e+07 4.33764e+07 3.94486e+07 3.66729e+07 3.47938e+07
threshold=7190.6650000000009 3499.2950000000005 2023.5000000000002 6912.9285000000009 4200.8250000000007 33.850000000000001 3450.3350000000005 1.0000000180025095e-35 35.250000000000007 3299.4280000000003 23.500000000000004 8.5000000000000018 1.0000000180025095e-35 7.5000000000000009 5.5000000000000009 31.050000000000004 3.5000000000000004 11194.045000000002 31.500000000000004 2.5000000000000004 1.5000000000000002 6.5000000000000009 1.0000000180025095e-35 5645.9450000000006 4.5000000000000009 4.5000000000000009 30.250000000000004 9806.3691666666691 6219.9696666666669 3286.8340494294148 10421.575000000003 10000.005000000003 1.5000000000000002 3521.684421886674 3.5000000000000004 9723.1230000000014 10202.382333333337 5929.2511666666678 4.5000000000000009 14498.490000000002 1.5000000000000002 32.750000000000007 7.5000000000000009 32.45000000000001 1.0000000180025095e-35 3521.684421886674 21.500000000000004 18.500000000000004 30.500000000000004 10000.133666666668 9806.3691666666691 34.550000000000004 1.5000000000000002 6389.3550000000005 3479.0350000000003 2188.9600000000005 35.750000000000007 2369.3000087664959 5.5000000000000009 8.5000000000000018 3.5000000000000004 31.250000000000004
decision_type=2 2 2 2 2 2 2 2 2 2 2 2 2 2 2 2 2 2 2 2 2 2 2 2 2 2 2 2 2 2 2 2 2 2 2 2 2 2 2 2 2 2 2 2 2 2 2 2 2 2 2 2 2 2 2 2 2 2 2 2 2 2
left_child=1 -1 7 4 6 -6 -4 9 16 -2 11 -8 13 56 60 -16 17 18 -9 -10 21 22 -11 -23 25 -22 -26 -19 30 -30 -18 44 36 41 38 -36 37 -33 -35 40 -38 42 -34 -39 45 46 55 51 -47 -50 -48 59 53 -49 -54 -3 57 -5 -58 -46 -15 -41
right_child=2 31 3 12 5 -7 10 8 19 20 -12 -13 -14 14 15 -17 28 27 -20 -21 24 23 -24 -25 26 -27 -28 -29 29 -31 -32 32 33 34 35 -37 39 43 -40 61 -42 -43 -44 -45 47 48 50 52 49 -51 -52 -53 54 -55 -56 -57 58 -59 -60 -61 -62 -63
leaf_value=-1.7039656598718971 -76.473453991699216 44.929179652622935 28.892188558578496 5.8715057468018905 -5.6976404394577669 -73.979903330248462 -12.109454100637725 70.998662755629596 -10.424752007686731 6.7329651549056413 -24.98119721697223 -110.14444857745103 33.172940003151119 -53.416048711961324 -118.74762018229167 4.5465925431758798 8.2062520880926222 -167.23783067612419 -35.400621189475061 -99.37760872774345 21.389843946301582 -6.7934788059717111 -17.152328703793405 19.873728325784374 -2.645794929383138 2.8035352677410987 8.4277416688582729 -51.95863961356028 -15.927047337317587 19.518551720639493 80.495169167867516 63.958441639604246 13.807376203227353 45.404699012261851 165.16667849404473 34.854335760765892 -19.40792501340594 -34.062158361654731 -14.009039677002853 6.6913297371242368 48.364373025044358 -25.677827204729056 -23.839274034732725 -79.879646429741513 7.4505256276792124 3.8874902911896401 8.5809981941887781 -3.041434825244214 116.05181655776333 14.121941410187752 -42.106209313663435 36.231773666826264 -3.7163050919415515 -17.714377521965634 1.1099184994687585 -11.448934717271376 16.226335185735657 -22.314392845745392 76.657925794446797 -0.98576090188798993 1.9876608372842188 -70.334487159196726
leaf_weight=86448 24 34 31 3142 788 42 32 33 32 1007 123 70 171 30 74 93 83 20 63 42 2963 505 1442 1427 2736 2292 6983 20 397 234 40 28 461 107 27 93 69 383 169 22 100 307 245 86 5267 46 4907 5631 70 30 80 205 8051 844 25748 1447 155 186 36 1880 817 42
leaf_count=86448 24 34 31 3142 788 42 32 33 32 1007 123 70 171 30 74 93 83 20 63 42 2963 505 1442 1427 2736 2292 6983 20 397 234 40 28 461 107 27 93 69 383 169 22 100 307 245 86 5267 46 4907 5631 70 30 80 205 8051 844 25748 1447 155 186 36 1880 817 42
internal_value=0.00375321 -0.824908 4.53257 -0.211275 -16.6233 -9.23776 -40.4397 5.8827 -7.08243 6.52798 -50.0776 -79.8046 3.58046 2.45706 -8.38293 -50.4684 -2.48853 -32.5169 1.52897 -61.5635 6.63484 1.59247 -7.33224 12.9034 8.1099 13.2854 5.31047 -112.271 2.96361 -2.77231 32.1745 0.52299 -6.77099 2.14817 26.2548 65.2974 -23.9656 -36.4952 9.10529 2.80239 20.7426 -7.29213 0.727781 -42.6158 0.810753 4.92208 3.66353 0.239706 60.2733 85.9155 7.75961 6.10076 -0.830352 -4.95646 -0.0397749 -10.1252 5.5821 4.28998 27.9565 5.23155 -0.0353608 -44.1612
internal_weight=168960 142827 26133 5790 1086 830 256 20343 964 19379 225 102 4704 4533 1014 167 890 136 96 74 19355 4381 2449 1932 14974 5255 9719 40 754 631 123 56379 2139 1409 396 120 730 497 276 233 169 1013 706 469 54240 6614 6468 47626 146 100 4987 7352 40274 6475 33799 1481 3519 3328 191 7147 847 64
internal_count=168960 142827 26133 5790 1086 830 256 20343 964 19379 225 102 4704 4533 1014 167 890 136 96 74 19355 4381 2449 1932 14974 5255 9719 40 754 631 123 56379 2139 1409 396 120 730 497 276 233 169 1013 706 469 54240 6614 6468 47626 146 100 4987 7352 40274 6475 33799 1481 3519 3328 191 7147 847 64
is_linear=0
shrinkage=0.05


Tree=82
num_leaves=63
num_cat=0
split_feature=12 3 3 3 3 3 16 3 3 12 3 11 9 15 11 2 2 3 3 16 0 16 3 16 14 14 2 0 3 3 13 3 3 0 0 13 2 15 13 16 15 14 2 16 2 11 13 3 11 3 2 11 12 11 2 14 3 3 2 2 2 11
split_gain=2.28565e+08 8.49111e+07 1.14092e+08 2.46136e+08 1.19551e+08 2.93816e+08 2.03072e+08 1.50122e+08 1.05224e+08 9.15053e+07 8.18561e+07 7.78632e+07 6.57709e+07 8.07891e+07 6.73085e+07 6.64834e+07 6.54918e+07 1.16667e+08 1.69777e+08 6.48769e+07 6.25729e+07 5.73982e+07 6.79733e+07 5.70839e+07 5.19543e+07 4.67511e+07 5.2775e+07 4.40319e+07 4.35472e+07 2.76891e+08 3.49654e+08 1.13883e+08 9.07921e+07 6.50417e+07 8.1889e+07 1.01609e+08 7.507e+07 6.15871e+07 6.4844e+07 4.12375e+07 4.05553e+07 3.94812e+07 3.70097e+07 3.6426e+07 3.5709e+07 3.05599e+07 2.88855e+07 2.7977e+07 2.73628e+07 2.56904e+07 5.32413e+07 3.5404e+07 2.95129e+07 3.95071e+07 2.54861e+07 2.51766e+07 1.97572e+07 3.72238e+07 1.85497e+07 1.76716e+07 1.65796e+07 1.6147e+07
threshold=7016.8400000000011 352.50000000000006 284.50000000000006 280.50000000000006 247.50000000000003 262.50000000000006 31.350000000000005 224.50000000000003 213.50000000000003 10956.976428571432 225.50000000000003 12000.005000000003 3.5000000000000004 1980.0864005386052 6500.0550000000012 4.5000000000000009 3.5000000000000004 290.50000000000006 291.50000000000006 27.950000000000003 79.500000000000014 32.95000000000001 286.50000000000006 23.850000000000005 2892.0996666666674 8970.7866666666687 3.5000000000000004 78.500000000000014 283.50000000000006 277.50000000000006 708.08527245446601 278.50000000000006 320.50000000000006 74.500000000000014 7.5000000000000009 1181.6372607697024 1.0000000180025095e-35 1380.1820799243844 3079.2856815687096 22.550000000000004 804.89085235210223 6145.3336666666673 5.5000000000000009 26.750000000000004 1.0000000180025095e-35 5963.8100000000004 1181.6372607697024 314.50000000000006 1088.1800000000003 361.50000000000006 2.5000000000000004 4998.7650000000012 8540.0042857142889 9999.3950000000023 5.5000000000000009 5554.1658333333344 361.50000000000006 359.50000000000006 5.5000000000000009 2.5000000000000004 4.5000000000000009 4969.2050000000008
decision_type=2 2 2 2 2 2 2 2 2 2 2 2 2 2 2 2 2 2 2 2 2 2 2 2 2 2 2 2 2 2 2 2 2 2 2 2 2 2 2 2 2 2 2 2 2 2 2 2 2 2 2 2 2 2 2 2 2 2 2 2 2 2
left_child=24 2 3 4 7 9 -7 8 -2 -6 -9 25 16 20 43 -16 17 19 -19 -4 47 23 -23 -18 48 26 -5 -13 29 33 58 46 40 34 36 -36 -26 55 -39 -22 -30 56 -33 -15 45 -43 -32 -14 54 51 -51 -3 -52 -54 -1 -35 57 -34 -31 -46 -27 -42
right_child=1 49 12 11 5 6 -8 10 -10 -11 -12 27 13 14 15 -17 21 18 -20 -21 39 22 -24 -25 28 60 -28 -29 32 30 31 42 41 37 35 -37 -38 38 -40 -41 61 44 -44 -45 59 -47 -48 -49 -50 50 52 -53 53 -55 -56 -57 -58 -59 -60 -61 -62 -63
leaf_value=-1.5393612097614218 4.3975560396246989 -29.217700581359864 29.321398039881387 20.714262783704839 -24.552295973918714 -10.775108912092575 28.841342464118455 63.326402959073533 -15.341003537748614 10.455386392805313 14.555573076247814 53.663975450670399 2.0728036746111784 -34.069475634509118 8.8061016255964457 43.719117049637795 -30.66836354019393 -66.809343826126877 -2.4920532891692186 -9.4412343988475023 -22.126966139475506 24.402707958984376 -67.259754695228906 -1.7275065032093004 -9.7615107642004268 9.3189824514678019 52.729871656724384 144.90329239555027 -1.3480416427311677 -6.0612598700495965 56.309251656458926 29.907084284463849 0.55383718656284475 0.5666466516445019 -0.27164067855631746 -6.1919761831926277 8.2310750583496652 9.1063271473734808 -51.944724401994193 -116.08793549804689 -6.6432814545497783 102.5264360046387 63.344342949063176 16.055937718805279 -8.562895045137406 16.167223913101921 101.51116613070171 -33.020841035615831 -1.9826257204142987 -47.572026939392096 -10.859876748891978 32.371000147381345 64.123716289378976 11.913382649379495 -22.685093886548472 23.922133754828039 -7.1447159839260044 16.514532327420444 15.300556874040698 20.278647871645898 -45.424763215382903 -12.65562310463857
leaf_weight=264 17699 24 299 308 1391 563 758 88 701 215 2683 36 175 115 634 173 334 136 409 168 23 24 114 347 677 32 223 22 3523 608 64 472 8871 8380 42460 8738 4003 3926 43 24 4718 21 101 52 74 20 95 83 50017 35 64 406 53 112 309 116 765 380 121 183 23 1465
leaf_count=264 17699 24 299 308 1391 563 758 88 701 215 2683 36 175 115 634 173 334 136 409 168 23 24 114 347 677 32 223 22 3523 608 64 472 8871 8380 42460 8738 4003 3926 43 24 4718 21 101 52 74 20 95 83 50017 35 64 406 53 112 309 116 765 380 121 183 23 1465
internal_value=0.00349562 4.08206 3.65115 4.78574 3.96969 -5.50034 11.9617 5.27917 3.64477 -19.8621 16.1267 35.268 -5.37382 3.32478 10.3568 16.3354 -11.4485 -2.93561 -18.6348 15.3864 -19.0921 -21.9511 -51.2575 -15.9459 -0.825694 29.6926 34.2335 90.1415 -0.103897 0.485692 22.0162 46.4016 -2.15955 0.0251088 -0.703429 -1.28217 5.62677 3.29079 8.43198 -71.5261 -5.6303 1.10683 35.901 -18.4589 19.0105 61.7881 83.7824 -9.3009 -2.10724 21.3453 9.02039 28.8737 17.8391 28.9693 -12.9622 0.888309 0.57231 1.21116 -2.4995 11.9731 -13.9761 -8.06966
internal_weight=168960 28546 27852 24742 24098 2927 1321 21171 18400 1606 2771 644 3110 1279 974 807 1831 1012 545 467 305 819 138 681 140414 586 531 58 89824 69804 1461 732 20020 68343 55878 51198 4680 12465 3969 47 9706 10314 573 167 298 41 159 258 50590 694 264 430 229 165 573 8496 10016 9251 729 257 55 6183
internal_count=168960 28546 27852 24742 24098 2927 1321 21171 18400 1606 2771 644 3110 1279 974 807 1831 1012 545 467 305 819 138 681 140414 586 531 58 89824 69804 1461 732 20020 68343 55878 51198 4680 12465 3969 47 9706 10314 573 167 298 41 159 258 50590 694 264 430 229 165 573 8496 10016 9251 729 257 55 6183
is_linear=0
shrinkage=0.05


Tree=83
num_leaves=63
num_cat=0
split_feature=10 2 14 13 0 17 7 16 4 5 17 13 2 16 2 13 16 4 12 2 4 13 12 17 0 5 0 4 0 17 16 14 16 0 14 5 4 17 7 0 2 16 12 0 13 16 2 4 5 4 17 4 16 16 4 16 0 14 16 0 5 10
split_gain=2.06776e+08 7.69668e+07 8.2106e+07 7.81627e+07 7.14026e+07 6.16619e+07 6.15546e+07 5.9624e+07 1.62985e+08 1.36261e+08 1.12518e+08 1.09064e+08 1.39431e+08 6.33361e+07 5.18288e+07 1.24706e+08 9.74261e+07 8.24484e+07 1.84678e+08 1.02293e+08 8.14966e+07 6.41897e+07 1.08294e+08 7.35591e+07 1.27041e+08 6.42803e+07 6.34679e+07 5.91656e+07 4.86984e+07 7.31544e+07 1.05423e+08 7.39042e+07 1.49124e+08 5.79846e+07 4.52579e+07 4.13924e+07 4.1073e+07 3.83028e+07 3.70073e+07 5.23616e+07 4.17672e+07 8.98721e+07 4.7261e+07 4.52276e+07 7.0874e+07 4.07045e+07 6.41736e+07 5.57301e+07 3.80191e+07 3.40938e+07 3.40751e+07 3.33654e+07 1.07632e+08 5.0498e+07 6.38398e+07 5.37657e+07 3.19632e+07 3.00951e+07 3.70491e+07 2.99748e+07 5.8206e+07 4.90048e+07
threshold=4279.2650000000012 5.5000000000000009 8273.4223333333339 5307.9257483933907 14.500000000000002 32.650000000000013 1.0000000180025095e-35 20.750000000000004 3.5000000000000004 2022.5000000000002 28.850000000000005 4054.8412523223624 1.0000000180025095e-35 14.750000000000002 1.5000000000000002 3363.3826892669381 20.350000000000005 6.5000000000000009 6400.612857142859 1.0000000180025095e-35 9.5000000000000018 3633.0448536059257 9491.5792857142878 30.550000000000004 79.500000000000014 2021.5000000000002 79.500000000000014 3.5000000000000004 80.500000000000014 32.95000000000001 25.450000000000003 9381.2628333333359 34.850000000000001 43.500000000000007 11156.860000000002 2022.5000000000002 4.5000000000000009 32.45000000000001 1.0000000180025095e-35 33.500000000000007 5.5000000000000009 28.750000000000004 8786.0628571428588 33.500000000000007 565.75231557683037 35.050000000000004 1.0000000180025095e-35 9.5000000000000018 2023.5000000000002 3.5000000000000004 35.150000000000013 9.5000000000000018 27.950000000000003 27.850000000000005 5.5000000000000009 32.550000000000004 58.500000000000007 9723.1230000000014 36.650000000000013 75.500000000000014 2023.5000000000002 10000.005000000003
decision_type=2 2 2 2 2 2 2 2 2 2 2 2 2 2 2 2 2 2 2 2 2 2 2 2 2 2 2 2 2 2 2 2 2 2 2 2 2 2 2 2 2 2 2 2 2 2 2 2 2 2 2 2 2 2 2 2 2 2 2 2 2 2
left_child=38 2 3 7 6 -5 51 11 9 -9 -10 13 -13 -2 15 17 27 19 -19 -4 -18 23 36 24 -16 -25 -24 -17 33 31 -31 35 -33 34 -6 -30 -23 -36 40 -40 42 -42 45 -43 -45 -1 47 -47 57 -48 -32 53 -53 54 -3 -55 -46 -44 -59 61 -61 -35
right_child=1 4 14 5 28 -7 -8 8 10 -11 -12 12 -14 -15 21 16 20 18 -20 -21 -22 22 26 25 -26 -27 -28 -29 29 30 50 32 -34 59 37 -37 -38 -39 39 -41 41 43 48 44 56 46 49 -49 -50 -51 -52 52 -54 55 -56 -57 -58 58 -60 60 -62 -63
leaf_value=-1.2217195699338672 3.2520508423210175 17.542965299132021 8.9087527464560221 -0.43036026000976557 0.93220811340570797 67.44142945160101 -48.401670599417258 21.630286486579379 -13.496666998127138 -0.76903690242490108 2.4686099506302002 -166.42578126387161 -19.202939733689831 -4.5118839688559849 8.6039239698592596 98.511620509935469 -55.103962465671486 75.460335028237168 8.3361683033725562 -11.408417115189309 -1.3312477629775303 27.097503456115721 40.74671983131168 45.513041648434523 -9.3046842405668091 10.300980378434376 0.018861008233171168 -15.571355517843495 -6.1502456832216605 -76.417919140625017 22.974403838476633 -35.163532032692899 37.459432598696814 -10.600981330407638 -71.959990776062014 12.652226574239787 -41.919093937996109 0.78747119118185605 1.3795143335384017 -8.702158841080232 0.22687429892505656 -0.74928944663303765 0.60596997786752937 -6.2543992960592689 -24.521109944420544 6.4973812432298974 31.708486377284643 57.671794668303598 63.549599259842275 -0.2328137036324518 65.448490911115684 -9.0809541107524527 93.668910636901856 -10.373326734622125 97.270084364149312 20.849475148297273 -9.1439904263130316 12.637503801206265 93.80677207253197 4.2253394925962366 -26.311742086363775 -30.986492872611951
leaf_weight=73305 4891 375 1191 57 2275 80 43 1987 1178 1031 17257 21 61 5672 2880 22 202 108 1719 1289 108 29 442 132 1508 5242 122 22 507 24 292 330 89 1779 39 690 77 33 1983 3672 7730 1796 160 3718 970 3691 83 53 42 15354 56 54 47 408 26 207 521 40 21 663 203 353
leaf_count=73305 4891 375 1191 57 2275 80 43 1987 1178 1031 17257 21 61 5672 2880 22 202 108 1719 1289 108 29 442 132 1508 5242 122 22 507 24 292 330 89 1779 39 690 77 33 1983 3672 7730 1796 160 3718 970 3691 83 53 42 15354 56 54 47 408 26 207 521 40 21 663 203 353
internal_value=0.00343794 2.49362 3.2801 1.85498 -1.88901 39.4043 9.63258 1.69349 3.21143 13.9806 1.44775 -1.36566 -58.4573 -0.916971 6.3235 1.93955 -26.5453 4.28639 12.3432 -1.6516 -36.4348 8.28187 23.2435 7.25273 2.44865 11.1742 31.9524 42.3916 -3.71266 2.96742 22.9266 -1.63847 -19.6852 -6.19732 -0.310865 4.68978 -22.9604 -39.0633 -1.22519 -5.16727 -1.01774 -3.49049 -0.624863 -7.59203 -9.95073 -0.685157 1.36541 7.23701 20.5004 -0.059032 29.9773 11.908 39.1828 9.16072 22.9414 0.15259 -19.1576 12.0696 41.6434 -10.8039 -2.95498 -13.9892
internal_weight=168960 55821 47328 32235 8493 137 1160 32098 21453 3018 18435 10645 82 10563 15093 4661 354 4307 1827 2480 310 10432 670 9762 4388 5374 564 44 7333 1988 372 1616 419 5345 2347 1197 106 72 113139 5655 107484 14735 92749 7005 5209 92486 19181 3744 263 15437 348 1117 101 1016 401 615 1491 221 61 2998 866 2132
internal_count=168960 55821 47328 32235 8493 137 1160 32098 21453 3018 18435 10645 82 10563 15093 4661 354 4307 1827 2480 310 10432 670 9762 4388 5374 564 44 7333 1988 372 1616 419 5345 2347 1197 106 72 113139 5655 107484 14735 92749 7005 5209 92486 19181 3744 263 15437 348 1117 101 1016 401 615 1491 221 61 2998 866 2132
is_linear=0
shrinkage=0.05


Tree=84
num_leaves=63
num_cat=0
split_feature=12 7 3 10 2 3 3 3 11 3 2 2 2 3 17 17 10 3 3 12 10 8 15 17 5 10 12 14 5 3 3 3 3 14 17 10 10 3 4 3 2 10 15 10 3 15 3 3 10 2 3 3 11 5 3 9 3 14 3 3 17 14
split_gain=1.89155e+08 8.92926e+07 8.20863e+07 1.04997e+08 7.28268e+07 7.27854e+07 8.25018e+07 3.20203e+08 1.82076e+08 1.55484e+08 5.42048e+08 2.53082e+08 1.41123e+08 1.27654e+08 1.35844e+08 9.80443e+07 1.41379e+08 1.01994e+08 9.49427e+07 6.91097e+07 6.20352e+07 5.93811e+07 7.60506e+07 5.47514e+07 5.94043e+07 5.3828e+07 4.91451e+07 4.6482e+07 4.55282e+07 1.0177e+08 2.15453e+08 2.15324e+08 1.59302e+08 1.46421e+08 1.2589e+08 7.69653e+07 7.20484e+07 6.31082e+07 4.94183e+07 4.42008e+07 4.37357e+07 5.352e+07 6.23231e+07 5.66157e+07 5.50743e+07 4.49234e+07 8.34044e+07 6.08543e+07 4.12401e+07 4.0999e+07 4.78308e+07 4.46861e+07 3.95622e+07 3.86072e+07 1.08726e+08 5.13139e+07 3.85763e+07 3.79961e+07 3.3429e+07 3.19117e+07 3.16161e+07 3.02989e+07
threshold=7016.8400000000011 1.0000000180025095e-35 102.50000000000001 11194.045000000002 3.5000000000000004 352.50000000000006 86.500000000000014 80.500000000000014 4279.005000000001 96.500000000000014 4.5000000000000009 1.5000000000000002 5.5000000000000009 112.50000000000001 28.250000000000004 31.150000000000002 10000.005000000003 78.500000000000014 146.50000000000003 9318.6050000000014 9500.9950000000008 2.5000000000000004 4534.1532565239222 29.750000000000004 2023.5000000000002 3595.8500000000008 9999.9900000000016 9806.3691666666691 2021.5000000000002 214.50000000000003 242.50000000000003 256.50000000000006 263.50000000000006 3502.5115000000001 31.150000000000002 6972.2100000000009 5000.2350000000006 237.50000000000003 6.5000000000000009 166.50000000000003 3.5000000000000004 10000.005000000003 3403.9999007376414 4659.3750000000009 228.50000000000003 2989.7896357602681 140.50000000000003 148.50000000000003 8000.005000000001 3.5000000000000004 156.50000000000003 174.50000000000003 5468.9300000000012 2023.5000000000002 146.50000000000003 1.0000000180025095e-35 310.50000000000006 9218.4013333333369 360.50000000000006 182.50000000000003 32.350000000000001 8273.4223333333339
decision_type=2 2 2 2 2 2 2 2 2 2 2 2 2 2 2 2 2 2 2 2 2 2 2 2 2 2 2 2 2 2 2 2 2 2 2 2 2 2 2 2 2 2 2 2 2 2 2 2 2 2 2 2 2 2 2 2 2 2 2 2 2 2
left_child=25 5 3 4 20 6 7 15 -9 10 11 -8 -12 14 -11 17 -17 -2 -15 -6 -3 23 56 57 26 61 -25 -5 29 35 33 36 -33 37 -35 38 -32 -31 39 -27 41 42 43 -30 -43 53 -47 -48 58 51 -51 -37 -44 55 -55 -42 -23 -4 -7 -40 -24 -1
right_child=1 2 21 27 19 48 9 8 -10 13 12 -13 -14 18 -16 16 -18 -19 -20 -21 -22 22 60 24 -26 28 -28 -29 40 30 31 32 -34 34 -36 49 -38 -39 59 -41 45 44 52 -45 -46 46 47 -49 -50 50 -52 -53 -54 54 -56 -57 -58 -59 -60 -61 -62 -63
leaf_value=-1.3915114888711226 8.619480166520054 -25.673574380111695 -2.9361984872036295 -160.88887715657552 -34.935448891957606 69.37817247494408 -27.987718242921392 -27.209492251656275 62.918770230516216 -88.563762573242201 -130.32477354196405 28.604842441240947 -46.415129312383065 -4.9820826569856038 18.8701149924239 -6.8681178097571109 -100.68089176456134 -42.930699169100549 4.0860407659811857 66.72469920911287 -118.95444857510654 -44.37117370632847 21.762680660530375 -13.531642834294841 41.251040047607425 -4.7762096769161406 15.496326152264386 -50.623723329589488 0.5265629050097872 0.59349514565534056 -22.600103679520213 46.000297427767329 -0.48831972693421122 25.725327863312806 87.26413820014281 -38.678988767103718 -68.023217643369136 34.040364837013946 -65.35331208147322 17.02924059573515 6.8326307898316649 -7.7759330796461841 6.3976707000581623 5.979937039966174 -89.111773445375505 2.9724185475174871 -42.896709298597507 -0.8831653148709363 15.841004407962743 -28.6382426668563 -86.668301298477431 35.882313917005391 40.205834105731356 2.6692635280792114 -13.281060188067293 -0.40814374701208822 20.672639389038086 -48.835851541095309 -1.3423484603218412 -16.040553746490826 -41.723978281567497 -12.343097524271821
leaf_weight=90776 4640 99 121 20 29 68 372 65 384 29 103 419 100 3590 1601 247 47 97 14713 37 21 208 107 250 124 5344 347 20 11190 503 335 193 3676 217 135 43 118 195 34 242 3415 64 165 8281 30 447 255 130 547 105 54 36 182 2628 1799 8624 25 71 22 563 23 635
leaf_count=90776 4640 99 121 20 29 68 372 65 384 29 103 419 100 3590 1601 247 47 97 14713 37 21 208 107 250 124 5344 347 20 11190 503 335 193 3676 217 135 43 118 195 34 242 3415 64 165 8281 30 447 255 130 547 105 54 36 182 2628 1799 8624 25 71 22 563 23 635
internal_value=0.00336797 3.71368 -8.1487 -35.8531 -19.7694 4.37279 3.96944 9.43034 49.8398 2.53905 -16.7508 1.98814 -89.4201 3.50177 16.9056 5.81475 -22.1559 7.55504 2.30722 22.201 -42.846 -3.21757 -20.2942 3.58671 9.90673 -0.750956 3.33825 -108.336 0.586114 -2.12095 2.95686 -1.98008 1.84199 23.2608 49.5072 -6.36899 -34.556 9.97287 -5.29188 -3.82866 1.4441 3.04175 3.22107 2.84607 -34.399 -0.395052 -11.7234 -28.7494 21.0613 -34.2119 -48.7651 -4.67781 24.1945 0.178029 -3.814 1.64618 -37.3337 -20.0746 52.2661 -18.9536 10.2976 -1.46772
internal_weight=168960 28546 1502 226 186 27044 26407 5480 449 20927 994 791 203 19933 1630 5031 294 4737 18303 66 120 1276 363 913 721 140414 597 40 49003 11793 5372 4322 3869 1050 352 6421 453 698 6183 5586 37210 19912 19818 19471 94 17298 832 385 637 238 159 79 347 16466 4427 12039 233 192 90 597 130 91411
internal_count=168960 28546 1502 226 186 27044 26407 5480 449 20927 994 791 203 19933 1630 5031 294 4737 18303 66 120 1276 363 913 721 140414 597 40 49003 11793 5372 4322 3869 1050 352 6421 453 698 6183 5586 37210 19912 19818 19471 94 17298 832 385 637 238 159 79 347 16466 4427 12039 233 192 90 597 130 91411
is_linear=0
shrinkage=0.05


Tree=85
num_leaves=63
num_cat=0
split_feature=12 7 3 10 2 0 3 3 3 3 12 3 3 3 10 15 3 2 14 2 0 10 3 17 17 10 0 11 2 2 15 3 3 3 13 17 4 3 15 17 5 3 3 10 3 15 10 14 13 17 17 3 14 14 13 12 5 3 13 13 3 12
split_gain=1.70627e+08 8.07497e+07 7.44149e+07 9.52739e+07 6.71585e+07 1.00696e+08 8.56059e+07 3.46167e+08 1.0898e+08 2.03548e+08 2.81942e+08 1.27257e+08 1.16818e+08 2.42097e+08 1.22884e+08 1.04721e+08 1.25851e+08 7.73421e+07 7.37778e+07 6.59038e+07 8.92809e+07 5.63145e+07 5.05778e+07 8.73203e+07 7.65516e+07 4.85713e+07 5.04679e+07 6.92555e+07 8.75918e+07 6.57772e+07 5.60373e+07 5.16326e+07 4.80507e+07 1.16106e+08 1.53286e+08 1.17376e+08 7.91988e+07 1.13995e+08 8.85677e+07 6.92429e+07 6.48613e+07 1.11408e+08 5.95073e+07 6.91026e+07 5.44467e+07 4.76997e+07 4.64716e+07 4.56285e+07 4.42928e+07 4.421e+07 4.2278e+07 6.39756e+07 4.80573e+07 4.21605e+07 4.11605e+07 4.46115e+07 4.07174e+07 4.00896e+07 3.58971e+07 3.46256e+07 3.27334e+07 3.11995e+07
threshold=7016.8400000000011 1.0000000180025095e-35 102.50000000000001 11194.045000000002 5.5000000000000009 15.500000000000002 86.500000000000014 80.500000000000014 186.50000000000003 166.50000000000003 10000.04642857143 148.50000000000003 242.50000000000003 262.50000000000006 4839.6150000000007 4296.4042702189172 60.500000000000007 2.5000000000000004 6521.4811666666674 3.5000000000000004 47.500000000000007 9500.9950000000008 249.50000000000003 29.350000000000005 32.150000000000013 3595.8500000000008 8.5000000000000018 2062.9450000000002 1.0000000180025095e-35 1.5000000000000002 2509.0532912601348 202.50000000000003 209.50000000000003 244.50000000000003 2915.8092967524067 36.350000000000001 4.5000000000000009 122.50000000000001 1950.4798305056713 29.450000000000003 2021.5000000000002 80.500000000000014 255.50000000000003 9999.3950000000023 283.50000000000006 4822.9514807727619 9500.9950000000008 9565.9641666666703 55.454841370639322 34.95000000000001 33.550000000000004 126.50000000000001 9381.2628333333359 9806.3691666666691 1438.7219988110621 8317.7064285714314 2021.5000000000002 86.500000000000014 1795.4748732935288 2578.0464051083331 246.50000000000003 11758.720000000003
decision_type=2 2 2 2 2 2 2 2 2 2 2 2 2 2 2 2 2 2 2 2 2 2 2 2 2 2 2 2 2 2 2 2 2 2 2 2 2 2 2 2 2 2 2 2 2 2 2 2 2 2 2 2 2 2 2 2 2 2 2 2 2 2
left_child=25 4 3 19 6 56 7 15 9 11 -11 -8 14 -14 -10 16 -2 -17 61 21 -21 -3 23 -4 47 -1 27 -27 59 30 -30 -31 36 34 35 -34 40 58 -39 -36 57 -42 43 -35 -44 46 -25 48 -24 -9 52 -52 -20 -5 -26 -56 -6 -28 -38 -29 -58 -7
right_child=1 2 22 53 5 18 8 49 12 10 -12 -13 13 -15 -16 17 -18 -19 50 20 -22 -23 24 45 54 26 32 28 29 31 -32 -33 33 42 39 -37 37 38 -40 -41 41 -43 44 -45 -46 -47 -48 -49 -50 -51 51 -53 -54 -55 55 -57 60 -59 -60 -61 -62 -63
leaf_value=-1.3943439381943969 10.612743487138047 -24.402732490730287 -41.846732779658119 -153.22750514439176 71.481293612393472 -24.63000587637795 -0.32006822779817867 64.006394423910294 48.54223486266509 -9.5446173860599473 -78.126650870170835 16.899629600096215 -11.901761838749108 9.3022117164593965 11.759108718805511 20.234158611875593 -11.388673630829617 135.89923396357784 1.4506727176274419 78.152726081399365 -36.544172030897705 -113.27707791415128 -78.941279482634172 -11.56940627578506 3.7911508636474611 92.662995948792016 -1.8206861279608473 -18.275395021282304 15.448352109096229 12.40477409373004 56.618634012048531 -1.2129686206362793 10.73547638460551 -15.386491713705301 -118.07913630371095 129.29087489536832 -38.776168127426729 -7.6723660995463767 3.1164862828349902 -25.488354223440361 -0.46605037003791544 9.7920912356670708 5.7359301387446466 35.803846460261816 -1.1846605342598846 -50.95921922946799 21.794777071978174 26.34241662588574 -6.2673652121437051 -4.8091132648174586 35.059088452034523 -1.8948277167479199 -13.04384709813981 -48.213071220034649 -2.3706768475156843 -69.734082723956234 18.820426361007531 -12.862937847830322 -107.62592564900717 24.498989157766669 -18.320574743186729 36.362581795779143
leaf_weight=91411 3412 99 85 20 32 514 5432 324 242 1327 168 1336 1908 4565 3495 32 802 26 1323 33 33 21 22 132 39 22 3604 449 280 1470 117 1321 3868 932 24 20 103 6243 2735 110 9008 3747 4014 70 9727 28 488 104 240 25 179 335 1006 20 32 106 473 1064 23 52 67 21
leaf_count=91411 3412 99 85 20 32 514 5432 324 242 1327 168 1336 1908 4565 3495 32 802 26 1323 33 33 21 22 132 39 22 3604 449 280 1470 117 1321 3868 932 24 20 103 6243 2735 110 9008 3747 4014 70 9727 28 488 104 240 25 179 335 1006 20 32 106 473 1064 23 52 67 21
internal_value=0.00295311 3.52687 -7.75379 -34.1319 4.15365 -1.87066 5.18409 11.2701 3.66116 -0.607791 -17.2986 3.08109 7.11576 3.05119 14.1535 7.35156 6.42377 73.5087 -5.15684 -18.8111 21.1147 -40.7634 -3.05873 5.50717 -14.6108 -0.713475 0.556632 6.16154 5.6207 8.67541 27.6934 5.96127 0.0972674 2.03354 9.56239 11.3784 -1.27246 -5.05165 -4.38574 -42.8236 0.70245 2.54799 -0.0208991 -11.7782 0.837242 11.7736 14.6842 -1.52624 -12.6467 59.0772 -1.94813 11.0174 -4.81307 -103.177 -41.5064 -54.2431 17.5113 -4.33982 -52.0925 -13.7958 14.1868 -22.1725
internal_weight=168960 28546 1502 226 27044 3950 23094 4621 18473 8263 1495 6768 10210 6473 3737 4272 4214 58 3378 186 66 120 1276 733 543 140414 49003 3711 3689 3188 397 2791 45292 18765 4022 3888 26527 9104 8978 134 17423 12755 14743 1002 13741 648 620 366 262 349 2843 514 2329 40 177 138 572 4668 126 501 540 535
internal_count=168960 28546 1502 226 27044 3950 23094 4621 18473 8263 1495 6768 10210 6473 3737 4272 4214 58 3378 186 66 120 1276 733 543 140414 49003 3711 3689 3188 397 2791 45292 18765 4022 3888 26527 9104 8978 134 17423 12755 14743 1002 13741 648 620 366 262 349 2843 514 2329 40 177 138 572 4668 126 501 540 535
is_linear=0
shrinkage=0.05


Tree=86
num_leaves=63
num_cat=0
split_feature=12 7 16 16 0 12 10 10 12 4 16 16 16 0 10 5 13 4 16 16 12 14 10 16 10 16 8 0 4 16 15 5 5 7 0 10 10 4 16 0 4 16 10 10 11 16 11 10 12 10 7 10 16 16 15 0 13 12 13 15 16 4
split_gain=1.53963e+08 7.31015e+07 6.42238e+07 9.85226e+07 1.03494e+08 1.09173e+08 1.1118e+08 8.77065e+07 7.77101e+07 7.55043e+07 1.13925e+08 1.14858e+08 7.44265e+07 6.70665e+07 5.95201e+07 1.15548e+08 5.627e+07 5.73102e+07 6.36649e+07 9.87401e+07 5.93096e+07 6.11065e+07 4.83874e+07 4.49166e+07 4.41555e+07 3.63398e+07 3.13534e+07 4.59599e+07 4.17273e+07 4.68352e+07 2.92625e+07 2.99907e+07 3.82928e+07 4.63494e+07 3.959e+07 5.49965e+07 4.90579e+07 3.57193e+07 2.77322e+07 2.72306e+07 2.70258e+07 3.93847e+07 3.07362e+07 2.14977e+07 1.21893e+08 6.14119e+07 2.63774e+07 2.10621e+07 2.07771e+07 1.51815e+07 1.43827e+07 1.39838e+07 1.15574e+07 1.08635e+07 1.98215e+07 2.13037e+07 2.81413e+07 1.72582e+07 2.04208e+07 1.49024e+07 1.08623e+07 1.07923e+07
threshold=7016.8400000000011 1.0000000180025095e-35 15.750000000000002 19.950000000000003 18.500000000000004 11472.934285714287 6209.3550000000005 9500.9950000000008 8540.0042857142889 3.5000000000000004 36.350000000000001 28.750000000000004 36.750000000000007 7.5000000000000009 6999.7450000000008 2022.5000000000002 1508.2885063353694 3.5000000000000004 26.950000000000003 23.450000000000003 11278.642857142859 8357.4101666666666 8866.5700000000015 30.950000000000003 2469.5850000000005 38.45000000000001 1.0000000180025095e-35 76.500000000000014 9.5000000000000018 20.550000000000004 5523.3036322078469 2020.5000000000002 2023.5000000000002 1.0000000180025095e-35 75.500000000000014 4659.3750000000009 6695.4150000000009 7.5000000000000009 31.950000000000003 83.500000000000014 8.5000000000000018 24.850000000000005 9000.7350000000024 12000.005000000003 8520.0550000000021 13.350000000000003 12000.005000000003 6000.2650000000012 1622.7914285714289 3648.6000000000008 1.0000000180025095e-35 4839.6150000000007 41.250000000000007 33.650000000000013 887.78900655626717 67.500000000000014 2532.1218247354968 3499.3814285714293 814.04984990711523 720.29413931067177 12.550000000000002 10.500000000000002
decision_type=2 2 2 2 2 2 2 2 2 2 2 2 2 2 2 2 2 2 2 2 2 2 2 2 2 2 2 2 2 2 2 2 2 2 2 2 2 2 2 2 2 2 2 2 2 2 2 2 2 2 2 2 2 2 2 2 2 2 2 2 2 2
left_child=24 2 39 4 8 6 -6 -7 51 10 11 -5 -12 -10 15 -11 26 18 19 22 40 -22 -18 -23 48 -16 -3 28 29 -28 31 49 33 37 36 -36 -34 -33 -35 43 41 -19 -42 46 45 -45 47 -2 52 -26 61 -4 -1 -50 57 56 -56 58 -55 -59 -51 -32
right_child=1 16 3 9 5 7 -8 -9 13 14 12 -13 -14 -15 25 -17 17 20 -20 -21 21 23 -24 -25 30 -27 27 -29 -30 -31 50 32 34 38 35 -37 -38 -39 -40 -41 42 -43 -44 44 -46 -47 -48 -49 53 60 -52 -53 -54 54 55 -57 -58 59 -60 -61 -62 -63
leaf_value=-12.997024059016381 22.354983815100656 40.892345032010766 17.416587628451261 9.9481705951830932 18.014759215698522 119.89330744628906 -14.517444438620565 19.575511149493131 -18.26611511143771 -10.199191023221362 -131.84200911385673 43.513666268769349 -8.7929525043118382 -79.75936915826361 4.9487927618218706 6.1674957530346859 -23.979810398832544 33.554451904296876 -121.38943337180399 68.228959517912443 -32.172621658325198 19.982472207352924 -92.968975984622261 94.879741216387075 -1.5078265837097273 -10.771337697158124 -75.627138117009949 18.228589158101126 -72.72156263938318 0.85197868911674746 -14.530976188498967 0.058427139852123999 -2.0836964197032497 -2.0949142681131536 -1.5733748701684716 13.613891602283767 -17.021720574976694 2.3738817724005989 -12.114205671654535 -39.070492155892509 -17.692282224719964 -13.180646862198325 -56.438136804553039 -65.002396643956502 132.38391174316408 45.931993642953728 -26.926355662345891 9.1641683222078179 -2.9828112259953969 -0.62485413545020385 -41.610561135609949 -15.828803130922331 16.621869777134489 -1.1051695957146856 6.9318425083273638 38.258893994551443 -51.998944687616259 49.325890126382156 -12.088215113582228 -2.4646095888431261 -9.2504780409760734 -0.97071399575940542
leaf_weight=603 334 55 43 1359 339 24 1154 175 76 2175 20 313 30 108 14927 2137 76 51 21 21 39 73 38 27 18652 376 21 221 25 222 361 39819 17012 2400 1594 951 567 28632 969 27 205 339 68 23 22 25 47 3198 17752 538 35 112 34 7963 578 51 20 30 446 25 1135 247
leaf_count=603 334 55 43 1359 339 24 1154 175 76 2175 20 313 30 108 14927 2137 76 51 21 21 39 73 38 27 18652 376 21 221 25 222 361 39819 17012 2400 1594 951 567 28632 969 27 205 339 68 23 22 25 47 3198 17752 538 35 112 34 7963 578 51 20 30 446 25 1135 247
internal_value=0.00275959 3.35017 3.94654 2.97986 -7.54064 -2.4808 -7.12358 32.2131 -32.7135 3.98158 14.0171 16.2539 -59.6327 -54.596 3.09989 -2.08841 -7.38298 -14.6703 -42.3043 -29.2 -9.24906 20.3459 -47.5847 40.944 -0.677785 4.56186 5.45349 1.39219 -12.5077 -6.04017 -0.240184 -0.179219 0.205012 0.745148 -1.7226 4.10483 -2.56645 1.02697 -4.97943 10.0891 -15.4751 -6.99893 -27.514 10.4635 37.7325 -7.46573 9.91973 10.4175 -2.47432 -1.91729 -10.8679 -6.55333 -11.3925 -2.26244 -0.859004 7.55542 4.87739 -1.50502 -1.68906 26.161 -6.4787 -9.03277
internal_weight=168960 28546 27044 23368 2031 1692 1493 199 339 21337 1722 1672 50 184 19615 4312 1502 958 156 135 802 139 114 100 140414 15303 544 489 268 243 112912 112269 91944 71820 20124 2545 17579 68451 3369 3676 663 390 273 3649 70 48 3579 3532 27502 20325 643 155 637 26865 9113 649 598 8464 8409 55 1673 608
internal_count=168960 28546 27044 23368 2031 1692 1493 199 339 21337 1722 1672 50 184 19615 4312 1502 958 156 135 802 139 114 100 140414 15303 544 489 268 243 112912 112269 91944 71820 20124 2545 17579 68451 3369 3676 663 390 273 3649 70 48 3579 3532 27502 20325 643 155 637 26865 9113 649 598 8464 8409 55 1673 608
is_linear=0
shrinkage=0.05


Tree=87
num_leaves=63
num_cat=0
split_feature=12 7 2 0 17 5 13 2 17 11 4 4 17 11 14 13 15 13 4 0 17 12 2 14 2 9 17 15 11 0 15 17 2 9 13 17 17 5 4 4 17 14 14 17 0 5 15 2 13 4 4 7 5 5 15 12 15 4 17 2 5 17
split_gain=1.38927e+08 6.60684e+07 6.03489e+07 9.19886e+07 7.91956e+07 1.91492e+08 1.08084e+08 1.34995e+08 8.60127e+07 7.98806e+07 7.74148e+07 7.92956e+07 1.07425e+08 7.07094e+07 6.66534e+07 6.57333e+07 6.14918e+07 5.07797e+07 5.19072e+07 6.00859e+07 5.91436e+07 6.70532e+07 5.65912e+07 4.41642e+07 4.3784e+07 1.01971e+08 6.82801e+07 1.2643e+08 6.65245e+07 5.70062e+07 6.40858e+07 8.11334e+07 5.51162e+07 1.41716e+08 4.80737e+07 6.36318e+07 5.88467e+07 6.79068e+07 4.60083e+07 4.06534e+07 3.85232e+07 5.32127e+07 4.35995e+07 3.81817e+07 3.73235e+07 3.71916e+07 3.55855e+07 3.16361e+07 3.03407e+07 2.94057e+07 2.90371e+07 3.46763e+07 6.25363e+07 3.06596e+07 2.81044e+07 2.80111e+07 3.75604e+07 2.69284e+07 2.58865e+07 2.54019e+07 5.21599e+07 2.47502e+07
threshold=7016.8400000000011 1.0000000180025095e-35 5.5000000000000009 15.500000000000002 32.850000000000001 2021.5000000000002 2297.1316894771353 1.0000000180025095e-35 38.45000000000001 6962.6800000000012 8.5000000000000018 11.500000000000002 31.150000000000002 3399.7700000000009 6521.4811666666674 3633.0448536059257 4822.9514807727619 1508.2885063353694 3.5000000000000004 31.500000000000004 36.750000000000007 11278.642857142859 3.5000000000000004 7345.4328333333351 5.5000000000000009 1.5000000000000002 30.450000000000003 875.78799973342677 1999.7850000000001 7.5000000000000009 1239.5702256759334 33.150000000000013 1.0000000180025095e-35 2.5000000000000004 1380.7477411264063 26.250000000000004 28.550000000000004 2021.5000000000002 9.5000000000000018 9.5000000000000018 33.550000000000004 9472.6838333333362 9381.2628333333359 26.150000000000002 78.500000000000014 2021.5000000000002 2709.2219680679241 2.5000000000000004 698.70696571865722 9.5000000000000018 6.5000000000000009 1.0000000180025095e-35 2021.5000000000002 2020.5000000000002 4822.9514807727619 11758.720000000003 2851.2075787924528 5.5000000000000009 34.750000000000007 1.5000000000000002 2022.5000000000002 39.050000000000004
decision_type=2 2 2 2 2 2 2 2 2 2 2 2 2 2 2 2 2 2 2 2 2 2 2 2 2 2 2 2 2 2 2 2 2 2 2 2 2 2 2 2 2 2 2 2 2 2 2 2 2 2 2 2 2 2 2 2 2 2 2 2 2 2
left_child=24 2 4 45 10 8 23 -8 9 -6 13 12 -12 -2 55 -13 -15 -3 19 -19 21 57 -21 -7 26 -26 34 50 -27 30 -29 -32 33 -31 54 43 38 -38 -37 -23 42 -42 -16 47 48 -4 -34 -36 -30 -50 61 53 -53 -52 59 56 -5 -20 -47 60 -1 -28
right_child=1 17 3 14 5 6 7 -9 -10 -11 11 15 -14 16 40 -17 -18 18 20 22 -22 39 -24 -25 25 28 27 29 44 32 31 -33 46 -35 35 36 37 -39 -40 -41 41 -43 -44 -45 -46 58 -48 -49 49 -51 51 52 -54 -55 -56 -57 -58 -59 -60 -61 -62 -63
leaf_value=-0.74882795666814228 97.985130948153426 5.1727070401042976 68.14281704989348 -15.786964518126751 67.342046051621438 -11.170835974411609 18.992864188100778 -20.709702917511787 -55.382715604058632 21.157810106223891 -8.5990361509437712 12.358072409154104 7.6195713686486899 7.6574071615866544 1.1792361704388414 93.117115678053651 28.682618745931702 14.159417214026817 3.409128553984595 -35.860609025461926 -81.541425871672459 80.998486621997984 -113.65249291391083 4.2626518385724443 0.73834363750377718 -15.412296714164029 -2.1858614385506665 -5.4447561847603065 -4.1257088512256548 0.5523107988289222 14.133387294598439 52.71748420880165 3.4362236309631622 22.943116976125864 -6.187451447336545 -25.872828926336627 -20.716146027629989 -1.2785875315347046 0.22561714091801754 12.04359591969904 -3.0026718651391326 29.694148840767998 -12.626784021137015 70.647544675306847 2.765397728922804 10.666975928183405 -2.8111448173622291 13.094965488894672 -14.981049155243776 1.2690707068539213 -1.0883877341853812 4.3155775543923474 -22.674138200264863 2.9563592236517513 -10.973486156917366 34.19288306864825 -47.11419185936451 -19.267337970014278 57.788032738470271 -0.20285002661000082 -6.7212123448163785 6.4177460981797427
leaf_weight=12267 21 544 32 387 127 561 254 1339 28 355 2423 851 1763 12345 1323 25 357 38 182 86 26 26 32 2645 10068 1697 21982 318 5060 1715 867 161 12167 1201 405 748 575 2044 218 105 305 209 1006 21 1441 510 2804 446 1404 347 8296 432 425 10762 710 21 127 463 30 35758 5207 868
leaf_count=12267 21 544 32 387 127 561 254 1339 28 355 2423 851 1763 12345 1323 25 357 38 182 86 26 26 32 2645 10068 1697 21982 318 5060 1715 867 161 12167 1201 405 748 575 2044 218 105 305 209 1006 21 1441 510 2804 446 1404 347 8296 432 425 10762 710 21 127 463 30 35758 5207 868
internal_value=0.00254434 3.18231 3.74926 -1.96144 4.72606 -0.632953 -3.73059 -14.3713 28.4655 33.4409 6.32573 1.09559 -1.76812 8.40635 -5.10229 14.7664 8.25055 -7.02147 -13.9441 -40.2432 -8.78481 -6.24528 -57.7345 1.55939 -0.643917 -2.80922 -0.283897 0.871738 -6.39893 4.2385 14.1582 20.2216 3.49128 9.77902 -1.51075 -6.50089 -9.44689 -5.55237 -19.989 26.2393 -2.05236 10.3242 -4.78706 5.60778 -4.54371 16.5637 2.26601 3.92176 -6.09027 -11.7618 -0.642481 0.753083 -9.07988 1.1957 -1.09832 -21.2756 -23.6038 -12.8733 13.3868 -0.966401 -2.5288 -1.85877
internal_weight=168960 28546 27044 3950 23094 5309 4799 1593 510 482 17785 5062 4186 12723 3378 876 12702 1502 958 156 802 776 118 3206 140414 20017 120397 61998 9949 19233 1346 1028 17887 2916 58399 4457 3585 2619 966 131 2843 514 2329 872 8252 572 14971 851 6811 1751 42765 19915 857 19058 53942 535 514 645 540 53232 17474 22850
internal_count=168960 28546 27044 3950 23094 5309 4799 1593 510 482 17785 5062 4186 12723 3378 876 12702 1502 958 156 802 776 118 3206 140414 20017 120397 61998 9949 19233 1346 1028 17887 2916 58399 4457 3585 2619 966 131 2843 514 2329 872 8252 572 14971 851 6811 1751 42765 19915 857 19058 53942 535 514 645 540 53232 17474 22850
is_linear=0
shrinkage=0.05


Tree=88
num_leaves=63
num_cat=0
split_feature=10 1 1 2 16 17 2 12 5 11 2 2 3 3 11 5 7 3 16 10 16 1 2 12 12 2 1 3 16 17 1 12 14 10 10 3 12 14 3 3 17 3 12 10 17 12 5 10 16 3 17 7 1 3 8 3 12 5 14 11 3 3
split_gain=1.27115e+08 6.16337e+07 1.14431e+08 1.46062e+08 1.16869e+08 1.03019e+08 1.3681e+08 2.437e+08 1.07206e+08 1.0034e+08 3.39274e+08 8.90544e+07 2.56942e+08 8.3894e+07 8.20731e+07 1.16546e+08 8.16836e+07 8.16207e+07 7.76701e+07 1.08946e+08 1.08607e+08 1.04137e+08 1.32386e+08 1.05882e+08 7.88548e+07 6.78123e+07 1.4716e+08 1.06713e+08 6.32948e+07 6.0643e+07 5.74218e+07 1.2512e+08 6.08607e+07 5.23874e+07 5.1936e+07 5.00307e+07 4.57881e+07 8.30796e+07 4.66776e+07 4.41561e+07 4.20098e+07 5.39666e+07 4.02871e+07 9.2506e+07 3.99485e+07 1.11354e+08 3.21685e+07 3.20864e+07 3.01237e+07 2.89912e+07 2.75134e+07 2.65756e+07 4.04275e+07 3.66316e+07 5.22736e+07 3.2501e+07 3.20315e+07 3.78434e+07 2.94246e+07 2.92874e+07 8.75812e+07 3.03609e+07
threshold=4279.2650000000012 17.500000000000004 8.5000000000000018 1.0000000180025095e-35 35.650000000000013 31.150000000000002 1.0000000180025095e-35 6500.8242857142868 2022.5000000000002 14498.490000000002 4.5000000000000009 1.5000000000000002 100.50000000000001 220.50000000000003 14498.490000000002 2021.5000000000002 1.0000000180025095e-35 164.50000000000003 34.250000000000007 12000.005000000003 33.850000000000001 19.500000000000004 1.0000000180025095e-35 8786.0628571428588 12000.380714285717 1.0000000180025095e-35 4.5000000000000009 90.500000000000014 28.450000000000003 33.350000000000001 2.5000000000000004 14389.699285714289 4578.8211666666675 7400.545000000001 8000.005000000001 277.50000000000006 12000.380714285717 8792.7155000000039 110.50000000000001 104.50000000000001 31.250000000000004 30.500000000000004 8317.7064285714314 6972.2100000000009 28.750000000000004 10358.928571428574 2022.5000000000002 1999.3050000000001 24.450000000000003 178.50000000000003 31.850000000000005 1.0000000180025095e-35 7.5000000000000009 88.500000000000014 1.5000000000000002 322.50000000000006 8786.0628571428588 2023.5000000000002 9932.591666666669 6695.1950000000006 44.500000000000007 297.50000000000006
decision_type=2 2 2 2 2 2 2 2 2 2 2 2 2 2 2 2 2 2 2 2 2 2 2 2 2 2 2 2 2 2 2 2 2 2 2 2 2 2 2 2 2 2 2 2 2 2 2 2 2 2 2 2 2 2 2 2 2 2 2 2 2 2
left_child=47 2 4 28 25 18 7 8 13 16 29 12 33 -7 15 -9 35 -14 20 44 21 22 -3 -23 49 26 27 -2 40 -11 31 -27 -32 -8 -28 -5 38 -38 -13 -18 41 -4 -30 -44 45 -20 -46 -1 -42 -22 -16 56 -53 -54 -55 -56 59 58 -58 -49 -61 -62
right_child=1 5 3 9 -6 6 11 14 -10 10 -12 36 17 -15 50 -17 39 -19 19 -21 24 23 -24 -25 -26 30 34 -29 42 -31 32 -33 -34 -35 -36 -37 37 -39 -40 -41 48 -43 43 -45 46 -47 -48 51 -50 -51 -52 52 53 54 55 -57 57 -59 -60 60 61 -63
leaf_value=-4.0242943534441551 -56.783356460142095 31.242298713711087 -4.7920243253228874 -4.8258057700695076 31.692554897274153 -15.14746464584813 -58.033850726423601 71.635765713340362 132.65429566776052 46.293214228560288 -176.36454299514358 19.454364407488161 -14.070215597051714 104.12187772397643 -90.357996382279836 13.160199042504548 -42.657739982405261 10.014036912884801 4.4458370068711899 -103.55207798912411 -58.437674694890568 0.15656323324773325 3.2045313976981236 -14.394415472580731 -121.22216363271077 6.7840988358969643 0.73071148254479468 -11.767088135968256 16.812690479152504 -28.035632634679956 7.56051714207128 62.422546791463219 -0.75693919145560085 -157.25862064756197 24.704608377708894 2.5577747963520814 89.178960981166114 14.968783531286778 5.9043137199717455 -11.637013000458786 3.7516368772545641 30.53493116356502 134.51490430559429 34.334456019230025 22.553497000780975 -94.016950680166488 8.7320328912021772 -0.45519430101244024 -52.489534019307897 -15.776365595101545 -10.72488195668096 2.2170958292141441 -21.066504550789993 2.0903161989441164 -13.104559818987049 10.01259588113853 -0.045104942278030823 58.368832855224618 40.322291194263265 33.214039422438958 -9.1445993413775248 14.575452313689921
leaf_weight=7946 149 467 218 9134 349 32 28 94 67 40 36 709 660 26 21 836 190 751 279 20 45 4542 4197 1724 20 5379 726 1085 173 82 3048 102 7892 28 327 3063 46 194 6089 290 48 213 27 138 659 31 1169 96957 46 310 22 1668 420 1346 1625 167 217 43 56 136 2416 142
leaf_count=7946 149 467 218 9134 349 32 28 94 67 40 36 709 660 26 21 836 190 751 279 20 45 4542 4197 1724 20 5379 726 1085 173 82 3048 102 7892 28 327 3063 46 194 6089 290 48 213 27 138 659 31 1169 96957 46 310 22 1668 420 1346 1625 167 217 43 56 136 2416 142
internal_value=0.00250789 1.95496 0.560712 -2.92496 3.0662 3.93475 7.89095 24.493 89.9358 -4.26419 -43.7385 5.74499 -5.45868 39.1766 16.002 19.1412 -3.76879 -1.25344 1.11246 9.80245 -0.547084 0.361808 6.01801 -3.84859 -26.9688 2.53051 -5.53419 -17.2442 16.9747 -3.48724 3.65397 7.83071 1.56087 -109.535 8.19198 -2.97153 8.08072 29.5034 7.32018 -23.9792 6.08715 12.6968 33.8181 51.4392 10.9107 -5.67107 13.7243 -0.960808 -24.0334 -21.3331 -50.7853 -0.729364 -4.20488 -7.2153 -5.35528 -10.9458 -0.547634 15.321 8.35231 -0.598107 -5.73947 -7.82267
internal_weight=168960 55821 32755 13698 19057 23066 9603 1098 125 12835 158 8505 1467 58 973 930 12677 1411 13463 2158 11305 10930 4664 6266 375 18708 2287 1234 863 122 16421 5481 10940 56 1053 12197 7038 240 6798 480 525 431 338 165 2138 310 1828 113139 94 355 43 105193 5226 3558 3138 1792 99967 316 273 99651 2694 2558
internal_count=168960 55821 32755 13698 19057 23066 9603 1098 125 12835 158 8505 1467 58 973 930 12677 1411 13463 2158 11305 10930 4664 6266 375 18708 2287 1234 863 122 16421 5481 10940 56 1053 12197 7038 240 6798 480 525 431 338 165 2138 310 1828 113139 94 355 43 105193 5226 3558 3138 1792 99967 316 273 99651 2694 2558
is_linear=0
shrinkage=0.05


Tree=89
num_leaves=63
num_cat=0
split_feature=10 5 3 3 14 3 3 3 3 3 2 2 15 3 2 16 5 3 3 14 16 16 3 2 13 10 2 16 9 15 3 3 15 3 3 3 5 13 16 13 16 3 3 15 16 10 16 2 14 16 13 3 2 3 5 16 13 2 16 14 10 13
split_gain=1.1578e+08 6.08769e+07 1.50809e+08 2.20669e+08 1.07238e+08 7.91423e+07 1.4341e+08 1.03031e+08 8.95435e+07 4.25306e+08 2.14419e+08 8.16706e+07 1.70269e+08 7.07326e+07 1.24451e+08 1.69791e+08 6.92901e+07 1.245e+08 6.67818e+07 6.45141e+07 5.90418e+07 5.64821e+07 7.38225e+07 1.62666e+08 5.37207e+07 5.11794e+07 5.06492e+07 1.09494e+08 5.47696e+07 5.38942e+07 8.54248e+07 1.81239e+08 9.63769e+07 1.82462e+08 1.18361e+08 9.06668e+07 2.73502e+08 6.37612e+07 6.65051e+07 5.83785e+07 5.31151e+07 4.84072e+07 4.80522e+07 4.61446e+07 4.61174e+07 3.92253e+07 4.50224e+07 3.87357e+07 3.50681e+07 3.14184e+07 3.10512e+07 2.87059e+07 4.54735e+07 4.40576e+07 2.66962e+07 5.99178e+07 2.43211e+07 2.4241e+07 2.33822e+07 1.95679e+08 6.04117e+07 2.12487e+07
threshold=7190.6650000000009 2023.5000000000002 284.50000000000006 290.50000000000006 6291.3758333333344 12.500000000000002 40.500000000000007 4.5000000000000009 60.500000000000007 62.500000000000007 3.5000000000000004 1.5000000000000002 2184.0645350014397 98.500000000000014 3.5000000000000004 18.950000000000003 2022.5000000000002 56.500000000000007 86.500000000000014 8792.7155000000039 13.750000000000002 34.150000000000013 30.500000000000004 5.5000000000000009 2578.0464051083331 10000.005000000003 5.5000000000000009 38.050000000000004 1.0000000180025095e-35 851.905434248407 283.50000000000006 320.50000000000006 4112.6125525443886 259.50000000000006 88.500000000000014 277.50000000000006 2022.5000000000002 1410.2391173201731 17.950000000000003 1256.7222824155356 21.950000000000003 14.500000000000002 48.500000000000007 3641.6052346765182 13.750000000000002 11999.985000000002 16.950000000000003 5.5000000000000009 6912.9285000000009 33.250000000000007 506.32750699467039 94.500000000000014 5.5000000000000009 92.500000000000014 2022.5000000000002 35.350000000000001 4054.8412523223624 1.0000000180025095e-35 24.850000000000005 11520.822833333337 5090.9250000000011 1326.9377969815539
decision_type=2 2 2 2 2 2 2 2 2 2 2 2 2 2 2 2 2 2 2 2 2 2 2 2 2 2 2 2 2 2 2 2 2 2 2 2 2 2 2 2 2 2 2 2 2 2 2 2 2 2 2 2 2 2 2 2 2 2 2 2 2 2
left_child=26 5 4 -4 13 7 11 25 16 10 -10 12 20 51 15 -15 17 -8 -11 44 -7 22 41 -24 -16 -2 29 28 54 61 32 58 35 34 -34 39 -37 57 -39 -31 -30 -6 -18 50 -13 46 -9 -21 -23 -35 -42 53 -53 -3 56 -56 -28 -33 60 -60 -32 -1
right_child=1 2 3 -5 21 6 8 45 9 18 -12 19 -14 14 24 -17 42 -19 -20 47 -22 48 23 -25 -26 -27 27 -29 40 30 31 37 33 49 -36 36 -38 38 -40 -41 43 -43 -44 -45 -46 -47 -48 -49 -50 -51 -52 52 -54 -55 55 -57 -58 -59 59 -61 -62 -63
leaf_value=-0.8972127980468273 7.4513497837480287 3.2039274864019074 -159.19960600157043 -6.1379655653057679 -2.3805777794139682 11.727290311863548 19.509970608981533 69.628745912691443 -129.13578541842375 14.915318393160867 43.721706229500157 -35.307701049768774 -123.25577121734619 -142.14199939546131 -35.240322621575721 5.7528709228080706 44.183847828719578 -51.799306851900546 3.5559146869149476 15.090126010111531 -66.800299544198182 -40.360994102098054 0.3332190685103299 -33.390558534143103 -84.149313634772057 -60.890903615253734 -0.70557092958109424 -14.594947575121118 1.0920603079775482 3.2765280776272272 -7.7760316101466307 22.601475449887069 111.52966285310943 75.92659510844463 7.637511578574923 -7.9399576934000748 54.025791880398998 13.998135941862831 56.979603072516355 -1.1125216204795707 -2.9789458107367026 21.740524994083682 17.87591493282261 -28.715151040424004 19.035873668143093 24.201144064107073 -9.1792317962646504 -23.917065595672245 12.684310129969624 157.84125447591146 -9.5600969741670863 60.774463162629502 -15.116004342215403 -61.905334617860859 5.331803634705147 71.280269631522046 40.005849278810871 2.5169471839634276 -5.0314379611651798 132.98508755317101 -28.788051544887811 -31.436089162993852
leaf_weight=81831 82 160 36 65 350 75 186 122 87 1404 22 238 51 20 144 255 235 90 16380 262 34 31 2342 421 94 40 4311 1816 3762 20112 3369 178 28 36 506 401 319 258 138 12154 4712 511 668 219 46 217 21 83 1252 20 2893 45 34 30 2196 34 36 937 2100 25 380 56
leaf_count=81831 82 160 36 65 350 75 186 122 87 1404 22 238 51 20 144 255 235 90 16380 262 34 31 2342 421 94 40 4311 1816 3762 20112 3369 178 28 36 506 401 319 258 138 12154 4712 511 668 219 46 217 21 83 1252 20 2893 45 34 30 2196 34 36 937 2100 25 380 56
internal_value=0.0023541 3.06218 -1.46107 -61.7206 -0.380594 4.34959 3.86305 24.3482 4.72753 3.8475 -94.1668 -17.0129 -48.7953 -17.5644 -28.4363 -5.47914 18.0687 -3.84609 4.4535 -8.86378 -13.1521 2.36091 -0.83159 -4.81551 -54.8286 -15.2688 -0.557518 -2.89224 -1.72143 -0.177797 1.30292 -3.56548 2.3738 22.3867 13.2833 2.01517 19.5512 11.8732 29.0823 1.62327 -3.78999 11.9438 24.7637 -6.13726 -26.4696 37.7791 58.0721 5.66377 11.3722 107.438 -5.48339 3.19751 28.332 -7.34674 1.92256 6.3688 -0.359292 5.74065 -7.5382 -3.34592 -9.91293 -0.918481
internal_weight=168960 26133 5790 101 5689 20343 19861 482 19072 17893 109 789 160 782 513 275 1179 276 17784 629 109 4907 3624 2763 238 122 142827 19979 18163 122848 40961 7385 33576 590 534 32986 720 1511 396 32266 11586 861 903 7824 284 360 143 345 1283 56 7605 269 79 190 6577 2230 4347 1115 5874 2125 3749 81887
internal_count=168960 26133 5790 101 5689 20343 19861 482 19072 17893 109 789 160 782 513 275 1179 276 17784 629 109 4907 3624 2763 238 122 142827 19979 18163 122848 40961 7385 33576 590 534 32986 720 1511 396 32266 11586 861 903 7824 284 360 143 345 1283 56 7605 269 79 190 6577 2230 4347 1115 5874 2125 3749 81887
is_linear=0
shrinkage=0.05


Tree=90
num_leaves=63
num_cat=0
split_feature=12 7 16 16 1 2 10 12 10 10 11 4 16 16 16 11 2 15 13 4 16 16 10 10 2 16 16 15 2 14 15 1 4 4 14 9 11 4 12 10 15 4 10 10 4 5 14 14 14 11 11 10 16 14 13 14 1 1 1 16 4 16
split_gain=1.05607e+08 5.85385e+07 5.45005e+07 8.94536e+07 8.63917e+07 9.86556e+07 1.30538e+08 9.16986e+07 9.59739e+07 7.70785e+07 6.93445e+07 6.26697e+07 9.80788e+07 1.04591e+08 6.88425e+07 5.01118e+07 1.58626e+08 7.27059e+07 4.53962e+07 4.51522e+07 5.50216e+07 8.85464e+07 4.77439e+07 4.32808e+07 3.55658e+07 1.08347e+08 5.20889e+07 8.41108e+07 5.51021e+07 1.26968e+08 1.06344e+08 9.56432e+07 7.07172e+07 6.30614e+07 5.08459e+07 4.59784e+07 4.46583e+07 3.44061e+07 6.16083e+07 4.9683e+07 3.0576e+07 4.91443e+07 2.99617e+07 2.69366e+07 4.06819e+07 3.4401e+07 4.57561e+07 3.27428e+07 2.54796e+07 2.52115e+07 2.37726e+07 2.80456e+07 7.64683e+07 3.11278e+07 2.48127e+07 3.39938e+07 3.15999e+07 2.34215e+07 2.30155e+07 3.3219e+07 2.93926e+07 4.66057e+07
threshold=7016.8400000000011 1.0000000180025095e-35 15.750000000000002 19.950000000000003 4.5000000000000009 1.0000000180025095e-35 8000.7650000000012 11472.934285714287 6209.3550000000005 10000.005000000003 9999.3950000000023 3.5000000000000004 36.350000000000001 28.750000000000004 36.750000000000007 12000.005000000003 4.5000000000000009 2787.8125585230523 1508.2885063353694 3.5000000000000004 26.950000000000003 23.450000000000003 17561.605000000003 8866.5700000000015 5.5000000000000009 38.050000000000004 33.95000000000001 4534.1532565239222 4.5000000000000009 6673.8870000000015 2851.2075787924528 6.5000000000000009 9.5000000000000018 3.5000000000000004 7422.8466666666673 1.0000000180025095e-35 1617.8150000000003 8.5000000000000018 11278.642857142859 9000.7350000000024 3641.6052346765182 10.500000000000002 2299.1450000000004 9999.3950000000023 9.5000000000000018 2022.5000000000002 8610.5075000000015 5731.0273333333344 8097.1366666666672 4240.1200000000008 8282.3200000000015 8866.5700000000015 31.050000000000004 8444.3601666666691 434.92121625188582 9642.7850000000035 1.5000000000000002 20.500000000000004 18.500000000000004 16.550000000000004 7.5000000000000009 20.550000000000004
decision_type=2 2 2 2 2 2 2 2 2 2 2 2 2 2 2 2 2 2 2 2 2 2 2 2 2 2 2 2 2 2 2 2 2 2 2 2 2 2 2 2 2 2 2 2 2 2 2 2 2 2 2 2 2 2 2 2 2 2 2 2 2 2
left_child=24 2 57 4 5 6 -4 8 -6 -9 -7 12 13 -5 -14 17 -17 -13 58 20 21 23 37 -20 26 35 42 28 29 32 33 -31 -28 -30 -29 43 -37 38 -21 -39 -38 -42 -1 45 47 48 -47 -45 -26 -27 54 53 -53 -52 55 -44 -56 -2 59 -3 61 -61
right_child=1 18 3 11 7 10 -8 9 -10 -11 -12 15 14 -15 -16 16 -18 -19 19 22 -22 -23 -24 -25 25 49 27 34 30 31 -32 -33 -34 -35 -36 36 40 39 -40 -41 41 -43 50 44 -46 46 -48 -49 -50 -51 51 52 -54 -55 56 -57 -58 -59 -60 60 -62 -63
leaf_value=-3.2160614318906688 9.3139878426793512 33.311818094058914 -20.692243993486677 8.574298427346875 16.61164656008118 5.7917163977065655 -167.18524220057895 109.38968642014726 -13.968980655273498 16.891024402749949 -42.097689062744983 1.577907277199335 -125.26167055402485 40.602919085299135 -6.976030534928845 3.9238472582261035 -36.136522833143758 9.2329731152191812 -20.863035072846849 -6.159889292095019 -111.4054725785689 66.492034977999609 45.427578234550282 -86.062471788846523 0.44346065064362628 -13.497340867183793 1.2419486746315047 11.199169191632953 58.396454776054206 56.852002968080846 -41.776102827883875 13.443812808642726 17.084840695219324 -2.4213349773264827 119.76062219619752 -17.511696727013085 -2.1891522746762724 -10.424104832526176 78.045621271548072 -51.40661251517961 -33.283875309249105 21.301358641871701 -1.1403682466589975 -19.55733700668603 29.307264665876119 6.8028433486866664 79.298915756615727 -89.875422569910697 -23.823402625762668 -68.687873927525118 -7.5939236334127918 9.5542294278352156 -86.584679270292582 9.2415161675017874 6.0310679105890372 56.048572852794941 0.24988870674032293 -36.622275213514058 16.241919897878812 -70.860219988141736 -37.956305743153898 8.2798147875545958
leaf_weight=11484 3649 48 34 1359 330 153 27 25 1141 173 148 14434 20 313 30 890 341 3950 76 390 21 21 38 38 4241 1800 22632 20 42 149 172 832 726 4871 23 523 10830 247 22 105 176 53 44893 56 27 2137 21 23 110 20 1566 45 37 332 2565 25 29983 27 240 20 74 162
leaf_count=11484 3649 48 34 1359 330 153 27 25 1141 173 148 14434 20 313 30 890 341 3950 76 390 21 21 38 38 4241 1800 22632 20 42 149 172 832 726 4871 23 523 10830 247 22 105 176 53 44893 56 27 2137 21 23 110 20 1566 45 37 332 2565 25 29983 27 240 20 74 162
internal_value=0.00221644 2.77457 3.30824 2.41776 -7.60679 -29.7136 -87.1842 -2.79697 -7.10198 29.0612 -17.8166 3.37228 12.5152 14.5908 -55.8188 2.56903 -7.19362 3.22309 -6.83011 -13.3755 -37.9044 -25.7358 -8.56298 -43.1556 -0.561415 -2.51296 -0.236937 1.58995 1.4866 2.4756 -3.24675 20.0881 1.73508 -1.88964 70.6691 -1.34922 -3.24854 -11.3043 -1.48538 -22.76 -2.57248 -20.6129 -0.828974 1.97622 -22.9082 2.38492 7.54472 -40.8973 -0.175375 -14.1412 -0.483882 -5.89246 -34.346 -4.64573 -0.345567 -1.10729 0.705656 8.96672 4.69982 -4.43572 -11.6155 -0.756556
internal_weight=168960 28546 27044 23368 2031 362 61 1669 1471 198 301 21337 1722 1672 50 19615 1231 18384 1502 958 156 135 802 114 140414 20017 120397 29467 29424 24339 5085 981 23358 4913 43 18197 11582 764 412 352 11059 229 90930 6615 106 6509 2158 79 4351 1820 79446 1980 82 1898 77466 44918 32548 3676 544 304 256 182
internal_count=168960 28546 27044 23368 2031 362 61 1669 1471 198 301 21337 1722 1672 50 19615 1231 18384 1502 958 156 135 802 114 140414 20017 120397 29467 29424 24339 5085 981 23358 4913 43 18197 11582 764 412 352 11059 229 90930 6615 106 6509 2158 79 4351 1820 79446 1980 82 1898 77466 44918 32548 3676 544 304 256 182
is_linear=0
shrinkage=0.05


Tree=91
num_leaves=63
num_cat=0
split_feature=12 7 9 3 2 0 10 0 13 12 0 2 2 13 10 14 13 3 3 5 16 9 10 3 16 14 16 3 2 3 13 16 13 17 16 3 10 3 3 17 3 17 10 3 3 5 17 16 3 14 2 2 14 14 2 16 10 2 5 10 17 16
split_gain=9.70558e+07 6.14441e+07 8.42486e+07 6.52827e+07 6.39966e+07 1.12358e+08 8.17387e+07 8.74352e+07 7.70123e+07 6.32684e+07 6.12988e+07 9.93036e+07 2.77444e+08 1.01471e+08 7.94257e+07 9.37055e+07 6.83162e+07 5.91595e+07 5.94522e+07 5.5583e+07 5.38926e+07 4.29664e+07 5.89728e+07 1.18795e+08 1.27284e+08 1.75392e+08 8.85771e+07 1.52934e+08 1.64306e+08 1.37575e+08 6.05961e+07 9.01929e+07 8.46382e+07 5.53815e+07 5.15534e+07 4.92624e+07 1.39871e+08 5.13518e+07 4.14705e+07 6.22801e+07 4.38447e+07 1.11568e+08 8.44156e+07 8.26876e+07 6.64933e+07 5.4892e+07 1.44728e+08 5.07099e+07 5.04797e+07 4.25099e+07 5.53772e+07 1.01166e+08 4.06766e+07 4.02431e+07 3.95417e+07 7.59831e+07 3.70366e+07 3.78112e+07 3.19843e+07 4.71342e+07 1.27932e+08 4.61654e+07
threshold=9999.9900000000016 1.0000000180025095e-35 1.5000000000000002 88.500000000000014 5.5000000000000009 34.500000000000007 10000.005000000003 78.500000000000014 468.95183871349167 9714.3435714285715 67.500000000000014 1.0000000180025095e-35 1.5000000000000002 3079.2856815687096 10000.005000000003 3873.3255000000004 2915.8092967524067 178.50000000000003 322.50000000000006 2022.5000000000002 27.450000000000003 3.5000000000000004 9500.9950000000008 78.500000000000014 25.450000000000003 9472.6838333333362 24.850000000000005 260.50000000000006 1.5000000000000002 332.50000000000006 4054.8412523223624 25.650000000000002 5307.9257483933907 29.650000000000002 31.850000000000005 194.50000000000003 14498.490000000002 180.50000000000003 287.50000000000006 27.450000000000003 280.50000000000006 34.050000000000004 10000.005000000003 285.50000000000006 256.50000000000006 2021.5000000000002 30.550000000000004 27.950000000000003 284.50000000000006 5929.2511666666678 5.5000000000000009 4.5000000000000009 8706.3083333333361 6595.5581666666667 4.5000000000000009 24.450000000000003 9999.3950000000023 3.5000000000000004 2023.5000000000002 4900.7350000000006 30.750000000000004 31.950000000000003
decision_type=2 2 2 2 2 2 2 2 2 2 2 2 2 2 2 2 2 2 2 2 2 2 2 2 2 2 2 2 2 2 2 2 2 2 2 2 2 2 2 2 2 2 2 2 2 2 2 2 2 2 2 2 2 2 2 2 2 2 2 2 2 2
left_child=1 4 58 -4 8 -6 7 20 -1 -9 14 13 -13 -12 16 -16 -10 56 19 -19 -7 38 23 24 25 -23 29 34 -29 -25 35 54 33 -33 -28 36 37 -24 40 -40 44 47 -43 -44 45 46 -2 52 -49 -41 51 -51 -42 -8 -32 -56 -5 -58 61 -60 -61 -3
right_child=21 2 3 17 5 6 53 9 10 -11 11 12 -14 -15 15 -17 -18 18 -20 -21 -22 22 30 26 -26 -27 27 28 -30 -31 31 32 -34 -35 -36 -37 -38 -39 39 49 41 42 43 -45 -46 -47 -48 48 -50 50 -52 -53 -54 -55 55 -57 57 -59 59 60 -62 -63
leaf_value=-0.82685877260868001 -125.36767105102538 1.1761170574102298 -26.713410677510907 2.7753432649418723 2.1054156999532525 -2.3921227075613665 -63.541751857399937 2.9091168430255649 0.52016719840578973 -61.980194132924083 13.463612709843595 -10.448064322843775 5.5432171999072892 -37.221573499791759 -77.784003148961958 16.648047896941822 -10.958842164167965 -9.2107454778132034 6.9854165463585689 -27.520600532586911 -10.060827284320712 -52.528673248291028 1.4722707882727155 -60.548761219024655 175.16182748274369 84.372528662430625 -27.941329212075189 26.840728621482853 170.95610781669617 80.821785472523089 32.441700782775882 -55.800808657691597 -74.237359347873266 30.725967841598219 18.410643418266659 9.7244596743607463 -92.540204852422079 -58.179350586066384 31.333927360110813 -82.272765087890633 13.229671709373079 30.454724638938906 -7.2424064505440846 -119.45210939407349 -67.653744111902583 2.8373453893088496 44.472120712943706 78.674780291115368 -9.4786597624279221 -9.5242959957265683 24.541816616319633 -77.515148681419475 86.031828613281263 -20.656718123374731 45.272415808439263 170.59702636718748 -81.20738628246167 6.8104668127972152 3.3442740723327775 -28.27571941163805 66.914120657652333 -14.912796273664192
leaf_weight=68402 27 2557 501 1232 7861 3645 73 3287 37154 37 3149 3392 13521 101 26 1003 1342 1086 327 671 6170 33 1448 79 21 75 83 53 31 21 47 20 26 158 209 1754 41 36 71 24 231 39 34 31 33 6673 22 81 20 266 72 68 20 217 31 20 26 22 566 53 102 539
leaf_count=68402 27 2557 501 1232 7861 3645 73 3287 37154 37 3149 3392 13521 101 26 1003 1342 1086 327 671 6170 33 1448 79 21 75 83 53 31 21 47 20 26 158 209 1754 41 36 71 24 231 39 34 31 33 6673 22 81 20 266 72 68 20 217 31 20 26 22 566 53 102 539
internal_value=0.00202001 -0.327821 -4.6885 -9.89105 -0.103539 -2.64194 -5.42088 -4.83996 0.318389 2.1684 1.63083 3.87418 2.33564 11.8775 0.486352 14.1888 0.119726 -7.3785 -12.573 -16.215 -7.21343 4.35581 8.43356 22.8601 65.23 42.4434 11.2649 22.385 81.4118 -30.3546 5.99053 27.385 8.33753 20.7464 5.18484 4.01232 -2.55964 -0.0130038 2.14164 -11.7545 3.1086 18.0973 -27.2168 -61.7569 2.09425 2.44668 -49.7486 31.5248 61.2968 -18.9253 -14.9877 -23.5568 19.349 -31.6332 66.5502 96.755 1.082 -41.5501 0.580688 10.0574 34.3927 -1.6288
internal_weight=168960 157062 7682 3865 149380 21290 13429 13139 128090 3324 59688 20163 16913 3250 39525 1029 38496 3364 2084 1757 9815 11898 4186 605 129 108 476 376 84 100 3581 302 204 178 292 3279 1525 1484 7712 501 7211 456 104 65 6755 6722 49 352 101 430 406 334 251 290 98 51 1280 48 3817 721 155 3096
internal_count=168960 157062 7682 3865 149380 21290 13429 13139 128090 3324 59688 20163 16913 3250 39525 1029 38496 3364 2084 1757 9815 11898 4186 605 129 108 476 376 84 100 3581 302 204 178 292 3279 1525 1484 7712 501 7211 456 104 65 6755 6722 49 352 101 430 406 334 251 290 98 51 1280 48 3817 721 155 3096
is_linear=0
shrinkage=0.05


Tree=92
num_leaves=63
num_cat=0
split_feature=10 14 5 3 3 11 3 3 11 3 2 3 3 16 13 11 5 2 10 14 2 7 0 3 3 2 5 16 3 3 10 13 3 15 2 15 11 11 16 15 11 5 15 16 3 3 15 5 10 16 14 0 2 3 12 13 3 3 3 3 2 10
split_gain=8.79565e+07 5.8132e+07 5.57747e+07 1.34341e+08 2.00272e+08 1.09401e+08 6.98899e+07 1.30693e+08 9.69512e+07 9.29453e+07 9.09919e+07 7.86466e+07 3.8756e+08 6.92308e+07 6.7423e+07 6.21613e+07 6.12197e+07 4.78537e+07 4.72009e+07 4.48063e+07 4.45192e+07 4.37847e+07 4.83366e+07 5.86698e+07 7.71586e+07 4.80056e+07 1.05216e+08 6.89531e+07 7.81953e+07 1.21325e+08 9.45734e+07 5.75685e+07 8.63883e+07 7.18121e+07 5.11105e+07 9.95802e+07 8.01243e+07 4.89205e+07 1.16947e+08 5.63999e+07 5.4497e+07 5.4664e+07 5.22141e+07 5.64674e+07 5.09804e+07 4.74429e+07 4.10594e+07 4.0233e+07 3.60317e+07 4.03331e+07 3.60016e+07 3.31179e+07 2.88393e+07 8.51128e+07 2.81864e+07 2.63933e+07 2.60331e+07 2.53653e+07 2.52076e+07 2.51598e+07 2.23733e+07 2.2079e+07
threshold=7190.6650000000009 3299.4280000000003 2023.5000000000002 284.50000000000006 290.50000000000006 4200.8250000000007 12.500000000000002 40.500000000000007 11999.985000000002 4.5000000000000009 1.5000000000000002 60.500000000000007 62.500000000000007 34.150000000000013 2331.9781091915684 3450.3350000000005 2022.5000000000002 2.5000000000000004 11999.985000000002 5610.0275000000011 5.5000000000000009 1.0000000180025095e-35 27.500000000000004 88.500000000000014 178.50000000000003 3.5000000000000004 2021.5000000000002 32.150000000000013 186.50000000000003 170.50000000000003 4007.8100000000009 3633.0448536059257 292.50000000000006 4822.9514807727619 1.5000000000000002 3403.9999007376414 10000.005000000003 14498.490000000002 24.050000000000004 3067.0207331697102 9500.9550000000017 2023.5000000000002 5523.3036322078469 32.150000000000013 246.50000000000003 322.50000000000006 2348.2171120986727 2022.5000000000002 11999.985000000002 16.950000000000003 7918.8983333333335 59.500000000000007 1.0000000180025095e-35 262.50000000000006 8062.363571428572 1380.7477411264063 66.500000000000014 104.50000000000001 106.50000000000001 90.500000000000014 1.5000000000000002 9999.3950000000023
decision_type=2 2 2 2 2 2 2 2 2 2 2 2 2 2 2 2 2 2 2 2 2 2 2 2 2 2 2 2 2 2 2 2 2 2 2 2 2 2 2 2 2 2 2 2 2 2 2 2 2 2 2 2 2 2 2 2 2 2 2 2 2 2
left_child=21 -2 6 5 -5 15 9 8 10 18 -8 16 -13 14 -7 61 -9 -10 60 -17 -15 25 -23 56 46 26 31 34 29 -29 -30 52 50 -34 36 -36 -28 39 -39 40 41 -27 43 -40 -42 47 59 -26 49 -11 -33 58 53 -1 -53 -54 -24 -48 -41 -25 -3 -4
right_child=1 2 3 4 -6 13 7 11 17 48 -12 12 -14 20 -16 19 -18 -19 -20 -21 -22 22 23 24 45 37 27 28 30 -31 -32 32 33 -35 35 -37 -38 38 42 51 44 -43 -44 -45 -46 -47 57 -49 -50 -51 -52 54 55 -55 -56 -57 -58 -59 -60 -61 -62 -63
leaf_value=-1.8316804980780625 -70.661333674678104 -25.285877588272101 -11.748576245943704 -151.32286458195867 -5.5123639434756662 0.2411159036177144 -88.222481607936686 -3.7493318151308745 -19.996021417552029 65.912392676128604 -22.947309462254729 -90.042467504154558 4.1002443537677227 7.8439990319146631 -21.353747417962374 -54.069918476658486 23.142370161692391 16.871436283077511 -68.215784734910542 -17.344428617550374 35.861151565269189 2.0300606030895709 -11.65443581330452 25.129376967779482 -7.9327567247223989 -0.18707309852380366 -0.65115709886209716 5.4598537676246774 4.9569299678705692 -10.07267344993558 17.182048305291911 -20.933511422239704 88.935345522009811 -9.555815435911482 2.4766159542726678 38.018955460390451 -23.713949803221752 -44.783710025521216 133.41049020272712 2.4461023413051262 -4.1213650887800783 -4.4575315103934914 2.1711492719148335 43.718705708767686 -23.893131936051763 5.19871894230329 -13.620169700622558 -21.656195242557665 22.519930921432078 -8.6789936204390088 -66.94249981535242 -4.4371566547567713 -1.789583983055087 8.924295743918492 32.094787328619709 -10.765663320970255 -32.189154624190351 37.892047034091725 -18.095767782095638 -0.69420663137555383 24.05519204175031 47.31002440508675
leaf_weight=6571 26 39 29 36 65 3583 62 276 144 122 360 109 17758 1146 401 154 903 223 30 182 161 2122 330 100 1463 44308 14017 4234 5553 1787 2212 80 22 94 13485 199 386 42 26 175 988 9018 37 55 486 426 29 842 217 21 93 716 26627 2553 56 844 292 124 1009 1426 53 33
leaf_count=6571 26 39 29 36 65 3583 62 276 144 122 360 109 17758 1146 401 154 903 223 30 182 161 2122 330 100 1463 44308 14017 4234 5553 1787 2212 80 22 94 13485 199 386 42 26 175 988 9018 37 55 486 426 29 842 217 21 93 716 26627 2553 56 844 292 124 1009 1426 53 33
internal_value=0.00188456 2.66882 2.74456 -1.58436 -58.4585 -0.564544 3.97824 3.52044 -16.4079 22.7712 -32.7234 4.34681 3.52091 1.3391 -1.93728 -25.8115 16.8493 2.39069 -14.8548 -34.2875 11.32 -0.4861 -4.29822 -6.96674 -4.93642 -0.285057 0.514484 2.22968 5.12564 0.848976 8.44124 -1.43272 -23.6224 9.72398 0.808111 2.99623 -1.27084 -1.39141 26.1313 -1.46945 -1.17158 -0.909324 51.5365 73.7846 -10.6522 -10.1207 3.49722 -12.9531 35.5281 54.9742 -45.9093 -9.81004 -1.25684 1.17861 -1.74907 -2.06574 -21.3307 28.1032 -15.0601 1.01338 3.09183 19.9378
internal_weight=168960 26133 26107 5790 101 5689 20317 19835 789 482 422 19046 17867 5291 3984 398 1179 367 122 336 1307 142827 7154 5032 4410 135673 78757 41873 13786 6021 7765 36884 289 116 28087 13684 14403 56916 160 56756 54800 53326 118 81 1474 2731 1679 2305 360 143 173 1956 36595 9124 772 27471 622 153 1184 1526 92 62
internal_count=168960 26133 26107 5790 101 5689 20317 19835 789 482 422 19046 17867 5291 3984 398 1179 367 122 336 1307 142827 7154 5032 4410 135673 78757 41873 13786 6021 7765 36884 289 116 28087 13684 14403 56916 160 56756 54800 53326 118 81 1474 2731 1679 2305 360 143 173 1956 36595 9124 772 27471 622 153 1184 1526 92 62
is_linear=0
shrinkage=0.05


Tree=93
num_leaves=63
num_cat=0
split_feature=14 10 17 3 0 3 16 3 2 16 3 16 12 17 2 2 3 2 0 10 12 3 15 3 17 0 10 16 3 17 3 2 7 2 10 0 12 0 12 15 3 3 16 12 16 16 15 0 3 15 12 10 0 9 15 10 10 3 15 16 10 16
split_gain=8.19239e+07 7.11151e+07 5.72899e+07 5.25841e+07 1.42009e+08 1.37822e+08 1.33184e+08 1.42456e+08 9.86178e+07 7.5976e+07 7.14418e+07 1.7158e+08 1.87938e+08 1.52969e+08 7.31622e+07 1.51937e+08 7.69357e+07 3.99354e+07 2.56739e+08 1.31117e+08 1.03994e+08 1.17283e+08 8.92135e+07 8.1773e+07 7.67755e+07 7.55547e+07 6.83555e+07 7.50696e+07 7.12722e+07 9.41978e+07 9.08896e+07 6.4346e+07 8.16776e+07 7.5103e+07 1.06566e+08 7.2712e+07 6.12793e+07 5.88167e+07 5.29847e+07 5.92369e+07 5.51037e+07 5.23856e+07 5.0243e+07 4.94881e+07 5.5513e+07 5.51749e+07 4.81911e+07 4.66289e+07 7.77828e+07 3.78991e+07 5.3977e+07 3.63736e+07 3.70857e+07 3.46341e+07 4.03999e+07 2.64461e+07 2.41248e+07 2.27063e+07 2.24506e+07 1.87583e+07 2.7757e+07 1.94816e+07
threshold=8273.4223333333339 3349.0700000000002 15.950000000000001 248.50000000000003 79.500000000000014 254.50000000000003 31.350000000000005 266.50000000000006 1.5000000000000002 29.650000000000002 186.50000000000003 29.950000000000003 9892.9928571428591 29.050000000000004 1.5000000000000002 1.0000000180025095e-35 180.50000000000003 1.0000000180025095e-35 21.500000000000004 8300.0150000000012 10000.04642857143 92.500000000000014 2526.9697517750733 290.50000000000006 31.350000000000005 32.500000000000007 3509.0650000000005 35.650000000000013 110.50000000000001 34.150000000000013 116.50000000000001 5.5000000000000009 1.0000000180025095e-35 1.5000000000000002 12000.005000000003 78.500000000000014 6302.4107142857147 63.500000000000007 9714.3435714285715 2647.4336333008719 88.500000000000014 297.50000000000006 23.450000000000003 4032.0950000000003 17.750000000000004 29.550000000000004 611.57205376645504 23.500000000000004 211.50000000000003 4112.6125525443886 9714.3435714285715 9999.3950000000023 69.500000000000014 2.5000000000000004 639.08115063563525 10421.575000000003 6695.4150000000009 358.50000000000006 1532.0781118381749 31.450000000000003 4492.9550000000008 30.350000000000005
decision_type=2 2 2 2 2 2 2 2 2 2 2 2 2 2 2 2 2 2 2 2 2 2 2 2 2 2 2 2 2 2 2 2 2 2 2 2 2 2 2 2 2 2 2 2 2 2 2 2 2 2 2 2 2 2 2 2 2 2 2 2 2 2
left_child=17 -2 -3 10 5 55 7 -6 -8 -7 14 12 -12 -13 15 -4 -16 18 20 22 43 -22 53 24 -24 26 -19 28 29 -28 -30 32 33 34 -27 42 -21 -35 40 -40 -34 -25 57 59 56 -46 -44 48 -29 50 -37 52 -38 58 -55 -5 -45 -33 -20 61 -61 -1
right_child=1 2 3 4 6 9 8 -9 -10 -11 11 13 -14 -15 16 -17 -18 25 19 36 21 -23 23 41 -26 31 27 47 30 -31 -32 35 38 37 -36 49 51 -39 39 -41 -42 -43 46 44 45 -47 -48 -49 -50 -51 -52 -53 -54 54 -56 -57 -58 -59 -60 60 -62 -63
leaf_value=-3.6125519689583108 -15.278474815733558 -67.897041876656672 7.9390306819101584 -33.929917628983745 -55.622327852517259 4.619550096147611 -21.565093456623167 -12.856097744975129 19.801029366366649 24.807347959641838 217.24268444242932 -11.758644039571644 18.628300197206695 14.823203817802417 6.5950457093219601 -14.563252713860795 -20.574734173951327 -0.71377926438551809 1.627157529584915 96.634171361850974 -162.65153870458187 -14.134515309189306 9.710244778862247 -35.222358799192641 40.470022016421517 -3.5688216902373342 7.1961702330389548 28.892591730137266 -22.721179434999637 81.519791694463677 1.6224893791959047 -2.1394330369989345 -24.561969239323769 -1.2949509704761664 -50.904340013821923 2.3637563407054287 69.720414106906986 2.0775999390941724 13.907754830169678 -80.836405098111015 -5.1776057348901796 8.1253627067862215 -4.6533760589538833 -32.914882831312205 -1.8147800902448428 -22.662021914217455 -12.533376693036276 9.5755927640741536 120.36849799371535 50.353110969543458 -43.018128727016169 16.444232489662785 13.523613973685674 1.934454761709036 10.195294972792414 13.007171181815011 -84.43598725237166 16.662265934222624 -7.143975322750368 -9.9635703064901957 -65.893938144186265 14.695758594843298
leaf_weight=2895 513 27 1469 228 248 1624 214 898 436 653 20 663 28 2930 7481 1531 269 27115 7784 32 22 32 384 89 431 13062 5124 97 394 42 13087 2635 423 28711 119 2970 77 23515 24 50 2717 308 3690 72 617 653 4095 142 30 39 66 309 48 3190 2761 34 34 170 804 661 22 152
leaf_count=2895 513 27 1469 228 248 1624 214 898 436 653 20 663 28 2930 7481 1531 269 27115 7784 32 22 32 384 89 431 13062 5124 97 394 42 13087 2635 423 28711 119 2970 77 23515 24 50 2717 308 3690 72 617 653 4095 142 30 39 66 309 48 3190 2761 34 34 170 804 661 22 152
internal_value=0.00170295 3.07057 3.5733 3.67997 -1.14736 6.46302 -11.9038 -22.1513 6.16982 10.4174 5.13409 11.1865 104.129 9.91627 3.08329 -3.54566 5.64946 -0.393285 1.60752 4.69839 -8.10559 -76.4987 3.92401 16.9515 26.0067 -0.72662 0.895538 3.20232 2.82314 7.81609 0.909381 -1.63406 -1.01008 -0.627627 -4 -4.76716 30.8084 0.223566 -8.79066 -50.3328 -7.79593 -1.65646 -6.73238 -7.36744 -15.4688 -12.5433 -8.79943 29.3786 51.2727 2.00085 1.36335 25.7438 48.4195 2.83692 5.76819 -27.8125 -50.0752 -0.994402 0.805276 -4.37549 -11.8588 -2.69472
internal_weight=168960 19266 18753 18726 4335 2539 1796 1146 650 2277 14391 3641 48 3593 10750 3000 7750 149694 21377 16217 5160 54 15751 1212 815 128317 46031 18916 18647 5166 13481 82286 68621 65407 13181 13665 466 52226 3214 74 3140 397 10590 5106 1376 1270 7785 269 127 3075 3036 434 125 14539 5951 262 106 2805 8588 3730 683 3047
internal_count=168960 19266 18753 18726 4335 2539 1796 1146 650 2277 14391 3641 48 3593 10750 3000 7750 149694 21377 16217 5160 54 15751 1212 815 128317 46031 18916 18647 5166 13481 82286 68621 65407 13181 13665 466 52226 3214 74 3140 397 10590 5106 1376 1270 7785 269 127 3075 3036 434 125 14539 5951 262 106 2805 8588 3730 683 3047
is_linear=0
shrinkage=0.05


Tree=94
num_leaves=63
num_cat=0
split_feature=12 7 9 3 8 10 2 0 15 11 3 3 3 3 16 3 10 0 10 11 11 16 9 10 2 3 11 2 15 16 15 12 3 11 3 5 0 3 11 2 16 3 10 3 3 3 16 10 11 5 10 3 11 11 16 10 10 16 2 3 2 11
split_gain=7.48925e+07 4.70726e+07 6.96661e+07 5.09404e+07 5.27605e+07 6.75277e+07 5.08524e+07 9.75369e+07 6.76017e+07 6.56277e+07 6.51226e+07 4.42964e+08 2.12827e+08 1.98531e+08 1.24443e+08 1.16752e+08 5.69695e+07 5.66897e+07 6.0384e+07 4.72984e+07 4.60856e+07 4.43152e+07 4.01252e+07 5.49192e+07 1.10382e+08 9.16868e+07 6.8814e+07 8.72847e+07 6.39162e+07 6.14254e+07 4.59696e+07 4.17658e+07 4.02569e+07 6.16378e+07 4.29486e+07 3.87528e+07 3.845e+07 8.99796e+07 5.99619e+07 1.58012e+08 5.98931e+07 3.70765e+07 3.7e+07 3.5559e+07 3.45347e+07 1.41587e+08 4.40029e+07 3.96454e+07 3.12745e+07 2.92769e+07 4.29522e+07 8.15189e+07 4.60584e+07 4.1835e+07 3.56178e+07 4.91076e+07 2.9519e+07 2.72474e+07 2.71351e+07 2.65601e+07 2.44073e+07 2.29359e+07
threshold=9999.9900000000016 1.0000000180025095e-35 1.5000000000000002 88.500000000000014 1.5000000000000002 10000.005000000003 5.5000000000000009 27.500000000000004 639.08115063563525 9999.3950000000023 245.50000000000003 224.50000000000003 229.50000000000003 257.50000000000006 31.350000000000005 112.50000000000001 9999.3950000000023 77.500000000000014 10000.005000000003 6200.9150000000009 3529.7850000000003 23.450000000000003 3.5000000000000004 9500.9950000000008 2.5000000000000004 92.500000000000014 17561.605000000003 3.5000000000000004 4534.1532565239222 30.250000000000004 6016.3764579287572 11758.720000000003 194.50000000000003 5247.3050000000012 180.50000000000003 2021.5000000000002 7.5000000000000009 92.500000000000014 12000.005000000003 4.5000000000000009 22.150000000000002 178.50000000000003 6695.4150000000009 160.50000000000003 168.50000000000003 166.50000000000003 35.95000000000001 6999.7450000000008 4999.7050000000008 2023.5000000000002 4900.7350000000006 106.50000000000001 3737.1000000000008 8282.3200000000015 31.950000000000003 9000.7350000000024 8300.0150000000012 24.850000000000005 5.5000000000000009 68.500000000000014 1.5000000000000002 5379.545000000001
decision_type=2 2 2 2 2 2 2 2 2 2 2 2 2 2 2 2 2 2 2 2 2 2 2 2 2 2 2 2 2 2 2 2 2 2 2 2 2 2 2 2 2 2 2 2 2 2 2 2 2 2 2 2 2 2 2 2 2 2 2 2 2 2
left_child=1 6 49 59 5 61 8 44 -1 17 11 15 -13 19 -15 -10 43 21 -19 -12 -2 -9 30 24 28 -26 32 -28 31 -29 36 -24 34 -34 -25 60 37 40 48 -40 -22 -37 -27 -11 45 47 -46 -8 -38 53 -51 -52 -53 54 55 -3 -55 -30 -56 -4 -6 -5
right_child=20 2 3 4 35 -7 7 9 10 16 13 12 -14 14 -16 -17 -18 18 -20 -21 22 -23 23 26 25 42 27 29 57 -31 -32 -33 33 -35 -36 41 38 -39 39 -41 -42 -43 -44 -45 46 -47 -48 -49 -50 50 51 52 -54 56 58 -57 -58 -59 -60 -61 -62 -63
leaf_value=-0.84636847228979484 70.325356421837441 1.2877009577016982 -14.848462477347713 -0.45077969820908764 17.909816917087721 -80.739798291015632 3.6499091706579492 -1.0149078154994371 3.8819563516861124 10.865220235188803 -7.5127948525335562 35.559183160212697 10.948288587201406 -1.0397096510261838 8.8976533599145053 -1.8035056740057751 -84.426311645507809 2.5935199441294516 -33.639849210146096 -20.096442695210744 29.275517333274667 -7.9155066741092739 14.809234035790684 -0.7120409956888748 131.17760789310231 89.945149198678834 83.828519727645386 -25.55160534457157 -55.099315997037024 57.886000705295146 -38.511637912938298 84.606788167538866 90.239274079696003 7.8441999917989138 -55.212063524400868 27.339522164951674 -28.084627801018605 6.8401165744208416 0.89101427717231163 -54.607620780508853 128.00521363525391 -19.53320821259101 21.89481239776087 -36.498933217437177 -1.6122391835548413 116.69989335684942 33.641372361628569 22.210057534138116 2.4692681683962725 3.3446009729610759 -52.264947141011561 -1.085121841430664 65.70355687988048 -16.468463794780757 -7.6537719078858704 43.208195412423883 -75.911581338246663 -3.2390821698454562 -42.442451131820683 -38.775855489524638 -7.0202943778337374 17.840983229613304
leaf_weight=65056 25 2355 317 1197 114 24 2641 3291 15946 62 1928 1121 4055 13873 4075 20816 41 3409 118 1220 42 7941 331 1573 33 25 61 56 43 35 70 22 22 1797 36 43 84 1089 480 174 24 1116 91 107 3240 28 90 322 5725 566 23 35 97 170 413 71 23 60 64 184 671 199
leaf_count=65056 25 2355 317 1197 114 24 2641 3291 15946 62 1928 1121 4055 13873 4075 20816 41 3409 118 1220 42 7941 331 1573 33 25 61 56 43 35 70 22 22 1797 36 43 84 1089 480 174 24 1116 91 107 3240 28 90 322 5725 566 23 35 97 170 413 71 23 60 64 184 671 199
internal_value=0.00161734 -0.288126 -4.10491 -8.83584 -6.61634 0.710526 -0.0918178 -2.35457 0.284293 -4.55368 1.45122 2.59104 16.2843 -0.814715 1.21689 0.662676 -32.243 -4.15754 1.3721 -12.3944 3.82613 -5.89389 3.6802 7.61926 21.5406 58.753 5.26127 38.0707 9.27935 6.8201 1.53524 19.386 3.79579 8.88977 -1.96497 -11.9659 1.90823 10.3068 0.405952 -13.9355 66.552 -17.7721 37.2043 -19.161 2.8531 6.75174 -0.649624 5.67372 2.02269 0.686565 9.75334 32.9841 48.1194 -1.42738 0.074858 2.53186 -23.9072 -25.2111 -12.4005 -23.6959 -3.38168 2.16761
internal_weight=168960 157062 7682 3865 3364 1420 149380 21290 128090 14969 63034 41938 5176 21096 17948 36762 210 14759 3527 3148 11898 11232 11873 4185 605 149 3580 152 456 91 7688 353 3428 1819 1609 1944 7618 1155 6463 654 66 1159 116 169 6321 2991 3330 2963 5809 3817 721 155 132 3096 2903 2426 193 103 477 501 785 1396
internal_count=168960 157062 7682 3865 3364 1420 149380 21290 128090 14969 63034 41938 5176 21096 17948 36762 210 14759 3527 3148 11898 11232 11873 4185 605 149 3580 152 456 91 7688 353 3428 1819 1609 1944 7618 1155 6463 654 66 1159 116 169 6321 2991 3330 2963 5809 3817 721 155 132 3096 2903 2426 193 103 477 501 785 1396
is_linear=0
shrinkage=0.05


Tree=95
num_leaves=63
num_cat=0
split_feature=12 16 16 0 2 10 2 11 12 13 11 10 4 0 10 2 16 10 2 13 11 15 0 11 12 10 12 8 12 5 2 16 16 15 4 15 4 0 9 4 15 10 2 7 10 4 11 4 0 11 10 11 0 0 13 10 11 11 10 5 16 13
split_gain=6.82801e+07 4.94421e+07 8.42047e+07 8.08011e+07 7.80347e+07 1.09978e+08 7.4977e+07 6.64164e+07 5.35445e+07 5.08051e+07 5.01887e+07 4.94623e+07 4.37623e+07 9.1354e+07 1.14631e+08 1.73191e+08 1.19915e+08 5.16858e+07 1.3835e+08 8.54331e+07 4.29247e+07 4.14127e+07 3.56254e+07 4.75949e+07 4.70398e+07 3.08775e+07 2.87913e+07 2.7016e+07 2.70135e+07 2.63614e+07 3.06424e+07 8.33957e+07 5.57884e+07 7.14823e+07 7.05684e+07 4.12978e+07 5.6668e+07 3.73365e+07 3.4938e+07 2.63109e+07 9.59316e+07 6.62129e+07 2.33313e+07 6.99638e+07 4.70906e+07 3.87786e+07 6.01134e+07 4.84345e+07 6.36923e+07 8.97998e+07 6.33037e+07 3.67577e+07 3.18953e+07 2.86231e+07 2.77711e+07 2.57317e+07 2.26514e+07 2.11e+07 2.05532e+07 1.92487e+07 1.64919e+07 1.60218e+07
threshold=7016.8400000000011 15.750000000000002 19.950000000000003 19.500000000000004 1.0000000180025095e-35 8000.7650000000012 1.0000000180025095e-35 9999.3950000000023 11472.934285714287 3079.2856815687096 11999.985000000002 6209.3550000000005 3.5000000000000004 91.500000000000014 9999.3950000000023 1.5000000000000002 28.750000000000004 9999.3950000000023 4.5000000000000009 390.17222713629207 4750.4350000000004 4822.9514807727619 4.5000000000000009 14498.490000000002 14389.699285714289 1999.4750000000001 8786.0628571428588 1.0000000180025095e-35 12000.380714285717 2020.5000000000002 5.5000000000000009 38.050000000000004 33.95000000000001 4534.1532565239222 6.5000000000000009 3954.265515905809 10.500000000000002 59.500000000000007 1.0000000180025095e-35 4.5000000000000009 3790.914559449348 10000.005000000003 3.5000000000000004 1.0000000180025095e-35 10000.005000000003 2.5000000000000004 5010.9350000000004 1.5000000000000002 33.500000000000007 9000.715000000002 10000.005000000003 12000.005000000003 82.500000000000014 68.500000000000014 2229.8172193519435 6209.3550000000005 9999.3950000000023 4240.1200000000008 6999.7450000000008 2022.5000000000002 11.350000000000003 2229.8172193519435
decision_type=2 2 2 2 2 2 2 2 2 2 2 2 2 2 2 2 2 2 2 2 2 2 2 2 2 2 2 2 2 2 2 2 2 2 2 2 2 2 2 2 2 2 2 2 2 2 2 2 2 2 2 2 2 2 2 2 2 2 2 2 2 2
left_child=25 42 3 4 5 -3 9 20 11 27 -10 -8 13 14 16 -16 -4 18 19 -14 -6 -20 24 -24 -19 56 -9 -5 -15 -27 32 35 39 34 -34 38 -37 -35 -32 40 -31 -41 43 51 -45 47 -47 53 50 -50 -49 52 55 54 -44 -2 -1 -33 -55 60 -48 -61
right_child=1 2 12 6 7 -7 8 26 10 -11 -12 -13 17 28 15 -17 -18 22 21 -21 -22 -23 23 -25 -26 29 -28 -29 -30 30 31 57 33 37 -36 36 -38 -39 -40 41 -42 -43 45 44 -46 46 59 48 49 -51 -52 -53 -54 58 -56 -57 -58 -59 -60 61 -62 -63
leaf_value=-3.2227208478863298 20.328714467442225 -19.345570018495835 12.070168221061683 24.748142394337805 -50.11987071596343 -153.82187277657647 10.534222469508929 -15.410552828382045 63.329369046317211 82.207096930185969 2.3378570130292107 -15.837465586257776 -60.471711450506149 42.731475023542139 -46.421013678212965 6.8958466201430255 60.220568806014448 9.5491423581731194 -16.17270620366504 2.7279798177734156 17.356317851808338 14.421211898787684 3.2607703349106725 -13.342851212816313 61.066595432447357 -1.5223777889568988 -58.241486032593002 -11.185726536176146 120.97900312151228 0.78635583748826465 3.0491605001379671 -13.506865400554876 -0.81089772883170341 15.210208416893369 5.258404382689509 -32.488347661009115 25.14074106604965 108.59154886881511 -2.3732619917969222 -0.9581005515193276 56.670551803142985 -38.792555767256637 13.275836311895269 -15.871916844567588 -106.64956115029075 -27.579929091559521 30.49119762351296 -9.9114270968837612 -71.972029616764615 -1.7154993233425928 44.057820482356576 -55.81422134717306 -44.781073733011887 73.754103483720257 -16.426047448227088 4.8170176354245182 -52.913898137134062 -64.152692464192725 23.287752123915986 29.132277097480245 60.199702006253325 -12.475685510635376
leaf_weight=8567 314 34 661 159 28 27 212 67 44 29 135 1082 53 27 191 736 160 1242 1612 5492 125 118 11818 447 45 31565 97 77 20 28656 4624 1223 8306 20 11310 205 53 23 8304 37325 76 115 418 42 21 44 109 130 69 130 92 23 29 21 96 1776 22 20 291 85 87 31
leaf_count=8567 314 34 661 159 28 27 212 67 44 29 135 1082 53 27 191 736 160 1242 1612 5492 125 118 11818 447 45 31565 97 77 20 28656 4624 1223 8306 20 11310 205 53 23 8304 37325 76 115 418 42 21 44 109 130 69 130 92 23 29 21 96 1776 22 20 291 85 87 31
internal_value=0.00166402 2.23086 1.41429 -8.12152 -29.0403 -80.3889 -3.55777 -18.9376 -7.96499 20.8776 17.5988 -11.5121 2.30656 9.79534 7.92188 -4.12779 21.5158 1.6607 -1.73875 2.11311 4.76243 -14.0788 3.48558 2.65461 11.3965 -0.451542 -40.943 13.0262 77.8551 -0.26227 0.134462 -1.99738 0.492864 2.8315 2.68857 -0.8298 -20.5984 66.4913 -0.43372 -0.201952 0.936144 -1.07535 7.53383 4.19384 -47.3248 12.1227 26.6573 7.95518 -5.83838 -26.3139 12.5515 5.73047 6.42451 14.9841 7.70727 7.15609 -3.35615 -14.3727 26.9093 34.3699 43.9168 18.0013
internal_weight=168960 28546 24738 2116 378 61 1738 317 1473 265 179 1294 22622 1795 1748 927 821 20827 7275 5545 153 1730 13552 12265 1287 140414 164 236 47 131825 100260 14429 85831 19659 19616 13186 258 43 12928 66172 28732 37440 3808 2205 63 1603 356 1247 421 199 222 2142 2119 826 514 2090 8589 1243 312 312 196 116
internal_count=168960 28546 24738 2116 378 61 1738 317 1473 265 179 1294 22622 1795 1748 927 821 20827 7275 5545 153 1730 13552 12265 1287 140414 164 236 47 131825 100260 14429 85831 19659 19616 13186 258 43 12928 66172 28732 37440 3808 2205 63 1603 356 1247 421 199 222 2142 2119 826 514 2090 8589 1243 312 312 196 116
is_linear=0
shrinkage=0.05


Tree=96
num_leaves=63
num_cat=0
split_feature=0 16 14 11 10 3 16 2 3 11 3 3 10 11 2 14 10 13 3 16 12 13 2 3 0 5 2 10 10 0 0 2 0 11 2 0 10 2 10 2 12 2 10 0 2 13 16 7 3 14 5 10 3 11 2 3 16 0 14 3 10 3
split_gain=6.63497e+07 7.27326e+07 7.5876e+07 7.94932e+07 5.95093e+07 7.83616e+07 1.59235e+08 7.42969e+07 7.29739e+07 1.26382e+08 5.4999e+07 1.06177e+08 7.48735e+07 7.67723e+07 8.83685e+07 5.71905e+07 1.05228e+08 5.21034e+07 5.05224e+07 1.36276e+08 7.41098e+07 1.21611e+08 1.41268e+08 1.13401e+08 1.00139e+08 7.07483e+07 6.78105e+07 5.49183e+07 5.38197e+07 4.78333e+07 4.57382e+07 4.94061e+07 4.46488e+07 7.20509e+07 1.12742e+08 2.0182e+08 1.69319e+08 1.18893e+08 1.45236e+08 6.09392e+07 1.12088e+08 6.10943e+07 6.05228e+07 5.69691e+07 8.10031e+07 5.27459e+07 5.24784e+07 5.12935e+07 4.55981e+07 4.48668e+07 4.11633e+07 6.23751e+07 7.71522e+07 6.10888e+07 5.47982e+07 1.22421e+08 5.72019e+07 3.95748e+07 4.59717e+07 4.5889e+07 4.84749e+07 3.70165e+07
threshold=70.500000000000014 24.850000000000005 6750.873833333334 12000.005000000003 8300.0150000000012 192.50000000000003 30.950000000000003 5.5000000000000009 78.500000000000014 6500.0550000000012 112.50000000000001 304.50000000000006 14498.490000000002 6069.5750000000016 5.5000000000000009 10202.382333333337 9500.9950000000008 3633.0448536059257 280.50000000000006 29.750000000000004 7821.4828571428579 708.08527245446601 1.5000000000000002 279.50000000000006 78.500000000000014 2023.5000000000002 4.5000000000000009 11999.985000000002 6999.7450000000008 83.500000000000014 75.500000000000014 1.0000000180025095e-35 5.5000000000000009 14498.490000000002 4.5000000000000009 30.500000000000004 9000.7350000000024 2.5000000000000004 14498.490000000002 1.0000000180025095e-35 14389.699285714289 4.5000000000000009 14498.490000000002 25.500000000000004 5.5000000000000009 965.5794176979806 35.95000000000001 1.0000000180025095e-35 168.50000000000003 10430.596833333335 2023.5000000000002 8866.5700000000015 124.50000000000001 9500.9550000000017 3.5000000000000004 158.50000000000003 33.350000000000001 34.500000000000007 4816.8215000000009 322.50000000000006 5090.9250000000011 170.50000000000003
decision_type=2 2 2 2 2 2 2 2 2 2 2 2 2 2 2 2 2 2 2 2 2 2 2 2 2 2 2 2 2 2 2 2 2 2 2 2 2 2 2 2 2 2 2 2 2 2 2 2 2 2 2 2 2 2 2 2 2 2 2 2 2 2
left_child=32 10 3 4 8 6 -6 -7 9 -3 15 12 13 -12 -15 -2 -17 -10 20 25 21 22 -4 28 -25 27 -23 -20 -22 -21 31 -13 39 47 37 43 -37 42 49 61 45 -42 -35 44 -36 -41 48 50 -47 -39 51 53 -53 -34 56 -56 -52 58 -49 60 -59 -1
right_child=1 2 18 -5 5 7 -8 -9 17 -11 11 30 -14 14 -16 16 -18 -19 19 29 23 26 -24 24 -26 -27 -28 -29 -30 -31 -32 -33 33 34 35 36 -38 38 -40 40 41 -43 -44 -45 -46 46 -48 57 -50 -51 54 52 -54 -55 55 -57 -58 59 -60 -61 -62 -63
leaf_value=1.3401469350400212 0.90978767279348249 9.3251269872305986 117.88855450814231 83.26107889109646 -8.3570505121591943 6.7755816949888343 -84.974626234794144 -44.220749381837386 0.70716276443510018 109.08249477264427 -6.6858039918489416 33.153697870906662 51.776480949946816 -22.611464610898274 -85.803590398152664 64.527245904159543 5.5433342943436061 77.732968916459527 30.841842238342409 47.527181792736059 -6.1210828443564615 14.733766742188198 19.368586598160199 8.6822074856965443 -132.40936917009023 -7.0813371229016546 -3.4094580722693486 -2.041063768735496 4.970151802032504 122.65950945818867 -2.7577036327310944 4.0127514744872768 -0.21918100973616039 -20.807168262692315 -76.195242784673511 -29.351666829035835 -203.21654971498432 -5.646359793419137 120.025222640499 1.0728555473557815 97.767016249676146 -0.97206657409667963 -94.418323738995724 46.996586154143017 36.86114591674805 17.053331918009437 57.349575255938944 3.3820265933197891 3.3980448236128944 64.802488192044777 -3.013832269621886 10.692265210013508 -0.6884295637047918 -8.4478940171470942 0.4239352872660529 -11.850470459863024 4.6283575586831507 -9.0316293002153607 -11.872344040054839 11.202673570468964 -32.390906318695947 -14.341211828577611
leaf_weight=726 10949 131 56 28 221 476 97 83 10762 41 1021 169 41 741 59 99 311 21 403 114 1274 1871 102 22 28 383 710 185 7698 26 4868 1010 81096 162 43 25 32 172 30 6298 48 23 33 29 24 966 55 1818 1664 25 6944 2898 3062 2319 4030 4095 3781 2611 677 252 242 780
leaf_count=726 10949 131 56 28 221 476 97 83 10762 41 1021 169 41 741 59 99 311 21 403 114 1274 1871 102 22 28 383 710 185 7698 26 4868 1010 81096 162 43 25 32 172 30 6298 48 23 33 29 24 966 55 1818 1664 25 6944 2898 3062 2319 4030 4095 3781 2611 677 252 242 780
internal_value=0.00158502 1.67133 3.46559 0.580298 0.377616 -12.1474 -31.921 -0.86176 1.38132 33.5976 -0.631792 -3.83293 -14.2696 -15.7842 -27.3732 1.59722 19.9082 0.864366 6.12378 16.3117 5.16007 12.3621 54.8089 2.97247 -71.376 9.63089 9.74341 20.5101 3.39472 62.2513 -0.617432 8.21443 -0.586363 -0.873519 -18.5129 -55.1328 -128.781 -5.13703 19.4247 2.52428 4.07345 66.2118 -33.6826 -10.5274 -35.7508 3.575 9.44151 -0.784249 8.41821 3.57596 -0.542782 -0.0949452 4.8462 -0.448044 -2.66603 -5.76306 -0.319468 -5.4499 -0.760232 -9.21678 -11.0237 -6.7858
internal_weight=168960 44000 24732 11860 11832 877 318 559 10955 172 19268 7909 1862 1821 800 11359 410 10783 12872 1111 11761 2739 158 9022 50 971 2581 588 8972 140 6047 1179 124960 114400 575 153 57 422 227 10560 9054 71 195 96 67 8983 2685 113825 2630 197 108225 89375 5960 83415 18850 8125 10725 5600 2495 3105 2853 1506
internal_count=168960 44000 24732 11860 11832 877 318 559 10955 172 19268 7909 1862 1821 800 11359 410 10783 12872 1111 11761 2739 158 9022 50 971 2581 588 8972 140 6047 1179 124960 114400 575 153 57 422 227 10560 9054 71 195 96 67 8983 2685 113825 2630 197 108225 89375 5960 83415 18850 8125 10725 5600 2495 3105 2853 1506
is_linear=0
shrinkage=0.05


Tree=97
num_leaves=63
num_cat=0
split_feature=0 17 15 2 12 10 16 12 16 0 12 10 16 12 10 14 17 16 2 4 13 16 13 2 2 17 16 2 0 13 15 0 17 15 16 12 14 12 8 12 17 13 4 4 15 10 2 16 16 17 15 13 14 16 10 12 16 16 10 14 16 14
split_gain=6.05311e+07 7.79693e+07 9.71002e+07 1.18836e+08 1.03942e+08 1.59678e+08 7.4563e+07 8.48405e+07 6.69568e+07 6.68738e+07 8.11201e+07 1.45065e+08 1.01272e+08 7.49895e+07 6.94911e+07 6.28993e+07 5.3603e+07 5.23166e+07 5.1741e+07 8.27272e+07 9.67721e+07 5.1686e+07 4.92016e+07 4.91395e+07 4.81634e+07 7.0186e+07 4.77284e+07 4.37244e+07 4.05997e+07 7.70942e+07 4.0236e+07 3.98462e+07 6.56639e+07 7.01819e+07 4.96565e+07 4.71741e+07 7.91642e+07 9.53006e+07 4.21845e+07 6.08664e+07 5.26283e+07 4.40013e+07 1.06524e+08 1.56915e+08 1.70448e+08 1.5611e+08 7.96693e+07 1.03787e+08 8.83534e+07 4.16264e+07 4.11693e+07 3.96856e+07 3.91294e+07 3.76856e+07 3.37766e+07 3.406e+07 3.35862e+07 3.2648e+07 4.11582e+07 4.30372e+07 4.05938e+07 3.06938e+07
threshold=72.500000000000014 31.150000000000002 1015.2924780700556 1.0000000180025095e-35 6121.9442857142867 4300.4950000000008 26.050000000000004 12000.380714285717 35.550000000000004 78.500000000000014 10358.928571428574 6999.7450000000008 24.850000000000005 8786.0628571428588 9999.3950000000023 6595.5581666666667 29.050000000000004 34.150000000000013 1.5000000000000002 5.5000000000000009 2843.2674264134635 35.350000000000001 3079.2856815687096 5.5000000000000009 1.5000000000000002 30.650000000000002 29.750000000000004 5.5000000000000009 83.500000000000014 1473.9078922695489 2405.9404774336272 4.5000000000000009 30.750000000000004 1330.0044511564881 34.45000000000001 11999.977142857146 9298.9300000000021 9388.811428571431 1.0000000180025095e-35 7821.4828571428579 15.950000000000001 1156.481535066634 4.5000000000000009 9.5000000000000018 2006.0296603777417 11194.045000000002 5.5000000000000009 27.050000000000004 24.850000000000005 30.250000000000004 2423.047838657591 2266.0225290727917 9472.6838333333362 22.750000000000004 7190.6650000000009 4275.1342857142872 35.350000000000001 23.250000000000004 9500.9950000000008 8097.1366666666672 29.950000000000003 9218.4013333333369
decision_type=2 2 2 2 2 2 2 2 2 2 2 2 2 2 2 2 2 2 2 2 2 2 2 2 2 2 2 2 2 2 2 2 2 2 2 2 2 2 2 2 2 2 2 2 2 2 2 2 2 2 2 2 2 2 2 2 2 2 2 2 2 2
left_child=31 8 -3 4 5 15 53 -8 9 10 56 12 -12 24 17 -4 -16 -15 19 20 -5 26 28 -23 25 -11 -20 -13 -10 -30 -7 32 34 -34 35 36 -1 -38 39 54 -41 -40 46 45 -45 -44 47 -43 -48 -37 51 -42 -21 -6 55 -33 -2 -35 59 -59 -60 -36
right_child=1 2 3 18 6 30 7 -9 22 13 11 27 -14 14 16 -17 -18 -19 21 52 -22 23 -24 -25 -26 -27 -28 -29 29 -31 -32 38 33 57 61 49 37 -39 41 40 50 42 43 44 -46 -47 48 -49 -50 -51 -52 -53 -54 -55 -56 -57 -58 58 60 -61 -62 -63
leaf_value=-0.92249745956664086 2.0522618340842587 -0.56768795852527598 9.1505315470695514 -12.395051231029976 29.279511778860382 73.101885924174866 15.473197770786342 78.563565323143678 4.7380690736471269 -3.6712958474714386 30.778895459445025 16.815141931311601 136.66141582861178 -28.710257966380524 -22.162097652980261 78.298306459799051 -0.76691769695035128 10.530137403276234 4.1598435459370293 1.4438538634333502 -92.265767714337599 1.7957551148104365 -47.75231677699734 -27.993779280157653 0.88679906487799587 -30.164542792080937 13.49762942265513 -17.431912218843191 9.9585493944563268 48.844320812572754 143.12875676335514 -0.48006866773095508 0.70270038593883477 -4.1792949178849144 12.064583987142589 63.872218336217543 -7.3607827335965332 -84.305486871628545 -0.79008328960773255 -58.29309225463868 7.296096267240137 -0.89343691992767538 -8.8267139873820106 26.566783989255541 -2.5771246259290765 -61.524350206635212 6.2721079635620125 16.30686316125681 -32.988543714700739 -10.824652554829916 17.375871602851515 -12.222685746440762 29.650598508558772 -31.105891685801101 -9.0708708314241342 4.1426005768407927 -50.159428895519632 20.48700488267351 21.150587399430627 50.705145278598955 -2.4269843307847947 55.259817749659227
leaf_weight=5296 4825 5643 168 514 32 57 840 56 1114 4163 52 558 40 615 363 40 1496 98 2588 644 40 745 36 169 11319 265 2906 111 472 174 36 19131 1383 173 295 50 112 62 75826 29 1818 2283 8271 635 2375 142 273 1423 300 29 878 303 151 120 961 5032 30 451 420 160 322 47
leaf_count=5296 4825 5643 168 514 32 57 840 56 1114 4163 52 558 40 615 363 40 1496 98 2588 644 40 745 36 169 11319 265 2906 111 472 174 36 19131 1383 173 295 50 112 62 75826 29 1818 2283 8271 635 2375 142 273 1423 300 29 878 303 151 120 961 5032 30 451 420 160 322 47
internal_value=0.00161276 1.68762 4.58588 7.77927 21.471 47.3257 14.0071 19.4995 0.0262176 -0.672612 4.10023 19.2673 77.7893 -2.13595 -10.0498 22.7592 -4.95435 -23.3096 5.39572 -3.50235 -18.3178 7.26917 9.33459 -3.73694 -0.842804 -5.26328 9.10054 11.1154 10.5287 20.4917 101.443 -0.529603 2.71746 8.86236 -0.317914 -1.45887 -2.01599 -35.103 -0.768378 0.924212 7.61984 -1.28899 -3.69802 -6.21843 3.57795 -9.72339 3.03023 5.71361 -14.3049 36.6592 8.27643 4.50325 6.83189 -18.2849 0.116969 0.482744 1.71937 16.2521 18.8657 28.47 10.9293 18.1446
internal_weight=168960 40480 14749 9106 1349 301 1048 896 25731 23935 5616 761 92 18319 2572 208 1859 713 7757 1349 554 6408 1796 914 15747 4428 5494 669 1760 646 93 128480 8800 2909 5891 5549 5470 174 119680 28152 3028 91528 15702 11423 3010 8413 4279 3706 573 79 2999 2121 795 152 25124 24163 4855 1526 1353 611 742 342
internal_count=168960 40480 14749 9106 1349 301 1048 896 25731 23935 5616 761 92 18319 2572 208 1859 713 7757 1349 554 6408 1796 914 15747 4428 5494 669 1760 646 93 128480 8800 2909 5891 5549 5470 174 119680 28152 3028 91528 15702 11423 3010 8413 4279 3706 573 79 2999 2121 795 152 25124 24163 4855 1526 1353 611 742 342
is_linear=0
shrinkage=0.05


Tree=98
num_leaves=63
num_cat=0
split_feature=0 16 17 15 10 3 12 3 0 3 10 17 14 3 3 4 10 12 3 12 17 0 4 3 3 13 14 10 17 12 17 16 13 10 14 13 0 17 15 16 16 17 13 10 17 3 7 0 10 16 16 12 14 3 4 10 3 3 3 13 3 13
split_gain=5.46532e+07 7.14473e+07 6.46361e+07 1.06699e+08 1.05573e+08 1.47263e+08 1.05334e+08 8.20586e+07 2.25103e+08 8.71286e+07 8.6139e+07 7.9502e+07 7.32364e+07 7.12522e+07 6.15237e+07 8.58176e+07 6.73288e+07 7.19774e+07 5.52707e+07 1.36886e+08 6.29594e+07 9.2683e+07 5.45781e+07 5.16727e+07 7.28858e+07 6.72068e+07 5.04314e+07 9.88701e+07 4.89223e+07 4.37597e+07 4.16025e+07 3.93235e+07 5.88146e+07 4.33057e+07 5.90718e+07 4.58506e+07 3.6307e+07 6.02263e+07 7.35949e+07 4.8401e+07 6.90432e+07 6.34855e+07 5.92905e+07 5.50865e+07 5.62734e+07 5.07971e+07 4.63611e+07 4.40009e+07 4.86027e+07 4.75491e+07 5.35519e+07 4.32652e+07 4.57679e+07 4.10216e+07 1.14848e+08 1.91084e+08 1.63031e+08 9.56083e+07 1.801e+08 1.50982e+08 1.37951e+08 1.26619e+08
threshold=72.500000000000014 24.850000000000005 29.650000000000002 1355.6639944487895 11999.985000000002 207.50000000000003 6400.612857142859 86.500000000000014 75.500000000000014 196.50000000000003 12000.005000000003 29.950000000000003 9642.7850000000035 269.50000000000006 112.50000000000001 10.500000000000002 14498.490000000002 8540.0042857142889 186.50000000000003 10661.440714285716 28.450000000000003 87.500000000000014 8.5000000000000018 188.50000000000003 90.500000000000014 1643.3323292609052 10202.382333333337 9500.9950000000008 30.850000000000005 8317.7064285714314 27.950000000000003 19.550000000000004 2991.7333866594622 12000.005000000003 8529.4688333333343 2051.9186458337067 5.5000000000000009 30.650000000000002 1308.4461125079388 33.95000000000001 33.050000000000004 29.250000000000004 826.13540874274054 4492.9550000000008 30.350000000000005 192.50000000000003 1.0000000180025095e-35 34.500000000000007 5090.9250000000011 16.550000000000004 36.550000000000004 14389.699285714289 9131.4756666666672 209.50000000000003 4.5000000000000009 6999.7450000000008 166.50000000000003 246.50000000000003 261.50000000000006 1602.2398703389533 263.50000000000006 2915.8092967524067
decision_type=2 2 2 2 2 2 2 2 2 2 2 2 2 2 2 2 2 2 2 2 2 2 2 2 2 2 2 2 2 2 2 2 2 2 2 2 2 2 2 2 2 2 2 2 2 2 2 2 2 2 2 2 2 2 2 2 2 2 2 2 2 2
left_child=36 14 4 -4 5 23 12 8 -5 10 -9 -10 -7 -8 26 16 17 -16 19 -6 21 -20 -11 24 -3 -25 31 30 -19 -22 -28 32 -2 35 -35 -33 37 39 -39 40 51 45 -43 -42 -45 -41 53 -48 -49 -50 -51 52 -1 54 -38 -56 -57 61 59 -59 -60 -55
right_child=1 2 3 7 18 6 13 9 11 22 -12 -13 -14 -15 15 -17 -18 28 20 -21 29 -23 -24 25 -26 -27 27 -29 -30 -31 -32 33 -34 34 -36 -37 46 38 -40 41 43 42 -44 44 -46 -47 47 48 49 50 -52 -53 -54 57 55 56 -58 58 60 -61 -62 -63
leaf_value=-0.0821741677506692 -0.53045359782973589 24.824936207116366 0.19087399131194649 -21.221800334583634 -158.94934665256076 -0.65158923843301875 -28.729614636152565 3.2180396567437008 46.030268358976947 17.172173353217904 -60.857513440689956 171.51261091290098 77.648964596409954 14.580619189695879 -9.1740360460240513 -1.1412551828322444 49.797692488926216 -50.805418786187865 -18.877404815673831 -14.265308795307957 55.110376546223961 -134.1591361816406 7.4258163777505324 9.9539711552379373 -8.6221161762012795 43.95891707753313 87.068008141517637 5.2757189354248588 -17.782461544898631 -13.363603431338356 11.570408726444951 7.3067137297079983 -62.893168156272488 50.942372510900682 -39.766955718994147 -12.339004034087106 0.49389882430384013 -0.015910346386314347 14.283711632532622 63.559234182523653 -0.63228919536868744 7.0488976044622849 51.935721786135723 -60.504020517883298 16.317422368367513 -15.197619429284877 -0.12866028886278072 -6.7779084560808673 7.0960972156294861 -47.2408072541526 7.3789773827268368 42.866679334138574 -23.835352712563108 5.2595465656084395 -2.7584883524978743 -10.978135977095361 -48.404425680449897 -5.6671051814433575 23.197470597714723 -29.312987631472438 0.26085428967422425 -36.008498769500271
leaf_weight=5911 7459 248 8007 54 26 814 709 5079 22 2450 52 32 30 109 1341 5544 40 198 59 42 29 24 3477 391 470 231 63 286 261 104 26 2304 37 101 21 340 37788 1702 1908 22 119 148 146 124 29 186 2523 2948 82 220 56 56 209 11269 27358 1050 402 4083 670 808 28475 188
leaf_count=5911 7459 248 8007 54 26 814 709 5079 22 2450 52 32 30 109 1341 5544 40 198 59 42 29 24 3477 391 470 231 63 286 261 104 26 2304 37 101 21 340 37788 1702 1908 22 119 148 146 124 29 186 2523 2948 82 220 56 56 209 11269 27358 1050 402 4083 670 808 28475 188
internal_value=0.00164404 1.6037 3.48528 4.59571 -2.99325 -0.232185 -10.1732 7.75406 50.9304 7.3278 2.55693 122.157 2.2202 -22.9477 -0.741317 -4.24745 -13.6008 -15.0366 -32.0756 -71.0876 -19.523 -53.4122 11.4568 12.0961 2.94908 22.6331 1.69274 19.6779 -32.1071 1.86663 65.3862 1.03366 -0.846623 6.1278 35.1321 4.7767 -0.503121 2.30547 7.54376 -0.416119 -1.58121 14.5224 29.4401 -26.1881 -45.9317 -6.60329 -0.754654 -5.10179 -8.89588 -26.2692 -36.1719 -0.493417 -0.897115 -0.528549 -1.3191 -3.69701 -21.3661 0.628751 -0.701151 -9.57863 0.788911 4.57929
internal_weight=168960 40480 22459 19173 3286 3002 1662 11166 108 11058 5131 54 844 818 18021 7384 1840 1800 284 68 216 83 5927 1340 718 622 10637 375 459 133 89 10262 7496 2766 122 2644 128480 10560 3610 6950 6448 502 294 272 153 208 117920 5829 3306 358 276 6176 6120 112091 66598 28810 1452 45493 34036 4891 29145 11457
internal_count=168960 40480 22459 19173 3286 3002 1662 11166 108 11058 5131 54 844 818 18021 7384 1840 1800 284 68 216 83 5927 1340 718 622 10637 375 459 133 89 10262 7496 2766 122 2644 128480 10560 3610 6950 6448 502 294 272 153 208 117920 5829 3306 358 276 6176 6120 112091 66598 28810 1452 45493 34036 4891 29145 11457
is_linear=0
shrinkage=0.05


Tree=99
num_leaves=63
num_cat=0
split_feature=14 10 17 2 13 11 17 14 3 10 3 2 11 13 16 13 15 3 2 1 13 10 15 11 12 5 1 10 3 17 11 17 16 1 11 10 17 12 2 13 8 2 13 11 16 11 13 12 17 3 16 3 11 3 15 11 13 3 14 10 1 13
split_gain=4.93541e+07 5.59691e+07 4.79841e+07 3.99084e+07 5.45798e+07 1.04432e+08 6.87195e+07 5.48938e+07 1.43543e+08 5.25617e+07 4.70009e+07 4.49596e+07 1.4122e+08 9.35006e+07 9.13641e+07 5.90204e+07 5.74111e+07 4.32752e+07 3.40504e+07 2.1988e+08 1.48317e+08 1.10631e+08 7.83124e+07 7.71268e+07 8.45038e+07 6.84425e+07 6.74181e+07 5.88173e+07 6.62863e+07 1.20201e+08 1.16401e+08 1.08223e+08 2.48932e+08 7.28702e+07 5.55954e+07 1.2962e+08 5.43054e+07 4.67555e+07 4.49402e+07 1.17673e+08 8.18002e+07 6.6263e+07 6.78722e+07 6.42475e+07 5.33123e+07 4.24984e+07 4.5749e+07 3.8537e+07 5.21827e+07 3.59378e+07 3.28768e+07 3.65667e+07 3.069e+07 1.96451e+07 4.98436e+07 3.73218e+07 1.85104e+07 1.19291e+08 1.4623e+07 1.33735e+07 1.21798e+07 1.09519e+07
threshold=8273.4223333333339 3349.0700000000002 15.950000000000001 5.5000000000000009 1.0000000180025095e-35 9500.9550000000017 34.150000000000013 9298.9300000000021 216.50000000000003 9500.9950000000008 162.50000000000003 1.5000000000000002 4380.380000000001 2297.1316894771353 31.750000000000004 1943.355716856953 2405.9404774336272 168.50000000000003 1.0000000180025095e-35 4.5000000000000009 4054.8412523223624 8300.0150000000012 2526.9697517750733 11999.985000000002 8317.7064285714314 2022.5000000000002 7.5000000000000009 4492.9550000000008 110.50000000000001 33.550000000000004 4100.6850000000004 29.250000000000004 20.350000000000005 4.5000000000000009 17561.605000000003 10000.005000000003 32.750000000000007 3710.1771428571433 1.5000000000000002 3079.2856815687096 2.5000000000000004 5.5000000000000009 3633.0448536059257 3699.8200000000006 21.350000000000005 8282.3200000000015 1904.9672242190491 11758.720000000003 32.350000000000001 70.500000000000014 36.550000000000004 276.50000000000006 7400.4050000000007 294.50000000000006 2851.2075787924528 6069.5750000000016 616.36432542982413 262.50000000000006 5731.0273333333344 3000.8150000000005 16.500000000000004 1876.0978418501741
decision_type=2 2 2 2 2 2 2 2 2 2 2 2 2 2 2 2 2 2 2 2 2 2 2 2 2 2 2 2 2 2 2 2 2 2 2 2 2 2 2 2 2 2 2 2 2 2 2 2 2 2 2 2 2 2 2 2 2 2 2 2 2 2
left_child=18 -2 -3 11 7 6 -6 10 -9 -7 -5 12 14 -14 -4 17 -17 -13 19 20 37 22 50 24 -24 47 27 53 29 36 -31 33 -33 -30 38 -36 -29 56 39 43 -41 42 -40 -28 -43 49 -47 61 -49 -39 52 -52 -21 54 55 -20 -1 -58 -25 -56 -27 -23
right_child=1 2 3 4 5 9 -8 8 -10 -11 -12 15 13 -15 -16 16 -18 -19 26 21 -22 25 23 58 -26 60 34 28 31 30 -32 32 -34 -35 35 -37 -38 45 41 40 -42 44 -44 -45 -46 46 -48 48 -50 -51 51 -53 -54 -55 59 -57 57 -59 -60 -61 -62 -63
leaf_value=-4.5900259417858162 -13.894567441919435 -62.578472025735039 9.1985167283881193 2.9973701124924879 -3.9755612390706219 -11.863577733371292 34.488611405387758 12.247179514769812 -60.575666059494019 -47.048709882968808 54.264844134321834 6.2398675299121642 3.1822487912402333 -11.635471749725324 89.275153981396841 3.6340697669245658 14.894235385926226 -2.139015115444042 0.69003287756652321 1.9484754673820435 -117.05121505245086 47.256794424438482 12.789580013661558 11.175627405075801 47.915919486091248 21.596658609529207 -0.87290077162664448 9.941369808935967 -21.934930258221456 177.02742681594123 23.652062222957611 -52.707237435552805 7.0298212778133564 -1.3188974193977101 29.7863957069397 -128.89918705692997 -67.228345403256625 -55.168897257007529 -0.28202749800979732 -65.584924663543703 0.54725206060989484 0.90848065032582148 19.917803230279958 -7.9847968602657851 -5.9502780835179507 35.857412946747573 -13.791214665920936 -19.657139067038514 61.281327734226139 -15.81582062870007 7.0596269187914631 70.404235985797399 -10.832969555422693 -2.3724799464120698 -1.5221252490628152 -9.2714786797590918 -10.035937149834755 110.35379244437587 -36.151067651748654 24.314799318786996 0.88014772243852968 79.855770651753744
leaf_weight=3002 513 27 72 77 1480 222 125 438 79 204 106 3487 3463 1536 70 2004 2603 2760 25684 11878 30 49 935 20 209 150 8759 2792 665 20 31 179 5607 1203 24 26 22 60 55313 129 73 3966 418 4981 9916 81 106 38 40 1274 2585 22 488 7197 61 975 98 25 79 276 134 74
leaf_count=3002 513 27 72 77 1480 222 125 438 79 204 106 3487 3463 1536 70 2004 2603 2760 25684 11878 30 49 935 20 209 150 8759 2792 665 20 31 179 5607 1203 24 26 22 60 55313 129 73 3966 418 4981 9916 81 106 38 40 1274 2585 22 488 7197 61 975 98 25 79 276 134 74
internal_value=0.0015564 2.38351 2.82953 2.92717 -2.6582 -6.80748 -0.960296 9.37318 1.02404 -28.7835 32.8268 3.88093 0.0290981 -1.37208 49.0212 5.70518 9.99803 2.53823 -0.305021 1.54249 -8.03991 4.22572 3.521 15.5756 19.2431 27.7322 -0.612817 0.954353 4.22374 10.7099 86.0471 1.79481 5.17296 -8.66593 -1.45094 -53.6395 9.31438 -7.31096 -1.41907 -4.01007 -41.8007 -0.900099 -0.130168 -3.45149 -3.99085 -14.4979 7.79065 49.9898 22.1 -17.6258 2.51931 7.62097 1.44325 -0.0515222 0.567298 0.325376 -3.80941 15.1261 -26.5739 19.6474 11.8594 67.3551
internal_weight=168960 19266 18753 18726 2731 2031 1605 700 517 426 183 15995 5141 4999 142 10854 4607 6247 149694 21377 4676 16701 16216 1243 1144 485 128317 44712 10519 2865 51 7654 5786 1868 83605 50 2814 4646 83555 13942 202 69613 55731 13740 13882 1521 187 201 78 1334 14973 2607 12366 34193 26996 26659 3125 123 99 337 284 123
internal_count=168960 19266 18753 18726 2731 2031 1605 700 517 426 183 15995 5141 4999 142 10854 4607 6247 149694 21377 4676 16701 16216 1243 1144 485 128317 44712 10519 2865 51 7654 5786 1868 83605 50 2814 4646 83555 13942 202 69613 55731 13740 13882 1521 187 201 78 1334 14973 2607 12366 34193 26996 26659 3125 123 99 337 284 123
is_linear=0
shrinkage=0.05


Tree=100
num_leaves=63
num_cat=0
split_feature=0 17 15 16 14 16 16 13 0 11 7 14 10 14 16 5 15 11 0 13 17 15 11 12 17 17 11 6 16 16 11 16 13 16 5 14 12 0 16 10 14 15 14 11 16 16 16 10 16 15 13 16 15 10 16 13 11 17 6 16 14 16
split_gain=4.93151e+07 6.27233e+07 8.71286e+07 5.31368e+07 7.74449e+07 5.44804e+07 5.18192e+07 5.78213e+07 5.09547e+07 9.53907e+07 1.33456e+08 6.80723e+07 4.95738e+07 4.83292e+07 4.75098e+07 6.02321e+07 5.91081e+07 4.43971e+07 4.14097e+07 6.87566e+07 3.98367e+07 3.52818e+07 3.51625e+07 8.01246e+07 7.73407e+07 5.48474e+07 1.07552e+08 1.48547e+08 8.3286e+07 1.20453e+08 8.02902e+07 7.22106e+07 5.54511e+07 5.48335e+07 5.54582e+07 5.23642e+07 6.71505e+07 4.80452e+07 4.22806e+07 4.21007e+07 7.54988e+07 7.78159e+07 1.00611e+08 6.78702e+07 3.79743e+07 1.22055e+08 8.48216e+07 6.60997e+07 3.66797e+07 3.55519e+07 3.43214e+07 4.21566e+07 3.07063e+07 2.91556e+07 2.91383e+07 2.77814e+07 2.65662e+07 2.61781e+07 5.77375e+07 8.88677e+07 7.19447e+07 5.05145e+07
threshold=70.500000000000014 31.150000000000002 1050.7310286772988 25.450000000000003 7505.5065000000004 35.250000000000007 35.550000000000004 3079.2856815687096 78.500000000000014 11194.045000000002 1.0000000180025095e-35 6219.9696666666669 7723.3500000000013 12047.878166666667 32.150000000000013 2021.5000000000002 1980.0864005386052 5963.8100000000004 83.500000000000014 1473.9078922695489 32.850000000000001 3641.6052346765182 9999.3950000000023 8317.7064285714314 29.550000000000004 30.350000000000005 17561.605000000003 1.0000000180025095e-35 22.950000000000003 28.350000000000005 17561.605000000003 30.250000000000004 1.0000000180025095e-35 22.350000000000005 2021.5000000000002 7752.0128333333341 8430.1342857142881 33.500000000000007 31.650000000000002 10000.005000000003 3813.1020000000003 2184.0645350014397 4612.0071666666672 3509.0300000000002 19.550000000000004 17.950000000000003 24.650000000000002 14498.490000000002 25.650000000000002 2709.2219680679241 385.92406932922415 29.850000000000005 2626.83971176149 17561.605000000003 38.150000000000013 4616.0243041607218 7179.5000000000009 30.950000000000003 1.0000000180025095e-35 31.050000000000004 7345.4328333333351 29.150000000000002
decision_type=2 2 2 2 2 2 2 2 2 2 2 2 2 2 2 2 2 2 2 2 2 2 2 2 2 2 2 2 2 2 2 2 2 2 2 2 2 2 2 2 2 2 2 2 2 2 2 2 2 2 2 2 2 2 2 2 2 2 2 2 2 2
left_child=22 6 -3 4 56 50 8 18 9 13 12 -10 -11 52 16 -16 -13 -6 -8 -20 54 -22 23 39 -25 30 28 31 35 37 -24 48 -31 55 -35 36 -27 -30 -33 57 -41 42 -42 -43 45 -26 -46 -47 -28 -48 -5 -52 -2 -19 -7 -32 -4 61 59 -59 -60 -1
right_child=1 2 3 5 17 20 7 -9 11 10 -12 14 -14 -15 15 -17 -18 53 19 -21 21 -23 25 24 44 26 27 -29 29 32 33 38 -34 34 -36 -37 -38 -39 -40 40 41 43 -44 -45 46 47 49 -49 -50 -51 51 -53 -54 -55 -56 -57 -58 58 60 -61 -62 -63
leaf_value=-0.31125890723608846 -0.030251967388731617 -0.51713121015103469 7.7944491630986867 3.0743344190146722 15.714024157795482 4.6883017009464725 3.8872470891636652 -51.173489359413708 0.064085213222956433 40.488151924472056 -77.441534617832744 -22.466040378287929 14.20883921086738 -45.049349156095275 -24.86545400383126 1.908035698719359 -6.7339702190746822 -19.259958277767765 9.2943206443494262 46.016779276275635 -10.591325203319249 55.217534379504983 -0.59062457727589412 19.554909755186696 24.940228675255412 -18.414442545271267 -23.964374714645686 -132.21829097747803 14.012712390895452 2.9131566050598745 54.738234285627101 81.590942106701092 -13.153201290888155 13.732004945278167 114.34705453927175 -9.955800667909477 -71.976262110196629 -8.8373601778321351 -12.610904461933034 -65.042974329630539 90.822666426131974 -36.785028926938082 17.68584602383353 13.812972802422863 29.036527695005589 -121.78407931241122 -10.219289858550638 -20.937222949757299 -96.994952347366905 5.4721823553600828 6.1349347512142245 15.369034864426267 11.089050448634222 26.431303702689508 39.362553048219645 -4.3820178089971122 42.252314768606624 -1.4176706841530589 -1.7555362920977737 3.3746804834773587 -22.128352253201832 -3.5150673819900273
leaf_weight=39873 5620 6649 582 1293 122 745 1369 40 12443 258 34 756 591 56 233 2053 2834 664 472 174 694 20 3793 958 64 136 50 38 1047 715 27 20 2153 23 34 285 103 294 27 29 66 85 160 288 285 32 591 33 26 924 1903 3536 697 36 65 68 61 17363 15291 21841 445 17793
leaf_count=39873 5620 6649 582 1293 122 745 1369 40 12443 258 34 756 591 56 233 2053 2834 664 472 174 694 20 3793 958 64 136 50 38 1047 715 27 20 2153 23 34 285 103 294 27 29 66 85 160 288 285 32 591 33 26 924 1903 3536 697 36 65 68 61 17363 15291 21841 445 17793
internal_value=0.00152885 1.44106 3.89354 6.91011 -1.86443 8.46717 -0.0120534 7.62479 -0.625963 2.91993 18.3118 -2.03054 22.233 0.784796 -6.46538 -0.830523 -10.0522 -12.0256 8.81681 19.2414 -0.0694992 -8.67328 -0.505356 -0.273938 7.95011 -3.54521 -7.08086 -47.1436 -5.7084 -3.36529 0.841662 -20.006 -9.14819 36.3531 74.6848 -24.487 -41.7013 9.00022 28.3396 -0.483686 12.416 16.2683 39.3504 2.21506 2.17967 -23.9202 4.06241 -71.678 -49.8838 -0.651745 10.3994 12.1399 1.19818 -16.8758 7.51591 12.8157 11.1239 -0.555737 0.225304 1.25222 -2.33303 -1.29985
internal_weight=168960 44000 16370 9721 1465 8256 27630 2055 25575 7256 883 18319 849 6373 5876 2286 3590 822 2015 646 1524 714 124960 116121 2887 8839 4894 161 4733 4209 3945 123 2868 152 57 524 239 1341 47 113234 628 599 226 373 1929 129 1800 65 76 1515 6732 5439 6317 700 810 95 643 112606 54940 39204 15736 57666
internal_count=168960 44000 16370 9721 1465 8256 27630 2055 25575 7256 883 18319 849 6373 5876 2286 3590 822 2015 646 1524 714 124960 116121 2887 8839 4894 161 4733 4209 3945 123 2868 152 57 524 239 1341 47 113234 628 599 226 373 1929 129 1800 65 76 1515 6732 5439 6317 700 810 95 643 112606 54940 39204 15736 57666
is_linear=0
shrinkage=0.05


Tree=101
num_leaves=63
num_cat=0
split_feature=0 17 2 15 11 15 10 15 11 2 3 10 11 17 11 12 3 15 10 3 15 3 17 12 15 17 10 3 2 10 3 3 17 0 11 2 17 3 2 10 3 2 10 17 15 11 7 2 3 3 10 3 3 10 11 3 2 12 2 11 15 2
split_gain=4.49764e+07 6.06575e+07 7.86784e+07 7.0717e+07 1.60386e+08 8.37742e+07 9.30041e+07 5.48109e+07 1.02274e+08 5.11822e+07 1.99866e+08 5.71686e+07 7.16145e+07 4.97307e+07 4.87367e+07 7.44204e+07 1.33067e+08 7.67042e+07 6.91942e+07 8.63796e+07 7.76303e+07 1.03338e+08 7.68414e+07 7.10586e+07 5.03967e+07 4.83178e+07 4.65177e+07 4.3199e+07 4.19945e+07 5.6953e+07 3.7737e+07 3.50599e+07 3.44674e+07 3.27751e+07 5.70178e+07 8.99274e+07 1.50111e+08 1.50455e+08 9.40211e+07 1.05957e+08 6.27519e+07 6.5812e+07 5.54684e+07 5.26417e+07 6.4915e+07 5.69393e+07 4.67877e+07 4.62027e+07 4.1637e+07 1.01259e+08 2.71823e+08 8.04387e+07 1.6754e+08 8.80767e+07 6.42681e+07 4.04733e+07 3.80529e+07 6.09407e+07 7.32653e+07 4.72119e+07 7.86577e+07 3.43273e+07
threshold=72.500000000000014 31.150000000000002 1.0000000180025095e-35 952.87285645183294 4380.380000000001 3790.914559449348 4240.8850000000011 5104.3834205448529 14498.490000000002 1.5000000000000002 100.50000000000001 4839.6150000000007 3126.7000000000003 32.250000000000007 14498.490000000002 12000.380714285717 88.500000000000014 4112.6125525443886 14498.490000000002 92.500000000000014 4534.1532565239222 271.50000000000006 29.650000000000002 14389.699285714289 4822.9514807727619 31.950000000000003 7400.545000000001 110.50000000000001 1.5000000000000002 12000.005000000003 299.50000000000006 244.50000000000003 30.350000000000005 5.5000000000000009 14498.490000000002 4.5000000000000009 30.750000000000004 281.50000000000006 2.5000000000000004 14498.490000000002 90.500000000000014 5.5000000000000009 14498.490000000002 30.650000000000002 1308.4461125079388 9999.3950000000023 1.0000000180025095e-35 1.0000000180025095e-35 209.50000000000003 124.50000000000001 7190.6650000000009 246.50000000000003 261.50000000000006 4700.8250000000007 4657.0250000000005 272.50000000000006 1.0000000180025095e-35 14389.699285714289 4.5000000000000009 6000.8150000000014 2290.2210092361161 3.5000000000000004
decision_type=2 2 2 2 2 2 2 2 2 2 2 2 2 2 2 2 2 2 2 2 2 2 2 2 2 2 2 2 2 2 2 2 2 2 2 2 2 2 2 2 2 2 2 2 2 2 2 2 2 2 2 2 2 2 2 2 2 2 2 2 2 2
left_child=33 14 3 -3 5 6 -5 8 -6 10 26 -11 25 31 15 28 24 -18 19 22 21 -21 -16 -20 -17 -13 -4 -14 29 32 -22 -12 -2 43 46 38 40 -38 42 -40 -37 -42 -36 56 -45 47 48 -46 49 54 -51 53 -53 -50 -35 -49 59 -58 -59 -1 -61 -48
right_child=1 2 9 4 7 -7 -8 -9 -10 11 13 12 27 -15 18 16 17 -19 23 20 30 -23 -24 -25 -26 -27 -28 -29 -30 -31 -32 -33 -34 34 35 36 37 -39 39 -41 41 -43 -44 44 45 -47 61 55 51 50 -52 52 -54 -55 -56 -57 57 58 -60 60 -62 -63
leaf_value=-5.1549872493303397 -1.4883613628551622 1.2217698379196766 -51.093246154785163 11.323081693471368 14.747482037122635 157.28511559527851 97.911821609755691 77.364652275894628 -65.637668044857875 -0.60614699734002087 16.093520550810059 100.59152435751521 18.349927284409869 -7.8202311083947569 9.784254122647372 -9.5001218685861364 -128.04790508597236 -38.125875522758392 -85.473584812709277 15.961989399118629 6.2075432250523335 148.12942402232778 130.63127891540526 12.493215920188211 73.062164826569742 9.6376963216287113 -145.96278953269675 4.9702936120005283 1.2531507910948423 -69.847506389617919 -62.425822430419935 -6.1456967488458449 -11.16576988928162 -0.75496311245224945 -16.784153328276517 62.234893646240238 -175.31577539232043 -13.112023220825193 3.3627264695281074 98.556487103630502 -65.790757820091997 27.816431920369467 -83.771449649208478 0.0094543729621000463 -0.85557323922916328 3.7446504451894591 -8.2413667301644011 31.606100328190383 2.0581019183737039 -2.4951036632824333 -28.038538943199217 -9.0069060867734532 0.99950744747146869 12.606189145649662 3.8733212388562985 5.0027425206362555 0.70936456249644331 103.78252699821226 -18.171162719726563 -105.58351548671722 -15.089861003028023 -0.40951014424370807
leaf_weight=865 5935 831 28 66 1151 22 58 32 40 4146 492 33 677 1352 21 58 34 78 27 46 100 21 35 54 26 26 26 5493 18153 31 24 276 1088 28395 170 22 35 24 209 33 50 29 37 1702 195 845 3386 687 8914 26588 1083 4889 28937 2543 10192 181 5906 30 20 31 98 2384
leaf_count=865 5935 831 28 66 1151 22 58 32 40 4146 492 33 677 1352 21 58 34 78 27 46 100 21 35 54 26 26 26 5493 18153 31 24 276 1088 28395 170 22 35 24 209 33 50 29 37 1702 195 845 3386 687 8914 26588 1083 4889 28937 2543 10192 181 5906 30 20 31 98 2384
internal_value=0.00142102 1.45474 4.01108 12.7308 19.711 69.0681 52.2836 13.7671 11.9949 2.48151 -4.49275 3.9432 6.97085 -2.05046 -0.0106513 -0.258279 -30.8703 -66.3153 19.1101 32.2313 16.0176 58.9569 86.2804 -20.8064 16.6137 61.3389 -98.5946 6.4411 -0.0190361 -3.29264 -7.46943 8.1037 -2.98896 -0.456482 -0.695468 -15.9425 -48.0037 -110.653 -4.43624 16.6959 -10.6806 -31.5104 -29.1029 2.212 7.10936 13.4394 -0.61618 21.1352 -0.389048 -1.18766 -3.49581 0.779483 -0.446981 4.40026 0.467576 26.0708 -0.332458 1.17943 55.6012 -9.38372 -37.4813 -5.0061
internal_weight=168960 40480 14749 2200 1369 146 124 1223 1191 12549 2174 10375 6229 2120 25731 25403 196 112 328 247 191 67 56 81 84 59 54 6170 25207 7054 124 768 7023 128480 117920 609 160 59 449 242 101 79 207 10560 3610 1908 117311 1063 111541 66258 27671 45283 33826 11457 38587 868 6950 5956 50 994 129 5770
internal_count=168960 40480 14749 2200 1369 146 124 1223 1191 12549 2174 10375 6229 2120 25731 25403 196 112 328 247 191 67 56 81 84 59 54 6170 25207 7054 124 768 7023 128480 117920 609 160 59 449 242 101 79 207 10560 3610 1908 117311 1063 111541 66258 27671 45283 33826 11457 38587 868 6950 5956 50 994 129 5770
is_linear=0
shrinkage=0.05


Tree=102
num_leaves=63
num_cat=0
split_feature=0 17 15 3 3 12 10 10 0 13 17 17 3 0 12 12 10 14 3 3 3 14 10 14 3 5 3 3 0 14 10 5 14 0 17 13 17 5 3 10 3 0 3 13 3 3 5 3 3 13 13 3 3 10 17 10 14 13 15 0 10 0
split_gain=4.06069e+07 5.47664e+07 6.74757e+07 8.19923e+07 7.56448e+07 1.23725e+08 1.03077e+08 8.65084e+07 4.33191e+07 4.14679e+07 1.12325e+08 1.9878e+08 2.84549e+08 1.12958e+08 8.44208e+07 1.21375e+08 1.45672e+08 9.77045e+07 9.42928e+07 4.03377e+07 8.78024e+07 5.16376e+07 6.19924e+07 5.04941e+07 4.59843e+07 4.1672e+07 3.60199e+07 1.07666e+08 6.86785e+07 9.18767e+07 4.63104e+07 4.40985e+07 3.37812e+07 2.97959e+07 4.80148e+07 5.34622e+07 4.00476e+07 3.60136e+07 4.79329e+07 1.81275e+08 1.13189e+08 8.42434e+07 4.90398e+07 5.23284e+07 4.28528e+07 1.30596e+08 2.60115e+08 1.56354e+08 1.4664e+08 1.10444e+08 1.03513e+08 9.86687e+07 6.81684e+07 2.0052e+08 1.665e+08 6.26761e+07 1.14441e+08 5.9669e+07 5.20788e+07 4.06823e+07 7.42762e+07 4.05472e+07
threshold=72.500000000000014 31.150000000000002 1015.2924780700556 170.50000000000003 288.50000000000006 12000.380714285717 17561.605000000003 9999.3950000000023 75.500000000000014 4054.8412523223624 29.550000000000004 29.950000000000003 294.50000000000006 79.500000000000014 12000.380714285717 14389.699285714289 14498.490000000002 9642.7850000000035 271.50000000000006 96.500000000000014 110.50000000000001 8706.3083333333361 10421.575000000003 5610.0275000000011 86.500000000000014 2021.5000000000002 248.50000000000003 242.50000000000003 77.500000000000014 8357.4101666666666 12000.005000000003 2022.5000000000002 11156.860000000002 4.5000000000000009 30.750000000000004 948.88070927075637 33.350000000000001 2023.5000000000002 30.500000000000004 6500.0950000000012 214.50000000000003 70.500000000000014 14.500000000000002 1205.7925950266701 214.50000000000003 246.50000000000003 2022.5000000000002 243.50000000000003 260.50000000000006 1602.2398703389533 934.77785964058296 285.50000000000006 124.50000000000001 7400.545000000001 33.350000000000001 8000.7650000000012 4368.0566666666682 2297.1316894771353 3403.9999007376414 32.500000000000007 4998.9000000000005 7.5000000000000009
decision_type=2 2 2 2 2 2 2 2 2 2 2 2 2 2 2 2 2 2 2 2 2 2 2 2 2 2 2 2 2 2 2 2 2 2 2 2 2 2 2 2 2 2 2 2 2 2 2 2 2 2 2 2 2 2 2 2 2 2 2 2 2 2
left_child=33 9 -3 19 5 7 -7 -5 -6 14 -11 -12 13 -13 26 16 -16 -17 -19 21 25 24 -23 -22 -4 -21 27 30 -28 -30 -2 -29 -10 34 -1 -36 -37 44 42 59 61 -42 -39 -44 52 46 50 -48 49 -47 -46 -50 55 57 -55 58 -57 -54 -35 -40 -61 -41
right_child=1 2 3 4 8 6 -8 -9 32 10 11 12 -14 -15 15 17 -18 18 -20 20 23 22 -24 -25 -26 -27 28 31 29 -31 -32 -33 -34 37 35 36 -38 38 39 40 41 -43 43 -45 45 48 47 -49 51 -51 -52 -53 53 54 -56 56 -58 -59 -60 60 -62 -63
leaf_value=-0.22147362856897457 1.0570280169144526 -0.48475741364906694 48.238936858404259 20.529753220167404 17.277364458688265 100.24195446859088 27.688131107716334 4.6287830756104267 -7.7003903389876207 -21.290875544837029 142.74168421564875 83.25176100466625 -128.76868366109915 5.7787878905751491 -29.288549125648686 39.925513314008718 -183.32050861816407 -93.915320049467539 18.550095039816465 -0.67334372497466677 -17.224971248626925 -12.022947547239418 -82.96602354283236 1.4618762783858219 -32.886032826741541 23.389172941017019 7.1742279295925533 6.9848173187176386 -2.2921900920066949 -18.185852391575853 -34.323013959853881 56.656696882951451 -68.394691607157398 -0.80146903322442609 1.8082323402538005 10.666018232054178 32.275283120022785 -3.5395604394490423 0.84831377769709104 1.8389906233970565 -119.40914296767289 -20.425661626717982 6.1111161525255469 32.446876572463736 4.5725265439310112 -5.1475400408538761 17.064855528032485 62.970638280356802 6.0163571598696644 -25.668153571284019 -11.201934438721494 -0.88076106305969903 -1.7869136001145411 -7.7425546307436868 -50.953765713603232 71.529296651320024 5.1334036992609953 -16.43565052759531 12.141624899271584 -3.3421827483147499 -28.416482845011508 -23.542717741392124
leaf_weight=5891 16936 5643 41 1571 190 69 167 1878 526 131 36 82 28 109 41 63 24 41 33 248 407 84 48 3171 29 654 1419 71 5412 1092 92 121 23 28467 1675 958 276 952 6995 197 50 38 846 242 5231 2967 1972 204 6800 841 1297 21828 22852 525 387 65 3922 716 798 10407 303 778
leaf_count=5891 16936 5643 41 1571 190 69 167 1878 526 131 36 82 28 109 41 63 24 41 33 248 407 84 48 3171 29 654 1419 71 5412 1092 92 121 23 28467 1675 958 276 952 6995 197 50 38 846 242 5231 2967 1972 204 6800 841 1297 21828 22852 525 387 65 3922 716 798 10407 303 778
internal_value=0.00135927 1.38228 3.81132 6.47336 11.3535 14.2807 49.2344 11.8754 -3.2427 -0.0101353 16.2334 35.5184 17.324 39.2998 -0.258152 -32.3726 -88.0778 -5.49636 -44.1831 1.86071 2.84792 -19.9401 -38.2503 -0.667983 14.6401 16.7799 0.00113383 1.28482 -2.78866 -4.96307 0.86387 38.4198 -10.3629 -0.433733 2.37412 7.62872 15.5214 -0.640211 -2.53082 -3.32204 -23.3667 -77.3761 4.74645 11.9933 -0.242303 0.990786 6.42864 21.3955 -0.468581 -9.68509 1.43718 0.757662 -1.12101 -3.12338 -26.1146 0.353178 6.23352 -2.23262 -0.448133 -2.11732 -4.05415 -18.4177
internal_weight=168960 40480 14749 9106 4424 3685 236 3449 739 25731 386 255 219 191 25345 202 65 137 74 4682 4480 202 132 3578 70 902 25143 17220 7923 6504 17028 192 549 128480 8800 2909 1234 119680 20808 18768 1063 88 2040 1088 98872 41140 8704 2176 32436 3808 6528 28628 57732 24480 912 33252 3987 23568 29265 17705 10710 975
internal_count=168960 40480 14749 9106 4424 3685 236 3449 739 25731 386 255 219 191 25345 202 65 137 74 4682 4480 202 132 3578 70 902 25143 17220 7923 6504 17028 192 549 128480 8800 2909 1234 119680 20808 18768 1063 88 2040 1088 98872 41140 8704 2176 32436 3808 6528 28628 57732 24480 912 33252 3987 23568 29265 17705 10710 975
is_linear=0
shrinkage=0.05


Tree=103
num_leaves=63
num_cat=0
split_feature=0 17 5 4 16 5 17 2 7 17 5 10 0 11 2 16 4 16 10 2 2 10 10 4 5 5 16 11 11 10 16 12 11 2 10 0 2 10 0 16 16 17 16 16 17 0 11 12 10 16 12 10 2 0 11 4 2 4 17 2 2 11
split_gain=3.68212e+07 4.70811e+07 5.72352e+07 6.85862e+07 1.3354e+08 6.90999e+07 1.35321e+08 6.90237e+07 7.62881e+07 5.44058e+07 5.10598e+07 1.50586e+08 6.87073e+07 1.12789e+08 4.82458e+07 4.74384e+07 4.71351e+07 7.02885e+07 4.43593e+07 4.42418e+07 4.92687e+07 4.28275e+07 3.95899e+07 6.00929e+07 4.47691e+07 4.15983e+07 8.54152e+07 3.84417e+07 3.72217e+07 5.02278e+07 4.32592e+07 3.41915e+07 3.18251e+07 1.034e+08 1.31753e+08 2.20207e+08 9.67281e+07 1.88708e+08 7.8182e+07 5.62392e+07 4.55222e+07 6.36218e+07 4.10173e+07 6.6523e+07 3.55171e+07 3.11138e+07 3.21352e+07 6.5721e+07 3.72405e+07 2.96732e+07 2.70289e+07 6.93379e+07 5.80301e+07 6.17317e+07 4.4937e+07 6.65387e+07 8.15304e+07 8.10412e+07 6.32791e+07 7.32685e+07 6.20711e+07 4.39915e+07
threshold=70.500000000000014 30.550000000000004 2020.5000000000002 7.5000000000000009 29.750000000000004 2021.5000000000002 31.350000000000005 3.5000000000000004 1.0000000180025095e-35 35.150000000000013 2021.5000000000002 8300.0150000000012 78.500000000000014 6962.6800000000012 1.0000000180025095e-35 36.150000000000013 3.5000000000000004 19.550000000000004 9500.9950000000008 5.5000000000000009 4.5000000000000009 5800.9650000000011 8866.5700000000015 4.5000000000000009 2021.5000000000002 2023.5000000000002 22.550000000000004 4998.7650000000012 11999.985000000002 10000.005000000003 9.1500000000000004 8662.6621428571452 12000.005000000003 4.5000000000000009 9000.7350000000024 30.500000000000004 2.5000000000000004 14498.490000000002 20.500000000000004 20.950000000000003 19.350000000000005 27.850000000000005 19.750000000000004 21.350000000000005 34.650000000000013 78.500000000000014 8520.0550000000021 7122.073571428572 6070.9050000000007 31.850000000000005 11999.977142857146 10000.005000000003 1.5000000000000002 21.500000000000004 10000.005000000003 4.5000000000000009 3.5000000000000004 3.5000000000000004 32.150000000000013 3.5000000000000004 5.5000000000000009 8866.1750000000011
decision_type=2 2 2 2 2 2 2 2 2 2 2 2 2 2 2 2 2 2 2 2 2 2 2 2 2 2 2 2 2 2 2 2 2 2 2 2 2 2 2 2 2 2 2 2 2 2 2 2 2 2 2 2 2 2 2 2 2 2 2 2 2 2
left_child=32 15 -3 10 7 6 -6 8 -5 -9 11 21 14 -14 -12 16 17 28 -7 20 -19 -4 25 -24 -25 31 -27 -21 29 -2 -30 -18 50 36 49 38 40 42 -36 -39 -34 -42 -38 -44 -43 -17 47 -47 -48 -35 54 52 53 -52 -1 56 57 -56 -57 -60 -58 -53
right_child=1 2 3 4 5 18 -8 9 -10 -11 12 -13 13 -15 -16 45 22 19 -20 27 -22 -23 23 24 -26 26 -28 -29 30 -31 -32 -33 33 34 35 -37 37 39 -40 -41 41 44 43 -45 -46 46 48 -49 -50 -51 51 61 -54 -55 55 58 60 -59 59 -61 -62 -63
leaf_value=-0.31598365937219552 -0.60739597166853576 -1.9298376706498352 0.013988756926695132 8.9685856819309624 2.6949956079819626 18.683318186334521 38.80666591184022 -10.529710864771724 -36.192736764662335 -90.267268524169936 14.397890016388619 -86.1763512545499 22.311982153329357 3.3775861752059657 -5.7309610771328501 0.98453111266263393 -1.4527758082171323 8.3574157035620118 5.4821560834835328 -16.39478215804402 29.113776030744248 -20.025292160612636 -38.51813071305935 -27.444919968458567 -4.1565972387369809 90.274632678031935 6.5775009059053193 18.898811947804578 -17.693146721335022 -25.810441563845856 28.097583406203327 -13.47241738038618 42.167391004891236 21.037016209588536 -73.858072360424273 -178.40392363654243 -36.979784154076327 32.505164257812503 21.468675677061086 130.60785065441596 -107.58038796561105 -11.073235147887264 58.777165713223546 -2.8044536444228916 -57.588235122362782 7.1825714281652928 -41.235083027430946 58.576962170240257 13.742811600441156 -29.845710377206611 21.844724562962853 -20.311393909454345 -11.635845753062855 140.98274940185544 -22.228930864367634 -1.5734060662924028 22.652758648249339 12.311363398330748 -13.155188614682778 -49.114964737811334 -37.390665732224782 7.2537616912255025
leaf_weight=120295 7556 4497 2119 1263 424 966 668 808 100 21 347 54 1014 3496 2059 475 8494 1930 1865 283 335 304 155 228 2095 31 649 105 67 202 215 635 28 68 46 35 56 24 39 40 20 289 54 216 47 131 34 118 257 48 20 163 21 24 479 391 423 262 357 235 47 1233
leaf_count=120295 7556 4497 2119 1263 424 966 668 808 100 21 347 54 1014 3496 2059 475 8494 1930 1865 283 335 304 155 228 2095 31 649 105 67 202 215 635 28 68 46 35 56 24 39 40 20 289 54 216 47 131 34 118 257 48 20 163 21 24 479 391 423 262 357 235 47 1233
internal_value=0.00123738 1.24512 3.03632 4.47643 8.59711 14.1191 24.8006 -1.28755 5.6311 -12.6559 1.79317 -4.36552 3.99924 7.63868 -2.82314 -0.248286 -0.715708 1.7116 9.99169 8.76698 11.4388 -2.50745 -2.82809 -8.47356 -6.45315 -1.40118 10.5201 -6.81964 -0.617295 -1.26687 17.1941 -2.29023 -0.436757 -9.27195 -38.1688 -74.6704 -0.423131 17.0943 -30.3788 94.8855 -18.2125 -23.0663 1.57896 9.68329 -17.7314 10.3246 18.5234 31.6751 7.20004 -0.0929974 -0.36469 6.39357 56.4745 88.5181 -0.445351 -7.53506 0.311893 -10.0162 -17.1926 -27.4885 16.5818 4.02296
internal_weight=168960 44000 20005 15508 6115 3923 1092 2192 1363 829 9393 2477 6916 4510 2406 23995 22980 10693 2831 2653 2265 2423 12287 2478 2323 9809 680 388 8040 7758 282 9129 124960 1010 236 120 774 390 85 64 384 356 326 270 336 1015 540 249 291 116 123950 1461 65 44 122489 2194 1211 741 983 592 470 1396
internal_count=168960 44000 20005 15508 6115 3923 1092 2192 1363 829 9393 2477 6916 4510 2406 23995 22980 10693 2831 2653 2265 2423 12287 2478 2323 9809 680 388 8040 7758 282 9129 124960 1010 236 120 774 390 85 64 384 356 326 270 336 1015 540 249 291 116 123950 1461 65 44 122489 2194 1211 741 983 592 470 1396
is_linear=0
shrinkage=0.05


Tree=104
num_leaves=63
num_cat=0
split_feature=7 9 15 2 0 0 2 2 13 13 17 0 11 17 0 5 5 17 13 13 2 13 0 17 4 2 4 5 13 0 15 2 14 4 11 14 13 11 0 14 17 5 0 17 11 11 17 2 5 13 2 14 14 12 2 11 17 15 0 15 15 4
split_gain=3.50369e+07 5.77508e+07 4.09479e+07 6.13276e+07 9.66881e+07 6.25979e+07 8.82788e+07 2.34059e+08 1.20239e+08 1.20229e+08 1.09275e+08 1.39981e+08 7.84191e+07 6.89698e+07 5.82405e+07 7.25539e+07 6.20648e+07 5.96107e+07 5.08935e+07 4.22049e+07 5.97829e+07 4.0427e+07 5.65269e+07 3.90116e+07 4.34124e+07 3.81491e+07 3.77927e+07 5.7402e+07 4.48491e+07 3.82553e+07 4.58581e+07 3.42613e+07 3.36327e+07 3.2263e+07 3.99048e+07 3.87286e+07 8.46114e+07 4.25343e+07 2.82488e+07 2.72151e+07 4.34755e+07 2.67431e+07 3.55346e+07 4.94458e+07 2.77766e+07 3.33064e+07 3.84149e+07 2.95073e+07 2.47575e+07 2.40154e+07 2.39455e+07 2.3711e+07 1.9742e+07 1.95329e+07 1.93309e+07 1.88961e+07 1.87868e+07 2.51279e+07 1.66533e+07 1.60574e+07 1.5793e+07 1.57574e+07
threshold=1.0000000180025095e-35 1.5000000000000002 783.25240604804969 5.5000000000000009 25.500000000000004 60.500000000000007 1.0000000180025095e-35 1.5000000000000002 3633.0448536059257 2016.5978563942181 31.350000000000005 77.500000000000014 17561.605000000003 21.850000000000005 76.500000000000014 2023.5000000000002 2021.5000000000002 35.650000000000013 3363.3826892669381 1835.8318880717813 1.0000000180025095e-35 1835.8318880717813 2.5000000000000004 29.150000000000002 10.500000000000002 1.0000000180025095e-35 9.5000000000000018 2023.5000000000002 3195.6338760967196 75.500000000000014 2311.248312449437 2.5000000000000004 11156.860000000002 6.5000000000000009 11194.045000000002 8706.3083333333361 1.0000000180025095e-35 4339.6800000000012 65.500000000000014 3699.7728333333339 32.150000000000013 2023.5000000000002 5.5000000000000009 29.250000000000004 14498.490000000002 9000.715000000002 26.750000000000004 3.5000000000000004 2021.5000000000002 2676.5737134921633 4.5000000000000009 6364.6003333333347 2013.4020000000003 4736.1514285714293 2.5000000000000004 5645.9450000000006 34.45000000000001 1015.2924780700556 79.500000000000014 1099.121412184352 720.29413931067177 4.5000000000000009
decision_type=2 2 2 2 2 2 2 2 2 2 2 2 2 2 2 2 2 2 2 2 2 2 2 2 2 2 2 2 2 2 2 2 2 2 2 2 2 2 2 2 2 2 2 2 2 2 2 2 2 2 2 2 2 2 2 2 2 2 2 2 2 2
left_child=2 41 52 5 33 13 10 9 -9 -8 11 -7 -12 19 18 16 -16 -17 32 50 -21 31 -23 24 25 -3 28 39 29 53 -31 -15 -6 35 49 36 -5 -37 -20 -28 -41 44 43 -43 45 -2 -47 -46 60 -35 -4 -48 -1 -25 -29 59 -44 -58 -27 -50 -26 -45
right_child=1 23 3 4 14 6 7 8 -10 -11 12 -13 -14 21 15 17 -18 -19 38 20 -22 22 -24 26 48 58 27 54 -30 30 -32 -33 -34 34 -36 37 -38 -39 -40 40 -42 42 56 61 47 46 51 -49 55 -51 -52 -53 -54 -55 -56 -57 57 -59 -60 -61 -62 -63
leaf_value=-3.805248319868578 0.39291800560582912 -57.894986803129122 2.9862719416223995 -74.189326000976564 -6.7350258059981982 15.449042202746794 -2.4114396646627285 3.8694185155707448 24.811381590108887 -19.719224260300297 20.701017898639261 -7.4206189562910501 -39.943606011130598 2.549465800386193 -8.6094288272433985 -18.465237697804913 10.871330119345428 65.581676774458458 -18.805087669578757 73.223015465987359 16.605047195451796 8.8965268642341897 -5.0038813244347082 -2.2289839570625216 -2.7490033418698747 -25.125890509518037 0.19613605154827723 -15.911053315376748 -65.79258363405863 3.3014614088182719 39.402442479560506 -1.1434526798666382 -40.269716040648916 1.3603817343572051 51.385919358102903 -73.774046303885328 19.124693673376907 0.62901125511236955 -54.432222351262595 0.84066839866492227 -30.335566688612218 -12.794379830215917 2.2813050801934316 96.844326729152527 0.88504711028068295 -56.829929478367177 -48.361730764116565 74.465547436523451 21.966450283615682 -22.651316581320977 21.161683413445413 -5.0682159622367084 -0.3841851698810031 -16.599343055426644 -55.141071708128621 58.908636678059899 9.427594679508891 70.959373168945319 -2.538797376254283 -29.596915329978579 -52.279959268984591 43.104285026594653
leaf_weight=4439 2941 76 989 24 4795 1255 3176 17745 712 1466 1839 1431 54 12471 573 533 1421 21 184 56 262 820 6704 1586 54 336 460 48 26 425 110 12651 75 1326 37 20 899 225 80 195 261 32 594 22 30 47 34 24 53 112 221 332 83992 277 96 23 55 23 108 20 22 42
leaf_count=4439 2941 76 989 24 4795 1255 3176 17745 712 1466 1839 1431 54 12471 573 533 1421 21 184 56 262 820 6704 1586 54 336 460 48 26 425 110 12651 75 1326 37 20 899 225 80 195 261 32 594 22 30 47 34 24 53 112 221 332 83992 277 96 23 55 23 108 20 22 42
internal_value=0.00111532 -3.15608 0.165316 1.04901 -2.51805 1.64449 3.41192 2.15446 4.67858 -7.88052 9.75341 3.26672 18.9509 0.212967 -5.35599 0.823685 5.27179 -15.1669 -8.42252 10.592 26.7738 -0.273134 -3.48797 -7.31306 -18.149 -25.3399 -5.15621 -13.0264 -1.71065 -0.98871 10.7838 0.689805 -7.25964 5.72946 0.811851 11.9336 16.6207 -5.71989 -29.7659 -8.38901 -17.0309 1.00165 9.42399 37.7184 -0.898553 -1.47608 -14.7542 34.3469 3.61165 -0.52423 6.32065 -9.21085 -0.555955 -4.3734 -42.2643 20.3965 5.33188 28.2402 -19.6498 7.63038 -17.5797 62.7832
internal_weight=168960 8352 160608 72177 10325 61852 27678 23099 18457 4642 4579 2686 1893 34174 7682 2548 1994 554 5134 1528 318 32646 7524 4176 692 520 3484 1060 2424 2398 535 25122 4870 2643 1475 1168 923 245 264 916 456 4176 768 96 3408 3354 413 54 172 1438 1210 366 88431 1863 144 96 672 78 444 73 76 64
internal_count=168960 8352 160608 72177 10325 61852 27678 23099 18457 4642 4579 2686 1893 34174 7682 2548 1994 554 5134 1528 318 32646 7524 4176 692 520 3484 1060 2424 2398 535 25122 4870 2643 1475 1168 923 245 264 916 456 4176 768 96 3408 3354 413 54 172 1438 1210 366 88431 1863 144 96 672 78 444 73 76 64
is_linear=0
shrinkage=0.05


Tree=105
num_leaves=63
num_cat=0
split_feature=14 10 17 3 0 3 16 3 16 3 10 12 3 3 12 3 16 13 14 12 17 14 3 3 15 3 3 13 13 10 16 3 3 13 12 3 17 17 12 16 16 16 10 3 15 14 17 16 13 10 16 17 6 3 3 13 10 10 3 12 13 17
split_gain=3.32181e+07 4.3356e+07 4.38315e+07 3.28799e+07 1.10927e+08 1.0898e+08 1.0066e+08 1.25072e+08 5.6632e+07 5.55515e+07 1.5355e+08 1.3723e+08 8.85298e+07 5.52296e+07 3.21151e+08 1.05103e+08 5.03066e+07 3.01567e+07 5.00254e+07 2.84181e+07 3.47298e+07 2.48521e+07 2.74104e+07 4.6464e+07 7.06003e+07 4.42023e+07 2.23686e+08 3.07673e+08 5.65018e+07 4.71245e+07 6.82635e+07 4.13903e+07 2.58004e+07 3.2287e+07 2.56443e+07 2.38677e+07 1.97353e+07 1.95431e+07 1.49007e+07 1.28745e+07 1.21017e+07 3.78981e+07 1.18602e+07 1.09273e+07 1.0669e+07 9.07407e+06 1.53469e+07 7.65863e+06 7.59705e+06 5.954e+06 7.07336e+06 5.39354e+06 7.34459e+06 5.24477e+06 7.0626e+06 5.97114e+06 5.68985e+06 4.9896e+06 4.73707e+06 4.07591e+06 4.00665e+06 3.8319e+06
threshold=8273.4223333333339 3349.0700000000002 15.950000000000001 248.50000000000003 79.500000000000014 254.50000000000003 31.350000000000005 266.50000000000006 30.250000000000004 186.50000000000003 5570.2750000000005 6302.4107142857147 188.50000000000003 168.50000000000003 10000.04642857143 144.50000000000003 31.950000000000003 5307.9257483933907 7181.0280000000012 10661.440714285716 31.850000000000005 2216.7585000000004 349.50000000000006 361.50000000000006 1099.121412184352 284.50000000000006 277.50000000000006 708.08527245446601 2915.8092967524067 6209.3550000000005 35.45000000000001 359.50000000000006 362.50000000000006 680.3018403618878 8540.0042857142889 299.50000000000006 32.550000000000004 26.650000000000002 1622.7914285714289 40.350000000000001 32.850000000000001 27.250000000000004 8000.005000000001 289.50000000000006 592.02174067463704 9864.0991666666669 31.750000000000004 39.750000000000007 779.53306187861426 2299.1450000000004 41.250000000000007 31.450000000000003 1.0000000180025095e-35 305.50000000000006 134.50000000000003 2410.5795397615038 3180.0400000000004 3009.4850000000001 304.50000000000006 2883.9564285714291 449.11869226505007 34.050000000000004
decision_type=2 2 2 2 2 2 2 2 2 2 2 2 2 2 2 2 2 2 2 2 2 2 2 2 2 2 2 2 2 2 2 2 2 2 2 2 2 2 2 2 2 2 2 2 2 2 2 2 2 2 2 2 2 2 2 2 2 2 2 2 2 2
left_child=17 45 -3 9 5 36 7 -6 -7 13 11 -11 -12 15 -15 -4 -8 21 19 20 -19 38 25 24 37 26 28 -28 -23 35 -31 -26 33 -25 -34 -27 -5 -24 39 44 41 -21 43 -20 -1 47 -47 53 51 50 -50 60 -53 54 56 -56 -2 -48 -46 -55 -40 -42
right_child=1 2 3 4 6 8 16 -9 -10 10 12 -13 -14 14 -16 -17 -18 18 42 40 -22 22 23 32 31 29 27 -29 -30 30 -32 -33 34 -35 -36 -37 -38 -39 48 -41 61 -43 -44 -45 58 46 57 -49 49 -51 -52 52 -54 59 55 -57 -58 -59 -60 -61 -62 -63
leaf_value=-1.6279091283175853 -36.752992101999432 -60.165447995322097 0.93686349086583209 -29.580229410083355 -51.152535369410572 4.208392981544578 35.158828936283832 -11.083145833736134 22.217518482904481 104.39881020041074 49.304372381482807 24.937923292029208 4.0735506291796515 -0.26013795271497869 -90.097762204266473 15.975628753558297 -1.5366732659866837 -41.165937182108564 25.110523169040679 67.123614542073227 34.93309986877442 -0.028429835074327447 -0.022813475459164387 -6.7811591165496399 15.583582996346733 -4.604682694866014 -1.4555927460300961 30.970991023651255 -8.7767298245893137 -11.947765137553217 78.859615013485879 49.192505233446752 -3.3377975889002522 -41.822478336621359 23.328731635284427 -0.71739237974390502 16.590734552236704 7.5627102319750623 -2.3741600027833933 22.291900478771755 81.767782927293055 -21.497202460879372 -38.55182462692261 -21.258299109494246 -15.912525940407878 -16.12573716768852 41.839079539889383 -38.691399878299599 0.69186685244242363 -23.45223245714752 -28.545680923461916 1.2064805636281193 -4.073203951203288 -9.8081938722398547 -11.34772505231863 5.9542975508998817 -3.7464644486563552 6.5525477611450924 -40.201357768665666 -31.662798390706385 -6.8468628066959969 49.657046383449014
leaf_weight=153 38 27 8149 237 248 1689 112 898 588 67 111 276 3187 1139 108 1354 538 23 23 28 39 104062 1788 226 395 5109 1554 1381 1878 1498 20 119 915 92 99 17378 25 1616 6788 27 25 20 31 26 321 51 20 32 101 70 25 2364 912 35 168 70 20 20 21 59 540 27
leaf_count=153 38 27 8149 237 248 1689 112 898 588 67 111 276 3187 1139 108 1354 538 23 23 28 39 104062 1788 226 395 5109 1554 1381 1878 1498 20 119 915 92 99 17378 25 1616 6788 27 25 20 31 26 321 51 20 32 101 70 25 2364 912 35 168 70 20 20 21 59 540 27
internal_value=0.00102557 1.95518 2.34774 2.44109 -1.37603 5.35023 -10.8826 -19.7914 8.86668 3.59093 8.92793 40.7178 5.61036 1.78264 -8.10675 3.08106 4.83053 -0.250491 17.3492 33.2567 6.4974 -0.279105 -0.0945026 3.44866 6.19094 -0.234516 0.193693 13.8074 -0.183593 -2.17659 -10.7002 23.4451 -4.61618 -17.0182 -0.713837 -1.60074 -25.1283 3.57947 -2.53108 -10.774 49.6189 30.513 -14.8763 0.57347 -12.6189 -12.3717 1.93137 -15.4533 -2.13171 -11.8616 -5.28829 -1.95076 -0.264115 -13.4525 -10.1248 -6.25525 -25.6279 24.7861 -17.5168 -23.7144 -2.70464 66.3465
internal_weight=168960 19266 18753 18726 4335 2539 1796 1146 2277 14391 3641 343 3298 10750 1247 9503 650 149694 242 162 62 149452 138130 5250 3918 132880 108875 2935 105940 24005 1518 514 1332 318 1014 22487 262 3404 11322 522 100 48 80 49 495 513 91 422 10800 196 126 10604 3276 390 296 238 58 40 342 94 7328 52
internal_count=168960 19266 18753 18726 4335 2539 1796 1146 2277 14391 3641 343 3298 10750 1247 9503 650 149694 242 162 62 149452 138130 5250 3918 132880 108875 2935 105940 24005 1518 514 1332 318 1014 22487 262 3404 11322 522 100 48 80 49 495 513 91 422 10800 196 126 10604 3276 390 296 238 58 40 342 94 7328 52
is_linear=0
shrinkage=0.05


Tree=106
num_leaves=63
num_cat=0
split_feature=7 3 10 3 3 17 3 13 0 16 3 10 5 2 3 3 5 3 3 10 15 9 3 3 3 5 13 17 16 8 10 9 3 3 5 13 9 3 3 3 3 10 3 3 10 5 3 3 16 3 8 10 3 16 17 13 10 10 16 9 3 3
split_gain=3.14213e+07 5.28971e+07 9.86221e+07 9.36681e+07 4.89883e+07 5.30406e+07 6.70268e+07 5.44516e+07 4.71061e+07 1.25817e+08 4.14055e+07 3.92302e+07 3.68537e+07 7.12466e+07 8.85686e+07 1.29051e+08 1.34283e+08 1.29147e+08 9.18103e+07 8.50667e+07 6.94357e+07 6.75943e+07 6.42516e+07 1.74445e+08 1.52315e+08 1.07798e+08 7.78198e+07 6.94285e+07 6.30838e+07 6.37769e+07 8.21977e+07 1.65726e+08 8.18695e+07 5.6201e+07 1.77692e+08 1.19908e+08 1.07569e+08 9.3503e+07 1.60624e+08 1.23096e+08 5.44116e+07 1.70804e+08 1.09728e+08 2.97405e+08 2.42088e+08 1.7099e+08 3.09096e+08 1.20315e+08 8.8934e+07 8.63651e+07 2.60728e+08 5.86888e+07 6.33966e+07 6.47148e+07 5.69782e+07 5.23062e+07 4.68372e+07 4.52249e+07 3.50072e+07 3.42751e+07 3.42447e+07 3.40118e+07
threshold=1.0000000180025095e-35 88.500000000000014 11194.045000000002 90.500000000000014 178.50000000000003 33.350000000000001 230.50000000000003 385.92406932922415 31.500000000000004 24.050000000000004 168.50000000000003 9500.9950000000008 2021.5000000000002 3.5000000000000004 126.50000000000001 136.50000000000003 2023.5000000000002 132.50000000000003 158.50000000000003 4975.7650000000003 3067.0207331697102 1.0000000180025095e-35 94.500000000000014 88.500000000000014 102.50000000000001 2023.5000000000002 3079.2856815687096 33.250000000000007 20.750000000000004 1.0000000180025095e-35 10000.005000000003 1.0000000180025095e-35 60.500000000000007 112.50000000000001 2022.5000000000002 2843.2674264134635 1.0000000180025095e-35 186.50000000000003 229.50000000000003 180.50000000000003 213.50000000000003 8300.0150000000012 242.50000000000003 245.50000000000003 4975.7650000000003 2020.5000000000002 237.50000000000003 231.50000000000003 33.850000000000001 285.50000000000006 2.5000000000000004 4129.9250000000011 86.500000000000014 35.050000000000004 32.45000000000001 511.92678786917128 11194.045000000002 4975.7650000000003 36.45000000000001 1.0000000180025095e-35 66.500000000000014 186.50000000000003
decision_type=2 2 2 2 2 2 2 2 2 2 2 2 2 2 2 2 2 2 2 2 2 2 2 2 2 2 2 2 2 2 2 2 2 2 2 2 2 2 2 2 2 2 2 2 2 2 2 2 2 2 2 2 2 2 2 2 2 2 2 2 2 2
left_child=12 2 8 59 10 6 -6 -7 9 -2 -5 -9 40 28 22 17 20 21 -18 -19 -17 -16 23 26 27 -25 -15 -24 29 -14 32 -32 -31 34 35 -30 -36 39 -39 -35 41 51 45 44 55 -42 47 -47 -46 50 -45 61 -53 -54 -48 -44 -26 -51 -8 -3 -10 -1
right_child=1 3 -4 4 5 7 58 11 60 -11 -12 -13 13 14 15 16 18 19 -20 -21 -22 -23 24 25 56 -27 -28 -29 33 30 31 -33 -34 37 36 -37 -38 38 -40 -41 42 -43 43 49 48 46 54 -49 -50 57 -52 52 53 -55 -56 -57 -58 -59 -60 -61 -62 -63
leaf_value=-0.54706114235586201 -4.6029143500606864 62.518250267157185 -94.796790812280449 1.8234899999433141 -12.947439521250869 -4.7157999433432352 -0.033328821349515751 -27.106298613752429 -7.9044247233360387 104.30877681337554 35.120776604819547 -90.140549508553974 1.4785869024735208 1.3065693196398929 22.03320362869631 1.0147796626973056 7.5395234895110823 -19.087142121991711 -9.8780103599657991 -58.039456874796613 -17.41932794787358 -14.223281167934468 39.575822417579921 -33.259095325982862 -1.682295894000075 9.9483565599560126 22.675134266671172 8.4989772029958388 25.422146552450922 73.11533760519589 -126.20898400987898 -5.2035545643893153 -4.7433228214394481 0.28421005284836282 22.5633587775161 2.1734427035300667 -2.7879053425826861 10.714940514548388 1.0697451645886591 -18.391571717746984 -1.5979118238529135 -75.875506145770728 2.6522573768844211 -0.99141987193003323 -70.971156058030971 16.696551404549037 67.029319939237297 -10.084101447160364 -169.09937318999192 -1.0666733669462227 20.038905942797825 -2.1979854688101925 -20.992243944565885 2.7782394334705591 16.302266401760821 -38.738880186906954 13.131978083079094 -10.87183457427483 25.588996666424663 17.713850555780322 -30.39404621726467 -5.1005326221489362
leaf_weight=30015 309 64 35 2496 1196 380 2444 326 375 28 96 26 11636 10020 192 17715 864 333 6048 243 525 384 480 576 1842 192 444 288 1680 33 41 87 4915 10776 480 828 3216 6624 12388 960 2496 77 191 5472 135 1536 316 576 28 13206 2016 2169 1207 375 68 126 750 1290 140 128 309 4749
leaf_count=30015 309 64 35 2496 1196 380 2444 326 375 28 96 26 11636 10020 192 17715 864 333 6048 243 525 384 480 576 1842 192 444 288 1680 33 41 87 4915 10776 480 828 3216 6624 12388 960 2496 77 191 5472 135 1536 316 576 28 13206 2016 2169 1207 375 68 126 750 1290 140 128 309 4749
internal_value=0.00100488 -2.98886 -13.4426 -1.47417 -2.40758 -5.55414 -3.16623 -17.864 -10.5638 4.72795 3.06979 -32.0044 0.156502 0.789499 -0.782661 -2.5157 -1.7658 -18.8728 -7.70004 -35.5923 0.483267 -2.12054 2.34132 0.526405 8.40637 -22.4583 2.21534 27.9482 1.98759 -0.561517 -5.23753 -44.641 -4.20939 3.14045 7.48118 17.7507 0.509678 2.26441 4.43063 -1.2449 -0.749747 -1.9602 0.95167 -0.538493 -39.4315 7.65617 16.9072 9.39142 -88.7559 0.312455 4.67251 -1.81046 -7.7515 -15.3594 58.1121 -13.8698 2.60765 -1.93993 1.36424 32.8952 -18.0938 -1.16923
internal_weight=168960 8352 1056 7296 7104 4512 3780 732 1021 337 2592 352 160608 94560 40896 26304 25152 1152 6912 576 18240 576 14592 11232 3360 768 10464 768 53664 16712 5076 128 4948 36952 6204 2508 3696 30748 19012 11736 66048 38592 27456 22464 480 4992 2496 2112 163 21984 7488 38515 3751 1582 384 317 2592 14496 2584 192 684 34764
internal_count=168960 8352 1056 7296 7104 4512 3780 732 1021 337 2592 352 160608 94560 40896 26304 25152 1152 6912 576 18240 576 14592 11232 3360 768 10464 768 53664 16712 5076 128 4948 36952 6204 2508 3696 30748 19012 11736 66048 38592 27456 22464 480 4992 2496 2112 163 21984 7488 38515 3751 1582 384 317 2592 14496 2584 192 684 34764
is_linear=0
shrinkage=0.05


Tree=107
num_leaves=63
num_cat=0
split_feature=0 16 11 16 17 3 17 3 3 2 3 3 2 10 17 10 3 11 3 15 3 3 11 17 11 10 11 14 3 14 10 2 15 0 16 13 14 10 3 10 13 11 0 2 10 17 16 10 11 2 17 3 2 3 16 2 17 16 3 15 0 2
split_gain=3.02674e+07 4.51438e+07 5.10003e+07 1.20896e+08 1.36173e+08 5.63988e+07 8.30294e+07 8.17664e+07 9.76139e+07 9.50242e+07 4.74847e+07 7.67559e+07 9.57319e+07 1.55668e+08 4.5973e+07 8.65095e+07 9.28591e+07 8.53749e+07 7.2576e+07 8.24894e+07 8.12999e+07 6.88234e+07 1.23138e+08 6.44322e+07 5.35027e+07 4.11579e+07 5.20588e+07 5.19505e+07 4.06659e+07 4.01796e+07 8.4872e+07 3.46987e+07 3.24673e+07 3.19305e+07 3.10764e+07 5.46557e+07 3.45225e+07 6.20356e+07 3.0089e+07 2.9425e+07 2.65135e+07 2.57675e+07 2.52912e+07 5.96635e+07 5.95336e+07 4.90492e+07 5.16442e+07 6.38272e+07 4.86676e+07 6.9328e+07 1.23617e+08 1.22462e+08 8.08865e+07 5.17632e+07 6.052e+07 4.82511e+07 7.47788e+07 6.23284e+07 4.5649e+07 4.95709e+07 4.39269e+07 3.95094e+07
threshold=72.500000000000014 24.850000000000005 14498.490000000002 25.650000000000002 30.250000000000004 90.500000000000014 30.150000000000002 271.50000000000006 288.50000000000006 3.5000000000000004 112.50000000000001 285.50000000000006 3.5000000000000004 5380.0250000000005 29.950000000000003 11999.985000000002 207.50000000000003 6069.5750000000016 206.50000000000003 827.27923016957141 207.50000000000003 186.50000000000003 9500.9550000000017 28.350000000000005 10000.005000000003 14498.490000000002 11194.045000000002 11520.822833333337 78.500000000000014 10202.382333333337 8300.0150000000012 2.5000000000000004 2311.248312449437 75.500000000000014 19.550000000000004 2991.7333866594622 8706.3083333333361 12000.005000000003 64.500000000000014 6695.4150000000009 1904.9672242190491 5963.8100000000004 6.5000000000000009 1.0000000180025095e-35 12000.005000000003 28.750000000000004 29.150000000000002 4050.8850000000007 14498.490000000002 4.5000000000000009 30.750000000000004 281.50000000000006 3.5000000000000004 90.500000000000014 24.850000000000005 4.5000000000000009 31.150000000000002 26.750000000000004 287.50000000000006 4534.1532565239222 9.5000000000000018 1.0000000180025095e-35
decision_type=2 2 2 2 2 2 2 2 2 2 2 2 2 2 2 2 2 2 2 2 2 2 2 2 2 2 2 2 2 2 2 2 2 2 2 2 2 2 2 2 2 2 2 2 2 2 2 2 2 2 2 2 2 2 2 2 2 2 2 2 2 2
left_child=42 10 14 4 -4 6 -5 9 -9 -7 29 12 31 -14 15 16 24 -18 28 -20 -21 22 -17 -23 -3 27 -27 33 -16 34 38 41 -30 -13 35 -2 37 -36 -31 -29 -33 -12 43 -1 45 46 -45 -48 61 52 53 -52 60 -51 -55 57 -57 -46 59 -54 -50 -44
right_child=1 2 3 5 -6 7 -8 8 -10 -11 11 25 13 -15 18 21 17 -19 19 20 -22 23 -24 -25 -26 26 -28 39 32 30 -32 40 -34 -35 36 -37 -38 -39 -40 -41 -42 -43 48 44 55 -47 47 -49 49 50 51 -53 58 54 -56 56 -58 -59 -60 -61 -62 -63
leaf_value=-6.7498566634830546 -0.48758291543617188 5.5316486301879246 158.38914914038875 0.10316351795196532 4.6213743591308596 -73.720133311271667 125.83120474497478 53.546128589910097 -28.777876716543133 5.6735799001244942 1.2176891070769893 7.6170405974445572 -18.998640011719296 -127.14711385091147 53.896146867540153 -125.81347885858446 2.4925736295313676 -16.934589544949326 -1.9965025776942906 102.2889640935262 10.032971583119636 -53.948831327255462 5.3965077257156375 2.1030294237522722 35.601405404213743 -14.03550133972168 83.54393820977981 -18.005507964751299 -0.96317371274484376 83.932500563881604 5.1528992528305322 -4.7457934101919337 5.4212711099313839 -3.3492977823998498 5.138113503695914 -60.605018151935781 -18.522319846520059 44.368257949193321 16.966287345886229 -70.891369167230081 71.838854786265983 -27.612564309080678 1.7377197653635923 0.28703821360270915 89.015217893500079 5.7512776326143733 -0.21334644777634565 -45.865075978687827 50.780034143357057 57.436136470462969 -158.12829997592502 -11.791327378082276 7.7690665823837808 -60.48965394439697 32.647038944385677 -69.181454282014272 54.590216545691867 -4.2443786168981488 -31.854568794744992 74.157438329628533 -24.30349640836107 -0.90668322170842208
leaf_weight=1757 7459 1608 30 29 27 59 23 108 53 101 143 746 97 50 35 41 1159 1103 1769 23 5367 72 31 172 162 24 30 84 7816 54 296 23 2671 5960 2520 37 142 104 25 38 21 168 16472 4170 56 5956 169 139 20 22 35 24 57 49 26 22 25 26 26 55 281 99093
leaf_count=1757 7459 1608 30 29 27 59 23 108 53 101 143 746 97 50 35 41 1159 1103 1769 23 5367 72 31 172 162 24 30 84 7816 54 296 23 2671 5960 2520 37 142 104 25 38 21 168 16472 4170 56 5956 169 139 20 22 35 24 57 49 26 22 25 26 26 55 281 99093
internal_value=0.000849107 1.19307 2.68872 19.7228 86.8874 9.25419 57.0387 1.36029 26.4353 -23.8789 -0.67095 -3.75118 -22.6064 -56.3944 2.35534 -2.25037 -0.272982 -6.98383 3.488 7.37125 10.4455 -27.4004 -70.0202 -14.5895 8.30235 -2.37273 40.7085 -2.71935 0.845459 1.46744 17.5208 -8.49611 0.663282 -2.12841 0.879157 -0.792366 5.40772 6.70928 63.2177 -34.9206 32.59 -14.3948 -0.374789 1.77919 3.19838 2.77913 -1.1744 -20.8977 -0.603254 -14.8544 -43.3719 -99.7901 -4.64511 -8.38746 -28.1975 36.8264 -3.57964 59.7502 26.9306 40.7383 -19.1629 -0.529753
internal_weight=168960 40480 22459 430 57 373 52 321 161 160 18021 7384 502 147 22029 4348 4032 2262 17681 7159 5390 316 72 244 1770 6882 54 6828 10522 10637 375 355 10487 6706 10262 7496 2766 2624 79 122 44 311 128480 12320 10563 10434 4478 308 116160 595 156 59 439 97 75 129 47 82 138 112 301 115565
internal_count=168960 40480 22459 430 57 373 52 321 161 160 18021 7384 502 147 22029 4348 4032 2262 17681 7159 5390 316 72 244 1770 6882 54 6828 10522 10637 375 355 10487 6706 10262 7496 2766 2624 79 122 44 311 128480 12320 10563 10434 4478 308 116160 595 156 59 439 97 75 129 47 82 138 112 301 115565
is_linear=0
shrinkage=0.05


Tree=108
num_leaves=63
num_cat=0
split_feature=2 9 5 3 17 10 16 15 3 3 3 13 10 3 3 17 5 2 13 2 2 3 3 3 3 5 13 7 13 12 17 16 16 9 16 10 3 3 10 3 15 16 10 16 3 17 12 15 17 15 12 16 13 15 15 12 17 17 3 3 3 10
split_gain=2.86645e+07 6.68216e+07 4.40027e+07 6.5862e+07 4.66798e+07 9.08168e+07 1.37951e+08 4.30833e+07 6.22488e+07 1.72629e+08 1.86691e+08 1.7383e+08 1.41165e+08 6.21888e+07 2.34869e+08 1.17694e+08 5.62224e+07 4.91002e+07 8.85083e+07 7.95579e+07 4.31663e+07 2.83844e+08 5.97971e+07 8.40669e+07 5.44503e+07 5.13028e+07 4.29824e+07 4.24017e+07 3.68769e+07 3.43451e+07 3.22247e+07 7.76442e+07 4.41579e+07 2.90451e+07 4.14349e+07 6.87025e+07 2.85525e+07 8.20648e+07 7.61687e+07 5.86089e+07 8.38998e+07 6.42412e+07 4.93257e+07 9.63379e+07 5.18932e+07 9.21391e+07 4.48297e+07 3.80651e+07 3.79278e+07 3.48709e+07 2.80776e+07 4.44381e+07 3.55776e+07 2.71553e+07 2.71502e+07 4.05917e+07 2.71384e+07 2.66124e+07 2.55102e+07 2.51532e+07 5.05568e+07 9.47741e+07
threshold=5.5000000000000009 1.5000000000000002 2023.5000000000002 34.500000000000007 31.550000000000004 8866.5700000000015 36.650000000000013 851.905434248407 320.50000000000006 284.50000000000006 277.50000000000006 738.82525026287328 9999.3950000000023 244.50000000000003 227.50000000000003 31.150000000000002 2022.5000000000002 2.5000000000000004 3363.3826892669381 1.0000000180025095e-35 3.5000000000000004 285.50000000000006 290.50000000000006 291.50000000000006 295.50000000000006 2023.5000000000002 2915.8092967524067 1.0000000180025095e-35 2915.8092967524067 8062.363571428572 30.450000000000003 25.050000000000004 31.550000000000004 3.5000000000000004 9.1500000000000004 10000.005000000003 184.50000000000003 194.50000000000003 6399.8900000000003 146.50000000000003 1655.0594487498399 28.450000000000003 12000.005000000003 22.750000000000004 132.50000000000003 32.550000000000004 8662.6621428571452 1.0000000180025095e-35 34.850000000000001 4112.6125525443886 12000.380714285717 27.850000000000005 2626.528016101483 2006.0296603777417 2439.7967236193613 9051.5628571428588 32.650000000000013 25.950000000000003 156.50000000000003 361.50000000000006 359.50000000000006 6000.8350000000009
decision_type=2 2 2 2 2 2 2 2 2 2 2 2 2 2 2 2 2 2 2 2 2 2 2 2 2 2 2 2 2 2 2 2 2 2 2 2 2 2 2 2 2 2 2 2 2 2 2 2 2 2 2 2 2 2 2 2 2 2 2 2 2 2
left_child=7 36 28 54 5 -5 -7 -1 9 10 13 -12 -13 14 -9 -15 17 19 27 29 22 53 25 -24 -23 -11 -21 -19 33 -10 -30 -32 -33 34 -3 -36 39 38 -38 42 46 -42 44 49 47 -46 58 -2 50 -44 52 -52 -39 -22 55 -4 -43 -57 -41 60 -18 -62
right_child=1 2 3 4 -6 6 -8 8 16 20 11 12 -14 15 -16 -17 59 18 -20 26 21 24 23 -25 -26 -27 -28 -29 30 -31 31 32 -34 -35 35 -37 37 48 -40 40 41 56 43 -45 45 -47 -48 -49 -50 -51 51 -53 -54 -55 -56 57 -58 -59 -60 -61 61 -63
leaf_value=-0.478690799100423 55.895199100269998 66.024885064987913 6.139459223130654 -14.110832967124265 -7.7050080436352433 -78.830714913870551 42.256267110890363 0.88218242962940985 8.8033188690557722 14.046371035067933 -11.703935271366355 45.701482230588127 13.103583818847666 -7.6065160986739588 13.003785826007187 4.1276330522516202 18.229878296718091 11.728154076074663 110.63521606792104 -13.344625415783554 -93.085623546782003 -18.990731658330454 -33.227288576548958 -4.0991311579215655 -3.5060312522492696 -22.309069146688007 -83.287266188911772 -36.157077861708039 -44.980939771867384 56.278607442176089 80.85946211034603 -55.935270809633984 -8.4188552565627468 1.7914333358530716 -3.5870809807235204 -40.593103683888913 -15.81664561205713 0.85436921064485905 -84.53244252955659 15.780499440545904 76.370141247020044 29.574555092514686 -46.643173616658089 -117.17622042142428 -76.299360916209665 -6.3898481543761596 37.406919312172747 2.7815202216854429 -53.458546847863637 34.069916448593141 -14.668453366088867 75.435453461677795 -18.320123265559278 -184.43174868629092 -36.934245296659924 96.638120800781266 -7.8062459895213436 27.04129467066597 -3.9742108869917048 -2.0209845087350895 151.82360310872397 26.29778429389
leaf_weight=82930 33 20 115 530 1184 130 28 37142 204 689 387 554 830 4877 4477 3802 675 828 21 516 20 921 264 3805 1479 112 22 48 81 46 21 57 315 3107 6256 127 290 5085 46 218 67 264 22 25 52 428 93 4353 32 31 24 30 253 20 20 24 59 33 643 120 20 55
leaf_count=82930 33 20 115 530 1184 130 28 37142 204 689 387 554 830 4877 4477 3802 675 828 21 516 20 921 264 3805 1479 112 22 48 81 46 21 57 315 3107 6256 127 290 5085 46 218 67 264 22 25 52 428 93 4353 32 31 24 30 253 20 20 24 59 33 643 120 20 55
internal_value=0.000861283 -1.59593 -4.22881 -10.873 -13.7345 -24.0845 -57.2414 0.266473 1.26424 0.935352 1.94551 17.8963 26.1757 1.38354 2.1864 -2.46627 8.90444 3.57053 11.5645 -5.53232 -6.2593 -11.6863 -3.53838 -5.99669 -9.45372 8.94148 -16.354 9.06606 -2.85429 17.7282 -16.4508 -10.4713 -15.8301 -2.17495 -4.09959 -4.32962 1.03708 -1.50599 -25.4471 3.36648 12.6207 32.128 0.848719 -38.3435 1.48471 -14.1063 4.62072 3.1938 -0.0184947 0.322951 0.30851 35.8506 -0.0576858 -142.143 16.953 23.3962 22.7434 57.5062 1.04006 19.2191 22.6157 61.3286
internal_weight=168960 24096 12048 2064 1872 688 158 144864 61934 59379 52069 1771 1384 50298 41619 8679 2555 1685 897 788 7310 2440 4870 4069 2400 801 538 876 9984 250 474 393 372 9510 6403 6383 12048 5760 336 6288 1344 390 4944 78 4866 480 954 4386 5424 53 5392 54 5338 40 192 172 323 57 861 870 750 75
internal_count=168960 24096 12048 2064 1872 688 158 144864 61934 59379 52069 1771 1384 50298 41619 8679 2555 1685 897 788 7310 2440 4870 4069 2400 801 538 876 9984 250 474 393 372 9510 6403 6383 12048 5760 336 6288 1344 390 4944 78 4866 480 954 4386 5424 53 5392 54 5338 40 192 172 323 57 861 870 750 75
is_linear=0
shrinkage=0.05


Tree=109
num_leaves=63
num_cat=0
split_feature=7 9 3 10 3 3 3 15 9 15 3 4 0 3 3 10 3 3 10 11 11 11 11 6 10 0 0 0 3 0 12 3 17 3 17 16 13 13 17 16 0 3 3 13 16 13 3 12 10 15 11 3 3 15 13 10 16 17 16 16 16 3
split_gain=2.81916e+07 4.93053e+07 5.77258e+07 7.95383e+07 4.16375e+07 3.80566e+07 3.74065e+07 6.48738e+07 2.86824e+07 5.08718e+07 6.86891e+07 1.3379e+08 1.07411e+08 8.3339e+07 1.21722e+08 7.55312e+07 7.46009e+07 6.0538e+07 1.97028e+08 6.88222e+07 4.3041e+07 4.28698e+07 4.18203e+07 9.85616e+07 1.0391e+08 1.05476e+08 1.06382e+08 7.72661e+07 1.2356e+08 6.61823e+07 4.78297e+07 4.05031e+07 3.95472e+07 3.9085e+07 3.63063e+07 3.332e+07 3.8859e+07 3.08331e+07 2.9878e+07 2.84728e+07 2.68009e+07 2.56536e+07 2.39196e+07 5.20452e+07 4.50558e+07 3.27083e+07 9.17368e+07 7.10342e+07 5.88664e+07 2.29315e+07 4.12917e+07 2.25308e+07 6.40029e+07 8.14578e+07 4.87105e+07 4.68017e+07 3.11127e+07 2.17555e+07 6.54378e+07 5.66437e+07 4.65426e+07 9.31337e+07
threshold=1.0000000180025095e-35 1.5000000000000002 88.500000000000014 10000.005000000003 178.50000000000003 322.50000000000006 285.50000000000006 3403.9999007376414 3.5000000000000004 2269.1034591405028 186.50000000000003 8.5000000000000018 77.500000000000014 236.50000000000003 232.50000000000003 12000.005000000003 256.50000000000006 168.50000000000003 11194.045000000002 7999.9550000000008 17561.605000000003 4023.1850000000004 14498.490000000002 1.0000000180025095e-35 9000.7350000000024 30.500000000000004 68.500000000000014 9.5000000000000018 94.500000000000014 24.500000000000004 14389.699285714289 248.50000000000003 34.050000000000004 90.500000000000014 31.750000000000004 27.950000000000003 3633.0448536059257 2199.2229209012817 25.050000000000004 32.050000000000004 16.500000000000004 66.500000000000014 34.500000000000007 1438.7219988110621 7.9500000000000011 2083.7374764770962 263.50000000000006 7454.0864285714297 3463.7200000000007 1355.6639944487895 6962.6800000000012 112.50000000000001 96.500000000000014 1355.6639944487895 5307.9257483933907 14498.490000000002 30.250000000000004 31.050000000000004 31.450000000000003 30.450000000000003 24.050000000000004 100.50000000000001
decision_type=2 2 2 2 2 2 2 2 2 2 2 2 2 2 2 2 2 2 2 2 2 2 2 2 2 2 2 2 2 2 2 2 2 2 2 2 2 2 2 2 2 2 2 2 2 2 2 2 2 2 2 2 2 2 2 2 2 2 2 2 2 2
left_child=8 57 3 41 -4 6 7 -6 22 42 17 13 16 14 -12 -14 -13 20 19 -19 21 -11 30 27 40 29 -27 28 -24 -26 51 38 35 -22 -30 36 -32 -15 -29 -8 -25 -3 43 -10 -45 49 48 -48 -47 -44 -51 52 56 -54 55 -53 -1 58 60 -59 -2 -62
right_child=1 2 4 -5 5 -7 39 -9 9 10 11 12 15 37 -16 -17 -18 18 -20 -21 33 -23 23 24 25 26 -28 31 34 -31 32 -33 -34 -35 -36 -37 -38 -39 -40 -41 -42 -43 45 44 -46 46 47 -49 -50 50 -52 54 53 -55 -56 -57 -58 59 -60 -61 61 -63
leaf_value=-0.20679460946946635 -1.2646778021554352 -7.696241346465218 2.3668866498748002 -113.11982812964398 -8.2396438457272421 6.8805424730917473 -18.27327431306729 74.720007527669267 1.8928355600896851 27.122561127312977 22.924413988600769 -16.23143610011207 -1.5569176178718631 12.681438564016268 -27.505747603126192 -37.035501310611203 18.321878266941091 16.517334686606681 -158.94512756347658 -32.425025460766207 95.711310841518909 -0.30836923281432638 147.38581013997396 51.442587798890628 -60.83460262506658 -184.90906118774413 -41.472966015625005 -47.832972618678106 -14.860666726056266 37.551543148803717 50.56205289408328 -29.778520629759754 -38.817111220586867 7.4525223409718482 56.042486157417301 81.064977003528227 -4.9012748676538465 56.297704750531096 7.5227700918129248 -55.620772842273382 -13.070061075963839 -30.33440897816654 -0.74376022370927197 -17.121894383194121 31.381931554408784 67.325709790316509 41.856965299219524 -1.6385383321246962 -15.245516681764338 10.237188420506868 -0.56761079266198522 -0.53437347212905972 1.7032853149699463 15.052010744641519 45.650797698706917 -25.77670073448316 7.0792703099761134 -0.766649425726464 -16.691170212284174 20.626412399165151 68.561277216036032 6.5408900113867121
leaf_weight=34585 1752 278 1392 22 1321 336 520 23 1883 149 905 179 1476 51 137 166 1190 133 23 154 22 2823 20 20 54 29 24 26 50 24 62 154 20 28 27 30 63 210 250 56 68 228 11565 57 281 21 142 273 1227 1481 2192 91346 3531 1689 56 183 1529 976 568 452 72 356
leaf_count=34585 1752 278 1392 22 1321 336 520 23 1883 149 905 179 1476 51 137 166 1190 133 23 154 22 2823 20 20 54 29 24 26 50 24 62 154 20 28 27 30 63 210 250 56 68 228 11565 57 281 21 142 273 1227 1481 2192 91346 3531 1689 56 183 1529 976 568 452 72 356
internal_value=0.000780669 -2.83126 -6.67227 -22.1089 -4.43258 -8.62718 -11.3432 -6.76545 0.14807 1.64214 5.08892 9.25311 3.4579 22.6319 16.2739 -5.16403 13.7954 -0.303689 -21.3095 -9.7658 1.85744 1.07553 -0.150753 -11.9482 -40.058 -68.1153 -121.928 -0.21315 39.8612 -30.4697 -0.0845385 -9.3247 25.9635 47.4017 10.4012 34.5176 22.7915 47.8559 2.15422 -21.9944 2.00511 -17.9366 0.263735 5.14075 23.1759 -0.377431 -7.0335 13.3091 -13.8033 0.349393 3.79062 -0.119028 0.849957 6.0245 -0.556354 -0.585123 0.101871 1.01043 -1.59119 6.01452 2.34896 17.1097
internal_weight=168960 8352 4176 528 3648 2256 1920 1344 160608 26768 7646 4314 3011 1303 1042 1642 1369 3332 310 287 3022 2972 133840 746 219 131 53 527 97 78 133094 430 175 50 77 155 125 261 276 576 88 506 19122 2221 338 16901 1663 415 1248 15238 3673 132919 41334 5220 91585 91529 36114 4176 2748 1428 2180 428
internal_count=168960 8352 4176 528 3648 2256 1920 1344 160608 26768 7646 4314 3011 1303 1042 1642 1369 3332 310 287 3022 2972 133840 746 219 131 53 527 97 78 133094 430 175 50 77 155 125 261 276 576 88 506 19122 2221 338 16901 1663 415 1248 15238 3673 132919 41334 5220 91585 91529 36114 4176 2748 1428 2180 428
is_linear=0
shrinkage=0.05


Tree=110
num_leaves=63
num_cat=0
split_feature=12 7 9 5 17 14 5 1 11 17 1 17 8 6 11 10 5 10 13 16 8 1 13 10 13 16 16 17 10 11 15 17 1 1 14 14 11 13 15 8 11 17 16 16 16 8 11 1 17 8 10 5 16 1 10 15 10 16 17 6 16 16
split_gain=2.66732e+07 2.82308e+07 4.26339e+07 3.60386e+07 6.19878e+07 3.24448e+07 2.82343e+07 3.075e+07 6.12191e+07 5.39816e+07 8.05434e+07 4.35206e+07 5.94626e+07 4.94099e+07 4.81546e+07 4.3361e+07 6.92717e+07 3.6848e+07 3.41267e+07 3.19257e+07 4.89936e+07 4.45086e+07 2.72176e+07 2.39143e+07 4.50383e+07 9.63278e+07 5.46671e+07 8.31422e+07 4.93201e+07 5.6144e+07 5.8092e+07 2.92436e+07 2.70042e+07 2.63003e+07 3.79803e+07 3.75107e+07 6.8927e+07 6.87402e+07 6.8574e+07 6.32665e+07 6.02346e+07 3.2996e+07 2.2661e+07 3.23524e+07 2.88068e+07 2.24309e+07 2.22295e+07 2.641e+07 2.07717e+07 4.03144e+07 6.11568e+07 4.60176e+07 3.45843e+07 2.13656e+07 3.97112e+07 3.21517e+07 2.09995e+07 2.00591e+07 1.47364e+08 5.86314e+07 5.65168e+07 2.84725e+07
threshold=11999.977142857146 1.0000000180025095e-35 1.0000000180025095e-35 2023.5000000000002 32.050000000000004 6219.9696666666669 2020.5000000000002 16.500000000000004 9500.9550000000017 32.050000000000004 1.0000000180025095e-35 30.550000000000004 1.5000000000000002 1.0000000180025095e-35 9000.715000000002 8866.5700000000015 2023.5000000000002 12000.005000000003 4616.0243041607218 35.550000000000004 1.5000000000000002 20.500000000000004 565.75231557683037 10000.005000000003 5307.9257483933907 20.550000000000004 24.050000000000004 30.250000000000004 5969.045000000001 10000.005000000003 4822.9514807727619 32.45000000000001 18.500000000000004 1.5000000000000002 9472.6838333333362 8185.7086666666683 12000.005000000003 4616.0243041607218 4822.9514807727619 2.5000000000000004 17561.605000000003 34.050000000000004 21.750000000000004 26.750000000000004 23.650000000000002 2.5000000000000004 4600.1450000000013 22.500000000000004 29.850000000000005 2.5000000000000004 9000.7350000000024 2023.5000000000002 28.050000000000004 18.500000000000004 5649.2150000000011 2311.248312449437 9999.3950000000023 33.050000000000004 31.250000000000004 1.0000000180025095e-35 33.45000000000001 32.250000000000007
decision_type=2 2 2 2 2 2 2 2 2 2 2 2 2 2 2 2 2 2 2 2 2 2 2 2 2 2 2 2 2 2 2 2 2 2 2 2 2 2 2 2 2 2 2 2 2 2 2 2 2 2 2 2 2 2 2 2 2 2 2 2 2 2
left_child=1 6 3 5 46 -3 -1 8 15 17 -11 19 14 -14 -13 18 -17 -10 -8 20 -9 -21 -6 24 25 -2 -26 -28 32 -30 -31 -29 -27 34 42 36 38 40 39 -35 -38 -40 -25 44 -44 -24 47 -5 52 53 51 -51 -4 54 -50 -55 -54 61 59 -59 -60 -37
right_child=23 2 48 4 22 -7 7 11 9 10 -12 12 13 -15 -16 16 -18 -19 -20 21 -22 -23 45 33 26 28 27 31 29 30 -32 -33 -34 35 -36 57 37 -39 41 -41 -42 -43 43 -45 -46 -47 -48 -49 49 50 -52 -53 56 55 -56 -57 -58 58 60 -61 -62 -63
leaf_value=-1.2481033269910586 111.96756906570927 2.2854843939469967 -4.6732790861368798 7.9543737506236667 19.958041589774339 -13.561490190325664 -0.013396268222909078 1.4358559594243807 -2.1087699937583047 9.4526775791311763 -16.322450513454218 2.470247676825494 8.042640251411294 0.34013980948601064 -7.6460416746723467 8.0854663122798645 -10.512833661431957 50.920868501374223 40.900770948821425 1.6631448586389153 -3.9259164806112441 21.806983714076885 99.293225345611575 2.9737071132659914 -43.448777620052475 26.317124260711672 79.201934460004168 -31.466402841765309 63.227523258093633 -40.738300784137891 24.702159198174112 32.409127056415272 105.46612679254443 -35.099447029507353 4.5375259741179024 5.0440476232839879 -36.016150525529802 37.659878468322759 61.467730512619021 21.358303978617599 -121.65042325239915 -8.9513831583658838 43.099648183186851 16.334684523476493 124.54069989158994 35.387973183223181 -13.220840004096599 62.793493260741243 -0.2289438759067724 -4.0210441563390527 -55.141109643554685 -33.120976897150278 -18.23883945717396 2.7121964110890913 -23.759075154309372 35.540315117032904 -67.202599464084798 -146.64604866898577 -45.215567380680767 -33.115599255371102 11.008169607483879 40.122464890797936
leaf_weight=32736 30 1751 959 264 50 395 78310 12157 4484 371 1641 3956 7343 2906 1673 3407 586 32 50 930 6558 388 31 31 57 24 35 57 32 70 64 25 20 125 250 1637 106 24 57 81 25 23 26 35 20 27 117 23 2106 903 74 159 544 348 195 94 22 22 50 24 361 59
leaf_count=32736 30 1751 959 264 50 395 78310 12157 4484 371 1641 3956 7343 2906 1673 3407 586 32 50 930 6558 388 31 31 57 24 35 57 32 70 64 25 20 125 250 1637 106 24 57 81 25 23 26 35 20 27 117 23 2106 903 74 159 544 348 195 94 22 22 50 24 361 59
internal_value=0.000761208 -0.088873 -2.97453 2.20941 14.115 -0.636319 0.0588274 0.401675 -0.0972234 -4.75762 -11.5673 1.63643 3.59149 5.85892 -0.537247 0.272253 5.35409 -1.72182 0.0132318 0.0867705 -0.443094 7.60524 47.5791 4.40379 15.6441 29.6409 -3.72096 15.8378 17.405 4.7888 -9.53166 -11.8363 63.8383 2.82479 15.4303 1.06039 -12.2081 -38.9432 2.36634 -12.9041 -53.1564 41.3616 39.4891 53.2574 80.4053 70.6483 5.07381 12.5519 -5.52423 -3.57893 -11.4951 -8.40488 -10.4667 -0.297475 -2.23248 9.75822 -20.2572 3.78259 -5.50609 -89.3777 4.07514 6.28727
internal_weight=168960 165590 8062 2658 512 2146 157528 124792 88881 6528 2012 35911 15878 10249 5629 82353 3993 4516 78360 20033 18715 1318 108 3370 414 240 174 117 210 166 134 82 44 2956 362 2594 441 155 286 206 131 80 112 81 46 58 404 287 5404 3879 1136 1062 1525 2743 2301 442 566 2153 457 46 411 1696
internal_count=168960 165590 8062 2658 512 2146 157528 124792 88881 6528 2012 35911 15878 10249 5629 82353 3993 4516 78360 20033 18715 1318 108 3370 414 240 174 117 210 166 134 82 44 2956 362 2594 441 155 286 206 131 80 112 81 46 58 404 287 5404 3879 1136 1062 1525 2743 2301 442 566 2153 457 46 411 1696
is_linear=0
shrinkage=0.05


Tree=111
num_leaves=63
num_cat=0
split_feature=2 0 0 13 17 5 3 17 11 13 14 3 13 14 2 13 11 13 11 13 3 3 10 9 0 17 3 17 3 17 3 10 3 3 3 10 0 13 17 14 17 3 3 11 3 3 2 3 3 17 0 5 17 3 3 11 0 11 2 10 17 11
split_gain=2.5994e+07 6.3753e+07 6.32346e+07 6.52816e+07 4.40876e+07 4.87664e+07 8.01538e+07 1.36532e+08 4.56199e+07 4.20008e+07 1.05734e+08 5.15259e+07 3.95443e+07 3.66277e+07 4.60024e+07 7.41482e+07 5.51548e+07 9.62969e+07 7.65123e+07 5.47688e+07 5.27391e+07 1.24336e+08 7.45851e+07 8.66132e+07 4.74693e+07 6.58447e+07 8.31416e+07 5.78998e+07 8.21305e+07 6.79821e+07 4.58845e+07 4.40048e+07 4.29055e+07 7.10316e+07 6.87765e+07 4.2847e+07 4.03511e+07 3.65728e+07 4.53082e+07 3.60688e+07 3.32012e+07 3.06168e+07 3.05677e+07 2.92749e+07 4.92642e+07 2.03641e+08 7.7433e+07 6.62215e+07 6.58703e+07 5.88506e+07 5.83775e+07 3.13627e+07 3.15043e+07 5.61998e+07 4.83111e+07 2.41186e+07 2.35425e+07 2.22962e+07 2.14801e+07 2.02575e+07 1.99126e+07 1.87774e+07
threshold=5.5000000000000009 35.500000000000007 76.500000000000014 3363.3826892669381 35.850000000000001 2023.5000000000002 216.50000000000003 29.150000000000002 12000.005000000003 698.70696571865722 10430.596833333335 358.50000000000006 4054.8412523223624 8273.4223333333339 1.5000000000000002 3363.3826892669381 4380.380000000001 2051.9186458337067 5090.0350000000008 1943.355716856953 94.500000000000014 100.50000000000001 10421.575000000003 2.5000000000000004 91.500000000000014 29.950000000000003 192.50000000000003 32.850000000000001 124.50000000000001 29.750000000000004 188.50000000000003 17561.605000000003 262.50000000000006 259.50000000000006 264.50000000000006 8866.5700000000015 83.500000000000014 5307.9257483933907 32.750000000000007 9723.1230000000014 29.950000000000003 268.50000000000006 26.500000000000004 9999.3950000000023 148.50000000000003 144.50000000000003 3.5000000000000004 136.50000000000003 244.50000000000003 29.250000000000004 66.500000000000014 2020.5000000000002 30.550000000000004 182.50000000000003 170.50000000000003 2043.3600000000004 67.500000000000014 4154.4700000000012 4.5000000000000009 10000.005000000003 36.850000000000001 3600.7950000000005
decision_type=2 2 2 2 2 2 2 2 2 2 2 2 2 2 2 2 2 2 2 2 2 2 2 2 2 2 2 2 2 2 2 2 2 2 2 2 2 2 2 2 2 2 2 2 2 2 2 2 2 2 2 2 2 2 2 2 2 2 2 2 2 2
left_child=13 -2 3 9 5 8 39 -8 12 10 55 42 -4 37 15 16 17 -15 41 32 22 -22 23 -17 27 26 -26 29 -29 -21 -20 -23 33 60 -34 -19 -36 43 -39 -7 -24 -18 -11 51 45 47 -47 -45 49 -46 -50 -1 54 -54 -53 -3 -40 -13 -27 -10 -16 -5
right_child=1 2 4 61 -6 6 7 -9 59 11 -12 57 -14 14 19 20 18 35 30 24 21 31 40 -25 25 58 -28 28 -30 -31 -32 -33 34 -35 36 -37 -38 38 56 -41 -42 -43 -44 44 48 46 -48 -49 50 -51 -52 52 53 -55 -56 -57 -58 -59 -60 -61 -62 -63
leaf_value=-1.3130043366721156 1.800387042647289 -8.0240907746617758 3.1029556860963492 -1.2575298711988661 62.709359383418644 -6.1056867479006636 -118.65221212673187 -17.653350855608306 -6.5358470108395537 5.1197903672242786 -96.659030517578131 -3.4856421783447269 44.012788752237959 -2.8247710922296099 3.0874305256228687 71.901619305014606 -20.295969622752054 90.07792434474878 -3.5399356688860046 5.2062208614422953 -107.88763948253964 -24.745135081836153 -88.432226018905652 -22.207976424323192 22.00074763228254 16.730895814196565 -64.188711180369054 21.161969746342177 -12.597352392077447 19.216031814779722 6.7008332817882135 49.110504615090122 -97.754820847284236 81.119426553660432 0.18144949485515727 22.351217658633281 -22.27143412243429 -4.1915894521985733 31.233439929989022 26.170374696519641 -3.2418609751825751 -67.502011048690136 -12.41690077480839 -8.1906775504811371 -17.248103437868423 -148.06677201334637 -49.07424011707306 27.522632148438607 -12.050183713135318 12.411531911817379 4.93518881304455 1.3278809323513361 -0.13334847280175724 3.3990817704298291 -1.8693899071024402 -0.98365494170758194 89.546167386372886 57.335169668674475 -18.975002325961466 -72.777602908270708 -18.701597589599753 -41.747794013773124
leaf_weight=29568 9036 1574 3846 35 28 435 39 208 20 272 29 24 59 138 5269 53 142 56 2707 1619 45 251 23 44 40 161 89 262 571 1863 1834 21 20 28 695 41 280 83 70 107 22 45 2815 2192 192 29 63 137 1283 1257 834 22588 24351 20943 24770 5345 23 39 56 27 106 158
leaf_count=29568 9036 1574 3846 35 28 435 39 208 20 272 29 24 59 138 5269 53 142 56 2707 1619 45 251 23 44 40 161 89 262 571 1863 1834 21 20 28 695 41 280 83 70 107 22 45 2815 2192 192 29 63 137 1283 1257 834 22588 24351 20943 24770 5345 23 39 56 27 106 158
internal_value=0.000843062 -1.51975 -3.51182 -5.71721 1.24739 0.871253 -10.47 -34.0147 3.13757 -5.16471 -2.99271 -9.95304 3.73217 0.25378 2.4727 -1.29979 0.480058 24.0701 -0.697301 4.32223 -20.5039 -31.8182 4.79984 29.4217 8.44413 -9.35481 -37.4996 9.87319 -1.96653 12.7054 0.596627 -18.884 1.31854 3.0759 -8.21771 61.9714 -6.28277 -0.0310884 22.6813 0.302608 -47.7596 -31.9544 -10.8706 -0.0624442 -3.47587 -8.97886 -81.535 -6.07898 0.261639 8.47229 -5.35956 0.104791 0.557261 1.50001 -0.344415 -2.58621 46.4541 34.4728 7.47167 -45.3131 2.65433 -34.4494
internal_weight=168960 24096 15060 10291 4769 4741 789 247 3952 10098 6948 3150 3905 144864 16481 5422 4963 235 4728 11059 459 317 142 97 4661 346 129 4315 833 3482 4541 272 6398 5403 995 97 975 128383 176 542 45 187 3087 128207 5987 2421 92 2329 3566 1449 2117 122220 92652 45294 47358 6919 93 63 217 47 5375 193
internal_count=168960 24096 15060 10291 4769 4741 789 247 3952 10098 6948 3150 3905 144864 16481 5422 4963 235 4728 11059 459 317 142 97 4661 346 129 4315 833 3482 4541 272 6398 5403 995 97 975 128383 176 542 45 187 3087 128207 5987 2421 92 2329 3566 1449 2117 122220 92652 45294 47358 6919 93 63 217 47 5375 193
is_linear=0
shrinkage=0.05


Tree=112
num_leaves=63
num_cat=0
split_feature=10 12 7 9 13 2 11 16 2 17 8 4 2 0 13 16 0 10 2 14 16 11 2 10 17 17 2 4 10 4 17 17 11 14 2 13 9 13 11 2 16 16 14 10 11 14 2 16 2 10 10 13 10 16 11 2 10 4 10 17 16 13
split_gain=2.53535e+07 2.33765e+07 2.3752e+07 3.84922e+07 2.32218e+07 1.73516e+08 1.05815e+08 1.01488e+08 8.38772e+07 8.27527e+07 6.60354e+07 6.13205e+07 2.67738e+07 1.84236e+08 7.48022e+07 4.74065e+07 3.76709e+07 1.0315e+08 4.50341e+07 2.26046e+07 3.65888e+07 3.35987e+07 3.0691e+07 2.51188e+07 2.24113e+07 2.20186e+07 2.27556e+07 2.69839e+07 2.19398e+07 5.57174e+07 1.07276e+08 4.89611e+07 6.28271e+07 6.02688e+07 3.2808e+07 9.23564e+07 8.55427e+07 3.95837e+07 4.42125e+07 1.21448e+08 4.12161e+07 5.48653e+07 3.88136e+07 3.50098e+07 3.46956e+07 3.27822e+07 6.22361e+07 3.26409e+07 2.85182e+07 2.40956e+07 2.34501e+07 1.99714e+07 9.73645e+07 1.99211e+07 1.95723e+07 2.60565e+07 2.41375e+07 1.66485e+07 1.62772e+07 1.20203e+07 1.04179e+07 1.0346e+07
threshold=1772.575 11999.977142857146 1.0000000180025095e-35 1.0000000180025095e-35 3363.3826892669381 1.5000000000000002 3980.2600000000007 28.650000000000002 1.0000000180025095e-35 32.650000000000013 2.5000000000000004 11.500000000000002 1.0000000180025095e-35 21.500000000000004 268.94196199415774 31.050000000000004 33.500000000000007 12000.005000000003 1.5000000000000002 4340.3673333333345 36.250000000000007 4380.380000000001 5.5000000000000009 7000.6650000000009 34.95000000000001 31.350000000000005 2.5000000000000004 8.5000000000000018 10000.005000000003 3.5000000000000004 26.150000000000002 30.250000000000004 17561.605000000003 8706.3083333333361 2.5000000000000004 3195.6338760967196 2.5000000000000004 4616.0243041607218 12000.005000000003 4.5000000000000009 25.250000000000004 24.650000000000002 6912.9285000000009 14498.490000000002 6962.6800000000012 8000.2956666666678 1.0000000180025095e-35 29.750000000000004 3.5000000000000004 6070.9050000000007 7400.545000000001 2266.0225290727917 14498.490000000002 31.550000000000004 7500.6050000000005 2.5000000000000004 11194.045000000002 7.5000000000000009 7190.6650000000009 34.250000000000007 40.850000000000001 638.71359370346636
decision_type=2 2 2 2 2 2 2 2 2 2 2 2 2 2 2 2 2 2 2 2 2 2 2 2 2 2 2 2 2 2 2 2 2 2 2 2 2 2 2 2 2 2 2 2 2 2 2 2 2 2 2 2 2 2 2 2 2 2 2 2 2 2
left_child=25 2 4 24 12 8 7 -7 9 -6 -10 -8 13 15 -15 -2 17 -14 -18 23 22 -22 -21 -5 54 53 60 57 29 30 -3 32 48 50 35 51 44 38 43 -40 41 -39 -42 -36 -37 58 -47 -38 -31 -35 -33 59 -53 -1 56 -56 -4 -28 -32 -30 -27 -59
right_child=1 28 3 19 5 6 11 -9 10 -11 -12 -13 16 14 -16 -17 18 -19 -20 20 21 -23 -24 -25 -26 26 27 -29 34 31 45 33 -34 49 37 36 47 40 39 -41 42 -43 -44 -45 -46 46 -48 -49 -50 -51 -52 52 -54 -55 55 -57 -58 61 -60 -61 -62 -63
leaf_value=-1.9360196164641104 -3.9428525639471945 -32.791254164751841 3.9069692684370967 -2.9981965370355206 -38.394721508774104 -107.33516630674663 6.6850164525226168 -11.715999562581381 -65.807997557199926 15.02501633146535 14.971708835601806 92.850088406517401 0.99044872024312058 -0.39801704119862102 6.9050799914019141 -15.708703778667735 -3.2448619523893498 53.986514906468599 -0.16152468794163852 -14.235151792614372 -35.486303563753772 22.840965105083818 5.2038758939174903 51.863171955290298 37.274823564317494 3.1624141414262312 -3.4502965928816645 -21.993724296683276 5.6897265218687245 -42.812932263183598 6.131313865298317 -0.40414313869042834 78.40874921072097 -4.2802790472242567 5.9507863804093928 -111.58040029774543 -25.971326129311013 29.570964406093704 12.170089206320668 -46.608021203916365 61.69954230194093 115.31535267705505 -7.27135629671114 36.388659445322475 -43.715091355823155 34.552580857049854 155.09117213134766 18.762440312125467 30.065755552094561 -43.913992544809979 70.615106007502632 90.040304121720169 -4.7556818683021946 -11.959818450827299 4.5368741121370633 -23.249562522096241 -48.732696616432889 48.240606079101568 66.985083969879156 -7.9697288414569618 19.687958759414816 0.75518277349926177
leaf_weight=876 3771 33 2192 3286 152 37 1264 104 181 137 29 20 46211 5233 10624 1107 14214 91 70952 1512 29 140 234 20 44 884 389 206 511 24 20 21 41 71 1040 22 75 106 220 145 24 22 110 103 126 20 24 87 28 83 25 37 94 1142 166 170 21 26 24 234 106 20
leaf_count=876 3771 33 2192 3286 152 37 1264 104 181 137 29 20 46211 5233 10624 1107 14214 91 70952 1512 29 140 234 20 44 884 389 206 511 24 20 21 41 71 1040 22 75 106 220 145 24 22 110 103 126 20 24 87 28 83 25 37 94 1142 166 170 21 26 24 234 106 20
internal_value=0.000675388 0.0916854 0.00590076 -2.68325 0.142253 -5.31499 3.57467 -37.3868 -30.6577 -13.1067 -54.6346 8.09837 0.211273 1.88105 4.4951 -6.61564 -0.0520959 1.09577 -0.676158 -5.15604 -9.4775 12.6822 -11.6284 -2.65072 2.29576 -4.12125 0.199382 -7.13389 4.21273 14.979 43.3719 3.14587 32.9229 -10.7953 2.70031 -3.73286 -27.1411 7.01058 3.88603 -11.2437 24.9115 45.088 5.44713 8.72307 -54.4844 71.9807 102.286 -1.97988 -3.74361 -25.7868 38.8744 4.5724 22.498 -7.61167 1.67759 -9.549 3.38566 -0.0625011 40.0753 1.39444 4.9499 28.0502
internal_weight=168960 165311 161941 7814 154127 1924 1425 141 499 289 210 1284 152203 20735 15857 4878 131468 46302 85166 5221 1915 169 1746 3306 2593 3649 1631 641 3370 414 121 293 93 200 2956 1186 310 1770 1508 365 262 128 134 1143 148 88 44 162 52 154 46 876 131 2018 2549 336 2213 435 44 745 990 46
internal_count=168960 165311 161941 7814 154127 1924 1425 141 499 289 210 1284 152203 20735 15857 4878 131468 46302 85166 5221 1915 169 1746 3306 2593 3649 1631 641 3370 414 121 293 93 200 2956 1186 310 1770 1508 365 262 128 134 1143 148 88 44 162 52 154 46 876 131 2018 2549 336 2213 435 44 745 990 46
is_linear=0
shrinkage=0.05


Tree=113
num_leaves=63
num_cat=0
split_feature=2 0 0 10 13 16 17 5 16 16 0 11 12 15 7 2 10 16 16 16 17 15 16 8 16 10 10 12 4 5 4 0 17 2 5 17 12 8 10 16 0 15 2 16 0 11 15 16 11 11 10 16 16 10 11 12 13 11 17 13 13 16
split_gain=2.39544e+07 5.57028e+07 5.65136e+07 6.00336e+07 4.17239e+07 9.3372e+07 3.99565e+07 4.39965e+07 8.51109e+07 1.14648e+08 4.34851e+07 3.85336e+07 6.85256e+07 3.5072e+07 3.61504e+07 4.53321e+07 5.29545e+07 7.39595e+07 8.3748e+07 4.48268e+07 6.00013e+07 3.43373e+07 3.27592e+07 3.27219e+07 9.12774e+07 7.15609e+07 5.53088e+07 6.59352e+07 3.88873e+07 1.43672e+08 8.25637e+07 3.42734e+07 5.31622e+07 3.47801e+07 2.91051e+07 2.82368e+07 5.85593e+07 5.14415e+07 4.30719e+07 2.91962e+07 2.82741e+07 2.59642e+07 2.55893e+07 2.50579e+07 3.70288e+07 2.43523e+07 7.1761e+07 2.40985e+07 3.6047e+07 1.9892e+07 1.81358e+07 1.477e+07 3.77368e+07 4.15906e+07 2.79565e+07 2.44565e+07 2.92303e+07 1.42469e+07 7.50455e+07 1.24131e+07 7.91183e+06 7.19586e+06
threshold=5.5000000000000009 35.500000000000007 76.500000000000014 12000.005000000003 757.28310059992623 9.1500000000000004 35.850000000000001 2023.5000000000002 34.150000000000013 29.450000000000003 79.500000000000014 12000.005000000003 11999.977142857146 386.39809867077162 1.0000000180025095e-35 3.5000000000000004 10000.005000000003 29.350000000000005 34.250000000000007 20.350000000000005 30.850000000000005 2247.8421899527807 20.550000000000004 1.0000000180025095e-35 19.950000000000003 14498.490000000002 5013.1600000000008 11472.934285714287 4.5000000000000009 2022.5000000000002 6.5000000000000009 81.500000000000014 20.650000000000002 1.0000000180025095e-35 2023.5000000000002 29.550000000000004 11278.642857142859 2.5000000000000004 12000.005000000003 30.150000000000002 36.500000000000007 1.0000000180025095e-35 2.5000000000000004 35.650000000000013 74.500000000000014 11194.045000000002 2709.2219680679241 35.95000000000001 3519.6850000000004 2000.325 10000.005000000003 28.550000000000004 26.250000000000004 5969.045000000001 9999.3950000000023 11999.977142857146 2532.1218247354968 11999.985000000002 34.250000000000007 1643.3323292609052 2051.9186458337067 33.250000000000007
decision_type=2 2 2 2 2 2 2 2 2 2 2 2 2 2 2 2 2 2 2 2 2 2 2 2 2 2 2 2 2 2 2 2 2 2 2 2 2 2 2 2 2 2 2 2 2 2 2 2 2 2 2 2 2 2 2 2 2 2 2 2 2 2
left_child=13 41 3 4 45 59 7 11 9 -9 -10 12 -4 57 23 35 19 22 -19 21 -21 -17 -18 25 26 31 42 -28 29 -26 -30 33 -33 -15 -7 36 39 38 -37 -16 -39 -2 -25 44 61 49 -47 51 -49 -3 -13 52 54 -54 -43 56 -53 -1 -59 -6 -50 -5
right_child=1 2 6 43 5 34 -8 8 10 -11 -12 50 -14 14 15 16 17 18 -20 20 -22 -23 -24 24 28 -27 27 -29 30 -31 -32 32 -34 -35 -36 37 -38 40 -40 -41 -42 47 -44 -45 -46 46 -48 48 60 -51 -52 55 53 -55 -56 -57 -58 58 -60 -61 -62 -63
leaf_value=-0.90408876449199238 51.539001946082493 -7.6704778679429459 2.3294003089228372 -55.927573492115954 22.503550553094772 -8.9511951640203673 59.689808612691948 -3.3970792002275938 -24.669353678935288 -48.862010893333249 37.421052875361163 -4.9343816085088825 40.402737240087788 9.2839800491336657 -5.2679340943099895 -4.6581264429738676 -50.667987737241006 -109.1100942735672 5.9403723485381521 28.153616423677352 3.4177077600439674 -64.826593381441555 15.979052706892773 -5.2437317951668048 8.1723055013098396 89.378009602228815 -14.69899673223872 19.871584661610925 -2.3506027408456003 -2.527014385722318 1.7764917776285571 -40.3929382455349 -1.8387958502720196 2.5908690422831064 -22.332977616844129 0.087606445559388721 -93.377207891290851 2.2356231214546347 67.492138366699223 -21.787696594860495 -21.073797708303623 2.0232560177771237 1.1248423742492382 9.8782802908761163 7.5547947762229235 -85.868300466229854 31.125144308338992 3.970141898785319 35.006974175193101 -1.3041405483097135 -67.538610986982079 -0.7380331000741327 7.0047072548976379 36.278652515534432 -13.696856591693587 52.110845598493306 -20.322649792456161 17.776795237223308 -85.510394182534071 73.694994632496559 73.286921174422559 -94.053063434419187
leaf_weight=43578 25 1570 3784 57 20 2403 28 429 36 204 120 20 121 2337 772 272 22 39 26 374 709 25 92 3280 7402 23 1731 149 16921 5445 42688 95 1305 11439 489 1899 21 175 23 409 504 4683 3037 20 21 30 22 139 43 5606 27 2885 562 154 300 20 203 44 28 33 22 20
leaf_count=43578 25 1570 3784 57 20 2403 28 429 36 204 120 20 121 2337 772 272 22 39 26 374 709 25 92 3280 7402 23 1731 149 16921 5445 42688 95 1305 11439 489 1899 21 175 23 409 504 4683 3037 20 21 30 22 139 43 5606 27 2885 562 154 300 20 203 44 28 33 22 20
internal_value=0.000766946 -1.45895 -3.321 -5.4059 -4.99236 -10.008 1.17818 0.820101 -9.95225 -18.1033 23.0266 2.97273 3.51918 0.243578 0.754483 -3.24039 3.93826 -21.574 -63.6971 7.26069 11.978 -9.92337 2.78855 0.97799 0.576932 3.10601 -4.42368 -11.95 1.14271 3.63772 0.604928 2.96938 -4.48194 3.7269 -11.2208 -6.18347 -12.5182 -3.25231 0.928897 -11.0026 -15.0718 1.6445 -2.18224 -40.7165 -51.0375 -2.94767 -36.7176 1.50037 18.4475 -2.69787 -41.5564 1.10576 2.61772 13.3429 1.07427 -1.6666 -2.03166 -0.941081 -23.0115 55.152 48.8774 -66.9092
internal_weight=168960 24096 15060 10291 10173 2945 4769 4741 789 633 156 3952 3905 144864 101214 5362 1559 179 65 1380 1083 297 114 95852 80653 15199 8197 1880 72456 12847 59609 15176 1400 13776 2892 3803 1202 2601 1922 1181 679 9036 6317 118 98 7228 52 9011 204 7176 47 8807 5699 716 4983 3108 3088 43650 72 53 65 77
internal_count=168960 24096 15060 10291 10173 2945 4769 4741 789 633 156 3952 3905 144864 101214 5362 1559 179 65 1380 1083 297 114 95852 80653 15199 8197 1880 72456 12847 59609 15176 1400 13776 2892 3803 1202 2601 1922 1181 679 9036 6317 118 98 7228 52 9011 204 7176 47 8807 5699 716 4983 3108 3088 43650 72 53 65 77
is_linear=0
shrinkage=0.05


Tree=114
num_leaves=63
num_cat=0
split_feature=10 2 0 13 16 0 11 0 12 15 4 4 9 0 13 2 2 16 0 16 16 10 10 2 13 12 14 0 13 16 15 14 13 16 8 10 10 4 12 14 0 10 2 10 14 4 13 4 4 16 11 13 15 15 10 0 10 2 15 12 11 13
split_gain=2.32411e+07 1.94774e+07 4.86472e+07 5.05661e+07 7.81644e+07 4.25208e+07 5.85456e+07 3.80829e+07 3.3622e+07 3.21782e+07 7.80584e+07 1.22386e+08 7.91632e+07 7.70325e+07 7.58831e+07 5.52447e+07 2.09374e+08 9.93057e+07 4.97211e+07 1.11903e+08 4.56244e+07 4.49296e+07 4.13773e+07 1.13488e+08 3.80535e+07 6.47865e+07 7.8539e+07 4.48935e+07 4.00612e+07 3.37896e+07 3.46141e+07 4.1589e+07 3.18555e+07 3.0353e+07 3.00318e+07 2.55578e+07 4.22411e+07 2.40423e+07 2.17496e+07 3.23551e+07 1.31771e+08 4.80551e+07 2.10538e+07 4.38592e+07 1.92056e+07 1.89213e+07 2.86071e+07 1.95684e+07 1.94226e+07 7.22416e+07 2.91818e+07 1.79559e+07 1.67168e+07 1.49307e+07 1.49448e+07 1.21465e+07 1.189e+07 1.38736e+07 1.60593e+07 1.18712e+07 1.16933e+07 1.67655e+07
threshold=1999.3050000000001 5.5000000000000009 27.500000000000004 689.22667650815549 9.7500000000000018 77.500000000000014 3126.7000000000003 29.500000000000004 8916.9357142857152 2311.248312449437 8.5000000000000018 6.5000000000000009 2.5000000000000004 77.500000000000014 3195.6338760967196 1.5000000000000002 1.0000000180025095e-35 31.550000000000004 19.500000000000004 30.050000000000004 33.95000000000001 12000.005000000003 4839.6150000000007 1.5000000000000002 1904.9672242190491 4813.2678571428578 4578.8211666666675 9.5000000000000018 2331.9781091915684 35.050000000000004 1355.6639944487895 3832.7740000000008 4616.0243041607218 35.95000000000001 2.5000000000000004 7000.6650000000009 9500.9950000000008 9.5000000000000018 4149.953571428573 10430.596833333335 83.500000000000014 11999.985000000002 4.5000000000000009 4500.5650000000014 11520.822833333337 6.5000000000000009 4616.0243041607218 7.5000000000000009 5.5000000000000009 27.550000000000004 9000.715000000002 2448.9558273429943 1262.5425225167899 333.91746361630982 2883.9550000000004 65.500000000000014 1000.4250000000001 1.5000000000000002 645.3025929036769 2651.2714285714292 4998.7650000000012 948.88070927075637
decision_type=2 2 2 2 2 2 2 2 2 2 2 2 2 2 2 2 2 2 2 2 2 2 2 2 2 2 2 2 2 2 2 2 2 2 2 2 2 2 2 2 2 2 2 2 2 2 2 2 2 2 2 2 2 2 2 2 2 2 2 2 2 2
left_child=51 9 33 38 7 32 -7 -5 -9 24 11 15 22 14 -14 16 -11 -17 20 -20 -13 -15 34 -24 29 35 27 -27 -28 42 37 -32 -6 45 -12 55 -37 -31 53 41 -41 -40 44 -44 -2 48 47 -47 50 -50 -3 56 -35 -4 -55 -26 -1 58 -58 -59 61 -60
right_child=1 2 3 4 5 6 -8 8 -10 10 12 18 13 21 -16 17 -18 -19 19 -21 -22 -23 23 -25 25 26 28 -29 -30 30 31 -33 -34 52 -36 36 -38 -39 39 40 -42 -43 43 -45 -46 46 -48 -49 49 -51 -52 -53 -54 54 -56 -57 57 59 60 -61 -62 -63
leaf_value=-9.2233717814690621 -0.51463350383738971 4.5624615949134695 1.0995059000075365 -24.381999495824182 -9.6391042097181305 46.941793519473471 -2.8703563913351466 14.423511206422535 58.117975764918974 8.6734068922375709 4.5322173043486478 -1.2181667758326686 5.1784663762466785 -2.4219543528439123 28.078017797999912 7.7958914794654648 -14.458558513901233 -4.6429294327521768 76.002715807939182 14.955306364159739 18.181233867865547 -31.028315598128678 8.0955576277997672 -17.663250424281358 -24.788444805354864 -15.611215941689233 -1.0505027480550515 14.725095594466735 -9.4695980745123336 1.1355474806290302 -13.223771583822867 11.433596562308027 -36.040281051862038 7.5871981233596806 -5.0799100679148532 -77.47328925081662 5.4332034856622871 12.580305206037885 4.7303141106117872 -65.322621159273041 43.623871213223076 48.047948420510366 0.0076602431988355493 6.5197378662200407 -17.146491260747801 -9.8956733720302594 50.450192413330086 0.56859510791184265 80.748295354069896 8.3083734365069866 -12.989614480738439 -48.815337931315106 47.760091296604706 -6.9996913940965264 -1.4141451300893702 17.596261011759438 -1.9112218060542432 -3.1312752134612802 7.4125501034516779 -14.80490921972109 36.147011229915009 -12.727727463447444
leaf_weight=609 71227 2557 3331 35 3762 60 1788 111 73 1924 1198 941 2230 1265 431 5545 1988 2257 77 2053 446 153 586 1576 90 142 2966 833 2698 17861 191 1574 117 49 2521 55 21 470 1453 67 46 66 10959 3383 173 539 26 2587 36 499 260 20 55 1724 3919 20 1971 4136 834 229 30 117
leaf_count=609 71227 2557 3331 35 3762 60 1788 111 73 1924 1198 941 2230 1265 431 5545 1988 2257 77 2053 446 153 586 1576 90 142 2966 833 2698 17861 191 1574 117 49 2521 55 21 470 1453 67 46 66 10959 3383 173 539 26 2587 36 499 260 20 55 1724 3919 20 1971 4136 834 229 30 117
internal_value=0.00067965 0.130958 -1.21068 -2.65854 -6.34907 -7.47143 -1.22856 22.9019 31.9793 0.356365 1.97184 4.22245 -1.46993 3.88194 8.89664 1.76616 -3.08248 4.1974 12.4008 17.1968 5.02845 -5.52823 -5.18195 -10.6809 -0.00486215 -3.62323 -2.80527 10.2954 -5.06183 0.228502 2.07381 8.75931 -10.4445 2.41585 -1.98317 -32.6481 -54.7918 1.42966 -0.589128 4.7186 -20.979 6.64283 -0.204017 1.54408 -0.555172 1.98499 -0.796059 -1.23829 4.59957 13.3244 2.93843 -2.6389 29.085 -1.5548 -3.12153 -16.993 -2.51624 -1.95682 0.690562 -3.74696 5.91463 4.92395
internal_weight=168960 161014 23160 16552 5946 5727 1848 219 184 137854 25191 15231 9960 4079 2661 11714 3912 7802 3517 2130 1387 1418 5881 2162 112663 6825 6639 975 5664 105838 20096 1765 3879 6608 3719 186 76 18331 10606 1632 113 1519 85742 14342 71400 6504 3152 3126 3352 535 2817 7946 104 8974 5643 110 7926 7317 2952 4365 981 951
internal_count=168960 161014 23160 16552 5946 5727 1848 219 184 137854 25191 15231 9960 4079 2661 11714 3912 7802 3517 2130 1387 1418 5881 2162 112663 6825 6639 975 5664 105838 20096 1765 3879 6608 3719 186 76 18331 10606 1632 113 1519 85742 14342 71400 6504 3152 3126 3352 535 2817 7946 104 8974 5643 110 7926 7317 2952 4365 981 951
is_linear=0
shrinkage=0.05


Tree=115
num_leaves=63
num_cat=0
split_feature=17 2 9 0 10 11 15 15 11 13 3 13 2 3 3 13 3 2 0 2 8 10 11 3 3 10 10 2 5 17 13 3 3 15 3 17 11 10 17 0 3 15 3 10 0 13 13 17 15 5 13 13 5 17 13 10 9 10 3 17 13 15
split_gain=2.34756e+07 8.26117e+07 7.9856e+07 7.95257e+07 8.74286e+07 9.51747e+07 1.39069e+08 8.23399e+07 8.35629e+07 6.03469e+07 5.82373e+07 9.5376e+07 3.27188e+08 8.43015e+07 1.04445e+08 1.18664e+08 6.01904e+07 5.92038e+07 5.76925e+07 5.704e+07 5.31406e+07 6.70286e+07 7.68238e+07 6.62549e+07 1.13709e+08 3.62828e+08 1.43311e+08 6.59288e+07 1.82464e+08 6.36634e+07 1.07877e+08 1.28029e+08 9.21977e+07 1.47592e+08 8.711e+07 5.5146e+07 5.51436e+07 5.13461e+07 5.07995e+07 4.73567e+07 4.08269e+07 4.06827e+07 3.9733e+07 9.79002e+07 4.68422e+07 4.49121e+07 3.68143e+07 3.59057e+07 3.50147e+07 4.44185e+07 5.27344e+07 3.72614e+07 3.36481e+07 3.21764e+07 4.28217e+07 3.67717e+07 2.96789e+07 2.93709e+07 2.90692e+07 1.16356e+08 5.35554e+07 4.99946e+07
threshold=31.150000000000002 1.0000000180025095e-35 1.0000000180025095e-35 28.500000000000004 3679.7950000000005 6695.1950000000006 2423.047838657591 5104.3834205448529 14498.490000000002 3633.0448536059257 190.50000000000003 2626.528016101483 1.5000000000000002 283.50000000000006 277.50000000000006 654.71870967755967 100.50000000000001 4.5000000000000009 40.500000000000007 4.5000000000000009 1.5000000000000002 12000.005000000003 4900.6150000000007 184.50000000000003 180.50000000000003 11194.045000000002 5090.9250000000011 1.0000000180025095e-35 2022.5000000000002 29.050000000000004 1074.4839967128585 203.50000000000003 248.50000000000003 2132.8815130247858 255.50000000000003 30.650000000000002 17561.605000000003 17561.605000000003 37.750000000000007 12.500000000000002 269.50000000000006 2132.8815130247858 86.500000000000014 14498.490000000002 72.500000000000014 5307.9257483933907 2331.9781091915684 38.150000000000013 2787.8125585230523 2023.5000000000002 1055.3441571431574 2578.0464051083331 2023.5000000000002 35.150000000000013 1181.6372607697024 9999.3950000000023 3.5000000000000004 4975.7650000000003 110.50000000000001 34.550000000000004 4054.8412523223624 5104.3834205448529
decision_type=2 2 2 2 2 2 2 2 2 2 2 2 2 2 2 2 2 2 2 2 2 2 2 2 2 2 2 2 2 2 2 2 2 2 2 2 2 2 2 2 2 2 2 2 2 2 2 2 2 2 2 2 2 2 2 2 2 2 2 2 2 2
left_child=20 3 53 9 -5 6 57 8 -7 48 11 47 16 14 17 -16 -13 -12 -8 -14 36 23 -23 24 27 26 -26 28 -22 30 -25 -32 33 -31 -34 37 -1 -24 52 -38 -37 -29 45 44 -44 -41 -40 -4 49 50 -2 -51 -15 58 -55 -56 -42 -6 59 61 -60 -3
right_child=1 2 10 4 5 7 18 -9 -10 -11 13 12 19 38 15 -17 -18 -19 -20 -21 21 22 35 29 25 -27 -28 41 -30 32 31 -33 34 -35 -36 40 39 -39 46 42 56 -43 43 -45 -46 -47 -48 -49 -50 51 -52 -53 -54 54 55 -57 -58 -59 60 -61 -62 -63
leaf_value=0.48461925838141595 -5.0841829192655226 10.501414339361622 -2.2436660797410894 3.8780449560672836 10.113998140109649 6.1865047252047711 131.22699752262659 67.96486274865957 -66.467241276066474 -80.438401395357573 4.6283055295456244 -96.833816977587617 5.1517852389848482 -0.730186809572408 0.3802848953458936 29.351253661108274 -44.59258762472767 -2.8986185029562543 52.967636970008556 -17.515425042717027 -0.98134495749081485 -90.18107468414307 -57.102970233219928 -1.5844066876424212 -6.5741377321117653 -203.89410373263888 -54.841896124458316 -3.3628210250861672 -65.749976895026904 0.54958677473633 8.2177990266611403 -18.831220596315163 -14.972219877068888 13.007606864824968 -1.3789357137350524 67.151092427571626 95.87516185594643 0.80806681199507302 -8.8551953664937848 85.594114562988295 21.517333357810976 11.438615531801343 -8.1303368082354144 -88.165315380859383 87.681210965243267 6.3961450406124714 -39.636969965362063 4.9003411630233051 16.358897582132794 5.7440671254038813 -30.022690991133228 71.818219140094271 -10.621398326728119 5.1386272038339946 69.514677985569207 20.681606694298821 -46.343624052118372 32.003306715077002 2.4088983585470363 117.5324417541504 -57.845731588827597 -47.971372240970013
leaf_weight=50492 1017 975 25532 6814 481 1141 27 51 40 25 7556 109 661 7632 641 787 117 3992 178 477 376 39 92 10869 667 26 199 2482 152 12336 558 2016 1356 2944 8966 26 22 65 285 34 39 570 30 24 21 37 147 1888 193 299 267 22 968 381 52 147 26 225 11272 24 36 37
leaf_count=50492 1017 975 25532 6814 481 1141 27 51 40 25 7556 109 661 7632 641 787 117 3992 178 477 376 39 92 10869 667 26 199 2482 152 12336 558 2016 1356 2944 8966 26 22 65 285 34 39 570 30 24 21 37 147 1888 193 299 267 22 968 381 52 147 26 225 11272 24 36 37
internal_value=0.000706486 0.664373 -0.0205261 4.71215 6.64949 15.4558 27.701 6.38605 3.6716 -4.8051 -0.913433 -2.39383 -15.2934 1.02278 3.60444 16.3561 -70.1042 2.02632 63.862 -4.35635 -0.522674 -1.79799 -25.8402 -1.63884 -7.40291 -23.3651 -17.7162 -3.42032 -19.7159 -0.978484 -3.7646 -12.9665 0.48453 2.95057 -3.16596 -15.4006 0.580065 -33.2737 -2.68621 29.0935 15.4619 -0.595621 18.4467 -6.93667 32.2489 44.9841 -19.3969 -1.75161 -3.70934 -6.13122 -10.2893 10.4815 -1.84463 3.48844 14.9882 33.7258 -5.91787 17.1255 2.94694 10.9593 2.21197 8.31833
internal_weight=168960 74496 63716 10780 8957 2143 911 1232 1181 1823 50792 28784 1364 22008 12976 1428 226 11548 205 1138 94464 43804 287 43517 4472 892 866 3580 528 39045 13443 2574 25602 15280 10322 248 50660 157 9032 168 91 3052 146 75 51 71 432 27420 1798 1605 1284 321 8600 12924 580 199 65 706 12344 1036 11308 1012
internal_count=168960 74496 63716 10780 8957 2143 911 1232 1181 1823 50792 28784 1364 22008 12976 1428 226 11548 205 1138 94464 43804 287 43517 4472 892 866 3580 528 39045 13443 2574 25602 15280 10322 248 50660 157 9032 168 91 3052 146 75 51 71 432 27420 1798 1605 1284 321 8600 12924 580 199 65 706 12344 1036 11308 1012
is_linear=0
shrinkage=0.05


Tree=116
num_leaves=63
num_cat=0
split_feature=14 3 12 3 3 3 13 3 12 16 15 13 2 3 17 12 17 13 17 17 3 15 3 14 16 13 2 17 0 13 12 16 3 3 13 16 15 3 2 0 13 15 16 16 12 17 2 17 15 14 13 14 16 3 2 3 14 16 16 2 12 15
split_gain=2.23466e+07 2.62572e+07 4.18425e+07 4.07175e+07 4.01433e+07 1.78365e+08 2.27109e+08 1.06214e+08 1.46554e+08 6.8408e+07 4.9593e+07 1.16374e+08 8.43225e+07 9.9348e+07 8.61422e+07 5.62263e+07 3.97848e+07 7.3503e+07 3.79733e+07 2.66808e+07 2.55464e+07 2.38051e+07 4.67638e+07 3.53397e+07 2.34967e+07 2.2795e+07 4.85167e+07 2.83363e+07 2.0794e+07 8.48948e+07 3.31906e+07 1.92609e+07 1.56976e+07 1.58639e+07 1.42751e+07 1.3777e+07 1.26119e+07 1.50775e+07 1.37486e+07 1.23216e+07 1.17303e+07 1.1613e+07 1.14905e+07 9.7912e+06 9.43398e+06 9.25535e+06 1.25232e+07 8.69066e+06 8.57816e+06 8.47442e+06 1.13496e+07 9.86031e+06 8.17246e+06 7.76089e+06 7.64579e+06 7.40862e+06 7.77242e+06 7.2562e+06 6.8778e+06 9.41962e+06 8.69568e+06 8.22123e+06
threshold=2216.7585000000004 349.50000000000006 8662.6621428571452 361.50000000000006 284.50000000000006 277.50000000000006 708.08527245446601 278.50000000000006 8786.0628571428588 30.050000000000004 2388.979674304554 1876.0978418501741 4.5000000000000009 271.50000000000006 25.350000000000005 4854.8785714285723 26.650000000000002 631.1329517009375 37.750000000000007 29.850000000000005 209.50000000000003 2668.569405419526 310.50000000000006 7181.0280000000012 14.750000000000002 2331.9781091915684 4.5000000000000009 39.050000000000004 76.500000000000014 1074.4839967128585 8062.363571428572 35.150000000000013 364.50000000000006 360.50000000000006 2016.5978563942181 8.5500000000000025 744.833969973889 362.50000000000006 2.5000000000000004 38.500000000000007 680.3018403618878 1099.121412184352 27.450000000000003 36.95000000000001 5032.6292857142871 30.250000000000004 1.5000000000000002 29.450000000000003 2227.0878065358197 6828.9016666666676 1438.7219988110621 6521.4811666666674 40.250000000000007 254.50000000000003 1.5000000000000002 364.50000000000006 4057.2436666666667 32.650000000000013 39.550000000000004 5.5000000000000009 1622.7914285714289 542.69993998721668
decision_type=2 2 2 2 2 2 2 2 2 2 2 2 2 2 2 2 2 2 2 2 2 2 2 2 2 2 2 2 2 2 2 2 2 2 2 2 2 2 2 2 2 2 2 2 2 2 2 2 2 2 2 2 2 2 2 2 2 2 2 2 2 2
left_child=40 4 3 16 5 10 41 8 -8 -9 11 20 13 -12 -14 -13 49 -18 21 -19 -2 28 31 -24 32 44 27 -27 30 -30 -6 -23 33 48 54 -35 55 38 -38 -34 58 43 -43 -7 -20 -42 -47 -39 -4 51 -51 -3 53 -48 -26 -5 -57 -46 60 61 -1 -60
right_child=1 2 24 36 18 6 7 9 -10 -11 12 15 14 -15 -16 -17 17 19 25 -21 -22 22 23 -25 34 26 -28 -29 29 -31 -32 -33 39 35 -36 -37 37 47 -40 -41 45 42 -44 -45 57 46 52 -49 -50 50 -52 -53 -54 -55 -56 56 -58 -59 59 -61 -62 -63
leaf_value=-9.2970235141253053 -0.30243932455053246 0.18293983004192305 47.98099644388472 -5.8433261224976292 -0.52309975607121728 -0.25985636345781976 74.908323220449788 9.5866476030452077 -27.797997149090435 31.214073753664572 3.8383033481583482 -30.360721386430601 20.660108618177574 34.02483442505487 -4.3849819683273781 -5.427411456491595 4.637291483357818 19.577753225707671 -11.842413523606401 46.474098869502114 1.6638848752501012 -7.4300718013610307 0.44631938840089919 25.026702687150689 30.438307893541129 -37.771277448712169 -84.497126936071069 8.7796699026075462 -1.769934109763694 -27.200701184013759 9.648823100019122 39.515679516900676 20.920010608491445 -25.227051129150393 -35.974424997412648 16.039743573375954 -56.285127091278902 -14.615342500834629 -10.319410013998707 73.732633165631981 -22.760182137531896 -4.0207255204672956 -25.236250572384048 34.164709891364687 -5.169758342596201 8.4523293599456846 -25.015296384106513 9.081612502763857 21.836477207481863 9.6847446716308596 -32.905233159619712 32.432332750956213 4.1293140186309811 5.5263162290132968 -0.99677826038305328 0.88581213698143102 27.415532361922729 34.025880654074932 2.0387259311228356 -12.278052911555514 -1.8882953071603445 15.988519275798353
leaf_weight=412 73516 1911 55 674 16096 1259 188 791 42 681 14002 232 366 277 5325 7716 1382 283 200 138 21304 3752 684 185 26 73 33 58 3824 358 843 21 20 24 22 106 36 144 30 27 111 205 92 20 25 100 114 52 79 24 42 23 49 25 68 253 30 21 585 93 9705 128
leaf_count=412 73516 1911 55 674 16096 1259 188 791 42 681 14002 232 366 277 5325 7716 1382 283 200 138 21304 3752 684 185 26 73 33 58 3824 358 843 21 20 24 22 106 36 144 30 27 111 205 92 20 25 100 114 52 79 24 42 23 49 25 68 253 30 21 585 93 9705 128
internal_value=0.000639587 0.154749 3.56476 2.28529 0.0326341 0.40272 11.9115 24.5702 56.1141 19.6067 0.0952571 -0.347797 2.37517 4.42624 -2.77093 -6.15894 4.83405 10.2181 -1.74918 28.4834 0.139364 -1.50857 -4.75016 5.70195 18.5722 -16.8276 -31.212 -17.2505 -0.795937 -3.95292 -0.0163356 -7.15838 25.7156 20.8281 -0.635514 8.2868 -5.6637 -15.3626 -35.8576 52.1633 -2.14488 -1.76614 -10.6552 0.304715 -7.15048 -10.5551 -5.78861 -8.31418 32.8434 -0.0223061 -17.5045 0.583029 -13.3682 -19.5219 7.92686 -2.99515 3.7848 13.067 -1.83673 2.60604 -2.19089 4.56193
internal_weight=168960 157638 5449 5022 152189 126016 3278 1702 230 1472 122738 102768 19970 14279 5691 7948 3803 1803 26173 421 94820 25763 4642 869 427 410 164 131 21121 4182 16939 3773 311 264 116 130 1219 262 66 47 11322 1576 297 1279 246 399 288 196 134 2000 66 1934 188 139 94 957 283 46 10923 806 10117 713
internal_count=168960 157638 5449 5022 152189 126016 3278 1702 230 1472 122738 102768 19970 14279 5691 7948 3803 1803 26173 421 94820 25763 4642 869 427 410 164 131 21121 4182 16939 3773 311 264 116 130 1219 262 66 47 11322 1576 297 1279 246 399 288 196 134 2000 66 1934 188 139 94 957 283 46 10923 806 10117 713
is_linear=0
shrinkage=0.05


Tree=117
num_leaves=63
num_cat=0
split_feature=0 3 13 13 0 15 16 0 5 11 16 16 3 4 11 10 11 3 11 13 6 0 3 5 11 10 10 3 0 6 11 3 16 13 7 10 16 13 16 3 12 3 10 15 11 3 3 13 13 15 13 16 12 12 13 3 10 13 11 15 0 12
split_gain=2.17222e+07 4.30128e+07 7.93519e+07 4.23295e+07 5.32449e+07 3.03841e+07 5.73014e+07 3.27064e+07 2.99481e+07 4.50995e+07 1.13866e+08 4.20873e+07 3.16975e+07 7.9176e+07 7.70295e+07 2.90501e+07 2.84643e+07 8.74089e+07 3.93112e+07 2.65941e+07 2.63432e+07 2.34922e+07 2.26718e+07 4.2269e+07 5.16763e+07 3.31509e+07 3.18092e+07 3.00115e+07 2.78973e+07 7.99999e+07 1.18008e+08 1.6346e+08 6.95691e+07 7.00255e+07 5.375e+07 5.97202e+07 5.10142e+07 5.85773e+07 4.27294e+07 5.90884e+07 5.01742e+07 3.60141e+07 7.75231e+07 6.16274e+07 4.3546e+07 4.10814e+07 3.41445e+07 3.3941e+07 3.01007e+07 3.68539e+07 2.79074e+07 2.74512e+07 4.25658e+07 2.19567e+07 4.06641e+07 2.75196e+07 1.96611e+07 1.8797e+07 1.82006e+07 1.59379e+07 1.49462e+07 1.47041e+07
threshold=73.500000000000014 293.50000000000006 1.0000000180025095e-35 5307.9257483933907 79.500000000000014 4822.9514807727619 22.950000000000003 78.500000000000014 2021.5000000000002 6510.1000000000013 18.150000000000002 32.250000000000007 259.50000000000006 8.5000000000000018 3821.3100000000009 10421.575000000003 17561.605000000003 294.50000000000006 12000.005000000003 4616.0243041607218 1.0000000180025095e-35 75.500000000000014 344.50000000000006 2022.5000000000002 3798.4150000000004 8866.5700000000015 8300.0150000000012 364.50000000000006 31.500000000000004 1.0000000180025095e-35 14498.490000000002 281.50000000000006 35.250000000000007 2016.5978563942181 1.0000000180025095e-35 5090.9250000000011 8.8500000000000032 689.22667650815549 36.850000000000001 261.50000000000006 7704.1435714285717 290.50000000000006 6500.0950000000012 2787.8125585230523 4657.0250000000005 277.50000000000006 88.500000000000014 1410.2391173201731 1682.9250682454488 1175.387725746283 1438.7219988110621 16.950000000000003 5279.4557142857157 8191.7185714285724 1904.9672242190491 361.50000000000006 4500.005000000001 2083.7374764770962 17561.605000000003 1709.9923300013015 29.500000000000004 4055.5214285714287
decision_type=2 2 2 2 2 2 2 2 2 2 2 2 2 2 2 2 2 2 2 2 2 2 2 2 2 2 2 2 2 2 2 2 2 2 2 2 2 2 2 2 2 2 2 2 2 2 2 2 2 2 2 2 2 2 2 2 2 2 2 2 2 2
left_child=22 3 -3 5 -5 8 -7 15 12 10 -10 -11 13 -2 -14 -8 18 -18 19 21 -9 -4 28 53 26 51 61 60 32 34 36 -32 41 48 38 46 50 -38 39 -30 -40 43 59 45 -45 -1 -36 -44 49 -34 -31 56 -53 -24 -55 -56 -26 -37 -6 -43 -27 -25
right_child=1 2 16 4 58 6 7 20 9 11 -12 -13 14 -15 -16 -17 17 -19 -20 -21 -22 -23 23 24 25 27 -28 -29 29 30 31 -33 33 -35 35 57 37 -39 40 -41 -42 42 47 44 -46 -47 -48 -49 -50 -51 -52 52 -54 54 55 -57 -58 -59 -60 -61 -62 -63
leaf_value=-0.20258742408323185 -0.14563436705046548 -78.811446114708403 7.9270880573200673 86.175153279160014 43.356242718505861 91.376767807006843 80.836813732328878 8.8795654803653097 -1.5890409549750331 -2.1786589410223214 10.576392013101968 3.9561729697808476 -3.5869127055465166 -17.858314279047814 21.61657850035391 17.628902720221159 37.697726030764379 -89.690420876705289 48.122825872470173 -45.084179499944057 -37.692207497130049 -2.9018114064179339 -0.46545689920419059 3.2637466013736347 -1.9686209461300874 -28.618142359806939 -53.453676188786829 64.78858723144532 -1.7629429581970451 9.5149933287134321 -142.51643138249716 13.710433599948884 2.4232388176624036 37.11040671402948 -19.90314841834461 -16.645361589104066 -2.0553626145810751 -7.9845918161799974 3.7125026893099786 2.7404239893440554 -12.453296081434743 -1.0425091965352911 -25.595064984873723 -3.0613994997004941 10.260098462823748 7.6464071209307383 -1.6937330569603262 -83.021847711450917 -39.127022632053922 24.537033202836639 48.676057478048037 33.567800959481133 125.05935721261163 32.382153401094321 6.844996204111311 -57.582804215749107 38.355284328059611 -40.103103626080923 -9.4930115906735679 -6.4820392638033955 11.229099084063183 28.388920600106641
leaf_weight=39780 10559 33 546 32 24 23 20 85 3231 5886 4751 5323 706 670 530 144 22 32 38 35 46 5938 4525 967 42 25 23 24 25958 202 35 31 739 227 293 226 13780 5970 10961 10124 501 5495 113 802 2603 1739 2072 33 34 252 58 35 20 135 53 23 106 139 46 1783 251 61
leaf_count=39780 10559 33 546 32 24 23 20 85 3231 5886 4751 5323 706 670 530 144 22 32 38 35 46 5938 4525 967 42 25 23 24 25958 202 35 31 739 227 293 226 13780 5970 10961 10124 501 5495 113 802 2603 1739 2072 33 34 252 58 35 20 135 53 23 106 139 46 1783 251 61
internal_value=0.000666081 1.04041 -2.62096 1.79887 33.8011 1.69572 17.0499 10.9658 1.54095 2.78033 5.65242 0.734781 -0.367269 -1.20399 7.22914 25.7804 -2.22878 -38.0497 -1.92802 -2.22711 -7.6355 -1.98886 -0.308454 2.61976 9.77233 22.9354 3.45678 12.3102 -0.45707 -1.11182 -3.77992 -70.0277 0.402291 12.0453 -0.0463078 -6.86766 -3.55792 -3.84795 0.345514 -0.499333 3.00488 0.123602 -3.10225 0.656752 7.12243 0.126339 -3.95716 -39.0516 6.46357 8.0656 18.404 38.5003 68.4766 0.271259 15.9982 -13.1474 26.9756 -25.6638 8.98211 -2.37582 7.52945 4.78078
internal_weight=168960 38720 6644 32076 102 31974 318 295 31656 19191 7982 11209 12465 11229 1236 164 6611 54 6557 6519 131 6484 130240 6290 1554 503 1051 300 123950 70350 20076 66 53600 1252 50274 2730 20010 19750 47544 36082 11462 52348 7424 44924 3405 41519 2365 146 1025 991 260 203 55 4736 211 76 148 365 70 7278 276 1028
internal_count=168960 38720 6644 32076 102 31974 318 295 31656 19191 7982 11209 12465 11229 1236 164 6611 54 6557 6519 131 6484 130240 6290 1554 503 1051 300 123950 70350 20076 66 53600 1252 50274 2730 20010 19750 47544 36082 11462 52348 7424 44924 3405 41519 2365 146 1025 991 260 203 55 4736 211 76 148 365 70 7278 276 1028
is_linear=0
shrinkage=0.05


Tree=118
num_leaves=63
num_cat=0
split_feature=17 2 0 10 11 14 16 3 11 0 16 11 13 3 3 3 10 10 14 16 11 0 16 10 16 17 11 10 2 12 16 11 10 12 3 3 3 13 12 13 2 16 3 17 14 11 3 12 16 0 10 3 14 17 3 15 16 3 3 3 17 13
split_gain=2.02993e+07 7.26267e+07 7.20038e+07 7.67854e+07 8.26073e+07 1.61605e+08 1.0499e+08 1.40599e+08 7.64577e+07 6.013e+07 5.74632e+07 6.87998e+07 5.21036e+07 4.41565e+07 9.33992e+07 9.25972e+07 3.29044e+08 1.29925e+08 1.83358e+08 7.02707e+07 7.36198e+07 6.50761e+07 6.42753e+07 5.10003e+07 1.20479e+08 8.91611e+07 5.6703e+07 4.99131e+07 6.20654e+07 6.2026e+07 4.24169e+07 6.57974e+07 1.89493e+08 4.12271e+07 4.09141e+07 8.05439e+07 7.60442e+07 1.24619e+08 7.17299e+07 6.14302e+07 2.7011e+08 8.30052e+07 8.07463e+07 4.15485e+07 4.0216e+07 6.3953e+07 4.84339e+07 4.41346e+07 3.91162e+07 5.59779e+07 3.8096e+07 3.53329e+07 3.51437e+07 3.51033e+07 7.05539e+07 1.17575e+08 7.04763e+07 9.26113e+07 9.23045e+07 6.02322e+07 3.44544e+07 4.69787e+07
threshold=31.150000000000002 1.0000000180025095e-35 29.500000000000004 3648.6000000000008 6695.1950000000006 5929.2511666666678 27.750000000000004 276.50000000000006 3869.3800000000006 10.500000000000002 20.950000000000003 9500.9550000000017 3633.0448536059257 110.50000000000001 184.50000000000003 180.50000000000003 11194.045000000002 5090.9250000000011 8529.4688333333343 33.95000000000001 17561.605000000003 81.500000000000014 18.150000000000002 12000.005000000003 33.150000000000013 28.850000000000005 10000.005000000003 10000.005000000003 2.5000000000000004 10000.04642857143 28.750000000000004 7999.9550000000008 9999.3950000000023 14389.699285714289 190.50000000000003 283.50000000000006 277.50000000000006 654.71870967755967 12000.380714285717 2727.6090544262547 1.5000000000000002 34.550000000000004 100.50000000000001 37.750000000000007 11520.822833333337 7700.7250000000013 128.50000000000003 5332.3700000000017 22.350000000000005 28.500000000000004 14498.490000000002 86.500000000000014 9381.2628333333359 29.250000000000004 243.50000000000003 2132.8815130247858 30.150000000000002 232.50000000000003 206.50000000000003 259.50000000000006 34.550000000000004 484.25569984825057
decision_type=2 2 2 2 2 2 2 2 2 2 2 2 2 2 2 2 2 2 2 2 2 2 2 2 2 2 2 2 2 2 2 2 2 2 2 2 2 2 2 2 2 2 2 2 2 2 2 2 2 2 2 2 2 2 2 2 2 2 2 2 2 2
left_child=13 2 12 52 5 -5 51 -8 -7 10 11 -3 44 19 15 22 17 21 -19 20 30 -17 -15 53 25 -25 -27 29 -29 -24 -1 -32 -33 60 39 36 38 -38 -36 -11 42 -42 -41 -37 45 47 -46 -2 -22 -50 -51 -6 -4 56 55 -55 57 -16 -58 -56 -12 -62
right_child=1 9 3 4 6 8 7 -9 -10 34 33 -13 -14 14 23 16 -18 18 -20 -21 48 -23 27 24 -26 26 -28 28 -30 -31 31 32 -34 -35 35 43 37 -39 -40 40 41 -43 -44 -45 46 -47 -48 -49 49 50 -52 -53 -54 54 59 -57 58 -59 -60 -61 61 -63
leaf_value=0.5483088852946697 -1.4347642912535563 -11.023523591100307 3.3570056541113029 12.544402825767035 -68.409492832632623 126.84743259006075 7.7242021286808642 73.119962460863732 47.80816800236186 -1.1139196641007223 4.8458685893513405 -108.32879109700521 -69.788748786290498 -84.673275097656258 30.638608069741789 -9.1969357326067698 -194.10461692527488 -131.93372881583448 -23.234263411212609 -77.006640129089362 9.2676242891947425 74.663933512369795 -4.8746629072673331 -67.501757116699224 -93.769395715395603 -19.372833256676088 32.354981450232394 49.064194546950489 -0.65176424708417668 -56.909766495145597 4.2875719959219714 116.84065183568883 -13.113225457142974 70.714823803710942 1.8869690084752513 -1.7665100312160444 -1.1750609957450042 25.785948067065313 62.493857775318389 -89.219327137187378 7.7770601672683943 -19.796350391656517 -31.599159463607347 -17.618817609083294 5.9993764160156253 25.103366559379459 -89.78894261064201 -22.694352904594066 125.4396693486753 65.664849649701807 -15.583478710937499 -14.005967790808265 45.859855440100851 1.0570099287370605 -8.1214102997744639 13.358984758330516 1.3590549987250333 -0.82153416563451476 -11.74499784191098 0.039207094250882785 0.68926841858605092 35.102499034498457
leaf_weight=38642 1331 137 6671 665 33 35 853 90 230 33149 3852 20 29 24 236 644 26 52 147 28 77 23 4616 49 47 104 106 94 185 57 290 53 58 24 13367 9116 800 922 48 117 782 418 129 432 24 192 28 298 22 34 24 253 48 10825 3037 2366 2164 18048 3544 8842 175 228
leaf_count=38642 1331 137 6671 665 33 35 853 90 230 33149 3852 20 29 24 236 644 26 52 147 28 77 23 4616 49 47 104 106 94 185 57 290 53 58 24 13367 9116 800 922 48 117 782 418 129 432 24 192 28 298 22 34 24 253 48 10825 3037 2366 2164 18048 3544 8842 175 228
internal_value=0.000670534 0.617808 4.41309 6.3044 14.5054 25.7409 5.98938 14.0364 58.685 -0.0243674 5.58996 -24.0263 -4.41373 -0.486017 -1.39701 -7.36005 -22.186 -16.8065 -52.1558 0.796737 0.854274 -6.19773 -4.69842 -0.688096 -21.0039 -7.48943 6.76697 -4.29381 16.2138 -5.52141 0.716415 16.8741 49.426 6.68196 -0.444582 1.11043 3.37868 13.2671 2.10847 -1.55415 -11.6386 -1.83616 -59.2542 -2.48552 -3.36481 -2.11403 -46.2998 -5.33541 34.9157 59.1827 32.3505 -20.4998 3.66742 -0.56096 0.747388 3.2644 -1.92807 -0.41381 -6.77766 -2.04765 6.30426 20.1975
internal_weight=168960 74496 10780 8878 2159 930 1229 943 265 63716 4436 157 1902 94464 55236 5868 892 866 199 39228 39200 667 4976 49368 306 259 210 4952 279 4673 39043 401 111 4279 59280 24685 15137 1722 13415 34595 1446 1200 246 9548 1873 1821 52 1629 157 80 58 286 6719 49062 25070 13191 23992 18284 5708 11879 4255 403
internal_count=168960 74496 10780 8878 2159 930 1229 943 265 63716 4436 157 1902 94464 55236 5868 892 866 199 39228 39200 667 4976 49368 306 259 210 4952 279 4673 39043 401 111 4279 59280 24685 15137 1722 13415 34595 1446 1200 246 9548 1873 1821 52 1629 157 80 58 286 6719 49062 25070 13191 23992 18284 5708 11879 4255 403
is_linear=0
shrinkage=0.05


Tree=119
num_leaves=63
num_cat=0
split_feature=10 5 3 3 10 3 11 5 2 3 2 3 2 15 3 3 17 5 10 17 3 3 4 12 5 11 3 2 17 2 13 17 2 3 3 17 10 11 15 3 1 3 13 5 7 9 3 3 2 15 3 3 17 3 12 3 2 3 9 15 12 11
split_gain=2.00749e+07 1.95969e+07 2.54236e+07 7.34083e+07 8.38102e+07 2.44216e+08 1.265e+08 1.48583e+08 9.49245e+07 8.30851e+07 7.62399e+07 7.05534e+07 5.75854e+07 1.11423e+08 2.41003e+08 5.75338e+07 1.06839e+08 8.79813e+07 6.66078e+07 5.42039e+07 5.87701e+07 4.91292e+07 8.82656e+07 8.07009e+07 4.75178e+07 4.55381e+07 4.00585e+07 3.95737e+07 3.70351e+07 3.25985e+07 2.61706e+07 1.69083e+07 1.77817e+07 2.24533e+07 1.68449e+07 1.55093e+07 1.52011e+07 1.15012e+07 1.26092e+07 1.23044e+07 1.09873e+07 1.07231e+07 8.12822e+06 8.08603e+06 1.05928e+07 7.84539e+06 7.25821e+06 1.97936e+07 1.42049e+07 2.09543e+07 1.30017e+07 1.16872e+07 8.46916e+06 7.30033e+06 9.35456e+06 7.93973e+06 7.22751e+06 6.86642e+06 6.78256e+06 6.4657e+06 6.45368e+06 1.5153e+07
threshold=1699.6250000000002 2020.5000000000002 110.50000000000001 136.50000000000003 10421.575000000003 128.50000000000003 7500.6050000000005 2023.5000000000002 1.0000000180025095e-35 138.50000000000003 1.5000000000000002 96.500000000000014 1.5000000000000002 1950.4798305056713 94.500000000000014 98.500000000000014 28.050000000000004 2021.5000000000002 6070.9050000000007 29.650000000000002 190.50000000000003 94.500000000000014 3.5000000000000004 6121.9442857142867 2022.5000000000002 10421.575000000003 320.50000000000006 5.5000000000000009 32.150000000000013 1.0000000180025095e-35 1978.2539458453059 31.350000000000005 2.5000000000000004 235.50000000000003 213.50000000000003 36.550000000000004 3648.6000000000008 2691.3750000000005 900.24211784788429 196.50000000000003 7.5000000000000009 351.50000000000006 920.99757609943811 2023.5000000000002 1.0000000180025095e-35 1.0000000180025095e-35 234.50000000000003 223.50000000000003 4.5000000000000009 249.21128858531839 221.50000000000003 224.50000000000003 32.550000000000004 254.50000000000003 4077.263571428572 253.50000000000003 1.5000000000000002 201.50000000000003 1.0000000180025095e-35 840.0557379864739 3297.9271428571433 3821.3100000000009
decision_type=2 2 2 2 2 2 2 2 2 2 2 2 2 2 2 2 2 2 2 2 2 2 2 2 2 2 2 2 2 2 2 2 2 2 2 2 2 2 2 2 2 2 2 2 2 2 2 2 2 2 2 2 2 2 2 2 2 2 2 2 2 2
left_child=31 36 11 4 6 25 29 -8 -7 10 45 12 13 24 -15 27 18 -18 -17 26 -21 22 -14 -23 -3 -6 -11 28 -13 -4 -29 37 60 34 59 -12 46 38 43 -39 -40 42 -38 -1 -45 -5 47 50 51 -50 52 -49 -2 54 55 -48 -43 -41 -55 -34 -33 -62
right_child=1 2 3 9 5 8 7 -9 -10 19 35 15 21 14 -16 16 17 -19 -20 20 -22 23 -24 -25 -26 -27 -28 30 -30 -31 -32 32 33 -35 -36 -37 41 39 40 57 -42 56 -44 44 -46 -47 53 48 49 -51 -52 -53 -54 58 -56 -57 -58 -59 -60 -61 61 -63
leaf_value=-4.3554998940374317 -1.9305681137805397 3.4583557653792627 5.6691420643172599 8.0160502238725257 29.316819453069474 -11.228636858904803 -28.882510956896887 2.0006214293486342 -133.25749776749385 -3.3346099765441055 35.275851630506764 36.250770252565985 2.1328153995520562 -8.8939692457882575 -88.699008366748544 -22.416544832127698 -5.8863999199820718 10.156036627664509 -115.0380385158373 -1.2645795998812421 2.2059795222726959 5.1356594830583733 -13.314206236642432 51.159101714578298 -4.0998707349504881 6.3004810670474312 0.90743353674974969 3.4567444875993227 12.679204569962547 -4.4884497039641564 -58.521289423162301 5.4556314030148938 -1.7557474809469178 -20.711807239639516 29.685615287159766 16.056011077750544 -6.7660247169137904 3.8054698577880859 -4.4715782647255145 -31.642173790267755 33.202501823229674 -11.506807082908741 -26.765770180180393 -11.354815806463279 -48.26184409401634 -9.4202516266476817 2.8541503540514133 -23.841261431847091 -49.958667538960782 -9.0749020947692216 12.275544846487827 -3.7755875778722428 0.23381899463849748 -2.0345500203055606 -27.15380389099121 18.035477849100975 6.8502917405282817 -14.708137103900256 0.68690195284135147 -30.462928350539432 -37.501907063188227 12.869177814299059
leaf_weight=904 11997 4708 918 96 255 26 1133 593 41 15099 320 312 24548 2141 98 130 1152 3304 22 18087 37462 350 960 130 3723 1345 8813 75 360 5625 21 825 300 195 42 160 1313 74 38 78 38 68 52 180 21 192 1627 80 47 92 182 704 7251 3568 24 90 240 268 6385 20 28 30
leaf_count=904 11997 4708 918 96 255 26 1133 593 41 15099 320 312 24548 2141 98 130 1152 3304 22 18087 37462 350 960 130 3723 1345 8813 75 360 5625 21 825 300 195 42 160 1313 74 38 78 38 68 52 180 21 192 1627 80 47 92 182 704 7251 3568 24 90 240 268 6385 20 28 30
internal_value=0.000554691 0.0743506 0.34879 -0.124642 -4.17841 6.0465 -6.2402 -18.277 -86.7646 0.377445 16.7334 1.3643 0.579759 -2.51285 -12.425 6.71288 4.59888 6.00823 -36.4866 0.219154 1.07595 1.84955 1.55096 17.6808 0.120668 9.98473 -1.77119 19.3744 23.6608 -3.06266 -10.5644 -4.0245 -0.0926395 -7.08107 0.298264 28.9159 -1.00157 -7.55869 -5.02387 -14.6575 14.552 -5.64647 -7.54696 -6.38221 -15.4306 -3.60051 -0.758912 -1.32926 -8.47936 -23.157 -0.989186 -5.85087 -1.11524 0.233791 3.21983 3.65995 2.77329 -18.6058 -0.288803 -3.63927 4.31871 -11.6713
internal_weight=168960 165919 132199 90165 9936 1667 8269 1726 67 80229 768 42034 36658 10670 2239 5376 4608 4456 152 79461 55549 25988 25508 480 8431 1600 23912 768 672 6543 96 3041 1440 557 362 480 33720 1601 1181 420 76 1673 1365 1105 201 288 32047 20353 923 139 19430 784 19248 11694 1741 1717 308 346 9953 320 883 58
internal_count=168960 165919 132199 90165 9936 1667 8269 1726 67 80229 768 42034 36658 10670 2239 5376 4608 4456 152 79461 55549 25988 25508 480 8431 1600 23912 768 672 6543 96 3041 1440 557 362 480 33720 1601 1181 420 76 1673 1365 1105 201 288 32047 20353 923 139 19430 784 19248 11694 1741 1717 308 346 9953 320 883 58
is_linear=0
shrinkage=0.05


Tree=120
num_leaves=63
num_cat=0
split_feature=0 3 13 13 0 11 3 11 15 16 13 2 7 3 0 15 17 2 17 2 3 13 3 5 3 3 3 0 2 11 0 17 11 11 3 2 13 3 17 3 12 3 3 5 3 3 2 13 12 3 2 11 3 12 11 13 16 11 17 3 5 3
split_gain=1.88956e+07 3.76846e+07 7.1899e+07 3.73295e+07 4.80738e+07 2.64496e+07 7.90053e+07 3.52287e+07 2.61184e+07 5.27643e+07 2.97826e+07 1.06552e+08 1.75546e+08 1.05756e+08 2.85334e+07 2.76469e+07 2.96389e+07 2.53719e+07 2.52938e+07 2.47648e+07 2.39523e+07 2.34936e+07 2.17941e+07 2.15984e+07 5.25412e+07 1.20514e+08 9.10844e+07 1.15386e+08 6.42448e+07 1.12815e+08 6.21061e+07 6.81177e+07 7.73202e+07 6.05489e+07 5.68968e+07 5.24453e+07 4.84519e+07 9.23001e+07 3.85122e+07 3.75816e+07 4.49841e+07 3.66184e+07 1.28442e+08 2.59679e+08 1.37177e+08 1.27474e+08 1.31291e+08 9.6289e+07 8.08346e+07 8.32648e+07 6.67733e+07 6.61016e+07 6.60686e+07 1.68792e+08 8.29762e+07 1.26881e+08 6.27558e+07 8.66358e+07 6.3095e+07 5.84294e+07 1.63456e+08 1.27e+08
threshold=73.500000000000014 293.50000000000006 1.0000000180025095e-35 5307.9257483933907 78.500000000000014 17561.605000000003 294.50000000000006 12000.005000000003 4822.9514807727619 22.950000000000003 3079.2856815687096 3.5000000000000004 1.0000000180025095e-35 86.500000000000014 78.500000000000014 2269.1034591405028 30.150000000000002 1.5000000000000002 30.350000000000005 4.5000000000000009 279.50000000000006 5307.9257483933907 297.50000000000006 2023.5000000000002 214.50000000000003 210.50000000000003 215.50000000000003 23.500000000000004 2.5000000000000004 4300.4050000000007 6.5000000000000009 27.850000000000005 4700.7250000000013 3899.4450000000002 92.500000000000014 1.0000000180025095e-35 802.03368720352023 30.500000000000004 31.350000000000005 254.50000000000003 7122.073571428572 215.50000000000003 246.50000000000003 2022.5000000000002 260.50000000000006 243.50000000000003 4.5000000000000009 1473.9078922695489 5332.3700000000017 237.50000000000003 2.5000000000000004 4600.1450000000013 166.50000000000003 8062.363571428572 11194.045000000002 1530.0022630092851 33.650000000000013 8520.0550000000021 32.150000000000013 263.50000000000006 2022.5000000000002 266.50000000000006
decision_type=2 2 2 2 2 2 2 2 2 2 2 2 2 2 2 2 2 2 2 2 2 2 2 2 2 2 2 2 2 2 2 2 2 2 2 2 2 2 2 2 2 2 2 2 2 2 2 2 2 2 2 2 2 2 2 2 2 2 2 2 2 2
left_child=23 3 -3 8 -5 7 -7 21 10 -10 15 13 -13 -12 18 17 -17 -2 -11 -16 -6 22 -4 41 25 30 27 -26 39 -30 31 34 -33 -27 -25 -35 -32 -38 -31 40 -28 52 43 48 47 46 -45 -44 49 -43 -50 -47 -1 54 55 -54 57 -55 -58 60 -46 -61
right_child=1 2 5 4 20 6 -8 -9 9 14 11 12 -14 -15 19 16 -18 -19 -20 -21 -22 -23 -24 24 26 33 28 -29 29 38 36 32 -34 35 -36 -37 37 -39 -40 -41 -42 42 44 45 59 51 -48 -49 50 -51 -52 -53 53 56 -56 -57 58 -59 -60 61 -62 -63
leaf_value=0.11675699517280916 -1.7516058427907553 -74.981277382233571 -14.059691608246716 92.107753811645523 52.702086666870116 35.414081702854325 -85.7052460127166 45.586938212957143 87.139402211507161 -27.837098744710286 32.955949529672601 20.014629543025791 -114.11425027187055 -30.221692278226222 8.6225078207947501 -0.25403587154388635 6.5450611080035035 1.9073985755442167 31.137460832398514 -36.532434640437998 -6.3957219266024508 -49.512424245981073 -1.1973597425778222 0.16166765849726383 -147.90977070312499 16.813130442372994 -4.2812555345454069 -15.971653252395928 -6.0770566110977633 -45.921122095104984 -0.01666202952921397 51.369455451511207 11.395486506545026 -0.17448723088140075 -68.252713117599498 89.130414885300866 14.077125899316423 -9.8179846432544764 -13.357515881260236 5.8999379575099198 -73.405493081410725 -0.19766122563479505 -4.1731941915136828 25.020722531838487 25.884840116393622 96.881735126334178 -2.832761753987 -21.341276780882513 -37.422323203690709 13.012198147006652 -2.4032422919513916 37.94080933415033 -1.9444223838243642 -97.285424313931856 47.295187230168324 -21.88555248600294 13.300057525224586 -31.94918534908976 -63.914814230429158 -18.116605794407658 -23.574355385755212 1.065447312059026
leaf_weight=48618 6616 33 347 24 24 22 32 38 23 20 76 396 25 479 85 2352 5031 16681 144 46 54 25 6147 604 24 210 1235 50 3452 253 10471 146 689 22 31 64 463 3136 143 1628 23 4723 3026 1480 666 70 592 1118 228 1595 336 152 13207 73 81 848 92 167 36 888 222 29378
leaf_count=48618 6616 33 347 24 24 22 32 38 23 20 76 396 25 479 85 2352 5031 16681 144 46 54 25 6147 604 24 210 1235 50 3452 253 10471 146 689 22 31 64 463 3136 143 1628 23 4723 3026 1480 666 70 592 1118 228 1595 336 152 13207 73 81 848 92 167 36 888 222 29378
internal_value=0.00037288 0.970116 -2.45699 1.68004 31.7328 -2.08369 -36.6135 -1.79378 1.58318 15.8188 1.43968 -7.15452 11.7982 -21.5266 9.98263 1.7133 4.37933 0.868265 23.8203 -7.39003 12.2251 -2.07691 -1.8867 -0.287934 -1.69145 -0.11219 -5.3644 -60.164 -4.75336 -8.98195 -0.715127 9.06045 18.438 31.4378 -3.2803 66.5455 -1.73703 -6.7409 -34.2253 0.885911 -5.60236 0.00745459 1.10634 6.37611 -0.263717 20.9409 17.0651 -8.80896 1.51883 3.13874 -16.6011 56.8769 -0.766796 -3.72831 -2.85666 -3.14903 -37.1126 -52.1435 -8.7437 0.873189 13.5074 0.502069
internal_weight=168960 38720 6644 32076 102 6611 54 6557 31974 318 31656 976 421 555 295 30680 7383 23297 164 131 78 6519 6494 130240 22644 15836 6808 74 6734 3848 15540 1470 835 296 635 86 14070 3599 396 2886 1258 107596 44474 9176 35298 2294 2072 4144 6882 6318 564 222 63122 14504 14136 14055 368 240 128 31154 888 30266
internal_count=168960 38720 6644 32076 102 6611 54 6557 31974 318 31656 976 421 555 295 30680 7383 23297 164 131 78 6519 6494 130240 22644 15836 6808 74 6734 3848 15540 1470 835 296 635 86 14070 3599 396 2886 1258 107596 44474 9176 35298 2294 2072 4144 6882 6318 564 222 63122 14504 14136 14055 368 240 128 31154 888 30266
is_linear=0
shrinkage=0.05


Tree=121
num_leaves=63
num_cat=0
split_feature=5 3 10 3 4 5 10 11 3 10 3 3 11 10 10 3 16 10 3 0 10 0 2 16 3 3 3 3 16 2 3 13 0 3 13 15 2 5 10 3 9 16 10 2 2 3 2 13 2 3 3 5 3 5 3 15 3 3 15 11 16 16
split_gain=1.86299e+07 4.80687e+07 1.54522e+08 7.82104e+07 1.73602e+08 2.4947e+08 2.98849e+08 2.24529e+08 1.08205e+08 1.90344e+08 2.61804e+08 1.4763e+08 3.40088e+08 7.14321e+07 6.63288e+07 5.64785e+07 5.54836e+07 6.72929e+07 5.05624e+07 4.99037e+07 4.94547e+07 5.02154e+07 5.40776e+07 7.36992e+07 4.78035e+07 1.39819e+08 1.26301e+08 9.74994e+07 7.95254e+07 8.57242e+07 1.11251e+08 9.65402e+07 6.92254e+07 6.72843e+07 6.47257e+07 5.60781e+07 6.00048e+07 9.34577e+07 5.60786e+07 7.3695e+07 5.03107e+07 1.3152e+08 1.14189e+08 1.12968e+08 7.47963e+07 6.61295e+07 6.52059e+07 2.60825e+08 8.50512e+07 6.46566e+07 6.3445e+07 6.10091e+07 5.03069e+07 9.57108e+07 5.86613e+07 4.456e+07 4.14491e+07 4.0441e+07 4.03373e+07 3.6786e+07 3.48019e+07 3.40375e+07
threshold=2021.5000000000002 213.50000000000003 8300.0150000000012 285.50000000000006 9.5000000000000018 2020.5000000000002 14498.490000000002 3600.7950000000005 242.50000000000003 4750.5750000000007 245.50000000000003 237.50000000000003 3279.6450000000004 4129.9250000000011 12000.005000000003 86.500000000000014 35.050000000000004 6500.0950000000012 259.50000000000006 78.500000000000014 4900.7350000000006 70.500000000000014 2.5000000000000004 27.950000000000003 246.50000000000003 239.50000000000003 261.50000000000006 264.50000000000006 27.450000000000003 2.5000000000000004 263.50000000000006 2448.9558273429943 71.500000000000014 344.50000000000006 1602.2398703389533 1239.5702256759334 5.5000000000000009 2023.5000000000002 9000.7350000000024 242.50000000000003 1.0000000180025095e-35 35.250000000000007 9999.3950000000023 1.0000000180025095e-35 1.0000000180025095e-35 219.50000000000003 1.5000000000000002 1181.6372607697024 5.5000000000000009 211.50000000000003 238.50000000000003 2022.5000000000002 266.50000000000006 2023.5000000000002 270.50000000000006 706.28570911826762 345.50000000000006 170.50000000000003 4534.1532565239222 9000.715000000002 36.650000000000013 39.45000000000001
decision_type=2 2 2 2 2 2 2 2 2 2 2 2 2 2 2 2 2 2 2 2 2 2 2 2 2 2 2 2 2 2 2 2 2 2 2 2 2 2 2 2 2 2 2 2 2 2 2 2 2 2 2 2 2 2 2 2 2 2 2 2 2 2
left_child=1 2 13 4 8 -6 7 -7 11 18 -11 14 -13 -1 -3 -15 17 -17 -10 -8 -5 22 23 -22 25 40 34 28 32 30 -30 -31 -28 52 -26 -27 38 -38 39 -37 41 44 49 45 57 51 47 -45 -48 -43 -46 -42 53 -29 -54 -35 58 -2 -23 -44 -18 -36
right_child=24 3 -4 20 5 6 19 -9 9 10 -12 12 -14 15 -16 16 60 -19 -20 -21 21 56 -24 -25 26 35 27 33 29 31 -32 -33 -34 55 61 36 37 -39 -40 -41 43 42 59 46 50 -47 48 -49 -50 -51 -52 -53 54 -55 -56 -57 -58 -59 -60 -61 -62 -63
leaf_value=-0.92421472039427399 -1.8367759512154942 3.0942785485413058 -72.056412172562034 -0.61081606380989739 -1.0625710689934815 13.235453445862488 6.5634404305483676 70.234636018672006 -4.1889837701562271 -80.20742500726567 -11.486523471643402 -0.10211689429884328 60.677118079406434 -2.8163709032647111 -59.297866393688118 -16.366579296361206 15.449592197571484 -56.645065899504381 5.7651814459672561 -35.922171515570753 -26.138193153961033 20.767262887021328 -10.072560336271922 -100.66041155028343 -4.9906315883792161 2.7832584755691689 24.159612011764903 -30.643374501860762 11.725075447200149 24.651242011246474 -47.277400753375183 117.59144125938415 136.1518210571289 1.5894864134074771 -16.076315995814436 10.822041447788921 65.876868808409753 -32.108176781972254 4.4050051613420198 45.922061566815657 14.504301764089611 38.31686685544102 35.254678140288419 0.89981688289126094 2.9715072903350652 -11.385853506380123 0.97103682967759897 -20.731656361071778 -5.382959854780756 106.79180996348219 52.456030149019682 3.8222776964898957 9.6578400696900655 12.522900310180349 -1.9824408184703257 12.665961982134803 -29.413659436316721 -14.776717240880778 -5.8818212978554314 1.7504254767135601 -15.133649159020294 -48.455320582914368
leaf_weight=36279 2348 4566 77 13979 1056 264 297 502 2859 171 716 579 381 2203 42 1177 209 113 2302 89 203 234 539 39 2951 709 32 384 452 229 96 31 24 2652 1283 334 135 29 538 271 1984 237 102 4513 18940 512 26176 2015 6592 40 64 4096 1152 192 17664 1380 104 812 358 401 166 86
leaf_count=36279 2348 4566 77 13979 1056 264 297 502 2859 171 716 579 381 2203 42 1177 209 113 2302 89 203 234 539 39 2951 709 32 384 452 229 96 31 24 2652 1283 334 135 29 538 271 1984 237 102 4513 18940 512 26176 2015 6592 40 64 4096 1152 192 17664 1380 104 812 358 401 166 86
internal_value=0.000268014 -0.627777 -1.74962 0.913386 3.64568 16.494 32.5744 50.6329 1.20224 -3.42781 -24.8103 6.23113 24.0577 -1.61298 2.51286 -8.07122 -15.0182 -19.936 0.251204 -3.29996 -1.53049 -10.2284 -18.923 -38.5128 0.439174 1.13574 -1.28586 0.115396 16.6004 12.5566 1.32158 36.1407 73.7029 -0.49334 -9.16222 14.1114 20.2496 48.4606 16.163 26.5944 0.755501 2.66715 22.8333 -0.200359 1.95646 5.85621 -1.21649 -5.77933 -0.307334 48.5535 3.14091 7.3098 -1.71531 -16.2578 -1.26929 5.38274 -0.458682 -5.16547 4.66902 8.60101 1.90715 -18.1442
internal_weight=168960 69504 40224 29280 13824 2208 1152 766 11616 6048 887 5568 960 40147 4608 3868 1665 1290 5161 386 15456 1477 781 242 99456 70848 28608 24288 864 808 548 260 56 23424 4320 2016 1307 164 1143 605 68832 22944 780 45888 22164 6592 39296 6528 32768 277 19004 6080 19392 576 18816 4032 696 3160 592 503 375 1369
internal_count=168960 69504 40224 29280 13824 2208 1152 766 11616 6048 887 5568 960 40147 4608 3868 1665 1290 5161 386 15456 1477 781 242 99456 70848 28608 24288 864 808 548 260 56 23424 4320 2016 1307 164 1143 605 68832 22944 780 45888 22164 6592 39296 6528 32768 277 19004 6080 19392 576 18816 4032 696 3160 592 503 375 1369
is_linear=0
shrinkage=0.05


Tree=122
num_leaves=63
num_cat=0
split_feature=14 3 11 3 3 10 10 10 14 3 3 3 3 10 10 3 3 3 14 2 10 14 10 10 3 11 3 10 2 3 15 2 11 3 9 0 2 10 10 3 16 16 14 14 10 2 3 14 2 14 10 3 11 16 11 15 2 15 16 2 11 0
split_gain=1.953e+07 2.03138e+07 4.04781e+07 3.11547e+07 1.35106e+08 1.19154e+08 9.74215e+07 1.05027e+08 7.03408e+07 4.4112e+07 1.55247e+08 1.78414e+08 1.25025e+08 7.59421e+07 5.63069e+07 4.30152e+07 2.76378e+07 2.69651e+07 5.29348e+07 7.61145e+07 1.82095e+08 4.39104e+07 2.99172e+07 2.75227e+07 6.61009e+07 2.55049e+07 2.47121e+07 2.28782e+07 3.89235e+07 2.0775e+07 6.111e+07 5.57848e+07 1.78606e+07 1.73345e+07 1.59207e+07 1.50282e+07 2.46896e+07 2.31139e+07 1.46818e+07 1.70467e+07 1.28932e+07 1.28096e+07 1.20281e+07 1.9268e+07 1.74579e+07 1.03794e+07 8.8529e+06 3.60419e+07 1.57071e+07 8.65128e+06 8.33436e+06 6.18194e+06 9.48269e+06 7.30247e+06 6.00741e+06 6.62609e+06 5.20392e+06 5.12921e+06 4.91351e+06 8.69843e+06 5.71554e+06 5.05524e+06
threshold=2216.7585000000004 349.50000000000006 6999.6950000000006 284.50000000000006 277.50000000000006 3999.5350000000003 9999.3950000000023 5013.1600000000008 3983.8450000000003 246.50000000000003 227.50000000000003 229.50000000000003 255.50000000000003 8866.5700000000015 2973.9800000000005 110.50000000000001 360.50000000000006 299.50000000000006 12047.878166666667 1.5000000000000002 14498.490000000002 12047.878166666667 6695.4150000000009 4839.6150000000007 293.50000000000006 11194.045000000002 361.50000000000006 4975.7650000000003 4.5000000000000009 359.50000000000006 1099.121412184352 1.5000000000000002 4154.4700000000012 295.50000000000006 1.0000000180025095e-35 29.500000000000004 4.5000000000000009 9000.7350000000024 7000.6650000000009 352.50000000000006 14.350000000000003 6.4500000000000011 7918.8983333333335 8357.4101666666666 8520.1650000000027 2.5000000000000004 278.50000000000006 4578.8211666666675 5.5000000000000009 4426.2576666666673 1000.4250000000001 233.50000000000003 2250.0000000000005 35.45000000000001 2996.0050000000006 651.57963309935292 1.0000000180025095e-35 2567.6281353571862 41.050000000000004 2.5000000000000004 1088.1800000000003 44.500000000000007
decision_type=2 2 2 2 2 2 2 2 2 2 2 2 2 2 2 2 2 2 2 2 2 2 2 2 2 2 2 2 2 2 2 2 2 2 2 2 2 2 2 2 2 2 2 2 2 2 2 2 2 2 2 2 2 2 2 2 2 2 2 2 2 2
left_child=50 3 26 4 9 46 7 -7 -8 10 15 -12 14 -14 -11 -2 38 18 23 -20 -21 25 -23 33 -25 34 29 -28 49 42 40 -32 -30 -5 -19 -18 37 -37 39 -4 -31 -40 44 -44 -3 -27 47 -6 -48 -29 51 52 -1 -53 58 -56 -43 -38 60 -60 61 -52
right_child=1 2 16 17 5 6 8 -9 -10 12 11 -13 13 -15 -16 -17 35 21 19 20 -22 22 -24 24 -26 45 27 28 32 30 31 -33 -34 -35 -36 36 57 -39 41 -41 -42 56 43 -45 -46 -47 48 -49 -50 -51 54 53 -54 -55 55 -57 -58 -59 59 -61 -62 -63
leaf_value=2.9839764583193022 0.97380336995288208 2.3888216232338961 17.628170216257981 -0.80036925534530623 -0.147380174025565 11.371574796768105 -46.320904942265265 49.560521696336522 12.332533719748199 -0.15976855771023768 28.229441920460825 4.4673276322551851 1.9131287255073737 -12.308409072305047 -13.716857443505326 -1.0978655183421635 -32.290559061490576 -2.6610168924166762 -26.913274228739187 165.25326844435472 6.7146410007164121 -16.03867984977423 -83.466400936889656 -4.9712880675459452 -27.70710008125679 -1.2433812109629314 -1.5761953562035593 -56.28931833009463 -18.807728503191914 1.1790816254760974 128.0062062000093 14.568307634989422 34.76630940617742 -6.9618977784911849 0.46867787598021105 -34.147661838309709 40.799962328397314 7.3149494280753204 47.026019834630631 62.024570001983648 17.218625127026012 37.363772960844493 57.24913459472657 -5.9295814482371014 -17.06854614075025 38.208953856150309 -3.5386547021027286 47.154866984571733 14.758203067087946 -27.150861240830086 -1.3166897563647508 -8.1319132933345184 -22.661780086060368 -29.881876249909403 -34.504416399355293 -6.6044681605384472 10.896608663100364 10.863231369365344 11.985255468395023 -2.470823809569664 -1.645669904971605 -14.403157954066993
leaf_weight=144 47830 2936 40 3463 226 317 53 418 965 1043 882 7503 8927 1048 2882 52623 25 5929 42 25 60 50 24 1480 407 23 972 36 26 311 20 23 36 1702 12909 42 51 153 33 49 209 20 24 23 119 59 1121 48 130 98 132 100 47 63 26 104 182 21 179 246 10114 167
leaf_count=144 47830 2936 40 3463 226 317 53 418 965 1043 882 7503 8927 1048 2882 52623 25 5929 42 25 60 50 24 1480 407 23 972 36 26 311 20 23 36 1702 12909 42 51 153 33 49 209 20 24 23 119 59 1121 48 130 98 132 100 47 63 26 104 182 21 179 246 10114 167
internal_value=0.00030475 0.144376 3.14372 0.0369664 0.362997 10.3794 19.2668 33.1278 9.2364 0.0954035 0.434158 6.96988 -2.55691 0.417892 -10.1153 -0.111455 15.2039 -1.53274 -4.14299 27.7258 54.7231 -0.545993 -38.7285 -4.72077 -9.88717 -0.394614 1.60374 -4.7269 -20.2645 3.62199 12.4496 69.0403 12.3578 -2.83171 -0.516439 4.02453 7.53264 -1.74409 25.2357 42.4888 7.64643 18.5492 2.01633 26.8524 1.62557 27.2613 0.157328 8.28047 -1.62703 -35.3381 -2.00545 -9.54608 -3.4119 -16.6693 -1.76122 -12.4053 13.6883 32.3369 -1.63242 3.63157 -1.84759 -8.64952
internal_weight=168960 157638 5449 152189 126016 3278 1753 735 1018 122738 108838 8385 13900 9975 3925 100453 616 26173 7179 127 85 18994 74 7052 1887 18920 4833 1168 196 3665 563 43 62 5165 18838 292 267 195 324 89 520 235 3102 47 3055 82 1525 274 1251 134 11322 354 191 163 10968 130 202 72 10838 425 10413 299
internal_count=168960 157638 5449 152189 126016 3278 1753 735 1018 122738 108838 8385 13900 9975 3925 100453 616 26173 7179 127 85 18994 74 7052 1887 18920 4833 1168 196 3665 563 43 62 5165 18838 292 267 195 324 89 520 235 3102 47 3055 82 1525 274 1251 134 11322 354 191 163 10968 130 202 72 10838 425 10413 299
is_linear=0
shrinkage=0.05


Tree=123
num_leaves=63
num_cat=0
split_feature=14 17 11 17 16 3 3 3 11 12 13 15 12 11 11 3 3 12 3 3 3 17 0 11 13 3 3 3 13 12 17 16 16 3 17 13 14 11 14 16 3 16 5 3 3 3 3 3 5 3 3 3 3 13 3 12 12 14 0 17 16 12
split_gain=1.96666e+07 3.91051e+07 3.04503e+07 2.73433e+07 6.08789e+07 5.64987e+07 5.45308e+07 5.1228e+07 7.19297e+07 4.63954e+07 3.49861e+07 3.02321e+07 7.93698e+07 3.43138e+07 2.65173e+07 5.32529e+07 1.95607e+08 8.29307e+07 6.76588e+07 4.61385e+07 4.57009e+07 5.26356e+07 4.88672e+07 4.45115e+07 4.36271e+07 3.35274e+07 1.09351e+08 6.88808e+07 3.10741e+07 3.06949e+07 2.96978e+07 2.84927e+07 2.82106e+07 4.19228e+07 2.74318e+07 2.34004e+07 2.94013e+07 2.45497e+07 1.94148e+07 1.86924e+07 1.85639e+07 1.8338e+07 1.79817e+07 4.03264e+07 1.82707e+08 6.26088e+07 6.03694e+07 6.01799e+07 3.86454e+07 4.71079e+07 1.63533e+08 8.78401e+07 4.17855e+07 8.02979e+07 5.90414e+07 2.51116e+07 2.00075e+07 1.73722e+07 1.30339e+07 1.27186e+07 1.14173e+07 7.12865e+06
threshold=8273.4223333333339 15.950000000000001 3225.6500000000005 26.350000000000005 24.050000000000004 318.50000000000006 32.500000000000007 291.50000000000006 10000.005000000003 7454.0864285714297 5307.9257483933907 4296.4042702189172 4531.7578571428576 5500.0550000000012 9999.3950000000023 146.50000000000003 144.50000000000003 14389.699285714289 136.50000000000003 112.50000000000001 244.50000000000003 29.250000000000004 66.500000000000014 12000.005000000003 1508.2885063353694 290.50000000000006 291.50000000000006 288.50000000000006 3633.0448536059257 10661.440714285716 35.150000000000013 35.250000000000007 33.850000000000001 206.50000000000003 29.650000000000002 5307.9257483933907 7345.4328333333351 4657.0250000000005 6440.3581666666678 32.750000000000007 88.500000000000014 17.950000000000003 2023.5000000000002 269.50000000000006 261.50000000000006 271.50000000000006 229.50000000000003 262.50000000000006 2021.5000000000002 166.50000000000003 182.50000000000003 42.500000000000007 213.50000000000003 1835.8318880717813 220.50000000000003 4661.4157142857157 8430.1342857142881 5669.3410000000013 85.500000000000014 33.650000000000013 29.150000000000002 5175.4728571428577
decision_type=2 2 2 2 2 2 2 2 2 2 2 2 2 2 2 2 2 2 2 2 2 2 2 2 2 2 2 2 2 2 2 2 2 2 2 2 2 2 2 2 2 2 2 2 2 2 2 2 2 2 2 2 2 2 2 2 2 2 2 2 2 2
left_child=14 -2 59 10 5 6 -5 9 -9 -6 11 13 -13 -4 35 16 17 18 19 -16 21 32 25 30 -18 27 -27 -22 31 -30 -23 -24 38 -34 -19 42 37 39 -17 -37 60 -7 48 44 46 55 -44 -46 52 51 -51 -50 53 -1 -54 -45 -47 -42 -20 61 -39 -3
right_child=1 2 3 4 7 41 -8 8 -10 -11 -12 12 -14 -15 15 20 24 34 58 -21 22 23 28 -25 -26 26 -28 -29 29 -31 -32 -33 33 -35 -36 36 -38 40 -40 -41 57 -43 43 45 47 56 -48 -49 49 50 -52 -53 54 -55 -56 -57 -58 -59 -60 -61 -62 -63
leaf_value=-1.5064036943552892 -57.542936479023524 -7.4231868153083616 -20.658951615209165 10.033497596748518 8.5912425702537867 4.1834928079609259 -10.726011185874858 6.6002256793707197 53.670000109505239 0.58481846569211882 -47.128811108907065 -8.0861990574200941 74.895468867165704 7.3332396900245218 -4.9962474207679044 -38.414144116210942 -155.47427776518325 97.90821673849355 39.699538519758931 -19.979035083370015 -10.739444756158528 7.5856840552940188 5.534322922471282 62.496246278762818 -64.363491862903956 -62.278080058262269 -8.440861595758772 23.699059670817466 87.984034083973285 5.135440456171831 50.331487953549342 -32.039629238976374 -3.5965474600162146 -67.792059996032705 21.14304610472459 -34.583791703033448 -36.072632474032318 36.635510588253247 11.10789744296827 28.626595077514647 -18.255631755482067 27.95476843645973 -0.37603672250078146 -23.73516074324554 61.698944242744034 -4.5992644628571302 -8.5626141921072385 18.54137646769837 -1.8421313479250889 -13.478262191229234 0.90908799562522846 4.952312853096295 11.114946414886798 -38.528548190188246 0.36676924070136285 -67.505801413399837 -42.122429803212491 40.406922185262047 9.025209333246405 -54.68897565917969 83.10961568979117 -38.105894787597656
leaf_weight=40068 27 81 114 366 2165 200 2298 283 113 10992 29 59 55 2300 1520 24 20 22 75 776 661 1290 769 39 43 115 507 185 21 23 41 53 52 49 25 24 21 33 94 21 21 136 17077 105 92 2801 2593 632 6800 2125 27822 15828 1344 146 25535 48 35 29 65 24 25 24
leaf_count=40068 27 81 114 366 2165 200 2298 283 113 10992 29 59 55 2300 1520 24 20 22 75 776 661 1290 769 39 43 115 507 185 21 23 41 53 52 49 25 24 21 33 94 21 21 136 17077 105 92 2801 2593 632 6800 2125 27822 15828 1344 146 25535 48 35 29 65 24 25 24
internal_value=0.000385005 1.504 1.58986 1.75383 1.01029 -5.43356 -7.87122 2.43695 20.1331 1.90284 6.56494 7.19928 32.2519 6.00331 -0.193143 -3.32418 -8.95387 -6.72647 -8.00581 -10.0666 0.330798 6.86891 -4.12142 10.5083 -95.265 -9.67577 -18.4787 -3.18947 5.29434 45.7534 8.93922 3.07568 -15.8424 -35.1002 58.3669 -0.0517021 18.2208 25.8587 0.797409 -5.10445 38.6885 13.8596 -0.0740551 -1.3422 -0.547128 -6.76497 -1.45561 24.103 0.173748 1.18877 -0.112235 2.91051 -0.621641 -1.64177 0.904592 -37.8163 -5.07704 15.8937 25.6229 -22.5276 57.7367 -14.7298
internal_weight=168960 19266 19239 19110 16553 3000 2664 13553 396 13157 2557 2528 114 2414 149694 6469 2546 2483 2436 2296 3923 1589 2334 1370 63 1468 622 846 866 44 1331 822 219 101 47 143225 174 153 118 45 108 336 143051 23383 20394 2989 19670 724 119668 52575 29947 22628 67093 40214 26879 153 2836 50 140 129 58 105
internal_count=168960 19266 19239 19110 16553 3000 2664 13553 396 13157 2557 2528 114 2414 149694 6469 2546 2483 2436 2296 3923 1589 2334 1370 63 1468 622 846 866 44 1331 822 219 101 47 143225 174 153 118 45 108 336 143051 23383 20394 2989 19670 724 119668 52575 29947 22628 67093 40214 26879 153 2836 50 140 129 58 105
is_linear=0
shrinkage=0.05


Tree=124
num_leaves=63
num_cat=0
split_feature=0 3 13 13 0 17 3 12 3 10 2 10 13 17 3 12 16 16 11 3 11 3 13 0 0 2 12 16 17 3 2 10 16 13 3 3 2 0 13 10 16 2 10 17 11 12 3 15 17 16 3 15 13 0 3 3 11 15 5 17 16 16
split_gain=1.80912e+07 3.3533e+07 6.20099e+07 3.11948e+07 4.13238e+07 2.43421e+07 5.8187e+07 6.36033e+07 7.52039e+07 6.08875e+07 4.53676e+07 4.42534e+07 3.6006e+07 7.16626e+07 6.93167e+07 4.7065e+07 1.34914e+08 3.95089e+07 2.29552e+07 7.09102e+07 2.95639e+07 2.22421e+07 2.08371e+07 1.96259e+07 1.91975e+07 1.29755e+08 6.83826e+07 6.55471e+07 6.60432e+07 6.37966e+07 6.2708e+07 5.75171e+07 5.08485e+07 5.52557e+07 8.95423e+07 1.50478e+08 9.82572e+07 4.67058e+07 6.22551e+07 5.60856e+07 4.23228e+07 6.94632e+07 9.91001e+07 7.95826e+07 4.05837e+07 3.97687e+07 4.06707e+07 3.5673e+07 6.15102e+07 5.8328e+07 3.42279e+07 4.89015e+07 3.48312e+07 3.34179e+07 4.51707e+07 5.51758e+07 3.71697e+07 3.23088e+07 3.05555e+07 3.04643e+07 3.03518e+07 2.79586e+07
threshold=73.500000000000014 293.50000000000006 1.0000000180025095e-35 5307.9257483933907 78.500000000000014 31.150000000000002 96.500000000000014 12000.380714285717 289.50000000000006 14498.490000000002 1.5000000000000002 9000.7350000000024 4054.8412523223624 29.650000000000002 84.500000000000014 12000.380714285717 33.95000000000001 35.550000000000004 17561.605000000003 294.50000000000006 12000.005000000003 279.50000000000006 4616.0243041607218 75.500000000000014 34.500000000000007 1.0000000180025095e-35 8317.7064285714314 28.450000000000003 30.750000000000004 34.500000000000007 1.0000000180025095e-35 11999.985000000002 8.8500000000000032 1156.481535066634 277.50000000000006 278.50000000000006 1.5000000000000002 18.500000000000004 4054.8412523223624 8300.0150000000012 34.45000000000001 2.5000000000000004 4007.8100000000009 28.150000000000002 12000.005000000003 3675.3307142857143 70.500000000000014 2851.2075787924528 24.250000000000004 26.050000000000004 174.50000000000003 2082.8843726246064 906.74730143716954 67.500000000000014 261.50000000000006 269.50000000000006 7999.9550000000008 2851.2075787924528 2023.5000000000002 31.750000000000004 14.350000000000003 38.750000000000007
decision_type=2 2 2 2 2 2 2 2 2 2 2 2 2 2 2 2 2 2 2 2 2 2 2 2 2 2 2 2 2 2 2 2 2 2 2 2 2 2 2 2 2 2 2 2 2 2 2 2 2 2 2 2 2 2 2 2 2 2 2 2 2 2
left_child=24 3 -3 5 -5 12 10 9 -9 -8 11 -7 15 -14 -15 17 -17 -2 20 -20 22 -6 23 -4 30 26 53 28 29 -28 37 44 -27 58 36 -36 -35 38 45 -40 -32 42 -42 -44 -29 -1 -47 -39 -49 -50 52 -52 -43 56 60 -56 -26 -30 59 -34 -55 -58
right_child=1 2 18 4 21 6 7 8 -10 -11 -12 -13 13 14 -16 16 -18 -19 19 -21 -22 -23 -24 -25 25 32 27 31 57 -31 40 -33 33 34 35 -37 -38 47 39 -41 41 50 43 -45 -46 46 -48 48 49 -51 51 -53 -54 54 55 -57 61 -59 -60 -61 -62 -63
leaf_value=-2.7533554036980217 -0.31519963842696314 -69.635932830361767 7.3479457258546148 85.06560694198609 50.018634289550789 -22.437838741683962 3.4170081784282846 38.057693520692673 -53.637616787719736 -39.294178694997512 -5.9861841956238084 -100.18255387369793 -31.702949903700091 108.36431773885093 21.478057075201299 -7.9953550069731794 -130.25613278315618 7.7554599595663083 34.114954522174337 -80.618999928994626 41.737560874254285 -6.9214378516457291 -39.861885352134713 -2.5498010665383859 2.7312576255051488 14.230812011673647 -1.6181568142355875 61.933795563212612 -5.3908085112571715 47.459133196936712 0.66936846926699156 -1.4598477526776721 -2.1524859859512557 -21.386966393043934 93.589111684587266 1.2503917792749739 -5.5739552609993481 -0.97238791626820875 -5.8366918234030409 -113.29158349844127 4.8865768395826015 -3.6597814721818702 -52.241736313998707 41.921437897505243 -1.9676139134565991 -53.432341171461964 -10.830345028096906 77.977299651039971 -7.280387450104552 40.423384496768314 0.23433624359169491 23.949962149060759 -38.639843980505105 40.76573055398876 85.148646785632991 19.753476701381089 -26.622294075655379 -72.762944641113279 -3.7873566493655595 0.62657578743384434 3.4626635809297919 27.394714856828962
leaf_weight=2948 16685 33 546 24 24 49 12684 220 24 83 162 29 44 29 101 172 25 1667 22 32 38 54 35 5938 7706 493 171 170 39 107 49930 65 17816 1191 44 2261 5594 3694 23 25 638 294 23 383 29 57 1716 35 192 95 1189 265 93 57 36 262 171 32 9368 22084 917 27
leaf_count=2948 16685 33 546 24 24 49 12684 220 24 83 162 29 44 29 101 172 25 1667 22 32 38 54 35 5938 7706 493 171 170 39 107 49930 65 17816 1191 44 2261 5594 3694 23 25 638 294 23 383 29 57 1716 35 192 95 1189 265 93 57 36 262 171 32 9368 22084 917 27
internal_value=0.000335638 0.949211 -2.28361 1.61889 29.0915 1.53034 3.17014 3.6208 28.8563 3.13628 -21.1748 -52.2452 0.369679 22.9432 41.5397 0.156702 -24.0902 0.418279 -1.93693 -34.1051 -1.66685 11.0099 -1.92622 -1.71533 -0.281768 -0.856833 4.47317 20.6282 6.37268 17.3737 0.359023 39.3785 -1.74346 -1.87865 -5.46031 3.05286 -8.35242 -3.55228 -6.8973 -62.9728 1.00967 6.89685 17.1929 36.4718 52.6582 -6.31394 -12.2293 0.420646 16.3551 8.59557 1.05199 4.57014 -12.1438 3.39181 10.9103 27.9119 2.18062 -36.3446 -1.21774 -0.614343 5.68527 -19.1557
internal_weight=168960 38720 6644 32076 102 31974 13251 13011 244 12767 240 78 18723 174 130 18549 197 18352 6611 54 6557 78 6519 6484 130240 68640 9789 613 349 278 61600 264 58851 58358 9090 2305 6785 8785 4769 48 52815 2885 1044 406 199 4721 1773 4016 322 287 1841 1454 387 9176 1272 298 7904 71 49268 39900 974 198
internal_count=168960 38720 6644 32076 102 31974 13251 13011 244 12767 240 78 18723 174 130 18549 197 18352 6611 54 6557 78 6519 6484 130240 68640 9789 613 349 278 61600 264 58851 58358 9090 2305 6785 8785 4769 48 52815 2885 1044 406 199 4721 1773 4016 322 287 1841 1454 387 9176 1272 298 7904 71 49268 39900 974 198
is_linear=0
shrinkage=0.05


Tree=125
num_leaves=63
num_cat=0
split_feature=0 2 2 13 3 3 0 16 3 3 3 15 14 3 3 12 10 12 3 15 3 3 5 14 14 3 15 13 2 0 0 3 15 3 3 13 13 0 2 15 2 0 13 3 15 16 3 3 12 3 16 3 3 16 12 3 15 3 0 10 13 3
split_gain=1.6962e+07 5.0997e+07 1.24158e+08 7.05413e+07 7.21234e+07 1.77613e+08 6.97779e+07 6.44579e+07 5.89712e+07 1.31962e+08 8.40221e+07 5.22744e+07 1.10367e+08 5.19796e+07 5.06602e+07 4.8701e+07 4.71798e+07 5.44304e+07 4.37143e+07 8.78652e+07 6.78565e+07 4.28929e+07 3.95849e+07 3.68577e+07 3.86911e+07 4.45329e+07 3.67404e+07 6.86437e+07 6.16978e+07 8.65765e+07 5.04036e+07 3.64911e+07 3.44362e+07 3.9927e+07 3.33045e+07 3.11857e+07 3.04756e+07 3.04153e+07 5.48995e+07 5.38672e+07 3.53467e+07 6.13209e+07 6.57907e+07 6e+07 5.87272e+07 6.88886e+07 1.22156e+08 5.71305e+07 3.40899e+07 4.02274e+07 3.31463e+07 4.75787e+07 6.32798e+07 3.26236e+07 3.5154e+07 8.65863e+07 4.45141e+07 4.53353e+07 4.18275e+07 2.89824e+07 3.08868e+07 2.85635e+07
threshold=61.500000000000007 1.0000000180025095e-35 1.5000000000000002 2016.5978563942181 178.50000000000003 218.50000000000003 77.500000000000014 31.250000000000004 248.50000000000003 257.50000000000006 240.50000000000003 2567.6281353571862 11520.822833333337 86.500000000000014 352.50000000000006 7941.0871428571436 4279.2650000000012 5957.3464285714299 269.50000000000006 3641.6052346765182 276.50000000000006 228.50000000000003 2022.5000000000002 9472.6838333333362 7266.4861666666675 48.500000000000007 5523.3036322078469 3633.0448536059257 5.5000000000000009 78.500000000000014 75.500000000000014 16.500000000000004 2709.2219680679241 211.50000000000003 90.500000000000014 623.87953427374509 1438.7219988110621 38.500000000000007 4.5000000000000009 611.57205376645504 1.0000000180025095e-35 19.500000000000004 4054.8412523223624 92.500000000000014 2887.8850950412339 27.950000000000003 114.50000000000001 78.500000000000014 3675.3307142857143 176.50000000000003 29.850000000000005 78.500000000000014 92.500000000000014 37.250000000000007 7704.1435714285717 124.50000000000001 1262.5425225167899 128.50000000000003 54.500000000000007 8300.0150000000012 920.99757609943811 261.50000000000006
decision_type=2 2 2 2 2 2 2 2 2 2 2 2 2 2 2 2 2 2 2 2 2 2 2 2 2 2 2 2 2 2 2 2 2 2 2 2 2 2 2 2 2 2 2 2 2 2 2 2 2 2 2 2 2 2 2 2 2 2 2 2 2 2
left_child=37 6 3 11 7 15 16 31 10 -10 32 12 35 -13 -7 -6 23 22 19 -11 -20 -15 -18 24 -2 -26 27 -4 29 -29 -30 -5 33 -8 -24 -3 -12 40 53 -40 41 42 48 -44 59 47 -47 -46 -1 -50 -41 -52 -53 -39 56 -56 -55 -58 -57 -43 -61 -19
right_child=1 2 26 4 5 14 8 -9 9 18 36 13 -14 21 -16 -17 17 61 20 -21 -22 -23 34 -25 25 -27 -28 28 30 -31 -32 -33 -34 -35 -36 -37 -38 38 39 50 -42 44 43 -45 45 46 -48 -49 49 -51 51 52 -54 54 55 58 57 -59 -60 60 -62 -63
leaf_value=-2.5886666355904189 6.7632198691224019 -1.7915546454076556 1.0872077496306249 33.72546258926392 7.5896077614399928 -18.719237750429478 1.3154461361123126 -53.335589353217451 -61.557275365426996 5.8166028894411106 19.71198679048365 -27.74204550779319 -109.5076779296875 33.567324360569124 48.681951342615591 63.27980122488372 26.604657408330862 6.2734416818831651 -49.122769595450094 115.44288956415087 -3.9644113486049601 5.0436105444354942 38.841694107055673 45.513236244300316 52.842607458205457 -24.257082328796386 -10.824608855862527 39.071544550346005 -49.21356806035628 0.15455560612077474 9.8400627456048539 -21.889534244973042 -19.854770513205299 19.665418360396998 118.83757629122051 -9.2885022916296176 73.093090395840733 -1.2958091264718075 -1.2255153177933023 -2.4806797587679168 0.73313767285674236 -1.0359602640283052 -127.7582042294457 -16.892042677479406 55.153658223054848 159.51309919877485 27.162293832965872 -4.8678238414571844 -3.6293501292100316 -18.355781237826317 44.079587324338085 -51.963924786017301 -10.360286661525702 1.6251764033504472 11.964889659514796 -61.981214826583859 46.861857700562211 9.5630204534396697 -11.599077660300031 -1.506468994607691 33.782632425037896 25.805190897211187
leaf_weight=3114 2812 4249 41395 31 66 761 2577 182 108 142 54 78 24 208 28 97 96 503 90 20 972 358 27 57 20 176 627 359 56 237 98 393 167 334 27 2059 54 21342 6245 1765 58851 4159 20 30 48 21 87 207 909 947 38 93 3405 6192 168 89 88 978 77 121 126 298
leaf_count=3114 2812 4249 41395 31 66 761 2577 182 108 142 54 78 24 208 28 97 96 503 90 20 972 358 27 57 20 176 627 359 56 237 98 393 167 334 27 2059 54 21342 6245 1765 58851 4159 20 30 48 21 87 207 909 947 38 93 3405 6192 168 89 88 978 77 121 126 298
internal_value=0.000307809 0.67681 0.0814741 -5.42467 -15.0404 -6.44527 4.25551 -28.5102 -0.00738754 -8.83812 3.68617 -3.27526 -4.65595 10.2862 -16.2687 40.9142 9.05008 18.7744 -4.13997 19.976 -7.83401 15.5665 46.329 6.02769 5.26458 -16.1614 1.18018 1.35903 16.3403 23.6224 -11.8129 -17.7535 2.15769 3.4269 80.2732 -4.23973 46.8283 -0.37068 -1.45767 -4.3724 0.270377 -2.51151 -6.36811 -62.8741 1.54855 20.8505 54.1245 6.60163 -5.7871 -11.1492 -8.07875 -10.8715 -11.4809 -0.294446 2.5203 -13.3163 3.25081 12.6831 -38.8206 -0.0460607 16.5589 13.5631
internal_weight=168960 59840 51306 8534 1558 952 8534 606 4518 1332 3186 6976 6332 644 789 163 4016 951 1224 162 1062 566 150 3065 3008 196 42772 42145 750 596 154 424 3078 2911 54 6308 108 109120 40480 11546 68640 9789 5020 50 4769 363 108 255 4970 1856 5301 3536 3498 28934 7592 334 7258 1066 166 4406 247 801
internal_count=168960 59840 51306 8534 1558 952 8534 606 4518 1332 3186 6976 6332 644 789 163 4016 951 1224 162 1062 566 150 3065 3008 196 42772 42145 750 596 154 424 3078 2911 54 6308 108 109120 40480 11546 68640 9789 5020 50 4769 363 108 255 4970 1856 5301 3536 3498 28934 7592 334 7258 1066 166 4406 247 801
is_linear=0
shrinkage=0.05


Tree=126
num_leaves=63
num_cat=0
split_feature=14 3 3 14 10 2 5 16 2 15 3 2 16 3 16 10 3 10 10 14 11 2 3 5 11 14 16 3 12 3 12 15 5 5 3 3 10 3 2 3 11 14 15 10 1 15 16 10 3 5 10 10 14 11 15 3 10 5 11 10 12 16
split_gain=1.68414e+07 1.79787e+07 5.58947e+07 7.90523e+07 1.31022e+08 7.52708e+07 6.24678e+07 6.23571e+07 5.07831e+07 9.09533e+07 2.05686e+08 6.41803e+07 5.01062e+07 4.75286e+07 6.85807e+07 1.09777e+08 6.85238e+07 1.5505e+08 8.51725e+07 1.45606e+08 7.36324e+07 6.86394e+07 5.96622e+07 7.47317e+07 4.5887e+07 4.16328e+07 3.44092e+07 3.42111e+07 8.36467e+07 5.10627e+07 1.4174e+08 6.48071e+07 2.96375e+07 3.84988e+07 3.06647e+07 2.76047e+07 2.08602e+08 6.39053e+07 1.10656e+08 5.87728e+07 5.14205e+07 4.77144e+07 2.72635e+07 3.17292e+07 2.49996e+07 2.38189e+07 2.31269e+07 7.51913e+07 6.22039e+07 1.47481e+08 3.72638e+07 3.12841e+07 2.12524e+07 1.7724e+07 1.55127e+07 1.3839e+07 1.24493e+07 1.11047e+07 9.11695e+06 8.64694e+06 7.75687e+06 8.44368e+06
threshold=2216.7585000000004 110.50000000000001 96.500000000000014 5442.8350000000009 6972.2100000000009 4.5000000000000009 2023.5000000000002 33.350000000000001 1.5000000000000002 1950.4798305056713 94.500000000000014 1.0000000180025095e-35 22.750000000000004 136.50000000000003 20.750000000000004 5249.1650000000009 128.50000000000003 10000.005000000003 9999.3950000000023 7667.4101666666675 4549.9450000000006 1.0000000180025095e-35 138.50000000000003 2022.5000000000002 9500.9550000000017 6521.4811666666674 25.250000000000004 94.500000000000014 6121.9442857142867 88.500000000000014 4355.7285714285726 4112.6125525443886 2022.5000000000002 2021.5000000000002 48.500000000000007 148.50000000000003 11194.045000000002 156.50000000000003 4.5000000000000009 160.50000000000003 6999.6950000000006 7752.0128333333341 2184.0645350014397 9999.3950000000023 1.5000000000000002 5104.3834205448529 22.750000000000004 5175.6800000000012 108.50000000000001 2023.5000000000002 5249.1650000000009 9999.3950000000023 5010.4545000000007 7000.6250000000009 3067.0207331697102 122.50000000000001 4510.9300000000012 2023.5000000000002 3980.2600000000007 6999.7450000000008 1622.7914285714289 40.350000000000001
decision_type=2 2 2 2 2 2 2 2 2 2 2 2 2 2 2 2 2 2 2 2 2 2 2 2 2 2 2 2 2 2 2 2 2 2 2 2 2 2 2 2 2 2 2 2 2 2 2 2 2 2 2 2 2 2 2 2 2 2 2 2 2 2
left_child=60 2 8 46 5 25 7 -6 9 32 11 -11 -8 14 15 55 18 20 19 -16 -18 -19 23 54 -20 -5 -7 29 57 31 -31 -10 33 -2 -34 36 41 38 -37 -39 -38 -24 -25 -44 -17 -12 48 53 50 -50 -4 -49 -30 -48 -15 58 -57 -29 -3 -46 61 -1
right_child=1 13 3 4 6 26 12 -9 27 10 45 -13 -14 22 16 44 17 21 24 -21 -22 -23 35 42 -26 -27 -28 28 52 30 -32 -33 34 -35 -36 37 40 39 -40 -41 -42 -43 43 -45 59 -47 47 51 49 -51 -52 -53 -54 -55 -56 56 -58 -59 -60 -61 -62 -63
leaf_value=-9.304794084787849 -0.77637787866344943 -1.4362042614428896 -2.29231889002939 30.198895609899225 13.438266972131306 42.88344252692329 25.315426817863219 -13.753651441773878 1.4914775855956504 -0.050851254645247396 -66.74925563862449 -17.380328865140093 -49.317300707045057 -3.6064605741821705 -1.3835311720871377 -18.345386666384609 -2.0496543265436622 -20.408736824824892 23.435107459656056 -40.025323749224349 -17.514673043006564 -122.33012739635649 -5.040895772012334 20.491669511574621 4.9794967191179769 63.614901619540603 -14.95625923813714 -1.2969369408835405 90.501454174804692 4.7699896427550668 -21.862183268438532 29.182015550729815 0.55513334662392422 8.0675461766915983 -8.5016690427214812 0.96846137847284686 -166.16311168323864 -8.7769773770202928 19.573910982924811 0.13377306532839114 -55.498768564860029 8.0107875530282477 66.992851228481385 11.855020721435547 -57.354003915225761 -126.99801478068035 1.5763895165760813 -40.133896880599686 8.5183033814637561 150.67980451660156 18.953307861638617 15.881844340006509 38.186780031329 -33.714376500447592 15.81680012734731 37.298676946004235 -11.210721743901571 14.87814397385246 -23.377731534399171 -94.559501684570307 -1.5740188071633128 18.957420537024738
leaf_weight=495 4214 91 692 196 1268 35 30 252 26535 1122 75 1019 83 430 5545 21 2548 28 416 254 1102 41 3849 264 1756 183 89 351 24 1182 864 212 1911 1737 1828 2657 21 1890 1142 86389 23 855 81 39 33 23 3041 158 68 24 293 29 106 35 134 29 23 151 98 49 10800 27
leaf_count=495 4214 91 692 196 1268 35 30 252 26535 1122 75 1019 83 430 5545 21 2548 28 416 254 1102 41 3849 264 1756 183 89 351 24 1182 864 212 1911 1737 1828 2657 21 1890 1142 86389 23 855 81 39 33 23 3041 158 68 24 293 29 106 35 134 29 23 151 98 49 10800 27
internal_value=0.000413878 0.134201 0.94326 5.26215 13.1342 35.4208 6.2519 8.92405 0.266814 -2.48492 -11.5652 -8.30301 -29.455 -0.218213 -3.18316 -25.1544 -2.53452 -8.1379 0.080518 -3.08268 -6.72234 -81.8532 0.146741 12.6226 8.52343 46.4588 1.58188 1.38242 12.8807 1.1296 -6.48162 1.71204 -0.385839 1.80594 -3.87383 0.0244639 -3.69294 0.21619 6.56504 -0.0570979 -110.835 -2.66742 29.605 49.3192 -68.0925 -82.0293 1.38569 -0.711755 7.73512 46.8254 4.04025 -31.4087 48.462 1.16401 1.0281 -6.59764 16.0358 3.58837 -12.8765 -80.458 -1.86217 -7.80949
internal_weight=168960 157638 47830 6476 2136 503 1633 1520 41354 11929 2239 2141 113 109808 12034 344 11690 3719 7971 5799 3650 69 97774 948 2172 379 124 29425 632 28793 2046 26747 9690 5951 3739 96826 4748 92078 3799 88279 44 4704 384 120 103 98 4340 3263 1077 92 985 187 130 3076 564 241 52 502 189 82 11322 522
internal_count=168960 157638 47830 6476 2136 503 1633 1520 41354 11929 2239 2141 113 109808 12034 344 11690 3719 7971 5799 3650 69 97774 948 2172 379 124 29425 632 28793 2046 26747 9690 5951 3739 96826 4748 92078 3799 88279 44 4704 384 120 103 98 4340 3263 1077 92 985 187 130 3076 564 241 52 502 189 82 11322 522
is_linear=0
shrinkage=0.05


Tree=127
num_leaves=63
num_cat=0
split_feature=7 3 10 3 16 3 16 3 17 17 3 16 3 9 10 17 15 14 17 5 9 3 3 16 3 13 17 16 14 17 17 1 12 17 10 14 3 3 14 17 10 3 3 16 10 10 13 3 3 16 14 13 16 10 10 16 1 3 10 13 16 1
split_gain=1.79641e+07 4.25546e+07 7.87324e+07 7.7406e+07 3.40721e+07 3.2338e+07 3.87703e+07 4.56623e+07 3.99301e+07 3.25916e+07 3.14957e+07 3.11028e+07 2.77569e+07 2.76843e+07 2.74442e+07 3.43176e+07 2.5312e+07 2.38926e+07 2.25078e+07 2.0524e+07 2.31732e+07 4.58141e+07 5.53438e+07 6.81171e+07 9.07926e+07 6.76239e+07 5.41371e+07 5.25367e+07 4.93543e+07 3.76292e+08 4.88495e+07 3.45355e+07 6.35746e+07 3.90947e+07 3.22126e+07 2.78547e+07 2.17222e+07 5.61563e+07 6.94346e+07 7.54851e+07 5.77183e+07 3.95196e+07 1.08974e+08 6.95742e+07 7.76453e+07 5.39957e+07 5.03254e+07 4.25937e+07 3.2825e+07 1.02045e+08 9.13192e+07 1.862e+07 1.65834e+07 1.5179e+07 1.49719e+07 1.37725e+07 1.04063e+07 9.56221e+06 7.68203e+06 7.31418e+06 6.98192e+06 5.50377e+06
threshold=1.0000000180025095e-35 88.500000000000014 11194.045000000002 90.500000000000014 28.050000000000004 178.50000000000003 31.950000000000003 277.50000000000006 29.650000000000002 32.650000000000013 168.50000000000003 27.650000000000002 322.50000000000006 1.0000000180025095e-35 9000.7350000000024 24.250000000000004 4822.9514807727619 3939.2838333333339 18.850000000000005 2020.5000000000002 3.5000000000000004 190.50000000000003 110.50000000000001 28.850000000000005 78.500000000000014 2915.8092967524067 31.150000000000002 24.850000000000005 11520.822833333337 30.550000000000004 31.350000000000005 18.500000000000004 5125.8128571428579 33.050000000000004 11194.045000000002 10202.382333333337 112.50000000000001 96.500000000000014 4309.491500000001 27.950000000000003 7000.6650000000009 148.50000000000003 156.50000000000003 20.750000000000004 4975.7650000000003 9999.3950000000023 1380.7477411264063 160.50000000000003 88.500000000000014 30.250000000000004 5184.2653333333337 2578.0464051083331 34.550000000000004 5000.6450000000013 3648.6000000000008 23.850000000000005 18.500000000000004 351.50000000000006 9000.7350000000024 920.99757609943811 36.250000000000007 22.500000000000004
decision_type=2 2 2 2 2 2 2 2 2 2 2 2 2 2 2 2 2 2 2 2 2 2 2 2 2 2 2 2 2 2 2 2 2 2 2 2 2 2 2 2 2 2 2 2 2 2 2 2 2 2 2 2 2 2 2 2 2 2 2 2 2 2
left_child=19 2 4 13 14 10 9 8 -8 11 16 -7 -11 55 17 -16 51 53 -19 54 36 22 23 35 -25 26 -24 31 30 -30 -29 32 -23 -33 -27 -22 37 48 40 -40 -39 43 46 44 -38 -45 -43 -44 49 -21 -50 -5 -12 -2 -1 -3 -15 59 -9 61 -6 -56
right_child=1 3 -4 5 60 6 7 58 -10 12 52 -13 -14 56 15 -17 -18 18 -20 20 21 27 25 24 -26 34 -28 28 29 -31 -32 33 -34 -35 -36 -37 41 38 39 -41 -42 42 47 45 -46 -47 -48 -49 50 -51 -52 -53 -54 -55 57 -57 -58 -59 -60 -61 -62 -63
leaf_value=-0.75685853813611381 -3.0845969265703852 39.795020305209697 -84.324449717203777 1.3727272555026393 -37.911325960115953 -1.0644339379262986 -18.274875878189345 -33.997857918739321 -2.3800015168332092 -15.098675835789933 65.879366894531259 12.992419261443931 15.775612484090471 9.62160555517106 -19.005322705078125 57.140011646167665 -44.829571471378728 25.829773646868194 -22.927646977909856 0.25790160975894177 0.49919313248934261 77.671277842521675 -14.221561174995935 86.344314659274346 13.778784382297568 -26.254013636813443 -0.8139961088691261 3.2041596146884452 230.54240520658948 -5.4809246610773021 12.401657771089317 -2.430108259582954 5.6590900899985499 -41.710759704589847 -89.998025207519547 12.983903863745287 -8.4271241166410249 0.88616488247513781 -39.899089398817587 14.428871920065877 -77.10560118834178 7.0650393196527252 -9.3487766262854013 -4.1721340172204213 -63.632945125488078 5.0749544267441502 25.876401007471372 -0.13102924439960564 2.1963769986131458 16.459392622908943 -18.778150769200398 26.198500648156195 18.169636422085439 40.307351744515557 -6.2174103015024684 91.05909447079614 45.706155834960946 2.6299839832799599 -68.45196936867454 -25.908366730029769 -7.7686587112426766 -27.583052144358238
leaf_weight=31138 500 44 35 2391 109 1536 604 87 1140 512 24 528 84 104 24 36 28 25 283 26432 5809 31 932 48 364 67 3901 3987 20 86 2263 2496 733 64 28 483 183 2049 65 2103 23 2134 1280 8755 97 1925 426 57840 1425 1008 815 77 72 20 1235 20 24 282 21 51 24 30
leaf_count=31138 500 44 35 2391 109 1536 604 87 1140 512 24 528 84 104 24 36 28 25 283 26432 5809 31 932 48 364 67 3901 3987 20 86 2263 2496 733 64 28 483 183 2049 65 2103 23 2134 1280 8755 97 1925 426 57840 1425 1008 815 77 72 20 1235 20 24 282 21 51 24 30
internal_value=0.000313117 -2.26038 -11.6366 -0.901886 -9.0648 -1.75046 -4.30698 -9.8595 -7.8922 -0.438833 2.69972 2.53605 -10.7281 30.3417 -5.51153 26.8695 1.61273 -7.88758 -18.8993 0.117888 0.403873 1.90891 -0.205922 2.75088 22.4216 -4.22807 -3.40193 4.44997 7.11343 40.7901 6.53584 -0.643585 8.67877 -3.42803 -45.7835 1.45948 0.10285 1.14751 6.52938 12.7824 -0.016349 -0.384976 0.106652 -3.15149 -27.7104 -2.50509 10.2043 -0.330756 0.378481 0.853637 -5.43995 2.15757 30.6533 -1.3415 -0.999193 56.9696 16.6894 -5.71779 -41.2639 -7.50724 -32.5707 -6.7455
internal_weight=168960 8352 1056 7296 1021 7104 4512 1852 1744 2660 2592 2064 596 192 888 60 2496 828 308 160608 127872 21312 11632 6704 412 4928 4833 9680 6356 106 6250 3324 764 2560 95 6292 106560 33920 4240 2168 2072 72640 61680 10960 280 10680 2560 59120 29680 27440 2240 2468 96 520 32736 64 128 1598 108 1316 133 1265
internal_count=168960 8352 1056 7296 1021 7104 4512 1852 1744 2660 2592 2064 596 192 888 60 2496 828 308 160608 127872 21312 11632 6704 412 4928 4833 9680 6356 106 6250 3324 764 2560 95 6292 106560 33920 4240 2168 2072 72640 61680 10960 280 10680 2560 59120 29680 27440 2240 2468 96 520 32736 64 128 1598 108 1316 133 1265
is_linear=0
shrinkage=0.05


Tree=128
num_leaves=63
num_cat=0
split_feature=7 3 10 3 2 12 14 3 3 5 3 3 3 3 3 15 14 9 11 15 12 3 2 3 14 3 2 10 3 9 13 11 10 2 14 3 15 11 14 13 5 9 3 13 3 11 2 5 15 9 2 2 11 15 11 15 3 11 10 13 10 9
split_gain=1.62051e+07 3.84314e+07 7.12923e+07 7.00815e+07 3.45115e+07 4.32509e+07 3.65009e+07 2.9207e+07 3.53267e+07 4.19411e+07 8.12364e+07 3.45623e+07 3.07255e+07 4.0421e+07 2.93792e+07 3.20261e+07 2.9175e+07 2.50889e+07 2.20564e+07 2.17423e+07 1.93496e+07 6.5161e+07 6.34977e+07 7.51698e+07 6.72974e+07 7.45741e+07 7.0454e+07 5.5113e+07 4.79237e+07 2.68994e+07 2.05724e+07 2.34128e+07 1.93167e+07 8.86862e+07 7.11338e+07 5.82781e+07 4.82246e+07 5.38444e+07 2.86258e+07 1.86225e+07 1.858e+07 2.31789e+07 4.46866e+07 5.15609e+07 5.10215e+07 2.75987e+07 3.05361e+07 1.99562e+07 1.82678e+07 2.01721e+07 1.7588e+07 1.70517e+07 2.2463e+07 1.64117e+07 1.58423e+07 1.57314e+07 1.42331e+07 1.41019e+07 1.35223e+07 1.33662e+07 1.25866e+07 1.05999e+07
threshold=1.0000000180025095e-35 88.500000000000014 11194.045000000002 90.500000000000014 2.5000000000000004 9318.6050000000014 4008.7201666666674 178.50000000000003 230.50000000000003 2022.5000000000002 275.50000000000006 249.50000000000003 226.50000000000003 198.50000000000003 142.50000000000003 827.27923016957141 6750.873833333334 1.0000000180025095e-35 7500.6050000000005 4822.9514807727619 14389.699285714289 86.500000000000014 4.5000000000000009 267.50000000000006 9642.7850000000035 245.50000000000003 3.5000000000000004 10421.575000000003 290.50000000000006 1.0000000180025095e-35 2779.7940897281446 9999.3950000000023 14498.490000000002 1.5000000000000002 9472.6838333333362 90.500000000000014 2668.569405419526 3980.2600000000007 6145.3336666666673 2578.0464051083331 2020.5000000000002 3.5000000000000004 190.50000000000003 1508.2885063353694 110.50000000000001 14498.490000000002 1.5000000000000002 2023.5000000000002 4296.4042702189172 1.5000000000000002 4.5000000000000009 1.5000000000000002 17561.605000000003 1597.680297136073 3333.2150000000006 753.86541954421261 66.500000000000014 9500.9550000000017 3648.6000000000008 565.75231557683037 4975.7650000000003 1.5000000000000002
decision_type=2 2 2 2 2 2 2 2 2 2 2 2 2 2 2 2 2 2 2 2 2 2 2 2 2 2 2 2 2 2 2 2 2 2 2 2 2 2 2 2 2 2 2 2 2 2 2 2 2 2 2 2 2 2 2 2 2 2 2 2 2 2
left_child=20 2 4 17 18 6 55 14 12 10 -10 -11 13 -9 19 -16 -14 54 56 39 32 51 24 -24 26 27 29 -26 -27 -23 -25 -32 40 38 36 50 -35 -38 -34 -5 58 45 44 -44 -43 47 -47 -42 49 -40 -36 -22 -53 -7 -3 -6 -2 -37 -1 -17 -20 -8
right_child=1 3 -4 7 5 53 61 8 9 11 -12 -13 16 -15 15 59 -18 -19 60 -21 21 22 23 30 25 28 -28 -29 -30 -31 31 -33 33 34 35 57 37 -39 48 -41 41 42 43 -45 -46 46 -48 -49 -50 -51 -52 52 -54 -55 -56 -57 -58 -59 -60 -61 -62 -63
leaf_value=-0.71901682967984859 -3.6552905749273998 16.252812409173874 -80.225344136555989 0.025386693367297222 4.7879603099856487 21.537237098956933 -0.61290124118328093 -24.834136961352641 18.826132235229405 -37.595646611636447 -3.1768448336306103 -6.3955853649390235 -26.239768532639289 1.6025130077519905 7.5495049819290649 23.174759437074055 8.5758526697293131 15.876338928577514 -10.410716742208372 -42.665384958365877 87.225427899360668 35.994681640128299 -93.553450880050661 -43.509643666585291 19.81468978881836 28.139370775852566 99.361056312561047 -73.91635000820817 -43.487916424115504 4.1071385870523898 -40.027641176970114 17.83065632134268 -13.40619535255432 70.381958127702987 36.299049356633965 -37.546984946511017 -39.938956605196005 9.0637841851732368 -119.11262672424317 24.905369358429542 0.50671683834703063 2.7210477767351131 0.99718083701496263 8.4495444883220667 -4.0179990324209482 -35.553172144889828 -5.0120637271173329 -1.1543837890479154 -34.834900568223773 -48.123240744850861 -26.247581196660583 10.303731124877929 69.323892495291588 81.121167660667794 70.735548831515857 48.783990126900058 -19.31626963962696 -91.960998501247829 -5.4336867585040167 63.521800106048595 -53.815455322265635 -34.898298454514467
leaf_weight=31138 273 20 35 2103 177 28 31 192 576 96 1536 1056 410 576 299 46 70 128 25 28 21 119 31 29 21 105 29 57 29 148 22 72 39 27 21 21 63 451 23 77 81936 6528 4961 4361 4928 106 350 23200 30 21 22 39 27 20 44 22 310 35 1598 39 53 82
leaf_count=31138 273 20 35 2103 177 28 31 192 576 96 1536 1056 410 576 299 46 70 128 25 28 21 119 31 29 21 105 29 57 29 148 22 72 39 27 21 21 63 451 23 77 81936 6528 4961 4361 4928 106 350 23200 30 21 22 39 27 20 44 22 310 35 1598 39 53 82
internal_value=0.000340607 -2.14682 -11.0572 -0.855815 -8.60997 3.84002 -3.00919 -1.66324 -4.09285 -1.35591 2.83003 -9.02595 -11.2442 -5.03034 2.56602 15.3116 -21.1552 28.8729 -15.3862 0.343475 0.112011 8.12435 2.74671 -25.2774 11.2752 -10.2023 26.6403 -48.7496 12.4306 18.4005 -7.45393 4.0105 0.0744193 -7.90965 -0.671315 -39.4175 6.47866 2.99171 -48.54 0.915194 0.112255 0.387261 1.91376 4.48406 -0.177969 0.0868671 -12.1738 0.14016 -66.6308 -87.0538 4.42908 48.5476 35.1227 47.5128 54.2218 9.87147 -12.0016 -72.5725 -0.949321 42.2104 -40.2116 -25.5805
internal_weight=168960 8352 1056 7296 1021 360 312 7104 4512 3264 2112 1152 1248 768 2592 384 480 192 661 2208 160608 749 662 154 508 212 296 78 134 267 123 94 159859 753 640 99 541 514 113 2180 159106 126370 20778 9322 11456 105592 456 105136 74 44 43 87 66 48 64 199 583 56 32736 85 78 113
internal_count=168960 8352 1056 7296 1021 360 312 7104 4512 3264 2112 1152 1248 768 2592 384 480 192 661 2208 160608 749 662 154 508 212 296 78 134 267 123 94 159859 753 640 99 541 514 113 2180 159106 126370 20778 9322 11456 105592 456 105136 74 44 43 87 66 48 64 199 583 56 32736 85 78 113
is_linear=0
shrinkage=0.05


Tree=129
num_leaves=63
num_cat=0
split_feature=14 7 9 11 10 13 16 10 14 10 15 12 8 0 15 5 0 16 16 16 12 13 16 11 14 16 0 6 0 0 13 0 9 16 16 4 11 10 16 4 6 11 8 11 16 10 4 10 15 13 15 10 11 16 11 11 16 13 4 6 12 12
split_gain=1.52788e+07 1.52498e+07 3.05509e+07 2.06711e+07 2.31771e+07 2.06638e+07 4.95778e+07 4.62554e+07 9.54632e+07 3.60226e+07 2.41567e+07 2.01593e+07 3.22399e+07 2.61664e+07 1.89915e+07 1.87254e+07 2.87139e+07 2.48198e+07 2.67508e+07 1.77133e+07 1.71046e+07 4.31026e+07 6.96618e+07 4.92231e+07 5.15573e+07 5.01859e+07 4.43006e+07 3.72124e+07 3.07263e+07 2.52919e+07 1.89098e+07 4.21369e+07 3.93367e+07 6.48807e+07 6.43353e+07 3.90655e+07 3.22575e+07 2.65835e+07 1.85743e+07 5.72778e+07 5.53523e+07 5.16674e+07 2.27277e+07 4.29305e+07 1.7153e+07 1.65032e+07 1.6437e+07 1.56407e+07 1.48741e+07 9.20638e+06 8.11199e+06 4.10513e+06 6.90462e+06 3.95248e+06 3.71454e+06 3.19263e+06 3.77437e+06 2.7774e+06 2.71166e+06 2.02621e+06 1.92663e+06 1.74784e+06
threshold=2013.4020000000003 1.0000000180025095e-35 1.5000000000000002 14498.490000000002 8000.005000000001 1566.3462133229566 36.250000000000007 8520.1650000000027 8610.5075000000015 9500.9950000000008 2348.2171120986727 5801.874285714287 2.5000000000000004 76.500000000000014 4534.1532565239222 2023.5000000000002 5.5000000000000009 31.950000000000003 30.450000000000003 23.650000000000002 14389.699285714289 2843.2674264134635 33.050000000000004 6999.6950000000006 9472.6838333333362 19.750000000000004 74.500000000000014 1.0000000180025095e-35 7.5000000000000009 9.5000000000000018 2915.8092967524067 4.5000000000000009 2.5000000000000004 28.150000000000002 17.750000000000004 6.5000000000000009 11999.985000000002 4510.9300000000012 33.550000000000004 3.5000000000000004 1.0000000180025095e-35 4279.005000000001 1.0000000180025095e-35 4700.7250000000013 21.150000000000002 4279.2650000000012 9.5000000000000018 5249.1650000000009 2456.4126892860172 689.22667650815549 2930.1120394584545 2499.3450000000007 1699.9850000000004 39.550000000000004 1499.8950000000002 1499.8950000000002 38.550000000000004 328.40275748306232 8.5000000000000018 1.0000000180025095e-35 1622.7914285714289 2274.7421428571433
decision_type=2 2 2 2 2 2 2 2 2 2 2 2 2 2 2 2 2 2 2 2 2 2 2 2 2 2 2 2 2 2 2 2 2 2 2 2 2 2 2 2 2 2 2 2 2 2 2 2 2 2 2 2 2 2 2 2 2 2 2 2 2 2
left_child=49 20 3 15 -5 11 7 10 -9 50 -7 14 48 -14 47 17 45 18 -3 -18 30 22 26 -23 29 -26 28 -28 -22 -25 38 35 33 -33 -34 36 -32 -37 42 41 -41 -40 43 -2 -44 -17 -19 -4 -13 51 -8 53 59 54 58 60 -57 -55 -1 -53 -51 -56
right_child=1 2 5 4 -6 6 9 8 -10 -11 -12 12 13 -15 -16 16 19 46 -20 -21 21 23 -24 24 25 -27 27 -29 -30 -31 31 32 34 -35 -36 37 -38 -39 39 40 -42 -43 44 -45 -46 -47 -48 -49 -50 55 -52 52 -54 57 61 56 -58 -59 -60 -61 -62 -63
leaf_value=-4.573147995183457 -0.05164844903608428 -0.69901943298620983 -3.4859838593540147 1.8034813614045424 67.051008007812513 -17.783526309229231 -7.8610360004590909 -63.326099714264835 -2.8139218272719275 79.575011603945782 6.6533149370326798 25.658987466317633 -60.66609823156287 6.0013725142045464 -42.927580366134649 6.0689407688862573 -7.1651767429671072 -12.434441821990443 15.635975705197879 9.9148734760685997 8.4462813415527336 -54.413859494018567 -99.501680588495162 67.3463462814331 63.199648640950528 -1.8014942861807466 43.378843503316247 -30.486446520487466 -57.891868616148486 26.644384463375264 46.051178788890013 -0.11131927569341349 -33.492917932660077 -16.59235191002573 2.936633221068444 23.635085722558642 -3.4197183126084347 -15.211504180297851 10.595036296098584 2.2363112692429055 -1.8917879564956142 61.206429618110114 -1.9458211542908217 3.9169490451741633 -0.15705963766594472 48.947031663988462 23.946017656037302 -22.450105569383741 -0.068104806658865397 -17.208639998002486 27.099659395951491 7.8233535090855186 -1.2133627242144973 -6.3920287604373085 -2.7637983803683421 -38.792853029691258 -13.189806456694733 11.890070153013866 -13.732148021697999 25.066907576080919 -0.67601920201228216 4.7574508159371867
leaf_weight=218 26895 2389 2908 30 24 221 45 132 128 20 185 161 26 32 31 36 232 548 279 435 29 24 20 49 32 296 59 23 42 175 114 1158 128 1232 2002 67 46 124 176 27853 11461 70 17480 9126 57440 60 32 112 86 32 25 34 201 28 3733 25 36 74 129 36 38 78
leaf_count=218 26895 2389 2908 30 24 221 45 132 128 20 185 161 26 32 31 36 232 548 279 435 29 24 20 49 32 296 59 23 42 175 114 1158 128 1232 2002 67 46 124 176 27853 11461 70 17480 9126 57440 60 32 112 86 32 25 34 201 28 3733 25 36 74 129 36 38 78
internal_value=0.000266277 0.0803669 -2.02434 1.04944 31.4943 -5.06252 -12.5254 -17.2351 -33.6604 22.1325 -6.65951 -3.37813 8.85911 -24.4057 -4.60396 0.631817 7.67503 -1.02458 1.01439 3.97215 0.190616 7.72331 -14.106 14.2928 17.373 4.71289 -2.36949 22.5428 -31.055 35.8077 0.154253 -2.91153 -4.20834 -8.61037 0.732748 13.7526 31.8954 -1.53254 0.253497 1.18368 1.03285 25.1862 -0.0782004 0.953885 -0.574426 33.0961 -10.3895 -4.19649 16.7372 -2.82205 4.83068 -2.44226 3.51542 -2.82199 -3.06105 -15.8402 -24.1394 6.85807 -8.00777 16.9197 -8.36979 -2.60865
internal_weight=168960 164298 8177 4065 54 4112 756 666 260 90 406 3356 305 58 3051 4011 763 3248 2668 667 156121 749 173 576 552 328 153 82 71 224 155372 4871 4520 2390 2130 351 160 191 150501 39560 39314 246 110941 36021 74920 96 580 3020 247 4662 70 4531 271 4260 4158 131 61 102 347 70 70 3811
internal_count=168960 164298 8177 4065 54 4112 756 666 260 90 406 3356 305 58 3051 4011 763 3248 2668 667 156121 749 173 576 552 328 153 82 71 224 155372 4871 4520 2390 2130 351 160 191 150501 39560 39314 246 110941 36021 74920 96 580 3020 247 4662 70 4531 271 4260 4158 131 61 102 347 70 70 3811
is_linear=0
shrinkage=0.05


Tree=130
num_leaves=63
num_cat=0
split_feature=17 16 6 15 15 3 3 5 17 3 3 3 5 0 3 3 10 3 3 3 3 11 17 16 10 17 16 17 3 11 3 16 3 10 10 3 0 10 17 11 0 0 16 5 10 16 3 11 16 9 10 16 6 6 0 10 3 16 11 3 17 0
split_gain=1.64529e+07 3.9331e+07 8.36205e+07 9.56771e+07 9.24824e+07 1.42916e+08 1.16158e+08 1.13144e+08 1.6499e+08 8.50831e+07 8.29313e+07 7.17355e+07 5.85874e+07 5.46055e+07 9.66489e+07 8.8547e+07 6.33704e+07 4.54667e+07 1.29056e+08 6.25042e+07 4.24861e+07 4.15486e+07 3.98397e+07 3.53034e+07 1.08667e+08 1.0507e+08 9.80316e+07 1.15732e+08 9.06526e+07 6.28998e+07 6.28935e+07 8.68478e+07 7.8791e+07 5.87303e+07 5.25521e+07 1.26225e+08 8.04436e+07 6.37716e+07 3.23575e+07 3.18609e+07 4.85553e+07 2.54696e+07 5.82255e+07 7.60666e+07 6.07027e+07 5.38291e+07 2.46714e+07 2.04871e+07 2.25679e+07 2.10142e+07 1.96091e+07 5.16288e+07 3.22903e+07 2.22645e+07 2.01861e+07 3.55615e+07 3.47654e+07 1.80078e+07 1.75496e+07 1.52048e+08 4.83324e+07 3.58013e+07
threshold=31.150000000000002 30.350000000000005 1.0000000180025095e-35 2206.0274077094541 937.68331187074318 255.50000000000003 250.50000000000003 2021.5000000000002 37.350000000000001 92.500000000000014 84.500000000000014 90.500000000000014 2022.5000000000002 75.500000000000014 266.50000000000006 270.50000000000006 10000.005000000003 124.50000000000001 148.50000000000003 112.50000000000001 78.500000000000014 5565.9600000000009 31.350000000000005 29.950000000000003 12000.005000000003 28.750000000000004 33.050000000000004 30.450000000000003 86.500000000000014 7999.9550000000008 190.50000000000003 34.150000000000013 248.50000000000003 14498.490000000002 4023.2800000000002 206.50000000000003 19.500000000000004 11999.985000000002 32.95000000000001 17561.605000000003 71.500000000000014 7.5000000000000009 29.950000000000003 2022.5000000000002 5000.2350000000006 21.350000000000005 247.50000000000003 4300.4050000000007 31.650000000000002 1.5000000000000002 14498.490000000002 26.050000000000004 1.0000000180025095e-35 1.0000000180025095e-35 69.500000000000014 5500.0750000000007 66.500000000000014 25.650000000000002 17561.605000000003 294.50000000000006 29.850000000000005 79.500000000000014
decision_type=2 2 2 2 2 2 2 2 2 2 2 2 2 2 2 2 2 2 2 2 2 2 2 2 2 2 2 2 2 2 2 2 2 2 2 2 2 2 2 2 2 2 2 2 2 2 2 2 2 2 2 2 2 2 2 2 2 2 2 2 2 2
left_child=23 39 4 13 -3 6 10 8 -7 11 -6 -5 -9 16 21 -16 20 19 -19 -11 -4 -15 -8 58 25 34 27 33 29 -27 31 -30 -32 -26 47 37 -37 -36 -18 41 57 42 44 -44 -2 -46 -28 48 -25 -49 54 52 -52 -53 55 -43 -56 -41 -1 61 -61 -60
right_child=1 2 3 9 5 7 22 12 -10 17 -12 -13 -14 14 15 -17 38 18 -20 -21 -22 -23 -24 24 26 28 46 -29 30 -31 32 -33 -34 -35 35 36 -38 -39 -40 40 -42 50 43 -45 45 -47 -48 49 -50 -51 51 53 -54 -55 56 -57 -58 -59 59 60 -62 -63
leaf_value=0.12665248343093766 -1.3416459089635526 0.81797814299825677 33.694519745775246 -14.850106676541841 36.416854681043482 40.873992314033067 -74.597250183724071 -8.4134044537015935 -30.065540143700062 -12.262104134397601 3.928230574687769 -135.30032197265623 14.642811085824158 13.447615843334715 147.73709652855283 32.425919859714291 -18.288292177640475 -33.546419710705926 -4.8662460891117334 28.381435455976217 -1.2208207788853231 -5.6738287708444419 -19.343967447362534 7.8377299970247627 -21.783693357525451 16.015381305694582 -122.39596754673549 35.365445748044735 -11.414100448894139 114.733059866769 2.3233151201394082 1.2975363563857472 -5.5616604159291123 -127.38654829605767 6.070612158894269 -65.560719268566515 -23.623110981662524 -48.086176526469572 -101.37251382578975 -22.705245271364848 0.21003218669891358 -0.98888830648333481 5.708780010151413 -85.267598731808548 -33.474553858918966 18.430384712338316 -50.02047944155607 -7.4979907030797994 -6.0926094821078483 -29.224374686087142 -10.525273991848561 -50.010301604110204 37.188574572111435 -12.389610160148308 -49.736879927317304 -7.3959993633272845 1.7145582657766754 -75.018875983101992 35.728176707681619 -23.284492794183585 -126.06773024125533 -3.8447452487221243
leaf_weight=66457 1212 19942 87 25 200 705 36 351 92 205 8668 24 1271 702 20 85 25 532 1487 174 8792 476 291 380 32 39 34 56 2881 27 14788 2517 4031 22 440 155 437 61 22 29 99 18609 52 40 52 895 21 364 1227 160 93 88 56 72 32 2450 6464 41 211 25 21 78
leaf_count=66457 1212 19942 87 25 200 705 36 351 92 205 8668 24 1271 702 20 85 25 532 1487 174 8792 476 291 380 32 39 34 56 2881 27 14788 2517 4031 22 440 155 437 61 22 29 99 18609 52 40 52 895 21 364 1227 160 93 88 56 72 32 2450 6464 41 211 25 21 78
internal_value=0.00027376 0.555874 1.5067 -1.92679 2.88377 6.43049 3.58472 17.2418 32.6578 -10.8044 4.66497 -75.3723 9.65134 0.201933 9.84297 55.5765 -1.18479 -9.45413 -12.4362 6.42303 -0.87495 5.72286 -25.6358 -0.437884 -1.93956 -1.6961 -42.2725 -14.711 -0.569931 57.5096 -0.730586 -5.48773 0.63416 -66.341 -10.1755 -19.0846 -34.6954 -0.605972 -58.4806 -0.832254 -22.4173 -0.710382 4.40437 -34.3376 6.07039 15.548 -96.1485 -5.59918 -2.79574 -14.175 -1.12372 -13.629 7.53579 -33.2631 -0.982999 -1.73461 1.45349 -53.9712 0.184283 11.5825 -71.8913 25.0712
internal_weight=168960 74496 44212 12656 31556 11614 9195 2419 797 2447 8868 49 1622 10209 1283 105 8926 2398 2019 379 8879 1178 327 94464 27672 27507 165 110 24283 66 24217 5398 18819 54 3224 1093 592 501 47 30284 169 30115 2251 92 2159 947 55 2131 1607 524 27864 309 149 160 27555 21059 6496 70 66792 335 46 289
internal_count=168960 74496 44212 12656 31556 11614 9195 2419 797 2447 8868 49 1622 10209 1283 105 8926 2398 2019 379 8879 1178 327 94464 27672 27507 165 110 24283 66 24217 5398 18819 54 3224 1093 592 501 47 30284 169 30115 2251 92 2159 947 55 2131 1607 524 27864 309 149 160 27555 21059 6496 70 66792 335 46 289
is_linear=0
shrinkage=0.05


Tree=131
num_leaves=63
num_cat=0
split_feature=10 5 2 0 13 16 10 0 16 10 3 3 13 10 3 14 16 3 3 3 3 14 7 3 3 3 14 5 3 10 5 2 3 16 14 13 3 13 0 2 0 13 13 3 3 2 16 3 3 3 3 12 0 2 5 12 3 0 3 5 0 0
split_gain=1.46206e+07 1.30079e+07 2.09244e+07 4.80066e+07 3.81279e+07 5.54956e+07 4.20809e+07 4.15418e+07 3.13082e+07 2.70037e+07 2.65729e+07 8.40202e+07 1.36306e+08 1.12521e+08 5.00387e+07 4.98175e+07 7.8061e+07 3.34959e+07 1.13192e+08 5.96101e+07 3.14157e+07 3.30859e+07 3.14265e+07 2.54167e+07 5.47104e+07 4.50472e+07 2.26897e+07 2.21115e+07 1.97171e+07 1.21327e+07 1.05994e+07 9.1572e+06 9.15202e+06 8.27128e+06 1.31053e+07 1.54189e+07 1.03451e+07 6.92596e+06 6.79572e+06 6.32315e+06 6.59012e+06 6.29388e+06 5.84986e+06 5.58661e+06 2.00077e+07 1.26542e+07 1.53471e+07 1.10325e+07 1.05067e+07 5.83532e+06 8.15051e+06 6.85668e+06 5.17137e+06 4.88343e+06 4.58228e+06 8.87117e+06 1.12204e+07 5.77592e+06 4.32645e+06 3.97583e+06 4.12844e+06 3.36585e+06
threshold=1499.825 2020.5000000000002 5.5000000000000009 26.500000000000004 689.22667650815549 9.7500000000000018 10000.005000000003 29.500000000000004 35.95000000000001 2847.3500000000008 284.50000000000006 277.50000000000006 663.15353780977659 9999.3950000000023 318.50000000000006 7345.4328333333351 17.950000000000003 209.50000000000003 244.50000000000003 207.50000000000003 314.50000000000006 8273.4223333333339 1.0000000180025095e-35 184.50000000000003 146.50000000000003 194.50000000000003 10430.596833333335 2022.5000000000002 156.50000000000003 3648.6000000000008 2022.5000000000002 5.5000000000000009 351.50000000000006 39.050000000000004 2838.7956666666669 878.07027153212266 182.50000000000003 920.99757609943811 47.500000000000007 1.5000000000000002 41.500000000000007 278.43722488534905 2051.9186458337067 234.50000000000003 223.50000000000003 4.5000000000000009 36.050000000000004 221.50000000000003 224.50000000000003 254.50000000000003 253.50000000000003 4077.263571428572 91.500000000000014 4.5000000000000009 2021.5000000000002 2785.797857142858 231.50000000000003 39.500000000000007 255.50000000000003 2023.5000000000002 38.500000000000007 24.500000000000004
decision_type=2 2 2 2 2 2 2 2 2 2 2 2 2 2 2 2 2 2 2 2 2 2 2 2 2 2 2 2 2 2 2 2 2 2 2 2 2 2 2 2 2 2 2 2 2 2 2 2 2 2 2 2 2 2 2 2 2 2 2 2 2 2
left_child=31 29 10 8 9 7 -7 -6 23 28 11 17 30 -14 20 27 -17 19 -19 -3 22 -22 -12 24 -4 -25 -11 -16 -5 43 -13 33 37 38 35 -35 -36 52 54 -34 -41 -40 -10 44 47 48 -47 53 -46 50 51 -45 -31 -2 -1 56 -56 -57 -51 60 -33 -60
right_child=1 2 3 4 5 6 -8 -9 42 26 14 12 13 -15 15 16 -18 18 -20 -21 21 -23 -24 25 -26 -27 -28 -29 -30 32 -32 59 39 34 36 -37 -38 -39 41 40 -42 -43 -44 49 45 46 -48 -49 -50 58 -52 -53 -54 -55 55 57 -58 -59 61 -61 -62 -63
leaf_value=-5.0690201488842934 -1.3797327437461009 0.26605233658636224 1.8724162101439372 0.81313733154125123 -21.272575023907883 -5.0075680035989967 -17.104150197900008 29.544467166900631 25.506299402448871 1.5932741431341615 -1.8910774024780388 -11.257225992589575 35.277693751605703 7.3407356889468822 -1.2005840052263759 2.6051824392627725 38.285243676700425 5.8487361219435918 -1.3577472375325264 -14.069792903016079 -10.288037799996832 -51.841997909919897 -12.453269764050328 -29.406257985935493 18.719714069662054 0.19854220426670596 -20.648625635652465 3.5970488716919018 -9.9970950562770557 -5.5091582187255286 0.097362422118763073 -22.870206909179686 -10.554433227207349 5.155304530794556 51.423950367407372 -30.186009331727647 10.355585901737214 -24.469388822699496 11.043790996551515 14.919593572775524 -1.6048422994769991 -9.4234713876157503 57.869248904273633 2.5199254691166866 -22.849359327716595 -11.413273714991178 -47.860790278737142 11.453918633931039 -3.8286023658589685 -11.859360196560246 17.495737619924025 -23.867854290771486 -25.886782521605497 0.3713368444558045 20.082637269389632 -35.113080506758259 -1.0885788379396713 -1.7731708778034561 -1.5890531455390504 -22.459490891332212 0.1667467783590158 0.46420943533587611
leaf_weight=368 13958 67503 2241 682 51 4968 840 179 53 5747 8373 436 637 830 7432 477 225 11263 10554 732 814 50 768 135 613 2328 116 3547 1104 1282 388 28 68 147 21 38 53 52 39 119 121 662 20 1637 80 101 40 182 708 78 90 24 31 5570 99 21 167 32 2773 91 59 7115
leaf_count=368 13958 67503 2241 682 51 4968 840 179 53 5747 8373 436 637 830 7432 477 225 11263 10554 732 814 50 768 135 613 2328 116 3547 1104 1282 388 28 68 147 21 38 53 52 39 119 121 662 20 1637 80 101 40 182 708 78 90 24 31 5570 99 21 167 32 2773 91 59 7115
internal_value=9.87777e-06 0.0486252 0.271657 -1.26098 -2.83493 -5.80483 -6.75972 18.233 2.7356 -0.490086 0.528075 0.897962 10.3516 19.4873 -1.04694 1.17584 14.0793 0.657342 2.36269 0.112059 -3.64193 -12.7499 -2.77975 2.28564 5.49628 -1.43541 1.14977 0.34958 -5.87096 -0.823756 -5.917 -4.44981 -4.97444 -3.28024 4.90871 -2.22723 22.5404 -6.73024 -4.81073 2.80354 6.61641 -8.27066 35.0351 -0.608993 -1.104 -8.27069 -22.0173 -0.765811 -5.78616 0.262966 2.92412 2.12451 -6.00961 -0.880279 -1.2734 3.10739 6.83662 -15.389 -0.204837 -15.1928 -7.42302 -0.111711
internal_weight=168960 167135 133106 19077 13687 6038 5808 230 5390 7649 114029 92343 2291 1467 21686 11681 702 90052 21817 68235 10005 864 9141 5317 2854 2463 5863 10979 1786 34029 824 1825 1673 1647 259 185 74 1365 1388 308 240 701 73 32356 20639 929 141 19710 788 11717 1751 1661 1313 19528 687 319 266 53 9966 178 87 9888
internal_count=168960 167135 133106 19077 13687 6038 5808 230 5390 7649 114029 92343 2291 1467 21686 11681 702 90052 21817 68235 10005 864 9141 5317 2854 2463 5863 10979 1786 34029 824 1825 1673 1647 259 185 74 1365 1388 308 240 701 73 32356 20639 929 141 19710 788 11717 1751 1661 1313 19528 687 319 266 53 9966 178 87 9888
is_linear=0
shrinkage=0.05


Tree=132
num_leaves=63
num_cat=0
split_feature=17 0 11 3 3 6 0 0 10 15 12 10 12 3 11 17 10 3 10 3 3 9 11 11 12 13 3 3 12 5 10 17 5 17 17 3 10 11 17 3 17 3 14 3 3 3 14 11 0 3 10 14 15 3 3 10 11 14 15 10 15 11
split_gain=1.47835e+07 3.64369e+07 4.79891e+07 6.33135e+07 6.70439e+07 7.46803e+07 4.85612e+07 4.54683e+07 4.21151e+07 4.10342e+07 6.08739e+07 1.116e+08 3.64869e+07 8.50173e+07 9.24223e+07 3.24105e+07 6.49842e+07 5.43936e+07 3.14961e+07 3.04686e+07 5.42183e+07 6.73058e+07 6.43297e+07 8.20217e+07 1.29836e+08 5.44683e+07 4.78324e+07 3.895e+07 1.14774e+08 7.20131e+07 6.87798e+07 1.02294e+08 3.85537e+07 3.86204e+07 4.44331e+07 3.67201e+07 3.53271e+07 6.83263e+07 5.64669e+07 7.41722e+07 3.42178e+07 6.58536e+07 1.08428e+08 6.00884e+07 8.67821e+07 8.10476e+07 4.68921e+07 3.31041e+07 4.91975e+07 3.08468e+07 6.86871e+07 4.44361e+07 2.9433e+07 3.84906e+07 1.31487e+08 3.5368e+07 2.98299e+07 4.94976e+07 4.67734e+07 3.85496e+07 3.11103e+07 2.78434e+07
threshold=31.150000000000002 57.500000000000007 11999.985000000002 124.50000000000001 96.500000000000014 1.0000000180025095e-35 6.5000000000000009 2.5000000000000004 8866.5700000000015 1330.0044511564881 4898.0664285714292 4500.005000000001 7231.0757142857155 290.50000000000006 4836.795000000001 33.150000000000013 6695.4150000000009 130.50000000000003 3509.0650000000005 98.500000000000014 190.50000000000003 1.5000000000000002 6200.9150000000009 11194.045000000002 7821.4828571428579 1311.3167133231598 94.500000000000014 170.50000000000003 10000.04642857143 2022.5000000000002 5000.6450000000013 28.150000000000002 2023.5000000000002 28.550000000000004 27.750000000000004 164.50000000000003 12000.005000000003 4900.6150000000007 28.850000000000005 263.50000000000006 29.250000000000004 243.50000000000003 3451.2391666666667 227.50000000000003 228.50000000000003 206.50000000000003 11520.822833333337 17561.605000000003 12.500000000000002 86.500000000000014 14498.490000000002 11520.822833333337 1155.1185428583951 66.500000000000014 64.500000000000014 9500.9950000000008 5963.8100000000004 10655.522333333336 2733.5861067464816 2770.7750000000005 2567.6281353571862 8866.1750000000011
decision_type=2 2 2 2 2 2 2 2 2 2 2 2 2 2 2 2 2 2 2 2 2 2 2 2 2 2 2 2 2 2 2 2 2 2 2 2 2 2 2 2 2 2 2 2 2 2 2 2 2 2 2 2 2 2 2 2 2 2 2 2 2 2
left_child=19 2 6 4 5 -4 9 -5 -6 -2 11 -11 -8 14 -14 17 -17 -9 -12 26 21 27 -23 25 -25 -24 47 30 29 -29 35 -32 -28 34 -34 -21 40 -38 -39 -40 43 42 -42 45 -45 -22 -43 -1 -49 51 -51 -50 -3 54 55 61 57 58 -55 -58 -61 -54
right_child=1 52 3 7 8 -7 12 15 -10 10 18 -13 13 -15 -16 16 -18 -19 -20 20 36 22 23 24 -26 -27 32 28 -30 -31 31 -33 33 -35 -36 -37 37 38 39 -41 41 46 -44 44 -46 -47 -48 48 49 50 -52 -53 53 56 -56 -57 59 -59 -60 60 -62 -63
leaf_value=0.31243586057850414 0.39372123242989321 0.49491331087518547 -10.126769574786842 16.415869479823758 54.368336788524282 -100.51223967521423 -0.22460175018578998 25.395254740257787 3.6075833471858005 8.8241740936384758 48.131342293222751 94.259735650234532 -32.023462474656647 -88.243620794489985 -1.0712827383691357 -14.868799687174056 -57.067891832211437 -27.025174220630102 6.8602647418643192 -7.5392408743307149 0.35212305242667247 -6.9226699053574912 -6.5356245594275642 121.10961767777154 -13.742714551925662 -41.688680768724794 5.7441864101806672 2.1058151391795659 -87.440129486793694 -14.828103751465202 -64.97563799771396 12.483942869920245 37.138234781229272 46.140943764084625 -28.922750837121693 9.6290503492788844 -77.487065017979319 -59.173342241075311 -40.444089125497008 21.630113187517438 -0.91121099817247786 -1.964441202632391 8.5840973796591129 36.426347552181049 -0.89655003356227825 -14.019618842062782 34.066381813353239 94.517219122023818 0.7993705867585682 25.76370399475098 -78.064611035156261 80.148144737981994 -1.0197386303576796 9.5785823785453807 -117.02292339456493 -56.24101577924646 64.10809000854492 77.264791943359384 -1.8364529811371559 -0.62510077008036236 5.6660469857893183 59.581026435693104
leaf_weight=36798 1606 17008 88 73 43 30 38025 72 576 103 47 60 286 31 1511 199 169 153 1282 1631 1828 2061 151 22 79 411 628 1482 42 1088 43 1378 52 140 48 384 40 44 69 153 6391 11789 5676 156 19516 2116 90 20 41 43 24 30 90 3572 28 22 24 24 1198 4851 3302 23
leaf_count=36798 1606 17008 88 73 43 30 38025 72 576 103 47 60 286 31 1511 199 169 153 1282 1631 1828 2061 151 22 79 411 628 1482 42 1088 43 1378 52 140 48 384 40 44 69 153 6391 11789 5676 156 19516 2116 90 20 41 43 24 30 90 3572 28 22 24 24 1198 4851 3302 23
internal_value=-3.60141e-05 0.526624 -0.384954 -9.48143 0.61872 -33.7577 -0.0876027 -20.6425 7.21579 5.94137 11.9086 40.6559 -0.556407 -7.45452 -6.01252 -25.2245 -34.3504 -10.2125 8.35491 -0.415371 -1.14918 -4.76266 -11.2872 -24.8239 16.5304 -32.272 0.683475 -1.82265 -6.42358 -5.06607 1.67575 10.0959 12.2786 29.2821 5.4565 -4.26431 -0.486904 -17.3936 -8.10056 2.24191 -0.377768 0.954054 3.55547 -1.72818 -0.598741 -7.36007 -1.68861 0.410811 23.1763 12.2314 -12.0295 34.9746 1.86798 3.64588 -20.4272 0.320552 3.94994 7.08112 6.71188 2.11356 1.92322 11.7293
internal_weight=168960 74496 44354 1403 737 118 42951 666 619 3098 1492 163 39853 1828 1797 593 368 225 1329 94464 56640 8772 2724 663 101 562 37824 6048 2612 2570 3436 1421 868 240 100 2015 47868 306 266 222 47562 23946 12067 23616 19672 3944 11879 36956 158 138 67 71 30142 13134 163 135 12971 4794 4770 8177 8153 113
internal_count=168960 74496 44354 1403 737 118 42951 666 619 3098 1492 163 39853 1828 1797 593 368 225 1329 94464 56640 8772 2724 663 101 562 37824 6048 2612 2570 3436 1421 868 240 100 2015 47868 306 266 222 47562 23946 12067 23616 19672 3944 11879 36956 158 138 67 71 30142 13134 163 135 12971 4794 4770 8177 8153 113
is_linear=0
shrinkage=0.05


Tree=133
num_leaves=63
num_cat=0
split_feature=10 12 3 0 2 10 2 13 0 0 10 3 10 10 11 2 0 0 12 2 3 0 3 11 12 3 3 3 3 3 3 0 3 3 3 11 3 11 3 2 0 2 2 15 15 3 3 3 12 11 3 0 0 5 0 2 12 2 11 10 8 0
split_gain=1.31408e+07 1.24448e+07 3.73353e+07 5.17233e+07 4.59452e+07 4.86053e+07 4.04863e+07 5.63432e+07 5.04063e+07 2.56898e+07 2.34542e+07 5.25085e+07 2.14685e+07 2.03362e+07 6.92413e+07 8.098e+07 1.06877e+08 1.00854e+08 7.45964e+07 5.33859e+07 7.00559e+07 3.9782e+07 4.77901e+07 3.44764e+07 1.37753e+07 2.28694e+07 4.27657e+07 4.31041e+07 3.38873e+07 2.03897e+07 9.95626e+07 1.36164e+07 1.38061e+07 1.23113e+07 5.12227e+07 6.82003e+07 5.00211e+07 1.17083e+08 5.35674e+07 3.92974e+07 9.84951e+06 8.19688e+06 7.85433e+06 5.10263e+06 1.92021e+07 8.9511e+06 5.80161e+06 9.27403e+06 5.44029e+06 8.23467e+06 6.90666e+06 6.50326e+06 4.669e+06 3.63312e+06 3.65938e+06 3.22925e+06 3.05169e+06 4.61823e+06 2.68433e+06 3.82624e+06 2.65261e+06 1.44352e+06
threshold=1499.825 14389.699285714289 288.50000000000006 13.500000000000002 1.5000000000000002 11194.045000000002 2.5000000000000004 2991.7333866594622 60.500000000000007 59.500000000000007 17561.605000000003 90.500000000000014 5500.9950000000008 14498.490000000002 11194.045000000002 3.5000000000000004 77.500000000000014 56.500000000000007 12000.380714285717 5.5000000000000009 84.500000000000014 30.500000000000004 278.50000000000006 8282.3200000000015 11472.934285714287 245.50000000000003 168.50000000000003 201.50000000000003 156.50000000000003 296.50000000000006 292.50000000000006 25.500000000000004 289.50000000000006 110.50000000000001 96.500000000000014 10000.005000000003 136.50000000000003 9000.715000000002 138.50000000000003 1.5000000000000002 76.500000000000014 5.5000000000000009 4.5000000000000009 2989.7896357602681 887.78900655626717 248.50000000000003 227.50000000000003 203.50000000000003 1834.7292857142859 2134.5000000000005 247.50000000000003 39.500000000000007 72.500000000000014 2023.5000000000002 38.500000000000007 3.5000000000000004 2873.8542857142861 3.5000000000000004 1999.4750000000001 1000.4250000000001 2.5000000000000004 77.500000000000014
decision_type=2 2 2 2 2 2 2 2 2 2 2 2 2 2 2 2 2 2 2 2 2 2 2 2 2 2 2 2 2 2 2 2 2 2 2 2 2 2 2 2 2 2 2 2 2 2 2 2 2 2 2 2 2 2 2 2 2 2 2 2 2 2
left_child=41 13 3 10 5 52 8 -8 -6 -7 11 -3 -4 24 15 16 17 -15 -18 23 -21 42 40 -17 33 26 28 -28 -26 30 -27 -14 -33 34 39 -36 37 -35 -38 -2 -23 43 -16 44 48 46 47 -46 58 51 -51 -50 -5 54 -43 -12 57 -45 60 -60 -1 -34
right_child=1 2 12 4 6 9 7 -9 -10 -11 55 -13 31 14 21 19 18 -19 -20 20 -22 22 -24 -25 25 29 27 -29 -30 -31 -32 32 61 36 35 -37 38 -39 -40 -41 -42 53 -44 56 45 -47 -48 -49 49 50 -52 -53 -54 -55 -56 -57 -58 -59 59 -61 -62 -63
leaf_value=-4.2051060904229898 -2.3212480304618213 17.500850471567226 21.923688305664061 89.864027019998318 -80.958539659904716 -29.325715730031334 -29.696208329028394 18.204481948513095 -8.2686412282423536 22.928993786204948 3.7464522121263593 119.78477680664065 -62.180544842529301 -35.205237538876737 13.351226479903511 12.046964764311507 -161.90040471857245 48.17295928667177 -31.396881434122719 -90.338538309733082 1.1531302389829625 -122.06060729317045 -3.9474377005440853 50.804113818577356 1.3890767750216249 10.926316618540348 -80.528522291512331 -10.648198156824238 23.767465766521767 -22.379272776709662 118.04038530100948 9.9988035385696978 -23.715252543362705 -1.2539093633434688 3.5185271138316048 25.358715705449253 11.796422477667642 -15.303055761393644 -0.064941192502869741 0.981806341740459 -68.997069577026366 -21.50099285783439 -28.028042114091956 12.755288370223273 33.111932023944284 -2.1847738131081189 46.33052410419171 -9.6453852753412175 -5.7004294826673423 -6.5653731388664944 7.1643770652305001 12.954913643786353 50.679211077008937 -21.328478039036629 0.18731422083576521 30.736277253524118 -23.901850603277037 -16.376679380612497 -19.013116088267768 -4.7469313573015146 -21.779503230219305 -44.024091202545172
leaf_weight=344 12651 26 24 22 32 29 82 235 87 109 22 24 24 114 22 184 21 52 23 23 163 22 20 83 2402 389 28 94 181 35 22 26 21 9310 6036 379 960 1763 100047 31236 24 28 22 20 32 40 25 20 68 550 109 145 20 91 59 22 43 38 105 86 22 24
leaf_count=344 12651 26 24 22 32 29 82 235 87 109 22 24 24 114 22 184 21 52 23 23 163 22 20 83 2402 389 28 94 181 35 22 26 21 9310 6036 379 960 1763 100047 31236 24 28 22 20 32 40 25 20 68 550 109 145 20 91 59 22 43 38 105 86 22 24
internal_value=-4.65041e-05 0.046043 6.15327 10.5007 5.1957 26.3733 -3.58765 5.75933 -28.3273 11.8159 44.8448 67.9833 -19.6566 0.0155629 -8.07021 -1.94811 -27.5392 -8.95467 -95.8964 9.94984 -10.5829 -44.6198 -68.884 24.2397 0.0533701 3.32718 1.59524 -27.2107 2.9658 13.8043 16.9325 -30.2801 -18.7829 -0.0101778 0.639682 4.8126 -0.301841 -3.49194 0.0479083 0.0296265 -96.4325 -4.21868 -7.50137 -3.11213 -2.39578 16.9928 26.8556 16.795 -3.99401 -1.52502 -4.28702 7.00039 72.8172 -14.3827 -6.95778 17.6246 -13.9462 -6.28516 -7.8496 -12.6478 -5.31797 -35.2683
internal_weight=168960 167135 829 710 616 180 436 317 119 138 94 50 119 166306 773 663 210 166 44 453 186 110 66 267 165533 3151 2705 122 2583 446 411 95 71 162382 50302 6415 112080 11073 101007 43887 46 1825 44 1647 1546 117 77 52 1429 872 659 213 42 178 87 44 101 58 557 191 366 45
internal_count=168960 167135 829 710 616 180 436 317 119 138 94 50 119 166306 773 663 210 166 44 453 186 110 66 267 165533 3151 2705 122 2583 446 411 95 71 162382 50302 6415 112080 11073 101007 43887 46 1825 44 1647 1546 117 77 52 1429 872 659 213 42 178 87 44 101 58 557 191 366 45
is_linear=0
shrinkage=0.05


Tree=134
num_leaves=63
num_cat=0
split_feature=17 14 10 10 10 17 3 11 5 17 3 13 10 10 3 3 3 3 13 10 5 3 10 3 3 3 16 17 11 3 10 13 11 11 2 3 3 3 12 13 3 11 3 3 3 11 14 16 12 10 14 13 14 9 3 5 3 5 16 17 11 14
split_gain=1.41209e+07 3.82956e+07 6.01608e+07 2.40187e+07 1.3379e+07 1.79259e+07 1.3137e+07 3.6257e+07 2.70011e+07 2.57798e+07 2.69696e+07 3.83422e+07 2.57256e+07 2.52312e+07 1.85814e+07 1.75767e+07 1.70626e+07 1.14692e+08 1.58531e+08 1.36067e+08 3.7945e+07 1.37431e+08 1.51777e+08 3.06774e+07 1.33905e+08 9.7317e+07 2.98887e+07 2.54722e+07 1.66551e+07 1.58654e+07 1.43473e+07 1.33971e+07 1.3005e+07 1.22194e+07 1.01043e+07 1.88373e+07 1.63281e+07 9.60031e+06 9.04159e+06 7.72984e+06 7.72838e+06 8.68182e+06 1.52574e+07 7.6133e+06 8.15986e+06 7.55894e+06 7.3745e+06 7.19188e+06 6.54717e+06 6.29068e+06 6.08905e+06 5.84988e+06 5.76455e+06 1.18791e+07 1.23912e+07 5.68189e+06 5.49614e+06 4.02702e+06 3.77196e+06 3.76229e+06 3.62102e+06 2.85761e+06
threshold=39.050000000000004 4779.6166666666677 6695.4150000000009 11194.045000000002 1799.575 31.350000000000005 349.50000000000006 6999.6950000000006 2021.5000000000002 26.650000000000002 361.50000000000006 593.09906191772211 5300.0700000000006 8866.5700000000015 358.50000000000006 364.50000000000006 284.50000000000006 277.50000000000006 708.08527245446601 9999.3950000000023 2023.5000000000002 286.50000000000006 6510.3150000000014 246.50000000000003 237.50000000000003 255.50000000000003 35.650000000000013 37.750000000000007 9999.3950000000023 350.50000000000006 7000.6650000000009 2727.6090544262547 3916.8350000000005 2699.9750000000004 2.5000000000000004 235.50000000000003 228.50000000000003 290.50000000000006 7122.073571428572 243.03947322801702 146.50000000000003 3319.1150000000002 182.50000000000003 196.50000000000003 201.50000000000003 1699.9850000000004 7505.5065000000004 14.350000000000003 3083.7664285714291 2006.9400000000003 3256.0515000000005 1181.6372607697024 2615.7326666666672 1.5000000000000002 227.50000000000003 2023.5000000000002 257.50000000000006 2022.5000000000002 32.95000000000001 32.250000000000007 3570.9150000000004 6364.6003333333347
decision_type=2 2 2 2 2 2 2 2 2 2 2 2 2 2 2 2 2 2 2 2 2 2 2 2 2 2 2 2 2 2 2 2 2 2 2 2 2 2 2 2 2 2 2 2 2 2 2 2 2 2 2 2 2 2 2 2 2 2 2 2 2 2
left_child=4 2 37 -3 5 33 16 9 14 12 11 -11 39 47 30 -12 17 23 32 -20 26 22 -22 24 -6 -25 27 -18 -15 -14 -9 -23 -19 52 40 36 50 45 -4 -8 46 48 -43 57 -45 -2 61 -10 -42 60 -36 -46 55 -54 -55 -1 -57 -35 -51 -37 -47 -7
right_child=1 3 38 -5 6 34 7 8 13 10 15 -13 29 28 -16 -17 20 18 19 -21 21 31 -24 25 -26 -27 -28 -29 -30 -31 -32 -33 -34 43 35 59 -38 -39 -40 -41 41 42 -44 44 51 49 -48 -49 -50 58 -52 -53 53 54 -56 56 -58 -59 -60 -61 -62 -63
leaf_value=-3.6054696717837782 -21.965400402832032 65.418202093442275 -31.107784531002956 17.428641744804384 -0.12070649982147963 -10.012674340539508 -2.1524537788143827 36.853752986363006 41.455584608938842 3.9829753248879656 -13.61357627069863 21.718406768378451 26.824075431823729 23.928156698648031 -43.317888728380211 7.9228890538400627 -0.57793092042233152 0.16975510602885621 37.360277212235935 8.3607309787132316 -24.408387247637698 -2.4126128712715524 -132.11307260240827 -8.7125691318329803 9.0037353638223365 0.36491746674532277 53.962605667400368 -17.189244769883256 2.9135469550064634 -18.28350968286798 -20.347644460512242 -20.512246410737347 -12.038416724461776 7.179357074309479 0.34041477475131576 -2.2546449929039656 33.578717698793156 -18.30872443559435 -80.682151772635336 3.2460270757115524 4.6628588816026841 43.74509190094777 1.2062759808974066 -29.165178662004145 -9.8352272352814687 12.092562979804146 12.931967053413391 14.636130802835737 -23.60630433309646 13.101354041161745 -26.605998139814901 -35.12899589233399 -5.4950522665296289 -2.078336356378371 41.365050854153111 -15.956457015184846 6.1350359136918016 -14.212597512331877 3.4643036959145848 -19.330906460023339 33.940202481079105 -31.298306434268046
leaf_weight=1523 24 35 20 99 108941 71 1971 20 112 1360 273 392 20 153 31 144 24248 1355 681 996 151 1657 41 4133 4174 10331 24 232 244 295 22 108 259 65 445 40 36 44 20 998 863 38 46 86 299 89 31 34 20 114 21 24 104 30 35 174 33 32 883 172 24 20
leaf_count=1523 24 35 20 99 108941 71 1971 20 112 1360 273 392 20 153 31 144 24248 1355 681 996 151 1657 41 4133 4174 10331 24 232 244 295 22 108 259 65 445 40 36 44 20 998 863 38 46 86 299 89 31 34 20 114 21 24 104 30 35 174 33 32 883 172 24 20
internal_value=-0.000130097 5.08739 2.28492 30.355 -0.0411984 -2.82456 0.0304975 2.31296 13.8011 1.01291 5.24187 7.96131 -1.78096 17.6388 -14.5978 -6.17535 -0.057562 0.176576 9.39112 20.1522 -1.21552 -7.91358 -47.9732 -0.0611917 0.216067 -2.22934 -0.680281 -0.736054 11.0522 -15.3437 7.1146 -3.53112 -1.79554 -5.64927 0.944341 -3.67522 1.60816 4.35362 -57.2584 -0.337324 3.97374 5.4708 20.7383 -12.547 -15.5273 5.24829 -7.84028 35.352 3.99658 5.85594 -0.92827 -11.8173 -3.80568 4.98661 21.5865 -4.66697 -12.422 0.0491515 4.57826 -16.1347 16.9898 -14.9802
internal_weight=168960 1352 1218 134 167608 4208 163400 6069 616 5453 2169 1752 3284 543 73 417 157331 130870 3291 1677 26461 1957 192 127579 113115 14464 24504 24480 397 315 42 1765 1614 2405 1803 714 502 1178 40 2969 1089 967 84 506 409 1134 122 146 883 1110 466 323 1899 169 65 1730 207 97 997 212 113 91
internal_count=168960 1352 1218 134 167608 4208 163400 6069 616 5453 2169 1752 3284 543 73 417 157331 130870 3291 1677 26461 1957 192 127579 113115 14464 24504 24480 397 315 42 1765 1614 2405 1803 714 502 1178 40 2969 1089 967 84 506 409 1134 122 146 883 1110 466 323 1899 169 65 1730 207 97 997 212 113 91
is_linear=0
shrinkage=0.05


Tree=135
num_leaves=63
num_cat=0
split_feature=0 3 3 12 10 15 10 16 16 2 3 10 3 5 3 12 3 10 11 10 11 3 15 3 13 5 3 3 10 11 0 2 12 16 0 0 10 11 2 16 10 3 3 3 0 13 10 16 2 10 11 12 3 3 15 13 11 15 3 15 3 10
split_gain=1.31055e+07 2.77387e+07 7.56393e+07 4.75826e+07 1.14669e+08 4.64679e+07 4.29817e+07 4.14452e+07 3.11616e+07 9.35068e+07 5.75461e+07 4.46498e+07 3.79228e+07 3.07572e+07 4.0835e+07 1.14456e+08 9.18617e+07 4.99408e+07 4.00803e+07 3.89826e+07 1.12315e+08 6.63905e+07 3.58923e+07 9.2534e+07 2.97914e+07 2.92343e+07 2.5451e+07 4.69386e+07 2.00093e+07 4.42977e+07 1.78683e+07 1.06852e+08 5.56317e+07 5.41332e+07 5.50007e+07 7.75856e+07 5.45778e+07 8.93437e+07 5.00767e+07 4.36763e+07 5.66029e+07 4.69178e+07 1.18961e+08 9.51573e+07 3.76987e+07 4.79445e+07 4.6435e+07 3.76671e+07 6.15087e+07 8.77099e+07 5.97561e+07 3.58662e+07 3.62513e+07 3.03032e+07 4.3931e+07 3.10956e+07 2.77962e+07 2.76436e+07 4.64997e+07 5.36213e+07 4.83643e+07 3.15604e+07
threshold=73.500000000000014 272.50000000000006 271.50000000000006 12000.380714285717 14498.490000000002 4534.1532565239222 14498.490000000002 33.650000000000013 31.850000000000005 5.5000000000000009 277.50000000000006 11999.985000000002 279.50000000000006 2021.5000000000002 270.50000000000006 9157.1885714285727 269.50000000000006 9999.3950000000023 6962.6800000000012 5800.9650000000011 3140.8250000000003 227.50000000000003 3954.265515905809 259.50000000000006 506.32750699467039 2023.5000000000002 281.50000000000006 287.50000000000006 8300.0150000000012 6999.6950000000006 34.500000000000007 1.0000000180025095e-35 8317.7064285714314 28.450000000000003 43.500000000000007 65.500000000000014 6972.2100000000009 12000.005000000003 1.0000000180025095e-35 8.8500000000000032 5090.9250000000011 277.50000000000006 278.50000000000006 246.50000000000003 18.500000000000004 4054.8412523223624 8300.0150000000012 34.45000000000001 2.5000000000000004 4500.005000000001 7999.9550000000008 3710.1771428571433 70.500000000000014 174.50000000000003 2082.8843726246064 906.74730143716954 9999.3950000000023 2348.2171120986727 78.500000000000014 3403.9999007376414 84.500000000000014 10421.575000000003
decision_type=2 2 2 2 2 2 2 2 2 2 2 2 2 2 2 2 2 2 2 2 2 2 2 2 2 2 2 2 2 2 2 2 2 2 2 2 2 2 2 2 2 2 2 2 2 2 2 2 2 2 2 2 2 2 2 2 2 2 2 2 2 2
left_child=30 2 13 4 8 6 -5 26 10 11 25 -10 -12 19 16 -16 18 -18 -15 22 -21 -22 -2 -24 -4 -3 -7 -28 29 -26 38 32 56 34 -34 -36 37 -35 44 -33 -41 43 -43 -42 45 51 -47 -40 49 -49 -51 -1 -53 55 -55 -50 -32 61 59 -59 -60 -46
right_child=1 3 24 5 -6 7 -8 -9 9 -11 12 -13 -14 14 15 -17 17 -19 -20 20 21 -23 23 -25 28 -27 27 -29 -30 -31 31 39 33 36 35 -37 -38 -39 47 40 41 42 -44 -45 57 46 -48 48 53 50 -52 52 -54 54 -56 -57 -58 58 60 -61 -62 -63
leaf_value=-2.268912872479643 0.10807434271073213 -27.847438142916644 1.9762935904300578 107.14518675486248 -89.023394898866343 -43.510007567898981 24.452607289528363 64.715880513446677 13.072997896576275 81.820392095392393 22.38851598880909 -49.453422046237527 -2.0524262808900389 5.3240998871949827 -111.13249460154566 20.327699620173529 105.15333593888715 18.156556245803834 0.53269331333099534 72.228158817291259 -20.754875167564169 1.2139499777205962 -7.5401963036034703 71.041857494172589 28.193511783893292 9.1187350290738625 34.77786127200072 -12.680020523951605 23.247830347333636 122.03128295898438 3.4563547048784899 13.205237417540809 31.294613870373208 83.660225581293517 -77.899845251900814 3.2652610290819597 15.661966897288696 -25.573479753534002 0.63834501778868769 -1.0261468557779929 -5.555159794079958 93.311191253662116 -0.80206889173418294 -26.158465987290544 -1.8340692362594102 -3.4299314467112225 -101.11488531259391 6.2857273428666645 -3.387039692421081 53.287527020302178 9.0828163402730784 -50.183775555183153 -9.9541245910059182 0.21403665491362581 22.692095038478538 -36.437827407755748 -16.335105742775934 21.286135430380565 -63.274349899291998 104.39413712302844 6.8519705970187337 41.778432599022281
leaf_weight=2974 10189 312 32 23 37 28 48 27 137 43 161 35 7824 7730 28 38 32 34 10024 41 756 630 92 62 25 64 86 129 27 26 8996 493 130 91 34 185 150 23 49930 48577 6437 33 2698 613 3369 23 25 712 294 212 120 57 1690 1189 265 93 180 106 25 23 452 41
leaf_count=2974 10189 312 32 23 37 28 48 27 137 43 161 35 7824 7730 28 38 32 34 10024 41 756 630 92 62 25 64 86 129 27 26 8996 493 130 91 34 185 150 23 49930 48577 6437 33 2698 613 3369 23 25 712 294 212 120 57 1690 1189 265 93 180 106 25 23 452 41
internal_value=-0.000155317 0.807458 1.54145 -1.63246 -2.35847 16.6585 52.3565 7.11262 -1.97423 16.7771 -2.45836 0.137257 -1.55689 1.3872 2.69337 -36.2695 2.83971 61.2768 2.61903 -0.597754 -8.34163 -10.7754 0.471353 24.3509 42.7392 -21.5478 0.473242 6.37623 59.2256 77.4592 -0.240261 -0.795062 4.04173 18.613 5.6584 -9.6325 35.6526 61.5911 0.377949 -1.59965 -1.72494 -5.19501 0.368884 -7.35008 -3.11731 -6.12252 -55.3329 0.959381 6.51333 16.2019 37.3852 -5.61057 -11.2947 1.01328 4.32358 -11.4029 3.06638 0.452022 10.2832 36.7929 3.05189 -1.2976
internal_weight=168960 38720 29766 8954 8613 341 71 270 8576 215 8361 172 7985 29656 17886 66 17820 66 17754 11770 1427 1386 10343 154 110 376 243 215 78 51 130240 68640 9789 613 349 219 264 114 61600 58851 58358 9781 2731 7050 8785 4769 48 52815 2885 1044 332 4721 1747 1841 1454 387 9176 4016 606 129 477 3410
internal_count=168960 38720 29766 8954 8613 341 71 270 8576 215 8361 172 7985 29656 17886 66 17820 66 17754 11770 1427 1386 10343 154 110 376 243 215 78 51 130240 68640 9789 613 349 219 264 114 61600 58851 58358 9781 2731 7050 8785 4769 48 52815 2885 1044 332 4721 1747 1841 1454 387 9176 4016 606 129 477 3410
is_linear=0
shrinkage=0.05


Tree=136
num_leaves=63
num_cat=0
split_feature=17 2 9 16 15 3 1 12 10 3 13 2 3 16 3 2 2 3 16 10 17 16 3 13 3 12 3 17 11 3 16 3 3 13 13 17 17 13 12 5 1 17 3 13 17 15 11 13 11 10 11 15 13 10 12 9 5 15 9 12 1 3
split_gain=1.38307e+07 4.81594e+07 5.56258e+07 4.48537e+07 9.82792e+07 5.28398e+07 5.473e+07 4.63621e+07 5.65525e+07 3.58254e+07 5.95001e+07 2.05106e+08 6.31206e+07 5.46575e+07 4.59569e+07 5.33835e+07 9.42744e+07 3.5046e+07 3.1482e+07 9.17101e+07 9.13525e+07 8.56623e+07 8.19624e+07 7.58966e+07 8.83877e+07 9.26536e+07 7.67955e+07 6.28519e+07 5.65988e+07 5.01991e+07 7.91985e+07 6.34188e+07 3.43196e+07 2.99392e+07 3.39545e+07 2.91073e+07 2.86701e+07 2.69599e+07 2.54964e+07 2.49034e+07 2.46331e+07 2.4357e+07 9.3342e+07 3.1825e+07 2.61686e+07 3.28741e+07 2.78312e+07 2.39915e+07 4.96534e+07 2.8085e+07 2.33617e+07 5.95157e+07 5.45275e+07 4.09513e+07 3.90171e+07 2.65795e+07 2.3003e+07 2.23541e+07 2.10484e+07 2.09091e+07 6.01586e+07 5.44883e+07
threshold=31.150000000000002 1.0000000180025095e-35 1.0000000180025095e-35 32.350000000000001 3954.265515905809 262.50000000000006 16.500000000000004 10000.04642857143 5570.2750000000005 190.50000000000003 2448.9558273429943 1.5000000000000002 100.50000000000001 34.550000000000004 283.50000000000006 4.5000000000000009 3.5000000000000004 280.50000000000006 29.950000000000003 12000.005000000003 28.750000000000004 31.850000000000005 86.500000000000014 892.30837070576183 206.50000000000003 10358.928571428574 215.50000000000003 30.350000000000005 7999.9550000000008 190.50000000000003 34.150000000000013 248.50000000000003 230.50000000000003 230.27780933677056 3195.6338760967196 38.150000000000013 37.750000000000007 2331.9781091915684 9157.1885714285727 2022.5000000000002 18.500000000000004 34.550000000000004 112.50000000000001 2083.7374764770962 31.450000000000003 816.2553889795505 9500.9550000000017 4054.8412523223624 5645.9450000000006 12000.005000000003 10000.005000000003 1436.4767421896779 4616.0243041607218 6972.2100000000009 11472.934285714287 2.5000000000000004 2023.5000000000002 1683.0615665700359 3.5000000000000004 8662.6621428571452 19.500000000000004 293.50000000000006
decision_type=2 2 2 2 2 2 2 2 2 2 2 2 2 2 2 2 2 2 2 2 2 2 2 2 2 2 2 2 2 2 2 2 2 2 2 2 2 2 2 2 2 2 2 2 2 2 2 2 2 2 2 2 2 2 2 2 2 2 2 2 2 2
left_child=18 3 41 50 7 6 -6 33 -9 10 35 12 -12 -13 15 16 -11 -17 59 20 23 27 28 -20 25 -25 -26 -21 -22 30 -24 -31 -23 -5 -35 39 56 -38 -34 -4 -7 44 -43 -44 45 -3 -47 49 -49 -46 52 -52 54 55 58 -53 -16 -10 -2 -1 -61 -62
right_child=1 2 9 4 5 40 -8 8 57 14 11 13 -14 -15 36 17 -18 -19 19 21 22 32 29 24 26 -27 -28 -29 -30 31 -32 -33 38 34 -36 -37 37 -39 -40 -41 -42 42 43 -45 47 46 -48 48 -50 -51 51 53 -54 -55 -56 -57 -58 -59 -60 60 61 -63
leaf_value=-0.1030608321231187 -0.56519036837771264 -1.9813239628055694 -0.49630299236645126 -1.8561788462370989 47.545371061650712 49.895756676715358 -32.579796722675198 98.730397573617793 67.108122222537091 2.04464275729454 -79.166130326478381 4.4627410062656603 -29.87505593712099 -15.612053278490556 -0.42497714381640589 -2.8194821749331442 14.38813213998003 17.266056412151286 -2.8672543920409481 -55.86860323333741 15.314806630790233 -113.73393265962601 -10.608204747844413 -0.33799051715092854 -72.237375796430854 -107.23178472609749 -23.69718080589049 36.764375656614916 108.96191629835538 2.0359094156086082 1.5306366970191831 -5.0381897522312302 -3.1805121820623228 7.6923744930819842 -29.343372967432419 4.6546249259294434 -5.5204128649309805 -31.849674844065227 -71.672891737130982 -3.6937283089605586 126.94340522766113 105.09580245666506 4.4144632503858743 27.599187875044972 1.1388573134764908 19.501732833767939 1.1396914917717378 -89.965369845303627 -1.5060738427063516 20.647266420823463 -80.478361311287728 -7.9104174883287035 79.859352611194964 9.5716200916305265 62.067631718562204 -50.769676019637316 -8.603205007881817 11.61059002818061 9.1075628081945155 4.5843188278158324 -7.8714850267296406 -74.685579273700725
leaf_weight=60357 4439 499 14943 1264 81 22 28 25 20 6512 114 861 154 558 7632 4208 2028 228 1845 29 39 31 2881 585 92 20 682 46 27 14788 2517 4031 21 3620 62 1876 285 147 38 10278 23 24 1106 170 9895 666 299 21 57 187 28 90 21 190 25 60 968 139 643 5735 669 31
leaf_count=60357 4439 499 14943 1264 81 22 28 25 20 6512 114 861 154 558 7632 4208 2028 228 1845 29 39 31 2881 585 92 20 682 46 27 14788 2517 4031 21 3620 62 1876 285 147 38 10278 23 24 1106 170 9895 666 299 21 57 187 28 90 21 190 25 60 968 139 643 5735 669 31
internal_value=1.46405e-05 0.50942 -0.0135128 3.59997 6.8888 46.1171 26.8536 5.70242 30.2797 -0.758743 -1.91985 -11.0278 -51.0585 -3.4368 0.759873 2.66603 4.9772 -1.78347 -0.401713 -1.81979 -1.59613 -38.8725 -0.546042 -9.50268 -18.3719 -4.0428 -29.5526 0.682402 54.6796 -0.698803 -4.94882 0.520461 -71.4803 4.78217 7.06094 -1.35242 -1.97863 -14.5326 -47.7537 -1.7994 91.1793 2.91511 9.40329 7.52253 2.18874 8.43611 13.8194 1.28779 -26.1594 1.50271 0.437328 -11.7141 1.31146 -5.83173 0.972902 -25.2768 -1.3464 18.9672 0.660205 0.185817 2.89494 -10.9327
internal_weight=168960 74496 63716 10780 5284 154 109 5130 184 50792 28784 1687 268 1419 22008 12976 8540 4436 94464 27672 27507 165 24283 3224 1379 605 774 75 66 24217 5398 18819 90 4946 3682 27097 9032 432 59 25221 45 12924 1300 1276 11624 1464 965 10160 78 10082 5496 368 5128 340 5107 150 8600 159 5082 66792 6435 700
internal_count=168960 74496 63716 10780 5284 154 109 5130 184 50792 28784 1687 268 1419 22008 12976 8540 4436 94464 27672 27507 165 24283 3224 1379 605 774 75 66 24217 5398 18819 90 4946 3682 27097 9032 432 59 25221 45 12924 1300 1276 11624 1464 965 10160 78 10082 5496 368 5128 340 5107 150 8600 159 5082 66792 6435 700
is_linear=0
shrinkage=0.05


Tree=137
num_leaves=63
num_cat=0
split_feature=14 0 13 2 0 13 14 10 13 10 11 5 2 13 9 16 8 10 8 13 5 13 14 15 13 8 12 10 14 16 10 16 12 10 16 12 13 10 16 12 14 11 10 12 2 16 13 16 13 15 15 10 11 16 16 12 11 16 2 0 15 10
split_gain=1.29171e+07 1.18585e+07 2.57088e+07 1.62905e+07 9.06897e+07 8.91289e+07 5.44202e+07 4.08455e+07 3.91148e+07 1.14765e+08 5.28556e+07 4.44069e+07 3.24804e+07 1.05833e+08 8.70956e+07 1.46595e+08 7.99904e+07 6.63953e+07 6.46364e+07 3.56044e+07 3.24495e+07 4.12886e+07 4.70764e+07 3.50175e+07 4.18659e+07 3.13478e+07 2.41703e+07 2.2603e+07 1.61471e+07 5.02233e+07 6.95908e+07 4.29182e+07 4.06616e+07 3.94237e+07 9.45808e+07 3.31646e+07 2.42327e+07 1.38716e+07 2.3588e+07 4.42871e+07 2.43333e+07 2.13106e+07 1.76726e+07 1.29204e+07 1.22316e+07 2.6164e+07 2.17861e+07 1.11774e+07 8.02743e+06 7.70053e+06 6.06605e+06 3.61207e+06 6.21658e+06 3.45121e+06 3.11926e+06 4.05942e+06 2.91736e+06 3.15172e+06 2.59521e+06 3.30259e+06 2.38913e+06 2.22511e+06
threshold=2013.4020000000003 3.5000000000000004 3195.6338760967196 1.0000000180025095e-35 21.500000000000004 4054.8412523223624 11520.822833333337 8300.0150000000012 262.69343305703779 8000.005000000001 10000.005000000003 2022.5000000000002 1.5000000000000002 2016.5978563942181 1.0000000180025095e-35 32.250000000000007 1.5000000000000002 10000.005000000003 2.5000000000000004 616.36432542982413 2023.5000000000002 2369.3000087664959 5669.3410000000013 5523.3036322078469 2229.8172193519435 2.5000000000000004 3767.1378571428577 10421.575000000003 8097.1366666666672 33.95000000000001 7723.3500000000013 31.250000000000004 5583.3442857142863 10000.005000000003 32.550000000000004 8317.7064285714314 2199.2229209012817 3750.3350000000005 30.950000000000003 7575.1671428571435 9472.6838333333362 6999.6950000000006 7723.3500000000013 3383.3100000000009 1.0000000180025095e-35 32.250000000000007 892.30837070576183 34.850000000000001 689.22667650815549 937.68331187074318 1.0000000180025095e-35 2499.3450000000007 1699.9850000000004 39.250000000000007 35.650000000000013 1622.7914285714289 1499.8950000000002 38.550000000000004 1.0000000180025095e-35 20.500000000000004 422.56532102889679 1499.825
decision_type=2 2 2 2 2 2 2 2 2 2 2 2 2 2 2 2 2 2 2 2 2 2 2 2 2 2 2 2 2 2 2 2 2 2 2 2 2 2 2 2 2 2 2 2 2 2 2 2 2 2 2 2 2 2 2 2 2 2 2 2 2 2
left_child=48 2 28 4 5 6 26 -7 43 10 -10 -11 13 16 15 -15 19 -18 -16 -5 23 25 -23 24 -14 -22 -3 -25 33 31 -31 36 -33 44 35 -35 -30 -4 40 -40 41 -39 -42 49 45 -2 -46 -32 51 -6 -45 53 -53 54 58 61 -50 -58 59 -1 -57 -56
right_child=1 3 37 12 8 7 -8 -9 9 11 -12 -13 20 14 18 -17 17 -19 -20 -21 21 22 -24 27 -26 -27 -28 -29 29 30 47 32 -34 34 -36 -37 -38 38 39 -41 42 -43 -44 50 46 -47 -48 -49 56 -51 -52 52 -54 -55 55 60 57 -59 -60 -61 -62 -63
leaf_value=-7.2658199831388517 -0.38463957230424045 -1.3325836164717559 50.189607069492347 -2.0148883702180123 0.41777853066859827 -27.183268734325061 -76.86220370913928 -127.46721471922739 3.8348201058656275 33.540875378163953 -10.848266235998384 9.6957293012150458 0.27202678471417729 -11.142441867654505 -22.299251452186663 36.791626605902401 1.9827176942762517 36.302760359757428 0.16501604196234421 -8.6882211951693851 -0.43529655259865596 -27.286474763241479 -4.7196616341243276 -5.6442139660038499 3.9991304289820144 -7.1378438628634031 -9.3797675612427334 -26.485605230301616 6.3987391083221246 96.646858912557377 30.838775663110951 46.614993691279977 -14.888108830733964 -118.66864497070313 38.695766968903726 -31.410172443823384 35.075118576489139 10.192424328613281 -67.872344811179431 22.231671156353421 28.364390148925782 70.56074039557042 -33.08092838287353 14.399885247230529 -0.12194773997037363 -23.694394779973379 7.6441510348962289 6.2418841727863663 -7.6183050359806543 19.423361141063552 -5.3606533646105881 16.066840481690956 -1.1390758021397165 5.5925177706813818 -20.179117309982715 -9.5120365774284306 -36.084116947467514 -12.649669160585146 -1.8740621875412389 3.767619440086186 0.33604538762724251 -5.9033984603052554
leaf_weight=456 627 2544 31 7182 4097 21 25 20 11332 430 647 359 83897 553 1436 223 9726 142 412 2769 16411 316 855 701 8277 1951 1473 159 432 31 80 28 371 24 26 21 88 24 21 35 24 38 21 39 3436 148 1224 109 70 53 1409 70 201 124 73 102 25 36 3228 79 153 45
leaf_count=456 627 2544 31 7182 4097 21 25 20 11332 430 647 359 83897 553 1436 223 9726 142 412 2769 16411 316 855 701 8277 1951 1473 159 432 31 80 28 371 24 26 21 88 24 21 35 24 38 21 39 3436 148 1224 109 70 53 1409 70 201 124 73 102 25 36 3228 79 153 45
internal_value=-4.53461e-06 0.0736454 2.11174 -0.0148888 1.23229 -5.50697 -4.75281 -77.9726 2.73073 4.25851 3.04093 22.7172 -0.222273 -1.95908 -11.3933 2.66204 -0.709491 2.48021 -17.2936 -3.87252 0.124017 -1.72863 -10.8275 0.513004 0.606751 -1.14781 -4.28502 -9.52374 1.58637 7.00269 28.4039 1.85413 -10.4663 0.464855 -36.291 -79.5162 11.3097 20.0063 13.9949 -12.1552 27.6668 47.7252 -0.405775 -0.753991 0.951604 -4.86085 1.9191 16.7608 -2.59503 0.665122 -4.81885 -2.2404 3.34797 -2.59661 -2.84342 -7.20001 -14.751 -22.6811 -2.40978 -5.63258 -3.62494 -14.8304
internal_weight=168960 164298 6839 157459 22449 4083 4042 41 18366 12768 11979 789 135010 22443 2624 776 19819 9868 1848 9951 112567 19533 1171 93034 92174 18362 4017 860 6645 1139 220 919 399 5506 71 45 520 194 163 56 107 62 45 5598 5435 775 4660 189 4662 4150 1448 4531 271 4260 4136 373 131 61 3763 535 255 118
internal_count=168960 164298 6839 157459 22449 4083 4042 41 18366 12768 11979 789 135010 22443 2624 776 19819 9868 1848 9951 112567 19533 1171 93034 92174 18362 4017 860 6645 1139 220 919 399 5506 71 45 520 194 163 56 107 62 45 5598 5435 775 4660 189 4662 4150 1448 4531 271 4260 4136 373 131 61 3763 535 255 118
is_linear=0
shrinkage=0.05


Tree=138
num_leaves=63
num_cat=0
split_feature=5 3 10 10 3 3 13 3 11 3 12 3 2 0 3 4 11 17 10 10 10 2 2 10 3 11 10 3 3 3 13 10 2 3 3 17 9 2 17 3 10 12 3 12 3 0 13 13 10 13 17 11 3 3 2 9 0 3 10 2 10 12
split_gain=1.29493e+07 3.74314e+07 1.34181e+08 6.57229e+07 5.6347e+07 1.77335e+08 2.31271e+08 1.21238e+08 2.93935e+08 5.39579e+07 1.47068e+08 5.0822e+07 5.05574e+07 6.97331e+07 4.54855e+07 1.35559e+08 1.88457e+08 4.36019e+07 4.2405e+07 4.13822e+07 4.03988e+07 5.44904e+07 3.88249e+07 3.78906e+07 8.76556e+07 4.37464e+07 3.50059e+07 3.45643e+07 1.34264e+08 6.95342e+07 5.8695e+07 5.61408e+07 8.29651e+07 4.65746e+07 4.23583e+07 4.48294e+07 4.1824e+07 7.07249e+07 6.9101e+07 9.8816e+07 1.19449e+08 7.61157e+07 1.02242e+08 6.46018e+07 5.58731e+07 5.23431e+07 5.72372e+07 5.29283e+07 5.06369e+07 4.81623e+07 4.13195e+07 4.74148e+07 4.30829e+07 3.9437e+07 3.44643e+07 3.36712e+07 3.08686e+07 3.06608e+07 3.06058e+07 3.99581e+07 2.89828e+07 5.80411e+07
threshold=2021.5000000000002 213.50000000000003 8300.0150000000012 4129.9250000000011 242.50000000000003 245.50000000000003 1074.4839967128585 237.50000000000003 3279.6450000000004 221.50000000000003 4736.1514285714293 86.500000000000014 4.5000000000000009 85.500000000000014 285.50000000000006 9.5000000000000018 3279.6450000000004 31.750000000000004 4839.6150000000007 9500.9950000000008 4999.7350000000006 2.5000000000000004 1.5000000000000002 5469.5600000000004 224.50000000000003 9500.9550000000017 6000.8350000000009 250.50000000000003 255.50000000000003 239.50000000000003 1118.5568119871002 3099.9650000000006 1.0000000180025095e-35 344.50000000000006 251.50000000000003 31.750000000000004 1.0000000180025095e-35 1.0000000180025095e-35 29.250000000000004 203.50000000000003 4089.8550000000005 8662.6621428571452 114.50000000000001 14389.699285714289 219.50000000000003 75.500000000000014 4054.8412523223624 2915.8092967524067 9999.3950000000023 1018.9714043618463 31.550000000000004 3349.0350000000003 249.50000000000003 342.50000000000006 3.5000000000000004 1.0000000180025095e-35 73.500000000000014 188.50000000000003 4839.6150000000007 4.5000000000000009 7723.3500000000013 9388.811428571431
decision_type=2 2 2 2 2 2 2 2 2 2 2 2 2 2 2 2 2 2 2 2 2 2 2 2 2 2 2 2 2 2 2 2 2 2 2 2 2 2 2 2 2 2 2 2 2 2 2 2 2 2 2 2 2 2 2 2 2 2 2 2 2 2
left_child=1 2 3 57 7 6 -6 9 -9 10 -3 -5 55 -14 15 19 -17 26 -16 -7 -8 -22 -20 25 -25 -11 -13 29 31 36 -31 -29 -33 53 56 -36 38 44 39 43 -41 42 -40 -2 49 47 -47 -39 -43 -38 -32 -52 -53 60 -19 -10 -34 -1 -55 -60 -30 -62
right_child=27 4 -4 11 5 14 20 8 12 23 -12 17 13 -15 18 16 -18 54 22 -21 21 -23 -24 24 -26 -27 -28 28 33 30 50 32 34 -35 35 -37 37 45 41 40 -42 48 -44 -45 -46 46 -48 -49 -50 -51 51 52 -54 58 -56 -57 -58 -59 59 -61 61 -63
leaf_value=-0.17706530261223954 1.046129216019315 7.0758449613692651 -67.029676523514283 -2.5963449101694294 3.1190265845447382 0.087756163265570772 -39.494949070034608 -0.94230052648253482 72.444008569717411 -0.51795988593293563 103.07334932280749 -19.287041172142541 93.316687296425428 -7.0149059622628362 -0.24451983715469183 -0.86206695276754963 28.352196609494115 0.78040728225414835 -26.605378201003276 -27.355440362767968 -61.594482934434531 -136.7780799484253 -5.3956200635676197 -75.822132681387444 -6.680078933037624 57.403378086234596 -51.647651205351863 -0.89000433260092027 -0.22614066977846348 2.2282532280944038 25.989155310130851 -55.014942615322951 -47.013684123112604 4.6185745159534202 3.5581141988114795 -23.203908101100669 2.6053107454520483 -1.4950514995599353 25.359590552695423 0.90972368026551598 -29.300286616981516 -11.576535863389712 6.1855699657100836 77.100748393833641 -11.319300387653923 2.1932766962152566 38.863561955381329 -11.174607321916101 2.4120428314761688 11.940889366314877 69.063669679857071 1.7378046195408006 39.718143198546905 -6.2233582561447793 -17.782279604076034 29.702015532467325 -6.1192673629077516 -4.57717202012401 -0.97200792842441153 -55.715138120863173 -11.125529053105128 3.5397013901985979
leaf_weight=31757 9949 1496 77 2203 297 5332 131 579 63 2682 40 559 122 20 13946 1081 1127 552 260 140 117 31 1250 53 305 32 98 431 18725 1795 587 163 155 4032 322 303 3958 30448 781 694 618 778 6282 27 512 7261 107 1480 3815 2122 30 673 83 242 456 176 66 4522 53 89 1795 1080
leaf_count=31757 9949 1496 77 2203 297 5332 131 579 63 2682 40 559 122 20 13946 1081 1127 552 260 140 117 31 1250 53 305 32 98 431 18725 1795 587 163 155 4032 322 303 3958 30448 781 694 618 778 6282 27 512 7261 107 1480 3815 2122 30 673 83 242 456 176 66 4522 53 89 1795 1080
internal_value=-4.28873e-05 -0.523654 -1.51362 -1.38629 0.836333 -0.226617 -27.6064 5.36226 21.5169 1.99277 9.64122 -7.58107 55.561 79.2352 0.456202 3.60102 14.0555 -14.1709 -1.10657 -0.619241 -60.2085 -78.1547 -9.06283 -1.83335 -17.0989 0.185864 -24.1852 0.36588 -1.14353 0.941477 8.18307 -15.9999 -22.4468 -0.320643 -16.1143 -9.43245 0.608068 -0.26345 2.35104 -0.43731 -13.3318 5.05116 8.30905 1.25968 4.52876 -1.06745 2.73101 -1.94408 0.0405374 5.86498 15.9609 8.44802 5.95457 -1.22669 -7.62629 41.2237 -34.8835 -0.725628 -17.0887 -35.4326 -0.943926 -5.61719
internal_weight=168960 69504 40224 40147 29280 23712 576 5568 960 4608 1536 3868 381 142 23136 7680 2208 1665 15456 5472 279 148 1510 3072 358 2714 657 99456 27456 72000 3168 1440 1009 26016 846 625 68832 45888 22944 11288 1312 11656 7063 9976 6592 39296 7368 31928 4593 6080 1373 786 756 21984 1008 239 221 36279 384 142 21600 2875
internal_count=168960 69504 40224 40147 29280 23712 576 5568 960 4608 1536 3868 381 142 23136 7680 2208 1665 15456 5472 279 148 1510 3072 358 2714 657 99456 27456 72000 3168 1440 1009 26016 846 625 68832 45888 22944 11288 1312 11656 7063 9976 6592 39296 7368 31928 4593 6080 1373 786 756 21984 1008 239 221 36279 384 142 21600 2875
is_linear=0
shrinkage=0.05


Tree=139
num_leaves=63
num_cat=0
split_feature=7 9 17 16 16 11 10 4 13 0 4 10 16 16 17 16 15 17 16 11 10 16 16 10 17 4 0 4 14 17 17 16 16 4 13 13 13 16 12 6 17 11 15 4 17 0 10 12 17 16 14 13 16 12 15 11 15 13 14 10 12 14
split_gain=1.27823e+07 2.9012e+07 2.15044e+07 3.29316e+07 3.33833e+07 1.91383e+07 2.13564e+07 1.72146e+07 3.22609e+07 2.28346e+07 3.33036e+07 2.7331e+07 2.13022e+07 3.42069e+07 6.33547e+07 4.57047e+07 3.08844e+07 1.42446e+07 3.1971e+07 3.30688e+07 2.79206e+07 2.50777e+07 3.50975e+07 2.86447e+07 2.09039e+07 2.0668e+07 1.9531e+07 2.0425e+07 1.40788e+07 3.61629e+07 2.9085e+07 5.20809e+07 3.27633e+07 3.27911e+07 2.86169e+07 2.69689e+07 4.09074e+07 6.00955e+07 2.65852e+07 1.18965e+08 3.81834e+07 2.05549e+07 5.14464e+07 4.11956e+07 2.81274e+07 2.61719e+07 2.61588e+07 2.56474e+07 3.71148e+07 2.37897e+07 2.36624e+07 2.24545e+07 2.22126e+07 2.1523e+07 1.96553e+07 1.67742e+07 3.9312e+07 2.65582e+07 2.19494e+07 2.10517e+07 6.22185e+07 6.13549e+07
threshold=1.0000000180025095e-35 1.5000000000000002 29.050000000000004 23.650000000000002 32.050000000000004 14498.490000000002 5300.0700000000006 9.5000000000000018 3195.6338760967196 75.500000000000014 6.5000000000000009 4023.2800000000002 23.850000000000005 33.95000000000001 32.750000000000007 31.750000000000004 4112.6125525443886 30.450000000000003 31.450000000000003 5379.545000000001 7400.545000000001 30.450000000000003 31.350000000000005 4600.255000000001 30.950000000000003 9.5000000000000018 5.5000000000000009 4.5000000000000009 8273.4223333333339 15.950000000000001 26.350000000000005 23.850000000000005 14.15 1.5000000000000002 1508.2885063353694 5307.9257483933907 3633.0448536059257 20.350000000000005 7454.0864285714297 1.0000000180025095e-35 29.050000000000004 9999.3950000000023 2369.5926087856083 5.5000000000000009 26.150000000000002 80.500000000000014 17561.605000000003 14389.699285714289 32.650000000000013 26.750000000000004 4853.3573333333343 2161.155368979284 29.250000000000004 9318.6050000000014 1626.5327915450082 8866.1750000000011 2787.8125585230523 2676.5737134921633 6440.3581666666678 10000.005000000003 10358.928571428574 3873.3255000000004
decision_type=2 2 2 2 2 2 2 2 2 2 2 2 2 2 2 2 2 2 2 2 2 2 2 2 2 2 2 2 2 2 2 2 2 2 2 2 2 2 2 2 2 2 2 2 2 2 2 2 2 2 2 2 2 2 2 2 2 2 2 2 2 2
left_child=28 5 3 -3 -5 17 -7 8 9 11 -11 -4 16 15 -15 -14 -9 18 19 20 -2 26 23 -23 -24 -21 27 -19 41 -30 35 32 34 -34 -32 36 54 -38 39 -33 -40 55 43 44 51 50 47 52 -49 -48 -45 -43 -44 -46 -31 59 57 -57 -59 60 -1 -61
right_child=1 2 7 4 -6 6 -8 12 -10 10 -12 -13 13 14 -16 -17 -18 21 -20 25 -22 22 24 -25 -26 -27 -28 -29 29 30 31 38 33 -35 -36 -37 37 -39 40 -41 -42 42 46 45 53 -47 49 48 -50 -51 -52 -53 -54 -55 -56 56 -58 58 -60 61 -62 -63
leaf_value=0.054489740709478207 3.1314765296092131 -5.2934289987835932 0.049410075942956655 -78.997924617898889 -21.177529360908299 0.81003236675262458 63.245047536996701 7.6788287238251094 -54.332433275495262 0.21977499963579383 26.872060037324594 -15.053342320621809 -10.938355361816116 88.798315371558786 -4.6720592979739477 -43.782846018158608 -48.3633283940068 41.216890097878199 -13.229407437882541 -20.264756672950462 44.944229263677833 4.0845273202657699 -18.784689935830922 64.52463649016839 11.819944397466308 5.4462105375053609 -2.4561272770385187 2.0862918756174489 -55.373239598572255 -1.1033863386820102 -6.2536844695191238 14.59739812481806 22.457607927486819 -8.8230880683781194 20.875296901464463 -41.433432786875763 78.267598863684611 -18.67337795715332 -9.7714831639194362 -10.593923728434056 1.8269883286122774 19.035108550740528 -3.7383431936561986 17.843721836216844 -30.700796972985316 15.161757781053922 -70.528073742675787 49.588840902359763 -12.132150117827626 -5.2518152271617549 -11.605633610987049 -20.549074853640889 3.3277432397988926 -10.329678919018853 8.8806214740003302 3.1143710428951508 20.400912873759072 0.57784734921577641 -51.562171608237342 -75.08776216568485 44.723826094407301 -4.1297610555049546
leaf_weight=133240 1537 452 1505 28 192 29 25 274 27 368 171 373 472 20 132 136 26 54 488 255 40 31 64 53 396 112 1007 85 27 695 185 1554 86 2308 203 28 45 24 763 670 9966 76 2392 78 403 160 24 60 40 32 502 66 2077 193 1693 714 337 38 42 30 77 1780
leaf_count=133240 1537 452 1505 28 192 29 25 274 27 368 171 373 472 20 132 136 26 54 488 255 40 31 64 53 396 112 1007 85 27 695 185 1554 86 2308 203 28 45 24 763 670 9966 76 2392 78 403 160 24 60 40 32 502 66 2077 193 1693 714 337 38 42 30 77 1780
internal_value=-7.3112e-05 -1.90704 -4.85342 -13.0403 -28.8607 1.03979 30.3396 -3.28006 -0.970857 -0.352536 8.70944 -2.95664 -8.59835 -13.0469 8.12664 -18.345 2.67729 0.648684 -1.80132 1.07279 4.21985 4.17335 13.0029 42.5299 7.53039 -12.4249 -0.0256462 17.474 0.0991051 1.40665 1.49383 0.699751 -5.50604 -7.69048 7.95725 6.51959 7.0827 44.7639 2.03293 7.00693 1.00132 -0.068497 -2.9071 -11.0244 -19.3751 -2.68141 -0.311245 0.108685 25.0247 -33.974 -7.6213 0.621751 -0.454318 -24.1325 5.97564 0.0586644 6.11983 0.0404251 -27.0942 0.00788805 0.0806248 -5.34668
internal_weight=168960 8352 4176 672 220 4176 54 3504 2444 2417 539 1878 1060 760 152 608 300 4122 2432 1944 1577 1690 544 84 460 367 1146 139 160608 18247 18220 15735 2782 2394 388 2485 2457 69 12953 2224 10729 142361 6103 1478 738 740 4625 4569 100 56 580 142 4469 596 2388 136258 1131 794 80 135127 133317 1810
internal_count=168960 8352 4176 672 220 4176 54 3504 2444 2417 539 1878 1060 760 152 608 300 4122 2432 1944 1577 1690 544 84 460 367 1146 139 160608 18247 18220 15735 2782 2394 388 2485 2457 69 12953 2224 10729 142361 6103 1478 738 740 4625 4569 100 56 580 142 4469 596 2388 136258 1131 794 80 135127 133317 1810
is_linear=0
shrinkage=0.05


Tree=140
num_leaves=63
num_cat=0
split_feature=17 14 10 10 0 2 2 0 17 15 3 3 10 16 14 3 15 12 3 10 12 15 14 14 2 12 10 10 10 0 0 12 3 2 14 2 10 3 15 16 3 2 0 15 16 12 3 14 14 0 10 3 10 10 16 0 16 16 10 12 16 12
split_gain=1.25656e+07 3.55725e+07 5.19501e+07 2.02575e+07 1.30632e+07 3.22196e+07 1.01109e+08 5.87774e+07 5.45316e+07 5.75253e+07 4.25466e+07 4.07586e+07 6.16223e+07 8.18905e+07 6.10258e+07 6.16878e+07 3.59108e+07 1.06156e+08 3.54122e+07 3.53113e+07 5.09062e+07 3.55152e+07 3.2785e+07 3.24701e+07 3.15305e+07 5.54851e+07 8.5333e+07 5.27564e+07 4.40693e+07 8.2598e+07 3.06716e+07 3.93254e+07 6.48262e+07 4.87285e+07 3.93012e+07 3.776e+07 3.90016e+07 4.60954e+07 3.72349e+07 2.88152e+07 2.80551e+07 2.73602e+07 4.29281e+07 4.00489e+07 6.17698e+07 3.99761e+07 5.15445e+07 2.70741e+07 3.91879e+07 2.69416e+07 2.47253e+07 2.47149e+07 2.25073e+07 1.92075e+07 3.68757e+07 4.90315e+07 2.53569e+07 1.42546e+07 1.30274e+07 1.06444e+07 1.22921e+07 1.06621e+07
threshold=39.050000000000004 4779.6166666666677 6695.4150000000009 11194.045000000002 61.500000000000007 1.0000000180025095e-35 1.5000000000000002 77.500000000000014 31.350000000000005 2668.569405419526 283.50000000000006 164.50000000000003 4500.005000000001 37.45000000000001 9565.9641666666703 178.50000000000003 2311.248312449437 6210.8935714285735 234.50000000000003 4279.2650000000012 5957.3464285714299 1532.0781118381749 9218.4013333333369 11520.822833333337 5.5000000000000009 5392.6978571428581 3648.6000000000008 8300.0150000000012 10000.005000000003 74.500000000000014 38.500000000000007 7941.0871428571436 12.500000000000002 1.0000000180025095e-35 6521.4811666666674 4.5000000000000009 8000.7650000000012 100.50000000000001 585.97538234881506 36.850000000000001 22.500000000000004 1.0000000180025095e-35 18.500000000000004 2887.8850950412339 27.950000000000003 3710.1771428571433 90.500000000000014 9298.9300000000021 7266.4861666666675 80.500000000000014 10000.005000000003 261.50000000000006 8300.0150000000012 3509.0650000000005 35.650000000000013 23.500000000000004 27.250000000000004 10.050000000000002 2989.3050000000007 5728.1678571428574 25.050000000000004 3692.7778571428576
decision_type=2 2 2 2 2 2 2 2 2 2 2 2 2 2 2 2 2 2 2 2 2 2 2 2 2 2 2 2 2 2 2 2 2 2 2 2 2 2 2 2 2 2 2 2 2 2 2 2 2 2 2 2 2 2 2 2 2 2 2 2 2 2
left_child=4 2 -2 -3 30 7 11 19 9 22 -11 12 -7 -14 18 -16 23 -18 -13 47 21 -21 -9 -10 25 27 -27 -8 49 -30 41 35 57 40 -35 36 39 -38 -37 -32 -34 42 45 52 -45 58 -47 48 -6 -26 -40 -22 -44 59 56 -56 -55 -33 -1 61 -61 -43
right_child=1 3 -4 -5 5 6 24 8 16 10 -12 14 13 -15 15 -17 17 -19 -20 20 51 -23 -24 -25 28 26 -28 -29 29 -31 31 32 33 34 -36 38 37 -39 50 -41 -42 53 43 44 -46 46 -48 -49 -50 -51 -52 -53 -54 54 55 -57 -58 -59 -60 60 -62 -63
leaf_value=-4.1282875579439438 4.0205462851354481 61.366115424897941 -53.232887331334553 17.262964002323152 5.9129046217038379 -2.6813718112850609 0.30641174660023873 -0.065788043972875271 0.86301741674265531 -39.678133978263418 -1.2001145636525929 2.6204274668129592 -13.245389583557268 -71.269915086049878 -31.404982892333489 22.58949519726778 74.06481009045693 8.4044247134044916 -7.054616182624212 18.15885067889565 4.4004988985544164 66.990759580009851 -17.057611342982241 63.649400216965461 -3.1478662167565132 52.567976720726101 3.9777849531074012 -45.88358796827255 -38.371899397761808 -2.5466473320675242 -1.4171997562871457 38.690917891850546 -37.5190431712224 -30.145283428078841 -10.389446169581973 -0.9155377000809406 42.920125531033356 4.3662645179608619 -6.4748282810271931 2.2564434166408511 18.575707886913158 0.0054450464899408061 -1.069144392952792 3.5906575688497351 47.845790837875434 -38.103811028336033 -8.7641904006956857 35.487308378285832 -17.96900455069672 2.7819344220934838 -45.012821195693249 22.563792629210049 14.155108722666359 2.7136904045437342 34.034206792245996 3.3948278178696363 -0.42827488608995057 8.3859579821733341 3.1652137316811806 -6.1648405253368876 15.734901916118853 -3.6504452355688786
leaf_weight=2113 1178 35 40 99 2808 2070 21134 2344 1061 188 116 1466 1804 62 60 402 72 395 2662 75 503 75 322 20 4301 90 12939 61 226 553 19134 62 25 382 740 5755 110 258 5016 7402 157 29485 4383 267 111 164 1631 71 182 3452 41 298 256 15222 201 370 11106 103 861 91 212 2138
leaf_count=2113 1178 35 40 99 2808 2070 21134 2344 1061 188 116 1466 1804 62 60 402 72 395 2662 75 503 75 322 20 4301 90 12939 61 226 553 19134 62 25 382 740 5755 110 258 5016 7402 157 29485 4383 267 111 164 1631 71 182 3452 41 298 256 15222 201 370 11106 103 861 91 212 2138
internal_value=-9.88458e-05 4.79908 2.09817 29.1517 -0.0388396 0.553744 0.0804282 3.39896 -0.512373 -4.47778 -25.0478 -4.89099 -8.62359 -15.2105 -1.68905 15.5245 7.09365 18.6643 -3.61886 7.80262 16.2141 42.8568 -2.12369 2.08241 1.07187 1.74982 4.31744 0.171317 -1.64741 -12.976 -0.367645 -1.48365 -9.50686 -13.245 -17.1364 -1.17091 -0.167949 15.9756 -3.66638 -0.39242 10.7074 0.269739 -2.17813 1.05057 16.6782 -5.57423 -11.4645 5.18488 4.4537 -0.507621 -6.79612 11.1776 -0.226134 0.676991 1.66127 14.221 1.38834 19.9378 -2.0164 -0.152328 9.15909 -0.241834
internal_weight=168960 1352 1218 134 167608 59812 51282 8530 4518 2970 304 8526 3936 1866 4590 462 1548 467 4128 4012 951 150 2666 1081 42756 34224 13029 21195 8532 779 107796 39185 1469 1304 1122 37716 26904 368 10812 26536 182 68611 9786 5017 378 4769 1795 3061 2990 7753 5057 801 4639 58825 26899 571 26328 165 2974 31926 303 31623
internal_count=168960 1352 1218 134 167608 59812 51282 8530 4518 2970 304 8526 3936 1866 4590 462 1548 467 4128 4012 951 150 2666 1081 42756 34224 13029 21195 8532 779 107796 39185 1469 1304 1122 37716 26904 368 10812 26536 182 68611 9786 5017 378 4769 1795 3061 2990 7753 5057 801 4639 58825 26899 571 26328 165 2974 31926 303 31623
is_linear=0
shrinkage=0.05


Tree=141
num_leaves=63
num_cat=0
split_feature=3 3 14 10 2 13 16 11 2 0 16 10 14 10 2 15 3 14 10 13 2 4 3 3 11 10 11 3 16 10 3 10 10 2 10 14 2 3 11 10 14 11 3 15 16 2 15 16 0 15 3 10 3 2 15 11 3 15 13 11 16 2
split_gain=1.20326e+07 4.11258e+07 6.18862e+07 1.17158e+08 6.91703e+07 5.9082e+07 5.04031e+07 7.08501e+07 5.33483e+07 6.64841e+07 4.95107e+07 4.63588e+07 3.82751e+07 3.58368e+07 3.54314e+07 8.0863e+07 1.63349e+08 4.53938e+07 5.42113e+07 4.49408e+07 1.08695e+08 2.36537e+08 1.30318e+08 1.7469e+08 9.7811e+07 8.73046e+07 6.35428e+07 3.18624e+07 5.40863e+07 9.31098e+07 5.52083e+07 1.30926e+08 6.69471e+07 1.15278e+08 6.6334e+07 1.19396e+08 6.07451e+07 4.75815e+07 5.08734e+07 4.37483e+07 4.19929e+07 3.96975e+07 3.8415e+07 2.9761e+07 2.83709e+07 2.53866e+07 2.44879e+07 2.41848e+07 2.41341e+07 2.28361e+07 2.24175e+07 1.81161e+08 4.89215e+07 1.00549e+08 9.63756e+07 4.88571e+07 4.87343e+07 4.787e+07 4.56417e+07 4.45953e+07 4.19408e+07 2.37666e+07
threshold=110.50000000000001 96.500000000000014 5442.8350000000009 8520.1650000000027 4.5000000000000009 2016.5978563942181 31.950000000000003 6500.0550000000012 5.5000000000000009 57.500000000000007 22.950000000000003 6510.3150000000014 5794.2505000000001 6070.9050000000007 1.5000000000000002 1950.4798305056713 94.500000000000014 11520.822833333337 17561.605000000003 1643.3323292609052 4.5000000000000009 3.5000000000000004 80.500000000000014 84.500000000000014 4798.1950000000006 11194.045000000002 5645.9450000000006 136.50000000000003 20.750000000000004 5249.1650000000009 128.50000000000003 10000.005000000003 4129.9250000000011 2.5000000000000004 9999.3950000000023 7667.4101666666675 1.0000000180025095e-35 138.50000000000003 3519.6850000000004 6209.3550000000005 7266.4861666666675 9500.9550000000017 126.50000000000001 2439.7967236193613 23.850000000000005 4.5000000000000009 330.61812735155701 25.650000000000002 7.5000000000000009 4534.1532565239222 148.50000000000003 11194.045000000002 156.50000000000003 4.5000000000000009 2108.5161715177114 6999.6950000000006 160.50000000000003 598.52944722725999 2369.3000087664959 10000.005000000003 31.650000000000002 5.5000000000000009
decision_type=2 2 2 2 2 2 2 2 2 2 2 2 2 2 2 2 2 2 2 2 2 2 2 2 2 2 2 2 2 2 2 2 2 2 2 2 2 2 2 2 2 2 2 2 2 2 2 2 2 2 2 2 2 2 2 2 2 2 2 2 2 2
left_child=1 14 5 4 12 11 7 45 9 -8 -6 13 -4 -3 15 -1 17 18 -17 -16 22 24 26 -24 -22 -23 -21 28 29 -2 34 32 -32 -34 35 42 -33 38 -29 -37 -40 43 -30 -36 -13 -5 -43 -14 -31 -12 51 59 53 57 -55 -53 58 -52 -54 60 -39 -58
right_child=27 2 3 6 10 -7 8 -9 -10 -11 49 44 47 -15 19 16 -18 -19 -20 20 21 25 23 -25 -26 -27 -28 37 30 48 31 36 33 -35 41 39 -38 50 40 -41 -42 46 -44 -45 -46 -47 -48 -49 -50 -51 52 55 56 54 -56 -57 61 -59 -60 -61 -62 -63
leaf_value=-0.31654736444328574 -5.1058523570013445 1.3626325865999718 8.1636574517979366 18.784323137692756 45.087565391247097 -34.06907447358482 -71.481614626716166 -0.28468372709786632 -77.653084259033221 6.6507082320999933 -18.613265568494796 34.146658028025684 62.309927457270412 -40.009111071892505 0.27335959603084192 -8.1006244273909616 -73.54931492391259 40.766648473536719 -87.026890794580652 28.760194603683601 -22.466882754428166 -32.315861571500825 60.403003810235681 11.466684371702108 10.309163640544876 -102.63114885301816 0.68733675168028907 1.152256169712198 -2.538570306656073 -13.151570836847478 -1.8022456280854873 -17.135657432819237 1.9133611503083792 -32.283136484533934 0.52861404671156709 -20.923165139862771 -112.91903062366303 -7.9364107484804025 43.060302484556175 -64.818044095971118 10.622066094281806 39.235355803820553 9.7946886671679572 30.037935483971427 -19.808039471856478 52.406634101396719 3.3799420028051275 35.436158952380332 -73.868548146443189 34.229485619862878 -6.8198287967690794 -157.11471579811791 -7.0856265975134249 9.3230269999585236 42.217523282000563 -49.641269124348966 0.3284998044575424 6.5481603355389399 -70.308862262594289 52.950556911892363 1.5068555953072578 -1.9586795699666812
leaf_weight=10817 241 4227 101 190 51 116 33 893 33 136 139 161 114 52 28300 2074 98 46 21 233 288 153 285 505 1071 62 1455 551 5180 21 2748 28 447 548 120 168 41 2209 173 86 236 48 718 296 28 80 1708 343 82 23 1257 21 1892 851 301 23 79584 1431 28 35 2512 13248
leaf_count=10817 241 4227 101 190 51 116 33 893 33 136 139 161 114 52 28300 2074 98 46 21 233 288 153 285 505 1071 62 1455 551 5180 21 2748 28 447 548 120 168 41 2209 173 86 236 48 718 296 28 80 1708 343 82 23 1257 21 1892 851 301 23 79584 1431 28 35 2512 13248
internal_value=-4.39394e-05 0.631639 4.28201 11.309 26.8764 1.00588 2.50278 6.51051 -20.4898 -8.93661 2.61778 1.92393 36.1152 0.850636 0.0913329 -2.10716 -10.7539 -7.84657 -8.93292 0.978595 5.90282 -4.37074 12.4276 29.175 3.35183 -52.9741 4.57706 -0.281891 -2.66944 -22.1915 -2.1143 -7.09682 -5.82816 -16.934 0.168042 -2.48418 -74.8505 0.00367152 11.078 -35.9811 24.4145 7.67791 -1.03576 21.5473 26.0912 28.9031 4.38182 42.2613 -61.7349 -10.9469 -0.0992605 -3.43562 0.0632052 5.59504 17.947 -103.287 -0.161039 0.296622 -8.04375 -2.49033 -2.91248 0.00208015
internal_weight=168960 52128 6720 2136 771 4584 1365 1163 202 169 213 4468 558 4279 45408 13056 2239 2141 2095 32352 4052 1574 2478 790 1359 215 1688 116832 12480 344 12136 3812 3743 995 8324 6152 69 104352 960 254 409 2172 5898 416 189 270 1756 457 103 162 103392 4800 98592 3840 1152 44 94752 2688 1920 4756 4721 92832
internal_count=168960 52128 6720 2136 771 4584 1365 1163 202 169 213 4468 558 4279 45408 13056 2239 2141 2095 32352 4052 1574 2478 790 1359 215 1688 116832 12480 344 12136 3812 3743 995 8324 6152 69 104352 960 254 409 2172 5898 416 189 270 1756 457 103 162 103392 4800 98592 3840 1152 44 94752 2688 1920 4756 4721 92832
is_linear=0
shrinkage=0.05


Tree=142
num_leaves=63
num_cat=0
split_feature=17 16 6 15 15 4 12 12 16 0 10 17 13 17 15 12 11 10 0 14 17 17 16 10 17 16 17 13 4 12 15 4 12 10 10 4 5 12 14 11 0 16 15 11 11 0 16 5 5 4 14 13 14 15 0 12 0 11 17 17 17 10
split_gain=1.21022e+07 3.10029e+07 5.90485e+07 8.21672e+07 7.05675e+07 5.80826e+07 8.49346e+07 7.34795e+07 9.59216e+07 4.6439e+07 5.33785e+07 5.21064e+07 8.25589e+07 4.4701e+07 3.57559e+07 3.1528e+07 5.76292e+07 4.55118e+07 3.95795e+07 3.60559e+07 3.34405e+07 2.92079e+07 2.80203e+07 8.32538e+07 7.52341e+07 6.89534e+07 1.10665e+08 5.64381e+07 5.1921e+07 7.9479e+07 4.83982e+07 4.80693e+07 6.49566e+07 4.70011e+07 3.76172e+07 3.18018e+07 3.19202e+07 2.80186e+07 2.70412e+07 2.5561e+07 3.84746e+07 2.21503e+07 2.1903e+07 2.11745e+07 1.98703e+07 1.82581e+07 5.15658e+07 6.90833e+07 5.28795e+07 3.45382e+07 3.41382e+07 2.28836e+07 3.69756e+07 4.33975e+07 4.10963e+07 1.82123e+07 5.88515e+07 3.91556e+07 4.13754e+07 3.81938e+07 3.80475e+07 3.82979e+07
threshold=31.150000000000002 30.350000000000005 1.0000000180025095e-35 2206.0274077094541 937.68331187074318 9.5000000000000018 14389.699285714289 3986.6021428571435 35.150000000000013 75.500000000000014 10000.005000000003 31.850000000000005 1181.6372607697024 32.850000000000001 1950.4798305056713 8430.1342857142881 5090.0350000000008 11194.045000000002 12.500000000000002 8610.5075000000015 39.650000000000013 32.95000000000001 30.150000000000002 12000.005000000003 28.750000000000004 33.050000000000004 30.450000000000003 1074.4839967128585 7.5000000000000009 10358.928571428574 2439.7967236193613 8.5000000000000018 8786.0628571428588 9000.7350000000024 14498.490000000002 9.5000000000000018 2021.5000000000002 14389.699285714289 9864.0991666666669 17561.605000000003 72.500000000000014 34.95000000000001 4822.9514807727619 4279.005000000001 2624.4650000000006 7.5000000000000009 29.950000000000003 2022.5000000000002 2023.5000000000002 9.5000000000000018 5335.6606666666676 965.5794176979806 6750.873833333334 2311.248312449437 79.500000000000014 8662.6621428571452 79.500000000000014 9999.3950000000023 30.950000000000003 30.850000000000005 15.950000000000001 9999.3950000000023
decision_type=2 2 2 2 2 2 2 2 2 2 2 2 2 2 2 2 2 2 2 2 2 2 2 2 2 2 2 2 2 2 2 2 2 2 2 2 2 2 2 2 2 2 2 2 2 2 2 2 2 2 2 2 2 2 2 2 2 2 2 2 2 2
left_child=22 39 4 9 -3 6 13 -7 -9 10 43 12 -11 -6 -13 17 38 20 -18 -19 -5 -12 55 24 27 26 34 -24 29 -29 35 32 -32 -30 -25 41 -37 -28 -17 45 -41 -26 -42 -4 -33 46 48 -48 50 -50 -2 -47 54 -54 -53 57 60 -1 -59 -58 -57 -62
right_child=1 2 3 15 5 7 -8 8 -10 11 21 14 -14 -15 -16 16 18 19 -20 -21 -22 -23 23 25 30 -27 37 28 33 -31 31 44 -34 -35 -36 36 -38 -39 -40 40 42 -43 -44 -45 -46 51 47 -49 49 -51 -52 52 53 -55 -56 56 59 58 -60 -61 61 -63
leaf_value=0.10513194587295167 -4.4938098688353545 0.67317422657142956 -1.341422942613141 -10.930136319123294 7.5080720593096189 -5.9467453918357691 79.001244598187895 15.21095485963019 57.054588970460841 8.2641616124902821 -15.367669278658353 7.0766669009795358 64.471323917124536 0.94543203979880086 -24.167373089883842 14.203844655470414 28.710091779708865 -17.011989517211916 -11.966960391044616 -77.803238583000336 -65.258293530694374 -94.187915118673573 -3.9367643437739801 -27.357998540242519 -2.9495285946480561 -82.335168741771156 7.5749469530260249 -3.075735017570068 -23.933629800691261 -102.31918016706196 15.322440021342306 40.622854489135747 -2.055310722318306 -72.847871321244668 -114.27870657215949 57.036356369018556 5.5773534351266845 80.488568565731967 69.257523475060097 -45.923451422666886 -40.632667919656512 0.45536504816484985 15.511547164111072 7.3093384485260131 -4.4512641812341744 -0.24145715502026921 5.390002263626962 -81.310661639702033 32.993429487756934 -2.8286356872896992 9.2362086459495849 -10.17248511870423 -10.063438516225006 3.3823134396880263 7.3654496989287246 -54.849424945690025 -15.369395604123591 -6.1119156358936948 -43.739978918719601 17.374744813442231 11.47622280361473 2.2112133390807176
leaf_weight=59284 977 19942 8105 1314 5010 287 37 730 168 186 25 896 100 5382 101 164 64 50 754 48 28 22 2061 29 12523 55 36 515 490 20 1483 24 843 54 22 44 92 20 25 77 22 7721 70 774 1124 21804 52 40 248 92 842 2491 801 2383 385 26 624 1443 76 103 1513 4239
leaf_count=59284 977 19942 8105 1314 5010 287 37 730 168 186 25 896 100 5382 101 164 64 50 754 48 28 22 2061 29 12523 55 36 515 490 20 1483 24 843 54 22 44 92 20 25 77 22 7721 70 774 1124 21804 52 40 248 92 842 2491 801 2383 385 26 624 1443 76 103 1513 4239
internal_value=-0.000198543 0.476314 1.32049 -1.56476 2.47768 5.57581 4.38296 16.0614 23.0939 0.407931 -0.870922 9.29884 28.0732 4.10971 3.89047 -9.79173 -3.00055 -14.5355 -8.75323 -47.2725 -12.1114 -53.456 -0.375986 -1.73168 -1.5165 -37.3582 -13.6909 -8.79066 -18.0499 -6.96975 -0.558646 4.89546 9.02613 -28.9139 -66.3299 -1.48855 22.5207 34.5708 21.8123 -0.756118 -20.0898 -1.65095 1.79316 -0.58658 -3.47441 -0.646958 3.68357 -32.7749 5.25161 23.3205 1.86328 -0.99692 -3.7146 -0.00233515 -7.823 0.171 2.68532 -0.0980336 -8.0221 -10.7128 4.37266 4.64984
internal_weight=168960 74496 44212 12656 31556 11614 10429 1185 898 10209 8926 1283 286 10392 997 2447 1007 1440 818 98 1342 47 94464 27156 26994 162 107 3140 1079 535 23854 3474 2326 544 51 20380 136 56 189 30284 169 20244 92 8879 1148 30115 2251 92 2159 340 1819 27864 6060 3184 2876 67308 6505 60803 1519 727 5778 5752
internal_count=168960 74496 44212 12656 31556 11614 10429 1185 898 10209 8926 1283 286 10392 997 2447 1007 1440 818 98 1342 47 94464 27156 26994 162 107 3140 1079 535 23854 3474 2326 544 51 20380 136 56 189 30284 169 20244 92 8879 1148 30115 2251 92 2159 340 1819 27864 6060 3184 2876 67308 6505 60803 1519 727 5778 5752
is_linear=0
shrinkage=0.05


Tree=143
num_leaves=63
num_cat=0
split_feature=10 5 3 10 10 3 3 13 5 3 11 3 3 16 3 8 10 10 3 3 3 5 3 3 10 16 0 3 17 3 3 5 3 10 3 3 6 10 3 15 0 15 10 3 5 11 11 9 13 5 16 11 15 3 3 5 17 5 3 15 6 12
split_gain=1.15196e+07 1.18044e+07 3.35253e+07 1.22189e+08 6.06456e+07 5.2413e+07 1.58942e+08 2.08963e+08 1.09904e+08 2.02067e+08 1.45645e+08 9.13685e+07 4.67262e+07 4.6338e+07 3.93732e+07 1.18964e+08 3.85939e+07 3.79366e+07 2.94737e+07 1.18966e+08 7.59612e+07 1.84518e+08 7.08006e+07 9.60836e+07 5.31501e+07 4.88286e+07 9.59864e+07 4.57121e+07 1.74939e+08 7.43062e+07 5.90432e+07 6.22261e+07 5.36561e+07 4.93977e+07 4.10524e+07 3.8778e+07 3.75731e+07 4.17125e+07 3.59265e+07 3.23571e+07 3.19561e+07 3.0797e+07 2.77709e+07 2.7651e+07 2.55235e+07 2.53462e+07 2.49134e+07 2.4452e+07 2.24402e+07 1.97449e+07 1.91822e+07 1.84708e+07 1.40741e+07 1.02325e+07 2.42277e+07 9.30335e+06 9.36497e+06 8.65149e+06 7.7332e+06 6.29446e+06 4.31397e+06 4.1653e+06
threshold=1000.4250000000001 2021.5000000000002 213.50000000000003 8300.0150000000012 4129.9250000000011 242.50000000000003 245.50000000000003 965.5794176979806 2020.5000000000002 237.50000000000003 3200.0950000000007 231.50000000000003 86.500000000000014 35.050000000000004 285.50000000000006 2.5000000000000004 4839.6150000000007 4999.7350000000006 250.50000000000003 255.50000000000003 224.50000000000003 2023.5000000000002 229.50000000000003 240.50000000000003 3463.7200000000007 29.450000000000003 35.500000000000007 213.50000000000003 28.950000000000003 220.50000000000003 209.50000000000003 2023.5000000000002 207.50000000000003 4659.3750000000009 344.50000000000006 227.50000000000003 1.0000000180025095e-35 11999.985000000002 342.50000000000006 2733.5861067464816 6.5000000000000009 706.28570911826762 4839.6150000000007 192.50000000000003 2020.5000000000002 3491.9050000000002 3409.8800000000006 1.0000000180025095e-35 1530.0022630092851 2022.5000000000002 31.550000000000004 5800.8250000000007 2526.9697517750733 223.50000000000003 229.50000000000003 2023.5000000000002 30.350000000000005 2022.5000000000002 222.50000000000003 763.56610883849191 1.0000000180025095e-35 2159.9785714285717
decision_type=2 2 2 2 2 2 2 2 2 2 2 2 2 2 2 2 2 2 2 2 2 2 2 2 2 2 2 2 2 2 2 2 2 2 2 2 2 2 2 2 2 2 2 2 2 2 2 2 2 2 2 2 2 2 2 2 2 2 2 2 2 2
left_child=55 2 3 4 43 8 7 -7 53 11 -11 -10 46 -14 15 -8 -16 -9 20 24 27 25 40 -24 49 26 -22 30 33 -30 32 -32 -3 -29 38 -27 37 -26 39 -21 -23 57 -40 51 -45 -43 -6 48 -5 -20 -38 -2 -51 58 -55 61 59 -36 -4 -57 -58 -1
right_child=1 18 5 47 12 6 14 17 9 10 -12 -13 13 -15 16 -17 -18 -19 19 34 21 22 23 -25 36 35 -28 28 29 -31 31 -33 -34 -35 41 -37 50 -39 42 -41 -42 45 -44 44 -46 -47 -48 -49 -50 52 -52 -53 -54 54 -56 56 60 -59 -60 -61 -62 -63
leaf_value=-2.6603762453613857 -0.28329096632595585 0.59331344513321471 0.67360622876029996 -51.085983593750001 -16.660083443194736 3.7949843527924565 -0.58611427237070579 -37.077612735007307 11.775521665963051 -10.627883430844264 56.115175676396419 -11.204314473087495 -18.055232436038285 1.9062779757443895 -0.19008413817559083 13.161010038745808 -8.6028466342921135 -73.994778637085986 -37.790450666155138 -0.30919855755985437 23.362439760314629 56.720736612743806 -21.074466845167521 1.4490812738104302 -35.420867566458789 -2.0468084027820903 136.08807250976562 -18.406939779005199 -5.3672265790320628 13.136102143813757 3.8465538393397019 28.858573223831861 -14.727709995236772 -47.586746887207028 -1.7152524892562888 11.784091288364166 -26.103745428125066 15.18382952202691 -5.8959014078398306 -7.9851370395673502 7.7044508548291875 -41.663942035177485 -33.719250697822837 -0.68929380867634027 -8.8259182359235435 11.312080926901283 -0.47186718734337607 -29.215321330446187 -124.79989590731535 -0.80888977166492604 -3.2856742612606311 13.387501889651558 40.203290487202736 -13.084049178091568 -0.31768688699724468 -33.767682465206498 -3.8195854639344753 3.9971321338635719 15.64111100057761 -10.58925061057721 -24.716346015078681 13.364063295102589
leaf_weight=197 32051 59499 855 24 270 290 5472 138 1728 104 376 576 1290 375 13944 2208 1510 148 34 20023 196 35 971 923 473 576 20 399 1756 784 768 367 576 229 1285 4200 137 44 242 1473 444 22 142 1977 1880 1358 1933 32 21 425 278 248 21 537 1202 65 215 1367 95 55 27 50
leaf_count=197 32051 59499 855 24 270 290 5472 138 1728 104 376 576 1290 375 13944 2208 1510 148 34 20023 196 35 971 923 473 576 20 399 1756 784 768 367 576 229 1285 4200 137 44 242 1473 444 22 142 1977 1880 1358 1933 32 21 425 278 248 21 537 1202 65 215 1367 95 55 27 50
internal_value=-0.000309198 0.0245421 -0.476101 -1.41435 -1.29248 0.813178 -0.204944 -26.1259 5.2231 12.1847 41.6621 6.02819 -7.24219 -13.5609 0.441549 3.36738 -1.01259 -56.3729 0.374675 -1.02276 0.90691 5.7167 -5.76032 -10.1031 -15.1508 11.1725 34.3791 0.356578 -5.49893 0.346957 0.659722 11.9524 0.446172 -29.1061 -0.252342 10.116 -22.1064 -31.0931 -1.10672 -0.835535 11.3967 4.38312 -16.2456 -0.655794 -4.65655 10.438 -2.46256 -63.9341 -87.4511 -1.6274 -10.863 -0.177912 1.20779 -1.98633 -4.26517 -6.85894 -11.9525 1.22965 2.18524 -23.3196 -6.24318 0.624225
internal_weight=168960 168351 69284 40101 40024 29183 23710 576 5473 2784 480 2304 3868 1665 23134 7680 15454 286 99067 27324 71743 7365 2373 1894 1412 4992 216 64378 3168 2540 61210 1135 60075 628 25912 4776 932 517 21880 21496 479 4032 384 36156 3857 1380 2203 77 45 480 415 32299 446 2689 1739 609 362 2652 950 120 242 247
internal_count=168960 168351 69284 40101 40024 29183 23710 576 5473 2784 480 2304 3868 1665 23134 7680 15454 286 99067 27324 71743 7365 2373 1894 1412 4992 216 64378 3168 2540 61210 1135 60075 628 25912 4776 932 517 21880 21496 479 4032 384 36156 3857 1380 2203 77 45 480 415 32299 446 2689 1739 609 362 2652 950 120 242 247
is_linear=0
shrinkage=0.05


Tree=144
num_leaves=63
num_cat=0
split_feature=7 3 3 16 2 12 15 11 1 13 3 16 3 13 3 13 13 15 16 9 1 15 11 2 16 11 13 5 5 2 3 3 3 15 16 3 11 13 3 3 3 3 3 3 5 5 3 3 5 3 3 3 3 13 3 13 13 3 15 15 12 5
split_gain=1.18318e+07 3.23568e+07 6.04769e+07 5.87431e+07 5.03079e+07 4.3124e+07 3.62911e+07 3.04539e+07 2.68192e+07 3.26449e+07 2.13331e+07 3.17997e+07 3.35996e+07 2.55226e+07 2.50537e+07 2.77081e+07 2.1784e+07 3.19503e+07 2.10059e+07 2.08397e+07 2.04869e+07 1.92159e+07 2.72634e+07 1.80266e+07 2.18017e+07 1.46247e+07 1.40802e+07 1.34324e+07 1.76164e+07 5.33857e+07 1.03741e+08 7.42341e+07 7.13464e+07 5.34601e+07 4.39708e+07 5.94126e+07 8.5912e+07 4.17793e+07 3.88426e+07 1.12196e+08 5.92294e+07 2.99403e+07 2.34792e+08 1.02455e+08 1.37718e+08 1.11489e+08 9.57794e+07 8.93086e+07 1.25367e+08 9.73718e+07 8.07727e+07 6.06849e+07 1.62202e+08 8.13747e+07 5.21115e+07 2.76581e+07 2.22933e+07 5.68974e+07 2.98885e+07 1.31533e+07 1.20035e+07 9.45646e+06
threshold=1.0000000180025095e-35 88.500000000000014 90.500000000000014 29.250000000000004 3.5000000000000004 9318.6050000000014 1532.0781118381749 8282.3200000000015 11.500000000000002 934.77785964058296 178.50000000000003 31.950000000000003 277.50000000000006 3079.2856815687096 142.50000000000003 565.75231557683037 2727.6090544262547 1564.6254360829441 14.750000000000002 1.0000000180025095e-35 5.5000000000000009 4296.4042702189172 7400.4050000000007 2.5000000000000004 16.750000000000004 3600.7950000000005 2578.0464051083331 2020.5000000000002 2023.5000000000002 3.5000000000000004 158.50000000000003 164.50000000000003 172.50000000000003 1099.121412184352 20.950000000000003 44.500000000000007 3800.8350000000005 826.13540874274054 116.50000000000001 122.50000000000001 32.500000000000007 215.50000000000003 242.50000000000003 237.50000000000003 2022.5000000000002 2022.5000000000002 112.50000000000001 260.50000000000006 2022.5000000000002 263.50000000000006 42.500000000000007 148.50000000000003 156.50000000000003 1134.3333212867508 60.500000000000007 2991.7333866594622 2915.8092967524067 241.50000000000003 1215.8622315484358 1308.4461125079388 4439.5292857142867 2023.5000000000002
decision_type=2 2 2 2 2 2 2 2 2 2 2 2 2 2 2 2 2 2 2 2 2 2 2 2 2 2 2 2 2 2 2 2 2 2 2 2 2 2 2 2 2 2 2 2 2 2 2 2 2 2 2 2 2 2 2 2 2 2 2 2 2 2
left_child=27 3 19 4 7 8 -5 -2 18 -10 14 16 13 -13 21 61 17 -12 -6 25 -18 26 -23 24 -9 -3 -4 -1 41 34 38 33 -33 -32 35 37 -37 -30 40 -40 -31 46 43 44 -43 -45 50 48 -44 -49 55 53 -53 -48 -52 -29 58 -58 -36 -7 -17 -16
right_child=1 2 10 6 5 59 -8 23 9 -11 11 12 -14 -15 15 60 20 -19 -20 -21 -22 22 -24 -25 -26 -27 -28 28 29 30 31 32 -34 -35 56 36 -38 -39 39 -41 -42 42 47 45 -46 -47 51 49 -50 -51 54 52 -54 -55 -56 -57 57 -59 -60 -61 -62 -63
leaf_value=-0.80867801440456144 -8.2269478333446404 32.701562167697482 0.14154913982403244 -29.529093983840944 5.4235835667395254 30.157188151966444 -101.16733427567917 -82.978413350423182 0.95755884157644755 -68.510810727206149 2.6102790148899215 -5.8764137080748924 -35.44458150881146 -45.811906170728733 0.73500131574743677 21.113034989472592 -19.32725374685015 -9.633358489211254 52.513983515765943 15.113824402786967 22.75937933403149 -73.849823957170756 -0.51499293558525316 1.0855055499076842 -27.894602533721923 84.912784481956862 22.631110731032162 -1.1808477072470382 -1.7133683916621298 9.0508125350200697 -20.71756091949317 17.545529470336479 -7.9483019218064372 -71.851952664104857 1.2722888214039818 0.9822615805771262 -20.144255264332358 13.40753273223493 36.128887849354207 1.990277893306438 -4.6172537733266665 1.3609075840184781 -11.559755925390119 33.088440788985679 17.567990552756122 3.0334555786383377 -2.4896747051430035 17.542306641038447 5.2516541325078734 0.50625611390427439 8.2203155262181582 11.928021400517084 -2.2260982664982207 -12.613291032707806 2.2963409399937644 -31.245920237256339 7.9037084170391694 -43.604424696346122 6.7813645717271021 88.360720621744804 65.079320847482393 18.180024373314598
leaf_weight=32736 595 44 2085 99 70 21 21 29 73 21 1676 1704 108 40 189 32 34 780 35 128 170 20 32 23 49 20 71 11732 1855 1056 222 288 5472 66 7592 950 974 605 288 1440 3168 3744 3456 864 2016 480 7026 864 1632 27648 5088 2304 16608 2766 13728 76 132 89 3643 20 32 131
leaf_count=32736 595 44 2085 99 70 21 21 29 73 21 1676 1704 108 40 189 32 34 780 35 128 170 20 32 23 49 20 71 11732 1855 1056 222 288 5472 66 7592 950 974 605 288 1440 3168 3744 3456 864 2016 480 7026 864 1632 27648 5088 2304 16608 2766 13728 76 132 89 3643 20 32 131
internal_value=-0.000382887 -1.83508 -0.65051 -10.011 -5.76632 13.9346 -42.7983 -12.57 4.19602 -15.1197 -1.40059 -3.47703 -8.50569 -6.8181 2.2139 13.9838 0.0259977 -1.28051 21.4678 26.966 15.6849 0.161551 -29.582 -37.8238 -49.1657 50.073 0.892312 0.0950365 0.326397 -0.786021 -3.30144 -7.9128 -6.67079 -32.644 1.11969 -3.13833 -9.71767 2.00932 1.38483 7.69765 -1.1989 0.636 1.68032 9.93833 7.03545 22.3648 -0.0805049 -0.065907 -6.16744 1.0231 1.86445 -2.15555 -0.501199 -5.35034 3.89858 -1.37699 2.74929 -12.9423 3.05908 59.9771 43.7593 7.91096
internal_weight=168960 8352 7296 1056 936 240 120 696 199 94 7104 4512 1852 1744 2592 384 2660 2456 105 192 204 2208 52 101 78 64 2156 160608 127872 27840 12000 6048 5760 288 15840 4384 1924 2460 5952 1728 4224 100032 40704 7104 5760 1344 59328 33600 5088 28512 30624 28704 18912 9792 18816 11808 11456 221 11235 41 64 320
internal_count=168960 8352 7296 1056 936 240 120 696 199 94 7104 4512 1852 1744 2592 384 2660 2456 105 192 204 2208 52 101 78 64 2156 160608 127872 27840 12000 6048 5760 288 15840 4384 1924 2460 5952 1728 4224 100032 40704 7104 5760 1344 59328 33600 5088 28512 30624 28704 18912 9792 18816 11808 11456 221 11235 41 64 320
is_linear=0
shrinkage=0.05


Tree=145
num_leaves=63
num_cat=0
split_feature=0 2 2 0 13 0 16 15 15 14 11 11 12 10 4 11 10 13 16 4 13 14 4 13 14 13 11 10 4 0 16 2 13 16 11 14 11 14 13 16 16 11 12 4 0 11 8 2 10 2 10 2 0 12 4 10 16 15 16 4 16 16
split_gain=1.09284e+07 2.72262e+07 9.01172e+07 5.23254e+07 4.85134e+07 5.66751e+07 9.20238e+07 5.03423e+07 4.28806e+07 8.34161e+07 5.05338e+07 1.21973e+08 3.99088e+07 3.68802e+07 3.45366e+07 6.6582e+07 1.04212e+08 5.72616e+07 4.22401e+07 3.32134e+07 4.18265e+07 7.7575e+07 3.15524e+07 3.08558e+07 3.27005e+07 3.25452e+07 2.97165e+07 5.77374e+07 5.6253e+07 7.78076e+07 7.12958e+07 4.83582e+07 8.53771e+07 2.8886e+07 4.66656e+07 3.71748e+07 2.76364e+07 6.55835e+07 2.57245e+07 2.51218e+07 2.49764e+07 2.49615e+07 2.49014e+07 2.39544e+07 2.27011e+07 4.6782e+07 4.14178e+07 4.28493e+07 6.44625e+07 3.45137e+07 3.54847e+07 3.01887e+07 3.51992e+07 3.81383e+07 5.63556e+07 5.45813e+07 5.26259e+07 2.99734e+07 5.38165e+07 4.99987e+07 2.96517e+07 3.335e+07
threshold=61.500000000000007 1.0000000180025095e-35 1.5000000000000002 77.500000000000014 2016.5978563942181 88.500000000000014 32.250000000000007 2206.0274077094541 2567.6281353571862 11520.822833333337 5963.8100000000004 6069.5750000000016 14389.699285714289 10000.005000000003 8.5000000000000018 6200.9150000000009 6999.7450000000008 1353.8137087174484 29.850000000000005 6.5000000000000009 1134.3333212867508 9218.4013333333369 9.5000000000000018 259.85981523000856 10430.596833333335 4054.8412523223624 11194.045000000002 11999.985000000002 7.5000000000000009 83.500000000000014 36.350000000000001 2.5000000000000004 2448.9558273429943 19.750000000000004 10000.005000000003 7266.4861666666675 5719.545000000001 6291.3758333333344 623.87953427374509 34.150000000000013 32.45000000000001 10000.005000000003 4275.1342857142872 8.5000000000000018 37.500000000000007 5247.3050000000012 1.5000000000000002 1.5000000000000002 10421.575000000003 4.5000000000000009 11194.045000000002 1.0000000180025095e-35 18.500000000000004 4249.0807142857147 3.5000000000000004 7500.6450000000013 25.050000000000004 3169.6990120833548 27.950000000000003 4.5000000000000009 9.7500000000000018 30.250000000000004
decision_type=2 2 2 2 2 2 2 2 2 2 2 2 2 2 2 2 2 2 2 2 2 2 2 2 2 2 2 2 2 2 2 2 2 2 2 2 2 2 2 2 2 2 2 2 2 2 2 2 2 2 2 2 2 2 2 2 2 2 2 2 2 2
left_child=44 3 4 23 8 12 13 -8 9 38 -10 -12 41 -7 19 17 40 42 -19 36 -21 -22 -18 -2 33 -26 -4 28 30 -30 -28 32 -29 34 -25 -35 37 -5 -3 -38 -17 -6 -16 -14 51 49 60 -48 -49 50 -46 52 53 -1 55 -55 -56 -54 -59 -60 -47 -62
right_child=1 2 26 14 5 6 7 -9 10 -11 11 -13 43 -15 15 16 22 18 -20 20 21 -23 -24 24 25 -27 27 31 29 -31 -32 -33 -34 35 -36 -37 39 -39 -40 -41 -42 -43 -44 -45 45 46 47 48 -50 -51 -52 -53 57 54 56 -57 -58 58 59 -61 61 -63
leaf_value=-2.4183685122498413 -0.87418083785999823 -1.4660583531858904 0.68216061322132826 0.91410712369757696 -15.160339045532135 -5.0439374964354471 0.20223991186722468 67.621907845073267 -4.7846549990274934 -95.206317639160162 119.34005856537817 13.507487607463199 54.377942865305933 -67.024426127115888 0.038910809973520893 -33.462757905251635 -6.9463361326659596 -7.2495312386240274 62.524461689359043 -0.17168951581454861 39.848120865783386 -5.3019080114056996 44.836095178541939 22.364475946730849 44.242544760662582 -21.357153781393301 28.659793386029772 -0.580658306395754 16.31397524930118 -22.177895785243464 -23.591243754608993 3.9961576955661502 -55.587233280852288 9.0224830314416273 -29.595003759505904 -7.1594640359515971 -11.668213999188303 47.723572237521786 -8.2749420448756492 12.670557377014163 -68.813573193484785 -32.366397060299967 -20.0421165254408 -4.0704219515058737 0.24505569337305899 13.789610693489804 1.0342295437542404 -17.564151888511841 -91.152014434568343 -2.9834662371070477 42.833328714565361 0.70821844872281792 -0.29673533969405258 -21.779917330483801 10.20140064969976 -91.044579117937786 -14.188841814279327 4.1916485562161965 111.43126374511719 22.200398535622494 -8.4866383757052812 2.9138815908605755
leaf_weight=3325 895 4249 39780 1418 948 121 45 71 316 24 29 299 28 29 727 174 81 34 58 409 247 154 45 555 114 22 635 234 355 207 72 1389 100 1951 46 433 702 78 2059 124 72 272 195 44 26774 237 327 794 30 11183 48 57342 4482 96 281 40 1027 219 24 44 1872 975
leaf_count=3325 895 4249 39780 1418 948 121 45 71 316 24 29 299 28 29 727 174 81 34 58 409 247 154 45 555 114 22 635 234 355 207 72 1389 100 1951 46 433 702 78 2059 124 72 272 195 44 26774 237 327 794 30 11183 48 57342 4482 96 281 40 1027 219 24 44 1872 975
internal_value=-0.000387741 0.542624 0.10763 3.15747 -4.58336 -12.5577 8.43439 41.693 -2.80086 -4.05137 9.48172 23.1989 -16.8828 -17.3914 -0.53391 -7.10255 -25.1649 -0.457845 36.9377 2.37424 11.0852 22.5386 11.7548 7.30938 9.65568 33.5524 1.04368 5.84835 13.9372 2.12215 23.3128 -0.113751 -17.1665 8.55605 18.345 6.08162 -0.667946 3.38496 -3.68951 -8.00354 -44.0461 -19.0198 -4.22527 19.093 -0.298171 -1.20562 -6.1897 -14.2795 -20.3506 -0.650078 0.322865 0.274962 -2.32955 -5.36652 -12.1487 -42.6678 -8.94525 0.707904 16.3437 54.8522 -3.1668 -4.5827
internal_weight=168960 59840 51306 8534 8534 1558 266 116 6976 6332 644 328 1292 150 4518 1386 372 1014 92 3132 810 401 126 4016 3121 136 42772 2992 1269 562 707 1723 334 2985 601 2384 2322 1496 6308 826 246 1220 922 72 109120 42240 4235 1151 824 38005 26822 66880 9538 4769 1444 136 1308 4769 287 68 3084 2847
internal_count=168960 59840 51306 8534 8534 1558 266 116 6976 6332 644 328 1292 150 4518 1386 372 1014 92 3132 810 401 126 4016 3121 136 42772 2992 1269 562 707 1723 334 2985 601 2384 2322 1496 6308 826 246 1220 922 72 109120 42240 4235 1151 824 38005 26822 66880 9538 4769 1444 136 1308 4769 287 68 3084 2847
is_linear=0
shrinkage=0.05


Tree=146
num_leaves=63
num_cat=0
split_feature=17 2 9 0 15 16 11 10 9 12 10 10 17 0 11 11 4 0 15 10 17 11 17 16 10 16 17 4 10 10 17 10 0 4 4 15 4 12 2 12 4 0 12 2 8 11 17 16 11 15 10 16 17 16 4 2 16 15 11 0 4 12
split_gain=1.10041e+07 3.08711e+07 4.31224e+07 3.45702e+07 4.0428e+07 7.76799e+07 4.51923e+07 4.92857e+07 3.63151e+07 2.78721e+07 2.91645e+07 2.64767e+07 5.7433e+07 8.68543e+07 4.93479e+07 3.30494e+07 6.07461e+07 2.64272e+07 2.63158e+07 2.62769e+07 2.44601e+07 2.33975e+07 4.24941e+07 2.33684e+07 6.25351e+07 7.11736e+07 6.46828e+07 5.20202e+07 5.25964e+07 7.43459e+07 4.939e+07 3.82363e+07 8.62945e+07 4.53745e+07 4.43821e+07 3.71014e+07 3.67847e+07 2.55579e+07 3.92595e+07 3.05124e+07 2.24802e+07 2.16118e+07 1.21243e+08 5.81221e+07 4.41829e+07 8.05363e+07 3.90028e+07 8.11011e+07 5.60979e+07 2.63407e+07 2.48132e+07 4.61243e+07 2.11854e+07 2.24809e+07 1.34067e+08 5.77535e+07 3.65486e+07 4.05704e+07 3.03694e+07 3.01369e+07 2.15801e+07 2.51021e+07
threshold=31.150000000000002 1.0000000180025095e-35 1.0000000180025095e-35 29.500000000000004 3403.9999007376414 27.750000000000004 14498.490000000002 3125.9450000000002 3.5000000000000004 10000.04642857143 5000.2350000000006 7190.6650000000009 34.250000000000007 4.5000000000000009 4600.1450000000013 8282.3200000000015 8.5000000000000018 4.5000000000000009 1597.680297136073 10421.575000000003 32.45000000000001 10000.005000000003 31.550000000000004 29.950000000000003 12000.005000000003 31.850000000000005 28.750000000000004 3.5000000000000004 4999.7350000000006 7723.3500000000013 30.350000000000005 4023.2800000000002 19.500000000000004 7.5000000000000009 7.5000000000000009 2439.7967236193613 8.5000000000000018 9491.5792857142878 2.5000000000000004 8062.363571428572 7.5000000000000009 56.500000000000007 7337.8885714285725 1.5000000000000002 1.5000000000000002 6962.6800000000012 37.650000000000013 35.95000000000001 4836.795000000001 6016.3764579287572 7400.545000000001 34.050000000000004 34.850000000000001 30.450000000000003 9.5000000000000018 3.5000000000000004 28.150000000000002 2688.2609635636677 4836.795000000001 13.500000000000002 9.5000000000000018 4355.7285714285726
decision_type=2 2 2 2 2 2 2 2 2 2 2 2 2 2 2 2 2 2 2 2 2 2 2 2 2 2 2 2 2 2 2 2 2 2 2 2 2 2 2 2 2 2 2 2 2 2 2 2 2 2 2 2 2 2 2 2 2 2 2 2 2 2
left_child=23 3 52 11 9 8 7 -7 20 21 -11 15 14 -14 19 -2 17 -17 -12 -13 -6 -5 -23 -1 26 30 31 28 -28 -30 -26 -25 33 -33 -34 40 -37 39 -39 -27 -29 42 50 44 45 -43 47 -44 -48 -45 -4 -52 53 56 55 -55 58 -58 -3 -56 61 -54
right_child=1 2 41 4 5 6 -8 -9 -10 10 18 12 13 -15 -16 16 -18 -19 -20 -21 -22 22 -24 24 25 37 27 35 29 -31 -32 32 34 -35 -36 36 -38 38 -40 -41 -42 43 46 49 -46 -47 48 -49 -50 -51 51 -53 60 54 59 -57 57 -59 -60 -61 -62 -63
leaf_value=0.14748894153662168 -1.9928443275454684 -0.56062682706560951 -0.99943615624242332 3.1971230001903237 26.550886014620467 2.2150315123380619 -15.124310821084416 45.937957239044245 -47.828137809435532 76.898626360212063 65.270655765533448 -84.555162177452686 10.458989725420551 -99.551207689155234 5.4345438803014936 109.49305948166621 -29.30785910491943 30.054702576796213 8.4316671253944371 -11.450369610595702 -16.95827709361485 38.144467732356148 -33.955434059095133 -4.1456625650721071 -46.338701868693043 -72.310673571499919 4.4113145977900574 -3.1463804189079747 132.84131568603513 4.9811360584605833 35.781668430084885 -23.193647843545943 5.4839464328707201 -62.819019902436629 -18.364986160960711 7.672943652782255 -3.1462024316391366 -30.05967194330125 -122.43724675242106 12.487278035481772 0.15387158326175426 -5.718852669586429 -14.236498387020371 1.8123039986584111 -0.66165180620832631 -33.596716021383209 -45.446433970247 -51.567197694945754 9.6498277482480717 -20.434864592716767 22.085838056570328 -7.3195364036560067 1.9984352345181886 8.492782978937182 80.174210603948225 -2.5699309249942535 -2.5235003367008022 -22.722996194326271 7.2096875148654807 33.20412044446315 -39.889741201400767 19.430607879342098
leaf_weight=66792 1498 3283 25838 7956 59 85 50 267 47 20 22 25 30 43 215 20 24 23 182 24 69 25 96 2131 29 21 64 10210 24 21 46 200 381 114 398 2355 1178 20 29 20 10431 1250 987 18898 2326 326 55 170 263 133 317 229 380 2476 56 2252 1582 294 2037 92 20 452
leaf_count=66792 1498 3283 25838 7956 59 85 50 267 47 20 22 25 30 43 215 20 24 23 182 24 69 25 96 2131 29 21 64 10210 24 21 46 200 381 114 398 2355 1178 20 29 20 10431 1250 987 18898 2326 326 55 170 263 133 317 229 380 2476 56 2252 1582 294 2037 92 20 452
internal_value=-0.0003682 0.454011 0.0353306 2.92842 4.23893 17.0255 29.108 35.4161 -10.7374 3.34819 20.7071 -3.18768 -15.8783 -54.8111 -4.94654 -0.44655 33.6466 68.6516 14.8499 -49.694 3.14704 2.86427 -18.8682 -0.358701 -1.58045 -32.1771 -1.39576 -0.51215 33.7942 74.5788 3.83648 -8.04882 -15.648 -37.7337 -6.70866 -0.668228 4.06567 -61.9009 -86.0875 -31.6333 -1.47866 -0.620821 -1.55656 0.515931 -5.0423 -11.5031 -15.5021 -19.7614 0.0079913 1.65576 -0.776374 9.76197 2.61389 2.0756 4.69643 3.22406 0.299325 -5.69952 2.41538 51.3954 10.2295 11.4808
internal_weight=168960 74496 63716 10780 8878 577 402 352 175 8301 224 1902 337 73 264 1565 67 43 204 49 128 8077 121 94464 27672 165 27507 24283 109 45 75 3224 1093 314 779 24174 3533 90 49 41 20641 50792 27859 22933 3902 1576 1475 1157 318 19031 26384 546 12924 12072 4876 4728 7196 1876 5320 148 852 832
internal_count=168960 74496 63716 10780 8878 577 402 352 175 8301 224 1902 337 73 264 1565 67 43 204 49 128 8077 121 94464 27672 165 27507 24283 109 45 75 3224 1093 314 779 24174 3533 90 49 41 20641 50792 27859 22933 3902 1576 1475 1157 318 19031 26384 546 12924 12072 4876 4728 7196 1876 5320 148 852 832
is_linear=0
shrinkage=0.05


Tree=147
num_leaves=63
num_cat=0
split_feature=17 14 10 10 7 9 11 10 17 16 16 8 5 13 16 16 14 5 0 17 14 10 17 16 14 17 10 10 11 16 11 15 8 0 10 10 16 16 13 14 14 13 11 5 0 17 17 0 11 0 15 15 13 10 13 17 10 11 17 6 17 0
split_gain=1.09754e+07 3.04578e+07 4.57365e+07 1.89878e+07 1.08002e+07 2.55671e+07 1.68923e+07 1.88582e+07 1.63617e+07 2.5751e+07 2.7835e+07 1.76112e+07 3.12828e+07 2.74326e+07 2.26093e+07 2.17824e+07 2.11017e+07 1.34093e+07 2.33983e+07 2.882e+07 1.86745e+07 1.92999e+07 1.75251e+07 1.45874e+07 1.16046e+07 3.02333e+07 2.52247e+07 2.42811e+07 2.89526e+07 2.8556e+07 2.13288e+07 4.14573e+07 3.20594e+07 3.32822e+07 2.51123e+07 2.36722e+07 2.00082e+07 1.98973e+07 1.51694e+07 2.56316e+07 1.5969e+07 1.55787e+07 6.07744e+07 1.45611e+07 1.09836e+07 1.46949e+07 9.2544e+06 8.84072e+06 8.35676e+06 7.40621e+06 6.54005e+06 5.77556e+06 5.68438e+06 5.63131e+06 5.28508e+06 4.47039e+06 2.81469e+06 2.17897e+06 3.66662e+06 1.10633e+06 750699 516504
threshold=39.050000000000004 4779.6166666666677 6695.4150000000009 11194.045000000002 1.0000000180025095e-35 1.5000000000000002 14498.490000000002 5300.0700000000006 29.050000000000004 23.650000000000002 32.050000000000004 2.5000000000000004 2022.5000000000002 3195.6338760967196 23.250000000000004 34.250000000000007 7578.137833333335 2023.5000000000002 5.5000000000000009 30.450000000000003 4932.1550000000007 8866.5700000000015 25.650000000000002 23.650000000000002 8273.4223333333339 15.950000000000001 3349.0700000000002 4450.3350000000009 3225.6500000000005 30.250000000000004 9999.3950000000023 2311.248312449437 1.5000000000000002 41.500000000000007 6000.2650000000012 17561.605000000003 23.150000000000002 26.750000000000004 5307.9257483933907 7345.4328333333351 5610.0275000000011 3079.2856815687096 3570.9150000000004 2023.5000000000002 79.500000000000014 22.750000000000004 33.050000000000004 79.500000000000014 1699.9850000000004 58.500000000000007 2269.1034591405028 1355.6639944487895 301.48449412983399 3798.7750000000005 2626.528016101483 28.850000000000005 2489.2550000000006 11194.045000000002 40.050000000000004 1.0000000180025095e-35 40.150000000000013 49.500000000000007
decision_type=2 2 2 2 2 2 2 2 2 2 2 2 2 2 2 2 2 2 2 2 2 2 2 2 2 2 2 2 2 2 2 2 2 2 2 2 2 2 2 2 2 2 2 2 2 2 2 2 2 2 2 2 2 2 2 2 2 2 2 2 2 2
left_child=4 2 48 -3 24 6 17 -8 9 44 -11 13 15 16 -14 -13 -10 20 19 -19 21 -6 -22 -20 30 -26 46 29 -29 -28 38 32 33 -32 -34 36 -33 -37 41 40 -40 43 -43 -1 45 -7 54 -12 -2 -48 -4 52 59 -53 -27 -46 -54 58 -5 -50 -55 -60
right_child=1 3 50 57 5 8 7 -9 11 10 47 12 14 -15 -16 -17 -18 18 23 -21 22 -23 -24 -25 25 26 27 28 -30 -31 31 35 34 -35 -36 37 -38 -39 39 -41 -42 42 -44 -45 55 -47 49 -49 51 -51 -52 53 56 60 -56 -57 -58 -59 61 -61 -62 -63
leaf_value=0.28858170533904198 -22.731549477412784 58.194707508087163 -27.59399282909575 38.291952165876118 1.1882148070046847 -50.511896202450714 0.73841384633382168 59.407311612642729 -2.169668968857787 -71.488549131196123 -23.477498052993916 -6.6187318499801506 2.4896125044888016 -50.11993988990784 -29.470350808463522 18.116027979351227 11.595824757305632 -2.9568504175325723 -6.8976213348576954 52.337560321071692 -26.864859940663298 38.089981257120769 -4.2447613766258456 8.5710831681610227 -50.674319329261785 -9.1148434473197284 2.410735557332103 -33.531631322224932 1.2640067705374214 19.003097710939166 0.26234259087362405 -5.8971911281526177 -11.546585466331905 -26.164694760840014 10.875515516641199 -66.484677868652355 1.3266622445857974 -6.7136548221472543 2.745179131141076 -35.90950301430442 35.461959188461307 -31.888006999887882 -0.54037832350538884 -1.1330144847194328 10.384766572723706 -7.1534532601159357 -29.908044207312845 5.1534349597674431 -0.37995129796462274 -1.7610335471413354 -69.890408675784158 8.8024795492233761 14.675762484241673 -22.844586098410868 7.6179736074908027 -14.656428165435791 6.6386785209559633 5.2893062398168782 17.728273139621901 5.7342044458075572 -9.757116638819376 6.531277910315473
leaf_weight=112355 28 35 20 20 2256 20 29 25 2097 28 160 584 72 27 236 104 320 40 232 56 93 35 970 440 27 256 671 59 16618 422 161 1315 305 457 210 24 3528 32 64 21 89 186 893 21451 120 292 87 32 334 32 20 30 140 32 57 20 500 35 22 94 20 22
leaf_count=112355 28 35 20 20 2256 20 29 25 2097 28 160 584 72 27 236 104 320 40 232 56 93 35 970 440 27 256 671 59 16618 422 161 1315 305 457 210 24 3528 32 64 21 89 186 893 21451 120 292 87 32 334 32 20 30 140 32 57 20 500 35 22 94 20 22
internal_value=-0.000398566 4.48483 1.98559 27.0189 -0.036605 -1.79623 0.95943 28.4863 -4.59434 -11.725 -25.7148 -3.19836 -8.7989 -0.913319 -22.0153 -2.85888 -0.343135 0.591993 6.54708 29.5052 -0.773149 1.76834 -6.24715 3.22838 0.0549434 1.24209 1.32188 1.61234 1.1389 8.82845 -0.0984445 -3.00713 -11.6221 -19.2907 -2.40023 -1.01277 -0.635613 -33.0469 0.0314845 14.7429 21.8832 0.0123978 -5.96867 0.0606729 -4.87405 -10.0854 -10.6021 -18.7037 3.78932 -22.4169 -49.9312 4.45424 5.43754 -8.26378 -6.05308 6.72884 8.41695 15.5253 20.9555 0.973102 -18.0901 12.3994
internal_weight=168960 1352 1218 134 167608 8288 4176 54 4112 672 220 3440 996 2444 308 688 2417 4122 768 96 3354 2291 1063 672 159320 18229 18202 17770 16677 1093 141091 6032 1133 618 515 4899 4843 56 135059 174 153 134885 1079 133806 452 312 432 192 1178 119 40 1150 1068 82 313 140 640 99 64 428 52 44
internal_count=168960 1352 1218 134 167608 8288 4176 54 4112 672 220 3440 996 2444 308 688 2417 4122 768 96 3354 2291 1063 672 159320 18229 18202 17770 16677 1093 141091 6032 1133 618 515 4899 4843 56 135059 174 153 134885 1079 133806 452 312 432 192 1178 119 40 1150 1068 82 313 140 640 99 64 428 52 44
is_linear=0
shrinkage=0.05


Tree=148
num_leaves=63
num_cat=0
split_feature=10 5 3 10 10 3 3 13 5 3 11 3 3 16 3 3 3 10 3 3 3 3 5 16 3 3 5 10 2 11 3 2 16 10 15 17 0 15 3 16 11 3 15 10 10 3 0 3 16 5 3 7 10 5 11 13 17 2 0 2 3 16
split_gain=1.01659e+07 1.06833e+07 3.05685e+07 1.10851e+08 5.60235e+07 4.41665e+07 1.38236e+08 1.82784e+08 9.35487e+07 1.67156e+08 1.26221e+08 8.357e+07 4.19771e+07 4.22167e+07 3.84757e+07 1.03768e+08 7.29989e+07 3.27353e+07 2.54575e+07 4.53165e+07 9.22236e+07 6.53217e+07 5.27551e+07 5.56269e+07 5.21779e+07 1.50715e+08 8.29629e+07 4.67404e+07 7.06196e+07 3.67983e+07 3.44381e+07 3.24553e+07 2.88738e+07 2.8767e+07 9.69242e+07 2.57611e+07 6.39415e+07 4.5891e+07 2.34214e+07 2.48521e+07 2.26442e+07 2.23478e+07 2.19686e+07 2.97106e+07 2.50856e+07 2.19025e+07 2.11743e+07 2.03199e+07 1.88215e+07 1.77235e+07 1.03793e+07 1.02408e+07 1.0112e+07 8.27178e+06 8.1857e+06 8.14829e+06 8.10972e+06 6.57059e+06 6.28318e+06 5.5976e+06 4.88542e+06 4.02805e+06
threshold=1000.4250000000001 2021.5000000000002 213.50000000000003 8300.0150000000012 4129.9250000000011 242.50000000000003 245.50000000000003 965.5794176979806 2020.5000000000002 237.50000000000003 3200.0950000000007 231.50000000000003 86.500000000000014 35.050000000000004 294.50000000000006 295.50000000000006 259.50000000000006 4999.7350000000006 349.50000000000006 250.50000000000003 255.50000000000003 238.50000000000003 2023.5000000000002 40.050000000000004 232.50000000000003 227.50000000000003 2023.5000000000002 3463.7200000000007 1.0000000180025095e-35 4900.6150000000007 361.50000000000006 2.5000000000000004 32.250000000000007 6510.3150000000014 2930.1120394584545 29.350000000000005 43.500000000000007 1308.4461125079388 188.50000000000003 33.350000000000001 3409.8800000000006 184.50000000000003 1155.1185428583951 9500.9950000000008 7723.3500000000013 172.50000000000003 45.500000000000007 261.50000000000006 16.150000000000002 2022.5000000000002 214.50000000000003 1.0000000180025095e-35 7190.6650000000009 2023.5000000000002 5999.4050000000007 2532.1218247354968 30.350000000000005 1.0000000180025095e-35 51.500000000000007 2.5000000000000004 351.50000000000006 15.550000000000002
decision_type=2 2 2 2 2 2 2 2 2 2 2 2 2 2 2 2 2 2 2 2 2 2 2 2 2 2 2 2 2 2 2 2 2 2 2 2 2 2 2 2 2 2 2 2 2 2 2 2 2 2 2 2 2 2 2 2 2 2 2 2 2 2
left_child=53 2 3 4 38 8 7 -7 50 11 -11 -10 40 -14 16 -16 -8 -9 19 21 27 24 23 -23 25 -3 -26 49 -29 35 42 46 -24 47 -35 37 61 60 45 -40 -6 54 44 -44 -31 -2 -32 -22 -33 -21 -4 -52 -38 -1 -5 -39 57 58 -55 -58 -20 -37
right_child=1 18 5 41 12 6 14 17 9 10 -12 -13 13 -15 15 -17 -18 -19 29 20 33 22 32 -25 26 -27 -28 28 -30 30 31 48 -34 34 -36 36 52 55 39 -41 -42 -43 43 -45 -46 -47 -48 -49 -50 -51 51 -53 -54 56 -56 -57 59 -59 -60 -61 -62 -63
leaf_value=0.61249490988830191 -0.5427674635336025 0.37989104908101629 15.064812308766626 -63.803575148148973 -15.956959749306259 3.6529941262801495 -4.0539645926302939 -34.692007364437735 11.14565581496079 -10.613592908223472 51.514211021228562 -10.831551658657737 -17.23055988822216 1.8225961988149806 -37.646092017132382 -0.72293166815464138 5.6941478942357033 -68.990528947843003 7.4832623448913083 -35.632780138288311 -5.9585292270665091 13.513417360420517 -9.9385995281470656 -25.192628759649612 -0.406302425381045 16.82290247904346 -23.811461393357593 -52.92691444130211 -14.699960002272604 15.117143286482637 -76.583147553943462 13.064422407967925 6.5595186846571485 -4.1808997783936546 -84.473892079403527 46.166030716668999 6.6416541740939294 -60.333860496174204 -10.597019744176244 -1.9004429876908782 -0.52354537571698534 -98.222881356698508 41.399544355949658 14.705725234000717 -22.331661781583517 4.1783928144220139 -9.7550217700826707 0.31876897413521976 -17.823737938514125 1.3151530174227637 -1.5151375281131751 -13.57271837796663 -22.315553114414215 -47.40474876852597 -22.39733674203196 -25.172017763088917 -2.0105708283216841 -8.2168893066442248 -16.486607952697408 -20.659180205850042 -1.7372679711271672 81.757644482421881
leaf_weight=247 28995 65242 87 21 270 290 2688 138 1728 104 376 576 1290 375 192 13534 6720 148 162 34 1388 2208 523 96 1152 1423 563 142 790 222 20 204 536 3476 37 20 529 32 1083 3395 1933 26 177 256 55 2683 28 17939 64 446 2413 189 31 33 30 38 192 52 35 50 1210 24
leaf_count=247 28995 65242 87 21 270 290 2688 138 1728 104 376 576 1290 375 192 13534 6720 148 162 34 1388 2208 523 96 1152 1423 563 142 790 222 20 204 536 3476 37 20 529 32 1083 3395 1933 26 177 256 55 2683 28 17939 64 446 2413 189 31 33 30 38 192 52 35 50 1210 24
internal_value=-0.000470343 0.0228751 -0.453401 -1.34932 -1.23324 0.777711 -0.156893 -24.3306 4.82587 11.2486 38.0591 5.64904 -6.95173 -12.9408 0.44602 -1.24212 2.90884 -52.6195 0.355968 0.212559 -1.65589 0.844182 7.64628 11.8904 0.509541 0.731123 -8.09915 -14.052 -20.5747 4.83572 12.5585 -1.17187 -1.58996 -0.888958 -5.05037 0.958777 9.61886 -2.67276 -0.6213 -4.0056 -2.42145 -60.8977 18.6625 25.6878 7.62786 -0.142785 -38.5948 -0.13233 5.64929 -1.37062 -1.82552 -2.39584 5.00174 -6.44352 -40.3462 -41.8695 -11.2464 -21.8247 -31.9606 -5.93277 -0.643885 66.9652
internal_weight=168960 168351 69284 40101 40024 29183 23710 576 5473 2784 480 2304 3868 1665 23134 13726 9408 286 99067 95995 24252 71743 3363 2304 68380 66665 1715 1412 932 3072 1026 316 1059 22840 3513 2046 604 1442 36156 4478 2203 77 710 433 277 31678 48 19327 268 480 2689 2602 560 609 51 70 362 120 68 242 1372 44
internal_count=168960 168351 69284 40101 40024 29183 23710 576 5473 2784 480 2304 3868 1665 23134 13726 9408 286 99067 95995 24252 71743 3363 2304 68380 66665 1715 1412 932 3072 1026 316 1059 22840 3513 2046 604 1442 36156 4478 2203 77 710 433 277 31678 48 19327 268 480 2689 2602 560 609 51 70 362 120 68 242 1372 44
is_linear=0
shrinkage=0.05


Tree=149
num_leaves=63
num_cat=0
split_feature=12 11 3 1 16 1 3 13 11 11 10 17 10 10 16 11 9 3 1 3 17 2 2 17 11 17 17 2 8 1 3 13 13 16 1 11 3 3 3 2 3 12 10 11 13 12 11 2 12 13 3 3 16 2 1 2 13 16 11 10 2 1
split_gain=1.01897e+07 3.21926e+07 3.21291e+07 4.73616e+07 4.38325e+07 3.62136e+07 8.97837e+07 4.71951e+07 4.42844e+07 3.14544e+07 3.40212e+07 2.96359e+07 2.84072e+07 2.30068e+07 6.69946e+07 1.63018e+08 7.50328e+07 8.30959e+07 7.21136e+07 1.49708e+08 5.16508e+07 3.67017e+07 3.5469e+07 4.6078e+07 3.495e+07 3.47122e+07 2.80259e+07 2.41152e+07 2.4671e+07 2.31714e+07 2.12087e+07 1.38891e+07 1.31706e+07 1.05382e+07 1.04394e+07 2.86749e+07 3.83807e+07 8.94825e+07 5.5501e+07 5.33523e+07 3.83372e+07 3.24435e+07 6.11879e+07 6.82207e+07 5.35093e+07 3.14819e+07 2.21511e+07 6.37915e+07 5.32331e+07 3.87521e+07 3.83067e+07 5.13208e+07 3.33777e+07 2.18914e+07 5.08894e+07 4.97338e+07 4.5068e+07 3.12418e+07 3.09649e+07 2.22453e+07 2.1856e+07 1.4876e+07
threshold=14389.699285714289 6999.6950000000006 288.50000000000006 4.5000000000000009 28.650000000000002 14.500000000000002 88.500000000000014 4054.8412523223624 11194.045000000002 12000.005000000003 9000.7350000000024 30.750000000000004 17561.605000000003 14498.490000000002 24.850000000000005 11194.045000000002 2.5000000000000004 281.50000000000006 19.500000000000004 242.50000000000003 33.150000000000013 4.5000000000000009 5.5000000000000009 31.150000000000002 6200.9150000000009 35.050000000000004 30.850000000000005 2.5000000000000004 1.0000000180025095e-35 18.500000000000004 90.500000000000014 5307.9257483933907 5307.9257483933907 30.450000000000003 16.500000000000004 9500.9550000000017 290.50000000000006 291.50000000000006 271.50000000000006 1.5000000000000002 264.50000000000006 9491.5792857142878 9999.3950000000023 6695.1950000000006 3363.3826892669381 9999.9900000000016 11194.045000000002 2.5000000000000004 7231.0757142857155 2485.9273282151657 88.500000000000014 76.500000000000014 22.550000000000004 1.0000000180025095e-35 19.500000000000004 1.5000000000000002 3633.0448536059257 19.750000000000004 4089.5350000000003 10000.005000000003 4.5000000000000009 8.5000000000000018
decision_type=2 2 2 2 2 2 2 2 2 2 2 2 2 2 2 2 2 2 2 2 2 2 2 2 2 2 2 2 2 2 2 2 2 2 2 2 2 2 2 2 2 2 2 2 2 2 2 2 2 2 2 2 2 2 2 2 2 2 2 2 2 2
left_child=13 -2 3 12 31 6 8 -8 -5 11 -11 -7 30 34 22 16 17 20 25 -20 -16 -19 24 32 29 -18 -17 -26 -29 -15 -3 -4 -24 -28 35 41 38 45 40 -40 -37 61 43 -43 -44 -38 53 48 -48 -50 51 -49 -52 54 57 56 -55 -36 -56 -57 -39 -1
right_child=1 2 4 5 -6 9 7 -9 -10 10 -12 -13 -14 14 15 26 18 21 19 -21 -22 -23 23 -25 27 -27 33 28 -30 -31 -32 -33 -34 -35 46 36 37 60 39 -41 -42 42 44 -45 -46 -47 47 50 49 -51 52 -53 -54 55 58 59 -58 -59 -60 -61 -62 -63
leaf_value=0.45732430411630798 -50.369997509765632 29.408084883916946 -52.804211710357663 -40.483103466796877 30.734039260864265 82.003821220397953 -28.642030173407665 -124.61228642781576 38.257065759310649 68.06206266857329 2.470130403553739 20.276242633707383 15.047117926703558 -36.702740912301202 -80.607029386911634 -140.34655442113464 18.556990574022006 -27.933585792990296 48.833055977454563 -116.72896450700431 -15.530827029301571 41.62809829534487 -61.916397171565464 34.645675248770878 -6.0750082976242599 87.454030877976209 -38.495738797869002 92.207331737020752 33.419580594134594 24.99846768979673 98.378105858112207 -11.667404719172296 -11.196346712979404 -92.610361894880029 17.613712614965529 -2.7802375151730363 -67.4362067457904 -1.4780389126428504 42.030533792882935 3.0831380980042207 -56.005806272731121 86.690912573496504 5.7113708267825309 18.097768067982202 -46.990511555304899 -12.937905389406744 48.169497885412106 20.346063351461417 1.3408908938169481 -15.44830797205992 -19.370930077789026 95.021860791015627 9.3169277682522331 -3.8268774795195641 3.7977691708318013 0.97261259261323529 -62.413273468017579 5.1670127046462548 -5.3294871848455934 -5.3837861023918778 -25.633668687820439 -0.70688255426769497
leaf_weight=56404 24 20 49 24 34 27 35 20 62 20 339 67 44 34 77 22 150 33 25 28 51 42 34 28 28 20 20 22 92 26 28 36 21 20 669 6955 91 505 132 260 33 44 652 191 51 38 48 308 939 541 108 24 1465 6400 1858 30726 32 2043 1857 1440 114 53430
leaf_count=56404 24 20 49 24 34 27 35 20 62 20 339 67 44 34 77 22 150 33 25 28 51 42 34 28 28 20 20 22 92 26 28 36 21 20 669 6955 91 505 132 260 33 44 652 191 51 38 48 308 939 541 108 24 1465 6400 1858 30726 32 2043 1857 1440 114 53430
internal_value=-0.000637116 5.52577 7.25266 11.4146 -16.6351 6.20872 -15.8441 -65.1424 16.0703 13.0926 6.3032 38.6831 44.5986 -0.0279188 -8.62846 -19.8624 -8.73892 -30.6602 11.2641 -39.1755 -54.9997 11.0561 10.6095 -16.7699 21.8866 27.1266 -94.9398 35.333 45.4678 -9.99397 70.8273 -35.7199 -43.0964 -67.152 0.011857 -0.240245 -3.10656 -13.8912 -2.01176 16.2717 -3.03957 -0.0299005 9.22459 31.2537 1.82672 -51.6055 0.630426 4.50129 -3.10806 -4.80253 10.6032 26.0135 7.3362 0.335192 3.03678 -0.114719 -4.12801 8.24274 -0.764836 0.687892 -5.96091 -0.109019
internal_weight=168960 829 805 686 119 594 141 55 86 453 359 94 92 168131 773 488 426 203 223 53 128 75 285 83 202 170 62 142 114 60 48 85 55 40 167358 118900 8128 748 7380 392 6988 110772 938 235 703 129 48458 3433 1528 1480 1905 332 1573 45025 6427 38598 6432 2712 3715 32166 619 109834
internal_count=168960 829 805 686 119 594 141 55 86 453 359 94 92 168131 773 488 426 203 223 53 128 75 285 83 202 170 62 142 114 60 48 85 55 40 167358 118900 8128 748 7380 392 6988 110772 938 235 703 129 48458 3433 1528 1480 1905 332 1573 45025 6427 38598 6432 2712 3715 32166 619 109834
is_linear=0
shrinkage=0.05


Tree=150
num_leaves=63
num_cat=0
split_feature=14 3 3 14 10 2 13 16 10 16 11 5 14 2 10 3 14 13 2 4 3 5 12 11 10 3 16 3 10 2 5 10 3 3 5 12 10 16 12 10 16 11 3 10 11 11 3 2 3 16 7 12 3 13 10 13 3 16 10 11 11 2
split_gain=1.08517e+07 1.13316e+07 3.61821e+07 4.99977e+07 1.04481e+08 5.43641e+07 5.32446e+07 4.57556e+07 4.11429e+07 4.03178e+07 7.30008e+07 4.98643e+07 3.33612e+07 3.16349e+07 6.77565e+07 9.47929e+07 6.62542e+07 3.6876e+07 9.8269e+07 2.08198e+08 1.13677e+08 3.63361e+07 4.23137e+07 3.87412e+07 3.15867e+07 2.87089e+07 4.86267e+07 4.46053e+07 1.08969e+08 7.11736e+07 5.76116e+07 8.866e+07 8.03784e+07 4.36586e+07 6.01013e+07 3.59324e+07 2.95391e+07 2.51446e+07 2.06947e+07 3.12008e+07 2.05594e+07 2.567e+07 1.85458e+07 1.55271e+08 4.5931e+07 4.02519e+07 3.82668e+07 9.28117e+07 4.24916e+07 1.82194e+07 1.64131e+07 1.10708e+07 1.95467e+07 1.00247e+07 6.23017e+06 5.97408e+06 3.33692e+06 2.75133e+06 2.53197e+06 6.81489e+06 2.86232e+06 2.5852e+06
threshold=2013.4020000000003 110.50000000000001 96.500000000000014 5442.8350000000009 8000.005000000001 4.5000000000000009 2016.5978563942181 22.950000000000003 6510.3150000000014 33.350000000000001 7000.6250000000009 2023.5000000000002 5794.2505000000001 1.5000000000000002 6399.8900000000003 92.500000000000014 11520.822833333337 1643.3323292609052 4.5000000000000009 3.5000000000000004 80.500000000000014 2022.5000000000002 8540.0042857142889 10000.005000000003 6070.9050000000007 136.50000000000003 18.550000000000004 128.50000000000003 4381.880000000001 2.5000000000000004 2023.5000000000002 10421.575000000003 116.50000000000001 138.50000000000003 2022.5000000000002 8916.9357142857152 5000.6450000000013 23.850000000000005 3658.9464285714289 9999.3950000000023 33.550000000000004 4279.005000000001 148.50000000000003 11194.045000000002 6999.6950000000006 10000.005000000003 156.50000000000003 4.5000000000000009 160.50000000000003 21.150000000000002 1.0000000180025095e-35 5175.4728571428577 100.50000000000001 689.22667650815549 4200.8750000000009 689.22667650815549 16.500000000000004 40.45000000000001 2499.3450000000007 1699.9850000000004 1499.8950000000002 4.5000000000000009
decision_type=2 2 2 2 2 2 2 2 2 2 2 2 2 2 2 2 2 2 2 2 2 2 2 2 2 2 2 2 2 2 2 2 2 2 2 2 2 2 2 2 2 2 2 2 2 2 2 2 2 2 2 2 2 2 2 2 2 2 2 2 2 2
left_child=55 2 13 6 5 12 8 -7 24 11 -11 -6 -5 14 21 16 -16 40 20 -20 -19 23 -23 -2 -4 26 36 30 35 -30 31 -28 -32 34 53 -29 -3 -10 -36 -40 50 -42 43 45 -45 -35 47 -44 -48 -17 -15 -8 -53 -27 -55 56 -1 58 60 61 -58 -60
right_child=1 25 3 4 9 7 51 -9 37 10 -12 -13 -14 17 15 49 -18 18 19 -21 -22 22 -24 -25 -26 33 27 28 29 -31 32 -33 -34 42 38 -37 -38 -39 39 -41 41 -43 46 44 -46 -47 48 -49 -50 -51 -52 52 -54 54 -56 -57 57 -59 59 -61 -62 -63
leaf_value=-5.1800684277569538 2.3388401997275605 -19.35125203334924 1.4948970240460211 9.2199841415761714 9.0670345880474805 43.98770464220047 -65.388529401506702 -12.17859930753708 32.376005232304706 -45.218800232563545 17.734486210584642 -26.898889376504084 41.947076914644981 0.0080185481269586471 -9.9609879030572017 -25.844365962484609 61.602716715263604 4.343085228156645 2.9483491609566572 -49.895878576051302 27.316906863056911 -5.2072095429412366 19.195127829146639 -29.337285350974724 -37.349383046851976 -4.0685452876211583 -5.4785358607863275 -2.1995270144899712 -6.8770360621761499 -33.210137718918155 -7.1675664791428648 7.9763213201606185 15.817773428174835 -2.5981358105101755 11.906172810898553 54.729488656180251 -96.472652377174029 -18.422823370571795 48.431750734100092 8.7887928126017254 7.113974664686161 48.725919132656522 -0.08550550947453267 -147.61177057439633 -43.777682317097991 50.475916553073461 -7.4681905091775738 16.920184595854053 0.071584058366116143 -81.411998916908544 7.6568179340530369 -48.744167385525174 -3.659936054157761 21.449331931806594 2.4410016885817605 -12.866040855429389 -6.2782063734061282 8.3429418256623418 6.1334027794635659 -1.6429522717777809 -1.5385466263404295 25.915785131719378
leaf_weight=725 6437 32 4173 98 1176 49 20 131 161 108 79 104 391 25753 1658 22 32 1688 1359 215 790 3969 185 97 52 392 5204 2757 491 538 576 1600 1116 4691 157 27 20 28 153 74 213 44 2670 21 23 35 1907 1146 90589 53 720 44 52 72 106 131 354 69 32 198 3118 35
leaf_count=725 6437 32 4173 98 1176 49 20 131 161 108 79 104 391 25753 1658 22 32 1688 1359 215 790 3969 185 97 52 392 5204 2757 491 538 576 1600 1116 4691 157 27 20 28 153 74 213 44 2670 21 23 35 1907 1146 90589 53 720 44 52 72 106 131 354 69 32 198 3118 35
internal_value=-0.000646175 0.0668594 0.695564 4.12411 10.4283 26.7878 1.1499 3.26964 2.0319 2.95465 -18.6707 6.12608 35.4205 0.166864 -1.95945 -11.0323 -8.5703 1.02711 5.47135 -4.29698 11.6753 -0.460279 -4.11608 1.86418 1.00809 -0.207391 -2.48302 -2.27706 -6.76918 -20.6639 -0.260435 -2.31384 7.99336 0.0683085 10.7088 -1.62796 -50.274 24.7929 25.971 35.6037 0.353228 14.3995 -0.03222 -3.07513 -95.514 -2.19448 0.118515 5.02464 -0.0839433 -65.6668 0.216328 -32.1422 -24.6131 0.399387 10.2067 -2.37918 -2.07321 -1.48018 -1.66374 3.03918 -2.02347 16.6967
internal_weight=168960 164298 49901 6666 2136 669 4530 180 4414 1467 187 1280 489 43235 12453 1765 1690 30782 4052 1574 2478 10688 4154 6534 4225 114397 12361 12309 3813 1029 8496 6804 1692 102036 954 2784 52 189 384 227 26730 257 101082 4770 44 4726 96312 3816 92496 75 26473 116 96 570 178 4662 4531 3806 3737 265 3472 67
internal_count=168960 164298 49901 6666 2136 669 4530 180 4414 1467 187 1280 489 43235 12453 1765 1690 30782 4052 1574 2478 10688 4154 6534 4225 114397 12361 12309 3813 1029 8496 6804 1692 102036 954 2784 52 189 384 227 26730 257 101082 4770 44 4726 96312 3816 92496 75 26473 116 96 570 178 4662 4531 3806 3737 265 3472 67
is_linear=0
shrinkage=0.05


Tree=151
num_leaves=63
num_cat=0
split_feature=14 3 3 11 2 10 11 16 5 10 3 13 13 15 2 1 2 3 3 13 10 14 10 3 3 5 3 10 2 9 5 3 10 2 10 9 3 10 5 10 1 3 11 16 13 13 15 16 10 15 3 2 16 3 13 13 3 3 3 11 3 2
split_gain=9.79379e+06 1.22824e+07 2.661e+07 3.24961e+07 2.07709e+07 2.637e+07 2.24769e+07 2.73236e+07 1.91446e+07 2.29894e+07 1.90447e+07 8.03512e+07 2.83063e+07 1.64463e+07 1.61154e+07 2.69417e+07 1.60146e+07 1.29836e+07 9.63173e+07 1.10454e+08 1.12964e+08 6.61487e+07 5.17133e+07 2.74406e+07 8.89452e+07 9.18622e+07 7.03514e+07 7.19192e+07 4.52106e+07 2.9105e+07 2.50812e+07 7.24548e+07 5.61566e+07 1.23778e+08 1.1203e+07 1.08255e+07 2.30419e+07 6.218e+07 2.51096e+07 1.28717e+07 2.69067e+07 1.10072e+07 1.05406e+07 1.03418e+07 1.03265e+07 1.06655e+07 9.05677e+06 7.79228e+06 7.58907e+06 1.59858e+07 1.111e+07 6.86324e+06 6.58227e+06 6.17461e+06 5.56582e+06 5.01391e+06 6.04646e+06 8.27516e+06 7.35634e+06 4.9313e+06 4.08149e+06 4.00882e+06
threshold=2216.7585000000004 349.50000000000006 361.50000000000006 5999.4050000000007 4.5000000000000009 4339.9950000000008 4154.4700000000012 10.350000000000003 2021.5000000000002 8000.7650000000012 359.50000000000006 1326.9377969815539 1835.8318880717813 1155.1185428583951 2.5000000000000004 10.500000000000002 1.0000000180025095e-35 283.50000000000006 277.50000000000006 708.08527245446601 9999.3950000000023 3894.2126666666672 5013.1600000000008 246.50000000000003 224.50000000000003 2023.5000000000002 255.50000000000003 8866.5700000000015 5.5000000000000009 1.0000000180025095e-35 2023.5000000000002 286.50000000000006 6510.3150000000014 3.5000000000000004 5000.6450000000013 1.0000000180025095e-35 290.50000000000006 5090.9250000000011 2022.5000000000002 4492.9550000000008 16.500000000000004 297.50000000000006 3899.4450000000002 14.350000000000003 2727.6090544262547 2485.9273282151657 645.3025929036769 36.95000000000001 8520.1650000000027 1262.5425225167899 356.50000000000006 1.0000000180025095e-35 27.450000000000003 364.50000000000006 1682.9250682454488 680.3018403618878 200.50000000000003 196.50000000000003 254.50000000000003 2510.4450000000002 16.500000000000004 3.5000000000000004
decision_type=2 2 2 2 2 2 2 2 2 2 2 2 2 2 2 2 2 2 2 2 2 2 2 2 2 2 2 2 2 2 2 2 2 2 2 2 2 2 2 2 2 2 2 2 2 2 2 2 2 2 2 2 2 2 2 2 2 2 2 2 2 2
left_child=55 17 3 10 5 -4 46 -8 9 54 12 43 13 -3 34 -16 -14 18 23 42 22 -22 -21 24 29 -26 28 -28 -25 -2 35 32 61 -34 -7 36 38 -38 -19 41 -41 -37 47 -12 45 -33 -6 -20 49 -10 -50 -46 -44 -9 -5 60 57 -57 59 -58 -1 -32
right_child=1 2 4 8 6 14 7 53 48 -11 11 -13 16 -15 15 -17 -18 30 19 20 21 -23 -24 26 25 -27 27 -29 -30 -31 31 44 33 -35 -36 39 37 -39 -40 40 -42 -43 52 -45 51 -47 -48 -49 50 -51 -52 -53 -54 -55 -56 56 58 -59 -60 -61 -62 -63
leaf_value=-4.0777250200706758 1.1149792356277433 1.6693007316305704 -0.960024988124768 18.040781764090063 1.0079397523272964 -15.539937082661524 -15.10592854008955 20.948488008548054 13.692954073051613 -51.116111733572829 0.04135955280462901 80.495899110451731 -54.517845532647499 29.280708050641149 9.8803836258985474 -23.221651070538687 -12.11738736506736 0.61435084963065156 0.49540683630826798 18.048902745559705 -70.609057854546435 9.0103472473016879 46.534939477886752 -5.3970989733079815 7.2186244634343257 -5.1418867025168078 1.6159801515415197 -12.223748703448402 -20.037897603728211 -0.73519675596509559 -5.7401286186902754 -2.2051617809293425 9.2686829388526188 -123.41714645385741 -44.912776882383561 -2.1865182799998593 -2.2258314642946742 -30.053546264643831 19.913219863102171 -5.8507957832187216 1.5218005149827987 1.7880754013873728 -4.3362610759042406 14.580105979868756 -38.408523912100961 25.682921818869456 -30.864561230468752 31.243061824980238 1.0471184996415661 43.572957162966674 22.312926253753098 -9.8126521816371408 -22.057110208360161 47.896938479908727 -12.905025535311019 -10.799000647606389 -8.3440122359690054 25.784866638183594 6.9534326916410212 -22.719744207886446 -0.89266425691168072 -21.09173755070648
leaf_weight=1120 30868 2788 659 47 205 62 33 38 95 20 299 38 28 54 102 152 100 672 1099 281 26 776 373 3298 7856 1858 8927 1048 627 68256 61 1682 30 41 71 2122 6651 206 224 2343 2621 9706 147 206 28 34 24 20 96 86 170 80 81 56 20 30 197 30 56 86 9803 147
leaf_count=1120 30868 2788 659 47 205 62 33 38 95 20 299 38 28 54 102 152 100 672 1099 281 26 776 373 3298 7856 1858 8927 1048 627 68256 61 1682 30 41 71 2122 6651 206 224 2343 2621 9706 147 206 28 34 24 20 96 86 170 80 81 56 20 30 197 30 56 86 9803 147
internal_value=-0.000686935 0.101336 2.43358 4.48989 -3.50111 -7.05023 6.91747 23.6993 15.97 -5.43734 2.74078 11.3416 1.16501 2.20405 -17.3917 -9.94207 -21.7432 0.017817 0.230591 9.39339 18.9351 6.34445 34.3418 0.0212634 0.288444 4.85414 -2.07065 0.160861 -7.74041 -0.159032 -0.984553 -6.22373 -29.9059 -68.0026 -31.4384 -0.535428 -2.08065 -3.0661 5.45589 0.178096 -1.95853 1.07489 -0.926849 5.98912 -2.58688 -1.63796 -2.45206 1.07237 20.1394 28.0515 14.6707 -17.5108 -10.7007 37.3381 8.74922 -1.42106 -6.91956 7.61569 -9.50702 -12.7772 -1.21959 -16.6386
internal_weight=168960 157638 5449 4047 1402 1046 356 127 534 87 3513 543 2970 2842 387 254 128 152189 125541 2803 1456 802 654 122738 108838 9714 13900 9975 3925 99124 26648 2103 279 71 133 24545 7753 6857 896 16792 4964 11828 1347 505 1824 1716 229 1119 447 181 266 108 228 94 67 11322 399 60 339 283 10923 208
internal_count=168960 157638 5449 4047 1402 1046 356 127 534 87 3513 543 2970 2842 387 254 128 152189 125541 2803 1456 802 654 122738 108838 9714 13900 9975 3925 99124 26648 2103 279 71 133 24545 7753 6857 896 16792 4964 11828 1347 505 1824 1716 229 1119 447 181 266 108 228 94 67 11322 399 60 339 283 10923 208
is_linear=0
shrinkage=0.05


Tree=152
num_leaves=63
num_cat=0
split_feature=7 3 16 3 2 10 12 10 0 10 3 16 16 10 3 17 3 16 3 16 17 2 17 3 17 3 16 16 3 3 3 3 11 17 0 10 17 17 2 0 10 3 3 10 17 3 3 16 3 2 14 3 14 10 17 3 16 10 3 14 17 16
split_gain=1.06938e+07 2.85729e+07 5.24714e+07 5.1894e+07 4.37065e+07 4.64102e+07 3.85865e+07 3.21213e+07 2.39949e+07 2.83198e+07 1.88897e+07 2.87918e+07 2.90332e+07 7.46703e+07 2.87295e+07 2.30884e+07 2.24076e+07 2.18409e+07 2.17184e+07 1.86779e+07 1.51811e+07 1.69128e+07 1.44032e+07 1.33172e+07 1.55328e+07 1.15542e+07 1.39505e+07 1.09289e+07 1.08156e+07 1.07229e+08 1.50093e+08 1.69713e+08 9.48998e+07 1.40141e+08 9.95369e+07 8.06104e+07 8.51803e+07 5.7161e+07 5.60453e+07 5.53507e+07 5.42415e+07 4.66744e+07 9.99024e+07 6.23908e+07 6.0116e+07 4.99848e+07 9.59294e+07 7.37965e+07 4.6428e+07 4.38229e+07 6.16228e+07 1.45164e+08 6.04383e+07 8.40478e+07 5.69536e+07 3.27698e+07 5.76191e+07 7.00818e+07 4.03545e+07 5.90518e+07 5.64115e+07 7.38793e+07
threshold=1.0000000180025095e-35 88.500000000000014 29.250000000000004 90.500000000000014 3.5000000000000004 8866.5700000000015 9318.6050000000014 7400.545000000001 47.500000000000007 4200.8750000000009 178.50000000000003 31.950000000000003 33.95000000000001 10000.005000000003 230.50000000000003 32.650000000000013 114.50000000000001 27.050000000000004 322.50000000000006 14.750000000000002 30.950000000000003 3.5000000000000004 22.250000000000004 96.500000000000014 30.050000000000004 168.50000000000003 34.550000000000004 20.550000000000004 218.50000000000003 230.50000000000003 227.50000000000003 228.50000000000003 5500.9650000000011 30.350000000000005 30.500000000000004 11194.045000000002 28.550000000000004 29.450000000000003 4.5000000000000009 87.500000000000014 4240.8850000000011 236.50000000000003 241.50000000000003 3333.3950000000004 28.950000000000003 260.50000000000006 263.50000000000006 31.450000000000003 224.50000000000003 1.5000000000000002 9565.9641666666703 232.50000000000003 7422.8466666666673 4750.5750000000007 31.250000000000004 112.50000000000001 21.150000000000002 4750.5750000000007 96.500000000000014 4309.491500000001 28.350000000000005 21.350000000000005
decision_type=2 2 2 2 2 2 2 2 2 2 2 2 2 2 2 2 2 2 2 2 2 2 2 2 2 2 2 2 2 2 2 2 2 2 2 2 2 2 2 2 2 2 2 2 2 2 2 2 2 2 2 2 2 2 2 2 2 2 2 2 2 2
left_child=28 2 4 20 5 22 8 -4 19 -10 16 15 13 -13 -14 17 23 -12 -17 -6 21 27 -2 -5 -25 -18 -27 -3 55 30 35 32 34 -34 -32 36 48 39 -39 -33 -38 49 43 -43 -45 47 -47 -44 -30 52 54 -52 53 -31 -51 58 57 -57 -1 -60 -61 -62
right_child=1 3 7 10 6 -7 -8 -9 9 -11 11 12 14 -15 -16 18 25 -19 -20 -21 -22 -23 -24 24 -26 26 -28 -29 29 41 31 37 33 -35 -36 -37 40 38 -40 -41 -42 42 45 44 -46 46 -48 -49 -50 50 51 -53 -54 -55 -56 56 -58 -59 59 60 61 -63
leaf_value=0.12925492443954836 2.3268655972578087 32.738897804727365 -27.594009838694276 8.2478261436457565 4.9475276345266428 -74.846339536394396 56.499197304135286 -93.846606193210775 7.1557259358794001 -48.725169865376245 -0.58370365303942939 -12.280464205816022 -9.535384433887149 -83.691823174892335 6.3469829198233221 -12.474584808895695 6.2862979355106461 10.976003497224866 14.831642536499922 49.348691573937742 5.842736745589022 56.828466817028122 -13.80127898390058 -16.710612132363988 -1.3822201220989747 56.765216324615487 13.121943342717339 -8.1561070755004899 -29.318539043710942 -0.18323558734387768 -11.212437598361097 -1.520456127550043 187.54869014485678 53.744940754937346 62.599387840270992 -75.147248479669756 1.7825177833137529 26.601956154571987 -6.8308214543102697 -86.702687807083137 15.560701541192138 -1.001711139076811 -11.290809953578814 -20.173589098975775 19.068124677720206 13.236901638555825 0.11033789298803945 -0.85197346500956361 8.1436001351348377 -6.833800957486087 134.51764826456707 -22.081135136530953 -28.747599949725839 41.753928178437548 -26.68304098402055 -2.4218337741988427 -1.0029853738971353 -48.133279014097326 -0.14978025938836306 -31.138381206788218 32.438041832266855 7.7483849071049651
leaf_weight=43872 195 48 98 288 70 27 41 22 58 36 1504 610 744 38 460 512 864 560 84 35 68 52 474 192 1152 24 72 24 284 587 70 208 29 60 129 32 2390 572 160 20 1018 781 2296 104 1419 1440 40800 6440 116 1256 23 38 128 149 507 201 49000 143 3357 82 343 2554
leaf_count=43872 195 48 98 288 70 27 41 22 58 36 1504 610 744 38 460 512 864 560 84 35 68 52 474 192 1152 24 72 24 284 587 70 208 29 60 129 32 2390 572 160 20 1018 781 2296 104 1419 1440 40800 6440 116 1256 23 38 128 149 507 201 49000 143 3357 82 343 2554
internal_value=-0.000705368 -1.74494 -9.42797 -0.631784 -5.4163 -11.7579 12.9467 -40.4156 3.73594 -14.533 -1.3266 -3.28051 -8.06544 -16.5907 -3.46713 0.0527195 2.07461 2.55645 -8.60765 20.0739 24.9501 35.2977 -9.10379 -1.49126 -3.58279 8.13183 24.5055 19.1822 0.0900093 0.613932 7.56276 22.6192 56.2171 98.9434 36.7092 2.6648 3.33825 12.4918 19.2949 -9.33859 5.90154 -0.0179033 0.306467 10.4881 16.377 -0.153918 0.558137 -3.59649 -18.4613 -6.44512 -10.8372 38.1815 2.82878 8.35189 -12.5539 -0.231319 -1.14637 -21.5084 0.667991 4.39772 9.52058 10.6818
internal_weight=168960 8352 1056 7296 936 696 240 120 199 94 7104 4512 1852 648 1204 2660 2592 2064 596 105 192 124 669 1632 1344 960 96 72 160608 61056 5088 1248 288 89 199 3840 3808 960 732 228 3408 55968 53280 2304 1523 50976 42240 8736 400 2688 1824 61 864 736 1763 99552 49344 344 50208 6336 2979 2897
internal_count=168960 8352 1056 7296 936 696 240 120 199 94 7104 4512 1852 648 1204 2660 2592 2064 596 105 192 124 669 1632 1344 960 96 72 160608 61056 5088 1248 288 89 199 3840 3808 960 732 228 3408 55968 53280 2304 1523 50976 42240 8736 400 2688 1824 61 864 736 1763 99552 49344 344 50208 6336 2979 2897
is_linear=0
shrinkage=0.05


Tree=153
num_leaves=63
num_cat=0
split_feature=17 0 11 3 14 0 3 10 2 2 3 12 5 3 15 0 15 12 15 11 14 10 17 3 15 3 0 10 15 12 11 10 10 2 3 10 2 15 2 14 3 3 9 11 2 11 3 3 2 11 2 5 3 12 5 3 14 17 11 0 5 2
split_gain=1.0318e+07 2.64129e+07 3.63529e+07 5.3245e+07 4.88419e+07 4.34843e+07 8.89971e+07 3.42716e+07 3.41963e+07 3.98454e+07 4.59569e+07 6.96904e+07 7.04919e+07 4.11631e+07 6.27904e+07 3.23918e+07 5.24787e+07 4.48865e+07 3.16828e+07 4.61196e+07 6.97039e+07 4.21868e+07 3.93013e+07 3.34445e+07 4.10839e+07 3.11867e+07 2.63232e+07 2.46356e+07 2.43616e+07 2.48262e+07 4.51575e+07 2.42289e+07 2.41281e+07 2.32432e+07 2.71308e+07 2.35309e+07 2.24097e+07 5.52383e+07 3.08493e+07 2.51309e+07 2.03604e+07 4.64633e+07 5.9501e+07 5.88702e+07 7.15929e+07 1.64002e+08 4.90303e+07 4.02686e+07 3.63163e+07 7.08779e+07 3.80857e+07 4.60179e+07 3.40946e+07 1.00473e+08 6.18949e+07 5.39276e+07 6.37741e+07 3.26614e+07 2.47423e+07 3.723e+07 2.3639e+07 7.73715e+07
threshold=31.150000000000002 57.500000000000007 9500.9550000000017 96.500000000000014 11520.822833333337 3.5000000000000004 124.50000000000001 7190.6650000000009 1.0000000180025095e-35 1.5000000000000002 164.50000000000003 5225.357142857144 2023.5000000000002 237.50000000000003 2108.5161715177114 7.5000000000000009 1308.4461125079388 4813.2678571428578 923.92266602250049 4006.4050000000002 6912.9285000000009 4000.2050000000004 31.650000000000002 289.50000000000006 5104.3834205448529 269.50000000000006 69.500000000000014 17561.605000000003 6016.3764579287572 12000.380714285717 5565.9600000000009 9999.3950000000023 5500.0750000000007 1.0000000180025095e-35 245.50000000000003 7723.3500000000013 4.5000000000000009 2733.5861067464816 1.5000000000000002 6750.873833333334 98.500000000000014 190.50000000000003 1.5000000000000002 5999.4050000000007 1.5000000000000002 11194.045000000002 170.50000000000003 94.500000000000014 1.5000000000000002 4549.9450000000006 5.5000000000000009 2023.5000000000002 170.50000000000003 10000.04642857143 2022.5000000000002 160.50000000000003 3915.3078333333337 27.550000000000004 17561.605000000003 12.500000000000002 2022.5000000000002 3.5000000000000004
decision_type=2 2 2 2 2 2 2 2 2 2 2 2 2 2 2 2 2 2 2 2 2 2 2 2 2 2 2 2 2 2 2 2 2 2 2 2 2 2 2 2 2 2 2 2 2 2 2 2 2 2 2 2 2 2 2 2 2 2 2 2 2 2
left_child=40 2 4 36 15 33 31 -8 18 10 11 -10 -13 14 -12 16 32 -18 -3 20 22 -22 -20 24 -21 -15 -25 -17 29 -11 -31 -7 -2 35 -35 -5 38 -38 -4 -40 47 42 52 -44 46 -46 -45 58 49 -49 51 -50 55 54 -54 57 -57 -42 -1 -60 -43 -62
right_child=1 8 3 5 -6 6 7 -9 9 28 13 12 -14 25 -16 27 17 -19 19 23 21 -23 -24 26 -26 -27 -28 -29 -30 30 -32 -33 -34 34 -36 -37 37 -39 39 -41 41 60 43 44 45 -47 -48 48 50 -51 -52 -53 53 -55 -56 56 -58 -59 59 -61 61 -63
leaf_value=0.21542489300186132 1.1225462699447255 1.5407464607974388 -41.770427930014478 77.954243374779125 63.82762774372101 23.337028032689403 -7.6282986584168215 -23.390059730734038 -1.758507817497347 1.705877931440146 3.4802025814185358 -29.281183078505038 7.0948584601782656 -14.400782119146008 37.784138232808054 -0.33133280746292298 35.503935668059071 9.0464457464021795 54.211514733258412 7.4710586108630821 32.8149068638606 110.16041775076729 5.1778141177388344 -42.858290521076754 51.825418823206874 1.0427597357309357 0.35667492369810744 -44.922212985869379 -19.473761798072218 74.336099405924486 9.6818364078645676 1.856416945951975 -27.52300671812776 0.21180700114634177 35.17571080992299 16.435640260677321 3.1493954785664879 -97.657232906457153 -31.210277115259419 20.695230522155764 -22.505594489075534 -1.1271675975001056 -6.0362429776676931 -15.331294225692751 -22.435171820215999 68.349337297167096 -65.100129397616669 6.4126500051304447 12.508775887747392 -69.690192792737818 -9.4863568759175543 43.77683899234485 2.0860123345085038 -81.634200737531785 -13.613183664240843 -1.7461572647564214 24.598750597647399 -0.45815979643669469 82.040916457403284 10.462209856733146 4.2547484908308082 -2.7274885395783857
leaf_weight=36798 1621 2282 83 20 29 168 779 620 1242 20864 757 584 172 480 161 38491 197 849 50 1610 38 34 207 55 53 1020 95 30 133 29 276 589 76 528 61 63 23 32 38 57 180 31720 2009 79 446 55 135 176 372 36 112 172 1482 42 1088 437 483 2336 20 138 9136 7012
leaf_count=36798 1621 2282 83 20 29 168 779 620 1242 20864 757 584 172 480 161 38491 197 849 50 1610 38 34 207 55 53 1020 95 30 133 29 276 589 76 528 61 63 23 32 38 57 180 31720 2009 79 446 55 135 176 372 36 112 172 1482 42 1088 437 483 2336 20 138 9136 7012
internal_value=-0.000633942 0.439352 -0.336772 -5.59336 0.0530182 -3.69536 -7.15626 -14.6252 1.58139 0.882796 -3.43921 -9.04848 -21.0067 1.19757 9.53104 0.00665214 5.25538 14.0585 5.64143 10.0074 27.2036 70.348 14.8906 6.87356 8.91494 -3.90547 -15.6677 -0.367225 1.77889 1.91333 16.0521 6.64809 -0.175793 7.40249 3.88635 32.011 -28.5158 -56.1982 -19.6961 -0.175755 -0.347616 -0.947473 -4.29257 -10.4271 -22.7389 -12.3525 -46.8843 0.550648 11.1895 -6.77696 16.9973 22.4572 -1.52831 -5.83294 -4.56289 1.74476 12.0966 -2.0438 0.300472 19.9818 -0.334394 1.22285
internal_weight=168960 74496 44354 3061 41293 2828 2156 1399 30142 25718 4416 1998 756 2418 918 41264 2743 1046 4424 2142 329 72 257 1813 1663 1500 150 38521 21302 21169 305 757 1697 672 589 83 233 55 178 95 94464 56640 8772 2724 715 501 214 37824 868 212 656 544 6048 2612 2570 3436 920 2516 36956 158 47868 16148
internal_count=168960 74496 44354 3061 41293 2828 2156 1399 30142 25718 4416 1998 756 2418 918 41264 2743 1046 4424 2142 329 72 257 1813 1663 1500 150 38521 21302 21169 305 757 1697 672 589 83 233 55 178 95 94464 56640 8772 2724 715 501 214 37824 868 212 656 544 6048 2612 2570 3436 920 2516 36956 158 47868 16148
is_linear=0
shrinkage=0.05


Tree=154
num_leaves=63
num_cat=0
split_feature=7 3 16 3 2 10 0 3 10 15 3 16 3 0 3 5 15 10 10 2 14 10 16 3 10 5 0 11 0 14 10 3 16 10 10 3 3 16 3 11 3 14 10 11 14 11 11 3 3 3 14 14 16 10 14 16 3 5 14 3 2 2
split_gain=9.78019e+06 2.58973e+07 4.75218e+07 4.69056e+07 3.95096e+07 4.20522e+07 3.08922e+07 4.7198e+07 2.92295e+07 1.93041e+07 1.70831e+07 2.58617e+07 2.72363e+07 2.26315e+07 2.02065e+07 2.6844e+07 1.63321e+07 1.5002e+07 2.74034e+07 1.52807e+07 1.40718e+07 1.31828e+07 1.81886e+07 1.25459e+07 1.26475e+07 1.17814e+07 1.37928e+07 2.8133e+07 4.35838e+07 4.59345e+07 3.13507e+07 6.10857e+07 2.20565e+07 5.84418e+07 3.54224e+07 4.70362e+07 8.30491e+07 7.35934e+07 2.97592e+07 6.74462e+07 2.80462e+07 2.48124e+07 3.32959e+07 2.53258e+07 1.94793e+07 1.6637e+07 3.89944e+07 3.23004e+07 8.35129e+07 6.39517e+07 1.65546e+07 1.48322e+07 1.32329e+07 1.20142e+07 9.36829e+06 8.91937e+06 8.49926e+06 7.37258e+06 7.28314e+06 6.94504e+06 5.53069e+06 5.38187e+06
threshold=1.0000000180025095e-35 88.500000000000014 29.250000000000004 90.500000000000014 3.5000000000000004 8866.5700000000015 47.500000000000007 76.500000000000014 7190.6650000000009 1308.4461125079388 178.50000000000003 31.950000000000003 277.50000000000006 57.500000000000007 114.50000000000001 2023.5000000000002 4822.9514807727619 10421.575000000003 9999.3950000000023 3.5000000000000004 7578.137833333335 4409.2850000000008 24.650000000000002 66.500000000000014 4975.7650000000003 2020.5000000000002 69.500000000000014 14498.490000000002 9.5000000000000018 8273.4223333333339 12000.005000000003 90.500000000000014 17.950000000000003 12000.005000000003 8866.5700000000015 280.50000000000006 279.50000000000006 30.250000000000004 335.50000000000006 5000.6350000000011 78.500000000000014 8529.4688333333343 8520.1650000000027 10421.575000000003 11520.822833333337 9500.9550000000017 9000.715000000002 290.50000000000006 291.50000000000006 286.50000000000006 10655.522333333336 8444.3601666666691 24.250000000000004 3648.6000000000008 8357.4101666666666 19.550000000000004 351.50000000000006 2023.5000000000002 6003.4828333333344 58.500000000000007 4.5000000000000009 1.5000000000000002
decision_type=2 2 2 2 2 2 2 2 2 2 2 2 2 2 2 2 2 2 2 2 2 2 2 2 2 2 2 2 2 2 2 2 2 2 2 2 2 2 2 2 2 2 2 2 2 2 2 2 2 2 2 2 2 2 2 2 2 2 2 2 2 2
left_child=25 2 4 21 5 23 7 -6 57 -8 14 17 13 -13 16 -16 20 18 -12 -19 -5 -3 55 59 -25 53 27 45 29 -29 44 -32 33 41 38 36 -36 -37 40 -40 -34 43 -43 -28 -30 46 50 49 -49 -47 -27 -48 -31 60 -17 -23 -55 -4 -14 -2 -1 -58
right_child=1 3 8 10 6 -7 9 -9 -10 -11 11 12 58 -15 15 54 -18 19 -20 -21 -22 22 -24 24 -26 26 32 28 30 52 31 -33 34 -35 35 37 -38 -39 39 -41 -42 42 -44 -45 -46 47 51 48 -50 -51 -52 -53 -54 56 -56 -57 61 -59 -60 -61 -62 -63
leaf_value=-0.95794632801542989 -6.3213773276975607 11.235471716042863 -17.590474196962411 -2.3154953433419228 9.8296492691629958 -71.24806334359306 4.5122598154860807 76.428951168575807 -88.106713816324884 -44.186833767361122 0.13501019280546497 -11.191537083007907 -24.458199768290804 0.27897126943861245 3.522921723613349 30.199807749489281 -38.609267879190121 47.220179400444039 -31.156012706226775 6.0905315789391725 13.22552729253416 41.701314765667099 69.613043953418739 -11.752944931645652 -40.0613208835683 0.16580963645225963 -1.408669271810862 68.500899156371759 -14.287681200417865 -14.335555359276249 3.6472191606001427 -64.139384716832353 8.9912232367028597 -74.459420120097988 -1.188339079319884 4.3611354529309887 -52.048129815466609 42.926886878588519 -11.704438513538294 63.254832125008107 2.4085540796218794 22.426052593712807 1.3644861956387366 -26.250304894447329 22.253833196730845 -2.0508935924529665 13.433982060373541 -55.126051820600878 -5.2073703629061256 24.865078411112751 16.791117148844403 44.177342851517054 21.342068049268029 -6.6741723638469743 3.4143750960327859 3.5734567731969502 -9.281646909506426 -49.558411328125004 -55.998522900390633 9.6687238992055278 0.52714259462037993 6.7724137640609303
leaf_weight=22439 276 102 73 1443 96 27 82 36 23 26 2480 976 84 768 768 150 28 31 71 78 161 28 29 258 46 84445 7643 29 280 70 54 85 1832 26 8857 1011 80 140 56 63 13819 249 753 103 41 6879 250 98 547 227 149 46 40 1316 42 33 68 24 24 89 8699 214
leaf_count=22439 276 102 73 1443 96 27 82 36 23 26 2480 976 84 768 768 150 28 31 71 78 161 28 29 258 46 84445 7643 29 280 70 54 85 1832 26 8857 1011 80 140 56 63 13819 249 753 103 41 6879 250 98 547 227 149 46 40 1316 42 33 68 24 24 89 8699 214
internal_value=-0.000528949 -1.66859 -8.98305 -0.608834 -5.16527 -11.1947 12.2939 28.4312 -38.4729 -7.50938 -1.26941 -3.12754 -7.66245 -6.14304 1.96506 7.71709 -1.42113 0.0315408 -0.747754 18.1109 -0.748308 23.7124 37.574 -8.66826 -16.1538 0.0862242 0.302901 -0.0135826 -10.8056 13.6588 -18.2116 -37.967 1.15495 -1.01116 1.88995 -0.423832 -1.64939 9.08521 3.37 28.1763 3.1796 -0.784382 6.61549 -1.74234 -9.56575 0.0563121 0.25879 -2.16099 -12.8655 -1.18769 0.195291 18.3443 -1.28644 -0.760131 24.3886 21.4652 -4.98702 -25.9251 -31.9167 -2.40664 -0.543054 2.88209
internal_weight=168960 8352 1056 7296 936 696 240 132 120 108 7104 4512 1852 1744 2592 960 1632 2660 2551 109 1604 192 90 669 304 160608 127872 93240 599 139 460 139 34632 8774 25858 10088 8937 1151 15770 119 15651 8748 1002 7746 321 92641 84890 7751 645 7106 84594 296 110 32736 192 61 1598 97 108 365 31138 282
internal_count=168960 8352 1056 7296 936 696 240 132 120 108 7104 4512 1852 1744 2592 960 1632 2660 2551 109 1604 192 90 669 304 160608 127872 93240 599 139 460 139 34632 8774 25858 10088 8937 1151 15770 119 15651 8748 1002 7746 321 92641 84890 7751 645 7106 84594 296 110 32736 192 61 1598 97 108 365 31138 282
is_linear=0
shrinkage=0.05


Tree=155
num_leaves=63
num_cat=0
split_feature=17 14 10 10 0 17 13 13 17 13 3 17 10 14 15 11 11 17 11 11 3 0 3 3 11 15 17 10 3 13 17 17 3 3 3 3 3 10 3 11 3 13 3 10 0 0 17 3 10 10 10 3 14 15 11 3 15 14 10 17 3 17
split_gain=9.8108e+06 2.63013e+07 4.22033e+07 1.66534e+07 9.55802e+06 2.04894e+07 2.78297e+07 2.5073e+07 2.40935e+07 2.3758e+07 5.97486e+07 5.30034e+07 3.2068e+07 2.34217e+07 3.80821e+07 2.16947e+07 5.41318e+07 5.34986e+07 2.95565e+07 2.41273e+07 2.04317e+07 1.12766e+07 2.37045e+07 6.86895e+07 4.00293e+07 7.27369e+07 3.63108e+07 3.39195e+07 1.39458e+08 2.77328e+07 2.76623e+07 2.44295e+07 2.22011e+07 1.00638e+08 9.35085e+07 2.17717e+07 1.10473e+08 1.45087e+08 7.13514e+07 9.34285e+07 4.94703e+07 3.53906e+07 9.52913e+07 3.33418e+07 4.31922e+07 3.22813e+07 3.20435e+07 2.6659e+07 2.22917e+07 1.9113e+07 1.11035e+07 9.48762e+06 9.27417e+06 1.3935e+07 7.70439e+06 6.04252e+06 5.33606e+06 5.20592e+06 5.14439e+06 5.07466e+06 4.01014e+06 3.81096e+06
threshold=39.050000000000004 4779.6166666666677 6695.4150000000009 11194.045000000002 2.5000000000000004 30.750000000000004 1055.3441571431574 3195.6338760967196 29.950000000000003 2676.5737134921633 220.50000000000003 29.350000000000005 4975.7650000000003 9642.7850000000035 2787.8125585230523 4089.5350000000003 3750.2250000000004 31.250000000000004 5247.3050000000012 6962.6800000000012 188.50000000000003 73.500000000000014 272.50000000000006 271.50000000000006 12000.005000000003 4534.1532565239222 31.050000000000004 12000.005000000003 280.50000000000006 802.03368720352023 35.150000000000013 29.250000000000004 266.50000000000006 267.50000000000006 265.50000000000006 271.50000000000006 270.50000000000006 7723.3500000000013 283.50000000000006 4154.4700000000012 272.50000000000006 1156.481535066634 166.50000000000003 12000.005000000003 15.500000000000002 69.500000000000014 36.150000000000013 209.50000000000003 3718.2650000000008 8300.0150000000012 10000.005000000003 180.50000000000003 8097.1366666666672 2688.2609635636677 1699.9850000000004 138.50000000000003 2269.1034591405028 7422.8466666666673 2006.9400000000003 31.650000000000002 289.50000000000006 33.95000000000001
decision_type=2 2 2 2 2 2 2 2 2 2 2 2 2 2 2 2 2 2 2 2 2 2 2 2 2 2 2 2 2 2 2 2 2 2 2 2 2 2 2 2 2 2 2 2 2 2 2 2 2 2 2 2 2 2 2 2 2 2 2 2 2 2
left_child=4 2 54 -3 5 7 52 9 51 13 11 -11 -12 50 -15 16 17 -8 20 -20 -17 35 23 32 27 26 -26 30 -29 -25 -24 -27 34 -34 -23 36 41 48 39 46 -41 47 -43 45 -45 -40 -37 -6 -38 -31 -1 -9 53 57 -2 61 -4 -7 -56 -57 -60 -54
right_child=1 3 56 -5 21 6 15 8 -10 10 12 -13 -14 14 -16 18 -18 -19 19 -21 -22 22 24 29 25 31 -28 28 -30 49 -32 -33 33 -35 -36 38 37 -39 43 40 -42 42 -44 44 -46 -47 -48 -49 -50 -51 -52 -53 55 -55 58 59 -58 -59 60 -61 -62 -63
leaf_value=1.0823700760565043 -21.81453079749798 54.375558798048239 -27.548292029244557 14.417935735714437 -0.64212269169930625 0.29687228485592482 85.979582742055271 69.234454027258835 -16.930187570323113 -42.605613525390631 -20.492604220708213 31.456340616570145 -101.94568572998048 -59.181552503718891 4.6166368854962867 8.9043614044189461 92.936492654208493 -3.7654482927322386 36.917732645423669 9.4358878729949343 -33.703052850756158 1.16028350618485 -1.6836016752183438 4.3795447934640421 104.02621463644094 -40.486347100394113 28.637999327243904 -90.45058147358445 13.23712108328229 76.93808259010315 -39.361701387677876 8.5853543958663945 53.660359140945985 0.38251660082615968 -44.819243122822527 1.2236196612642216 -7.744011450756429 -156.06686050415038 -0.40040765105410481 53.548932913816884 16.849204189225905 0.36117441223744029 -7.3930888876857423 14.138297695691074 -29.526970156206943 7.5089380222390991 17.054165678173717 1.5964615917640883 -33.564780005801808 23.187937229701451 -30.543398936135432 26.97202984960456 4.2939303502412605 -40.792722418958498 14.37435254842566 31.229148934854045 -66.075227438608806 -24.956086725053336 3.8725454784286395 10.264157521691121 -10.648305601501464 -18.555870442823927
leaf_weight=3161 28 35 20 99 60587 724 20 22 22 39 23 60 26 42 51 54 28 79 102 361 57 28996 8409 36 28 27 38 52 83 47 48 269 110 440 110 2919 171 20 23204 103 808 10053 6538 78 201 1365 358 17039 164 27 27 37 106 21 113 36 20 20 988 141 49 21
leaf_count=3161 28 35 20 99 60587 724 20 22 22 39 23 60 26 42 51 54 28 79 102 361 57 28996 8409 36 28 27 38 52 83 47 48 269 110 440 110 2919 171 20 23204 103 808 10053 6538 78 201 1365 358 17039 164 27 27 37 106 21 113 36 20 20 988 141 49 21
internal_value=-0.000541801 4.24006 1.91754 25.1801 -0.0347735 2.05859 6.44309 -0.153606 27.1699 -0.806779 -20.3339 2.14607 -64.8872 0.0799794 -24.5185 14.1778 32.8085 15.0433 10.0057 15.5567 -13.0806 -0.102876 0.641705 1.32023 -1.61381 14.6503 61.6962 -2.30068 -27.0732 40.5797 -1.90208 3.98796 1.17324 11.1161 0.98498 -0.336118 -0.703805 -28.5044 0.861444 6.89795 21.0527 -0.598754 -2.6948 -0.156214 -17.3126 0.0393059 2.95772 -0.150736 -20.4469 57.8973 0.805028 43.6222 1.36255 -1.57478 3.6502 8.73513 -47.9536 -0.414551 4.28863 14.6797 3.17681 0.400128
internal_weight=168960 1352 1218 134 167608 5280 1770 3510 81 3429 148 99 49 3281 93 701 127 99 574 463 111 162328 38720 29766 8954 362 66 8592 135 110 8457 296 29656 550 29106 123608 94572 355 29036 4188 911 94217 16591 24848 279 24569 3277 77626 335 74 3188 59 1069 765 1178 304 40 744 1150 177 1037 127
internal_count=168960 1352 1218 134 167608 5280 1770 3510 81 3429 148 99 49 3281 93 701 127 99 574 463 111 162328 38720 29766 8954 362 66 8592 135 110 8457 296 29656 550 29106 123608 94572 355 29036 4188 911 94217 16591 24848 279 24569 3277 77626 335 74 3188 59 1069 765 1178 304 40 744 1150 177 1037 127
is_linear=0
shrinkage=0.05


Tree=156
num_leaves=63
num_cat=0
split_feature=17 16 3 13 3 2 15 3 3 12 12 16 1 3 1 3 11 3 16 14 14 11 1 16 17 13 3 3 12 12 3 12 9 16 3 3 3 13 16 11 1 11 16 3 11 2 3 14 11 13 15 16 16 13 2 2 16 15 3 1 11 13
split_gain=8.99381e+06 2.47873e+07 5.13004e+07 1.00285e+08 8.299e+07 4.66362e+07 7.03519e+07 6.8547e+07 5.41739e+07 1.41157e+08 5.78106e+07 4.86544e+07 4.39014e+07 4.3737e+07 4.27091e+07 7.74324e+07 4.18645e+07 3.39568e+07 3.3382e+07 2.66976e+07 2.36102e+07 1.95937e+07 2.93514e+07 1.91702e+07 5.2058e+07 5.42049e+07 7.63634e+07 1.04011e+08 7.64926e+07 6.67757e+07 3.60458e+07 4.83829e+07 1.08541e+08 8.12998e+07 3.74672e+07 7.32767e+07 4.0707e+07 3.54476e+07 3.25733e+07 2.62406e+07 2.61044e+07 1.83977e+07 1.68107e+07 1.71734e+07 6.32317e+07 6.39997e+07 4.03666e+07 2.75299e+07 2.15224e+07 1.64459e+07 1.60565e+07 1.39103e+07 1.37418e+07 4.67376e+07 4.77578e+07 7.47405e+07 6.83834e+07 4.73934e+07 2.20646e+07 4.52028e+07 6.67027e+07 2.38791e+07
threshold=31.150000000000002 30.350000000000005 84.500000000000014 1230.476372822309 82.500000000000014 4.5000000000000009 2206.0274077094541 92.500000000000014 255.50000000000003 4275.1342857142872 14389.699285714289 31.450000000000003 12.500000000000002 124.50000000000001 18.500000000000004 266.50000000000006 4969.2050000000008 250.50000000000003 34.95000000000001 10430.596833333335 5138.4103333333342 17561.605000000003 17.500000000000004 29.950000000000003 28.750000000000004 1205.7925950266701 206.50000000000003 215.50000000000003 10358.928571428574 8916.9357142857152 84.500000000000014 12000.380714285717 3.5000000000000004 33.95000000000001 190.50000000000003 168.50000000000003 248.50000000000003 2578.0464051083331 31.750000000000004 6510.1000000000013 22.500000000000004 3869.3800000000006 10.850000000000003 96.500000000000014 8000.7450000000008 1.5000000000000002 110.50000000000001 5442.8350000000009 10000.005000000003 4054.8412523223624 4296.4042702189172 25.650000000000002 23.850000000000005 4054.8412523223624 1.5000000000000002 5.5000000000000009 25.650000000000002 4822.9514807727619 90.500000000000014 20.500000000000004 6500.0550000000012 1256.7222824155356
decision_type=2 2 2 2 2 2 2 2 2 2 2 2 2 2 2 2 2 2 2 2 2 2 2 2 2 2 2 2 2 2 2 2 2 2 2 2 2 2 2 2 2 2 2 2 2 2 2 2 2 2 2 2 2 2 2 2 2 2 2 2 2 2
left_child=23 21 3 41 18 8 14 16 10 20 17 -11 -6 -9 19 -16 -8 -4 -5 -7 -10 42 51 52 25 -25 28 37 29 -27 38 34 -33 -34 35 -32 -36 -28 39 -26 -29 -3 -2 44 50 -46 47 -45 -48 -24 -44 -23 -1 58 -55 56 -56 -57 59 -54 -61 -60
right_child=1 2 5 4 12 6 7 13 9 11 -12 -13 -14 -15 15 -17 -18 -19 -20 -21 -22 22 49 24 30 26 27 40 -30 -31 31 32 33 -35 36 -37 -38 -39 -40 -41 -42 -43 43 46 45 -47 48 -49 -50 -51 -52 -53 53 54 55 57 -58 -59 61 60 -62 -63
leaf_value=-0.15266312264377804 23.368805501493693 -1.414566387399695 1.2817350580661531 9.497473715805425 52.056417922973644 -0.85293282724289066 -15.815045477825661 7.5263364781705961 0.74793080308587268 4.5941311994540071 67.154737030954081 25.494305605775445 151.26387093811033 -10.968944213887033 5.0396996436187838 49.662671761872637 -109.56781574955694 -8.600786034507836 76.790220209757493 -42.314669729379517 18.055488146245477 -14.915230278015137 21.176899398763979 -3.2303129461559155 10.280033419235892 -9.6089082878633274 -58.159035843798996 -17.865381167869472 -95.268573993501221 35.368505067065755 6.3475594174730885 -102.17735737047697 34.242958943101229 -54.351950037638346 1.6817304523795416 -7.4600827370013496 -3.9803271069825863 -138.29792036132812 -11.915951446664744 80.492858982631148 -56.686429565682708 16.599713111122224 -1.8844465948324385 2.2488050908763055 -46.109391647223276 -5.3475923035584811 -1.1508248970158195 13.103701758216483 6.0139068560547466 -19.22495241201149 31.612688094245069 -60.602601061931686 3.2486771947186699 -11.818357412264898 89.934649060746324 -52.760290942192086 19.148526824502387 27.616957028411157 1.8923512560993054 11.142678881376805 74.339426427568711 -4.4998684046351149
leaf_weight=57592 72 398 24652 81 23 8709 22 379 3744 379 32 1054 24 2019 1178 105 26 900 23 38 207 29 47 2281 22 305 37 397 20 112 1250 37 60 44 14788 4144 4041 24 28 34 48 219 5780 1818 164 232 20049 860 1105 52 35 41 1842 77 70 31 67 42 4739 166 55 2111
leaf_count=57592 72 398 24652 81 23 8709 22 379 3744 379 32 1054 24 2019 1178 105 26 900 23 38 207 29 47 2281 22 305 37 397 20 112 1250 37 60 44 14788 4144 4041 24 28 34 48 219 5780 1818 164 232 20049 860 1105 52 35 41 1842 77 70 31 67 42 4739 166 55 2111
internal_value=-0.000527884 0.410256 1.16508 13.9665 50.3469 0.938465 -1.64243 -9.2437 1.97824 6.53646 1.01878 19.9737 104.812 -8.04387 0.212015 8.72746 -67.7976 0.933327 24.9692 -1.03787 1.65905 -0.69173 -17.6188 -0.32448 -1.43106 -7.40201 -17.4787 -30.6816 -2.15599 2.52706 -0.64339 -0.756757 -29.8574 -3.40012 -0.586138 -4.25973 0.466417 -91.4112 31.8603 53.5736 -22.1705 4.99599 -0.596156 -0.654366 -2.99581 -22.3024 -0.0440473 5.73829 -0.776301 -0.0242631 -1.67743 -42.1517 0.133991 1.92827 21.7529 34.06 55.7063 -6.7675 1.28755 5.81936 27.1344 -0.0779408
internal_weight=168960 74496 44212 768 151 43444 12476 2446 30968 5384 25584 1433 47 2398 10030 1283 48 25552 104 8747 3951 30284 169 94464 27672 3224 943 506 437 417 24448 24364 141 104 24223 5394 18829 61 84 56 445 617 30115 30043 6211 396 23832 2678 21154 99 5815 70 66792 9200 287 210 137 73 8913 2063 221 6850
internal_count=168960 74496 44212 768 151 43444 12476 2446 30968 5384 25584 1433 47 2398 10030 1283 48 25552 104 8747 3951 30284 169 94464 27672 3224 943 506 437 417 24448 24364 141 104 24223 5394 18829 61 84 56 445 617 30115 30043 6211 396 23832 2678 21154 99 5815 70 66792 9200 287 210 137 73 8913 2063 221 6850
is_linear=0
shrinkage=0.05


Tree=157
num_leaves=63
num_cat=0
split_feature=7 3 10 3 16 2 3 10 5 17 10 3 12 3 17 3 5 2 5 14 5 2 3 3 10 5 3 3 3 3 3 11 5 11 2 16 17 9 3 13 9 11 13 10 10 17 11 3 3 3 17 10 8 3 3 16 17 16 3 2 13 3
split_gain=9.11122e+06 2.3681e+07 4.43179e+07 4.27878e+07 2.25004e+07 2.88912e+07 2.51005e+07 1.59234e+07 1.94921e+07 1.38409e+07 1.45654e+07 1.32298e+07 4.1115e+07 2.16351e+07 2.44198e+07 3.3615e+07 3.30908e+07 1.75993e+07 3.71536e+07 2.06109e+07 1.10424e+07 2.94089e+07 3.97616e+07 1.7004e+08 9.08527e+07 6.99264e+07 5.93504e+07 5.17625e+07 4.07362e+07 1.00117e+08 9.42521e+07 9.3102e+07 7.34481e+07 6.88211e+07 3.68206e+07 5.64394e+07 5.48647e+07 1.01992e+08 4.86651e+07 7.83327e+07 4.74993e+07 4.02972e+07 3.96824e+07 3.73596e+07 5.67766e+07 3.54219e+07 3.27816e+07 2.87103e+07 1.69888e+08 1.44016e+08 2.8461e+07 2.60612e+07 8.45144e+07 1.98549e+08 8.54235e+07 1.16747e+08 8.52696e+07 1.04968e+08 6.93794e+07 5.77003e+07 7.59031e+07 4.51582e+07
threshold=1.0000000180025095e-35 88.500000000000014 11194.045000000002 96.500000000000014 28.050000000000004 3.5000000000000004 76.500000000000014 4409.2850000000008 2023.5000000000002 20.450000000000003 4975.7650000000003 102.50000000000001 7337.8885714285725 178.50000000000003 33.350000000000001 230.50000000000003 2023.5000000000002 4.5000000000000009 2022.5000000000002 6995.9850000000006 2021.5000000000002 3.5000000000000004 132.50000000000003 134.50000000000003 4975.7650000000003 2023.5000000000002 146.50000000000003 154.50000000000003 94.500000000000014 102.50000000000001 88.500000000000014 4050.8150000000005 2023.5000000000002 10000.005000000003 1.5000000000000002 27.750000000000004 28.250000000000004 3.5000000000000004 359.50000000000006 1835.8318880717813 3.5000000000000004 3370.5250000000005 1530.0022630092851 9999.3950000000023 6500.0950000000012 34.150000000000013 7000.6250000000009 229.50000000000003 226.50000000000003 236.50000000000003 31.750000000000004 4007.8100000000009 2.5000000000000004 279.50000000000006 280.50000000000006 33.350000000000001 37.350000000000001 35.150000000000013 285.50000000000006 1.5000000000000002 3633.0448536059257 215.50000000000003
decision_type=2 2 2 2 2 2 2 2 2 2 2 2 2 2 2 2 2 2 2 2 2 2 2 2 2 2 2 2 2 2 2 2 2 2 2 2 2 2 2 2 2 2 2 2 2 2 2 2 2 2 2 2 2 2 2 2 2 2 2 2 2 2
left_child=20 2 4 7 5 9 -7 -3 -9 -2 -11 12 -5 17 15 -15 -16 18 -13 -19 51 34 28 24 -24 27 -27 -25 30 31 33 -30 -32 -23 35 38 37 -37 42 -40 47 -38 -22 44 -42 -26 -45 48 -36 -49 -31 -1 59 56 55 -55 57 -54 -56 60 -53 -61
right_child=1 3 -4 11 -6 6 -8 8 -10 10 -12 13 -14 14 16 -17 -18 19 -20 -21 21 22 23 25 45 26 -28 -29 29 50 32 -33 -34 -35 40 36 41 -39 39 -41 43 -43 -44 46 -46 -47 -48 49 -50 -51 -52 52 53 54 58 -57 -58 -59 -60 61 -62 -63
leaf_value=-0.0094831220633175631 5.9288139337158201 8.0467163529465164 -63.139452370537654 -6.673412330398822 -25.776259484117602 4.2321266988518174 49.236271283948753 17.418627545248896 61.829510380138053 -8.0543036452718528 -27.687179700882453 0.51545187631838707 -78.658998849051343 -8.2733442550829128 -5.2249461616109549 1.8616782293457472 -29.874310504375899 -10.161816538231852 17.280945358004985 27.350285808225962 -1.4930141119814853 0.067778689180528581 -11.966421530897769 -8.383482818225799 -36.994478207281077 11.442331957026481 -6.7677361960063882 1.2027767193259211 0.25659422354048672 -6.2781580120078289 -25.894875024294734 35.924400366295636 9.7649421668793881 16.244151659377078 2.0457572611182164 12.311902257318 5.6587041888498408 99.788601331968565 7.9631064316231432 86.835172280205626 6.6771189867161667 -0.2588342144735728 -8.3439219336232977 15.772570094317643 23.350762601107277 -78.849105976946817 -1.6105823358444298 -27.421167444801139 38.819531129364663 0.85714349388318589 4.6427266664811198 -11.88631521631239 32.437892583444274 -81.643757383074089 17.344782979440307 32.833497266191429 -51.643318379720057 103.44994999328026 -5.1055467484430066 -6.8118455089543959 -72.270072335137257 2.1938605171338876
leaf_weight=56698 124 344 35 364 133 192 36 104 32 414 122 1056 20 1196 552 2584 180 344 480 40 10048 9760 270 1536 117 480 6432 16800 300 796 576 468 192 704 14560 340 4182 36 253 35 2002 9214 2676 332 685 93 1461 480 320 7040 2372 1477 271 69 495 32 23 64 1123 3375 53 2368
leaf_count=56698 124 344 35 364 133 192 36 104 32 414 122 1056 20 1196 552 2584 180 344 480 40 10048 9760 270 1536 117 480 6432 16800 300 796 576 468 192 704 14560 340 4182 36 253 35 2002 9214 2676 332 685 93 1461 480 320 7040 2372 1477 271 69 495 32 23 64 1123 3375 53 2368
internal_value=-0.000497924 -1.6105 -8.60497 -0.597105 -6.67557 -3.78898 11.522 13.8159 28.2433 -9.08768 -12.5662 -1.61399 -10.6172 -1.07491 -2.96641 -1.3464 -11.3188 3.36934 5.76251 -6.1934 0.0832357 0.429727 -0.580346 -1.7774 -31.2268 -1.21631 -5.50168 0.399326 1.45008 5.82659 -0.0839472 22.0101 -16.9788 1.15755 1.19948 -0.112583 2.11833 20.9298 -2.47378 17.8156 2.5068 1.5888 -2.93438 7.20609 10.9349 -55.816 1.61516 1.56667 2.83915 -0.95126 1.8976 -0.412831 -2.85845 6.035 -1.02743 -45.4074 39.8549 46.2719 1.76922 -5.39869 -14.0239 -3.0988
internal_weight=168960 8352 1056 7296 1021 888 228 480 136 660 536 6816 384 6432 4512 3780 732 1920 1536 384 160608 94560 40896 25728 480 25248 6912 18336 15168 3936 11232 768 768 10464 53664 26784 13772 376 13012 288 26880 13396 12724 4480 2687 210 1793 22400 14880 7520 3168 66048 9350 2077 1719 101 358 335 1618 7273 1530 5743
internal_count=168960 8352 1056 7296 1021 888 228 480 136 660 536 6816 384 6432 4512 3780 732 1920 1536 384 160608 94560 40896 25728 480 25248 6912 18336 15168 3936 11232 768 768 10464 53664 26784 13772 376 13012 288 26880 13396 12724 4480 2687 210 1793 22400 14880 7520 3168 66048 9350 2077 1719 101 358 335 1618 7273 1530 5743
is_linear=0
shrinkage=0.05


end of trees

feature_importances:
Column_3=1774
Column_10=1153
Column_2=903
Column_16=851
Column_0=681
Column_17=653
Column_12=594
Column_11=585
Column_13=505
Column_15=479
Column_14=387
Column_5=338
Column_7=239
Column_9=192
Column_4=170
Column_1=109
Column_8=92
Column_6=91

parameters:
[boosting: gbdt]
[objective: regression]
[metric: l2]
[tree_learner: serial]
[device_type: cpu]
[data_sample_strategy: bagging]
[data: ]
[valid: ]
[num_iterations: 1000]
[learning_rate: 0.05]
[num_leaves: 63]
[num_threads: 4]
[seed: 42]
[deterministic: 0]
[force_col_wise: 0]
[force_row_wise: 0]
[histogram_pool_size: -1]
[max_depth: 7]
[min_data_in_leaf: 20]
[min_sum_hessian_in_leaf: 0.001]
[bagging_fraction: 0.8]
[pos_bagging_fraction: 1]
[neg_bagging_fraction: 1]
[bagging_freq: 0]
[bagging_seed: 400]
[bagging_by_query: 0]
[feature_fraction: 0.8]
[feature_fraction_bynode: 1]
[feature_fraction_seed: 30056]
[extra_trees: 0]
[extra_seed: 12879]
[early_stopping_round: 0]
[early_stopping_min_delta: 0]
[first_metric_only: 0]
[max_delta_step: 0]
[lambda_l1: 0.1]
[lambda_l2: 1]
[linear_lambda: 0]
[min_gain_to_split: 0]
[drop_rate: 0.1]
[max_drop: 50]
[skip_drop: 0.5]
[xgboost_dart_mode: 0]
[uniform_drop: 0]
[drop_seed: 17869]
[top_rate: 0.2]
[other_rate: 0.1]
[min_data_per_group: 100]
[max_cat_threshold: 32]
[cat_l2: 10]
[cat_smooth: 10]
[max_cat_to_onehot: 4]
[top_k: 20]
[monotone_constraints: ]
[monotone_constraints_method: basic]
[monotone_penalty: 0]
[feature_contri: ]
[forcedsplits_filename: ]
[refit_decay_rate: 0.9]
[cegb_tradeoff: 1]
[cegb_penalty_split: 0]
[cegb_penalty_feature_lazy: ]
[cegb_penalty_feature_coupled: ]
[path_smooth: 0]
[interaction_constraints: ]
[verbosity: 1]
[saved_feature_importance_type: 0]
[use_quantized_grad: 0]
[num_grad_quant_bins: 4]
[quant_train_renew_leaf: 0]
[stochastic_rounding: 1]
[linear_tree: 0]
[max_bin: 255]
[max_bin_by_feature: ]
[min_data_in_bin: 3]
[bin_construct_sample_cnt: 200000]
[data_random_seed: 175]
[is_enable_sparse: 1]
[enable_bundle: 1]
[use_missing: 1]
[zero_as_missing: 0]
[feature_pre_filter: 1]
[pre_partition: 0]
[two_round: 0]
[header: 0]
[label_column: ]
[weight_column: ]
[group_column: ]
[ignore_column: ]
[categorical_feature: ]
[forcedbins_filename: ]
[precise_float_parser: 0]
[parser_config_file: ]
[objective_seed: 16083]
[num_class: 1]
[is_unbalance: 0]
[scale_pos_weight: 1]
[sigmoid: 1]
[boost_from_average: 1]
[reg_sqrt: 0]
[alpha: 0.9]
[fair_c: 1]
[poisson_max_delta_step: 0.7]
[tweedie_variance_power: 1.5]
[lambdarank_truncation_level: 30]
[lambdarank_norm: 1]
[label_gain: ]
[lambdarank_position_bias_regularization: 0]
[eval_at: ]
[multi_error_top_k: 1]
[auc_mu_weights: ]
[num_machines: 1]
[local_listen_port: 12400]
[time_out: 120]
[machine_list_filename: ]
[machines: ]
[gpu_platform_id: -1]
[gpu_device_id: -1]
[gpu_device_id_list: ]
[gpu_use_dp: 0]
[num_gpu: 1]

end of parameters

pandas_categorical:null
